dataset1_drug_id,smiles,dataset1_ik14,overlap
DB00006,CC[C@H](C)[C@H](NC(=O)[C@H](CCC(O)=O)NC(=O)[C@H](CCC(O)=O)NC(=O)[C@H](CC1=CC=CC=C1)NC(=O)[C@H](CC(O)=O)NC(=O)CNC(=O)[C@H](CC(N)=O)NC(=O)CNC(=O)CNC(=O)CNC(=O)CNC(=O)[C@@H]1CCCN1C(=O)[C@H](CCCNC(N)=N)NC(=O)[C@@H]1CCCN1C(=O)[C@H](N)CC1=CC=CC=C1)C(=O)N1CCC[C@H]1C(=O)N[C@@H](CCC(O)=O)C(=O)N[C@@H](CCC(O)=O)C(=O)N[C@@H](CC1=CC=C(O)C=C1)C(=O)N[C@@H](CC(C)C)C(O)=O,OIRCOABEOLEUMC,1
DB00014,CC(C)C[C@H](NC(=O)[C@@H](COC(C)(C)C)NC(=O)[C@H](CC1=CC=C(O)C=C1)NC(=O)[C@H](CO)NC(=O)[C@H](CC1=CNC2=CC=CC=C12)NC(=O)[C@H](CC1=CN=CN1)NC(=O)[C@@H]1CCC(=O)N1)C(=O)N[C@@H](CCCN=C(N)N)C(=O)N1CCC[C@H]1C(=O)NNC(N)=O,BLCLNMBMMGCOAS,1
DB00027,CC(C)C[C@@H](NC(=O)CNC(=O)[C@@H](NC=O)C(C)C)C(=O)N[C@@H](C)C(=O)N[C@H](C(C)C)C(=O)N[C@@H](C(C)C)C(=O)N[C@H](C(C)C)C(=O)N[C@@H](CC1=CNC2=C1C=CC=C2)C(=O)N[C@H](CC(C)C)C(=O)N[C@@H](CC1=CNC2=C1C=CC=C2)C(=O)N[C@H](CC(C)C)C(=O)N[C@@H](CC1=CNC2=C1C=CC=C2)C(=O)N[C@H](CC(C)C)C(=O)N[C@@H](CC1=CNC2=C1C=CC=C2)C(=O)NCCO,NDAYQJDHGXTBJL,1
DB00035,NC(=O)CC[C@@H]1NC(=O)[C@H](CC2=CC=CC=C2)NC(=O)[C@H](CC2=CC=C(O)C=C2)NC(=O)CCSSC[C@H](NC(=O)[C@H](CC(N)=O)NC1=O)C(=O)N1CCC[C@H]1C(=O)N[C@H](CCCNC(N)=N)C(=O)NCC(N)=O,NFLWUMRGJYTJIN,1
DB00080,CCCCCCCCCC(=O)N[C@@H](CC1=CNC2=C1C=CC=C2)C(=O)N[C@H](CC(N)=O)C(=O)N[C@@H](CC(O)=O)C(=O)N[C@H]1[C@@H](C)OC(=O)[C@H](CC(=O)C2=CC=CC=C2N)NC(=O)[C@@H](NC(=O)[C@@H](CO)NC(=O)CNC(=O)[C@H](CC(O)=O)NC(=O)[C@@H](C)NC(=O)[C@H](CC(O)=O)NC(=O)[C@H](CCCN)NC(=O)CNC1=O)[C@H](C)CC(O)=O,DOAKLVKFURWEDJ,1
DB00091,CC[C@@H]1NC(=O)[C@H]([C@H](O)[C@H](C)C\C=C\C)N(C)C(=O)[C@H](C(C)C)N(C)C(=O)[C@H](CC(C)C)N(C)C(=O)[C@H](CC(C)C)N(C)C(=O)[C@@H](C)NC(=O)[C@H](C)NC(=O)[C@H](CC(C)C)N(C)C(=O)[C@@H](NC(=O)[C@H](CC(C)C)N(C)C(=O)CN(C)C1=O)C(C)C,PMATZTZNYRCHOR,1
DB00104,[H][C@]1(NC(=O)[C@H](CCCCN)NC(=O)[C@@H](CC2=CNC3=C2C=CC=C3)NC(=O)[C@H](CC2=CC=CC=C2)NC(=O)[C@H](CSSC[C@H](NC1=O)C(=O)N[C@H](CO)[C@@H](C)O)NC(=O)[C@H](N)CC1=CC=CC=C1)[C@@H](C)O,DEQANNDTNATYII,0
DB00115,C[C@H](CNC(=O)CC[C@]1(C)[C@@H](CC(N)=O)[C@H]2N=C1\C(C)=C1/N=C(/C=C3\N=C(\C(\C)=C4\[C@@H](CCC(N)=O)[C@](C)(CC(N)=O)[C@@]2(C)N4[Co+]C#N)[C@@](C)(CC(N)=O)[C@@H]3CCC(N)=O)C(C)(C)[C@@H]1CCC(N)=O)OP([O-])(=O)O[C@@H]1[C@@H](CO)O[C@@H]([C@@H]1O)N1C=NC2=C1C=C(C)C(C)=C2,RMRCNWBMXRMIRW,1
DB00120,N[C@@H](CC1=CC=CC=C1)C(O)=O,COLNVLDHVKWLRT,1
DB00122,C[N+](C)(C)CCO,OEYIOHPDSNJKLS,1
DB00126,[H][C@@]1(OC(=O)C(O)=C1O)[C@@H](O)CO,CIWBSHSKHKDKBQ,1
DB00130,N[C@@H](CCC(N)=O)C(O)=O,ZDXPYRJPNDTMRX,0
DB00134,CSCC[C@H](N)C(O)=O,FFEARJCKVFRZRR,0
DB00136,C[C@H](CCCC(C)(C)O)[C@@]1([H])CC[C@@]2([H])\C(CCC[C@]12C)=C\C=C1\C[C@@H](O)C[C@H](O)C1=C,GMRQFYUYWCNGIN,1
DB00140,CC1=C(C)C=C2N(C[C@H](O)[C@H](O)[C@H](O)CO)C3=NC(=O)NC(=O)C3=NC2=C1,AUNGANRZJHBGPY,0
DB00142,N[C@@H](CCC(O)=O)C(O)=O,WHUUTDBJXJRKMK,0
DB00146,C[C@H](CCCC(C)(C)O)[C@@]1([H])CC[C@@]2([H])\C(CCC[C@]12C)=C\C=C1\C[C@@H](O)CCC1=C,JWUBBDSIWDLEOM,1
DB00150,N[C@@H](CC1=CNC2=C1C=CC=C2)C(O)=O,QIVBCDIJIAJPQS,1
DB00152,CC1=C(CCO)SC=[N+]1CC1=CN=C(C)N=C1N,JZRWCGZRTZMZEH,1
DB00153,CC(C)[C@@H](C)\C=C\[C@@H](C)[C@@]1([H])CC[C@@]2([H])\C(CCC[C@]12C)=C\C=C1\C[C@@H](O)CCC1=C,MECHNRXZTMCUDQ,1
DB00158,NC1=NC(=O)C2=NC(CNC3=CC=C(C=C3)C(=O)N[C@@H](CCC(O)=O)C(O)=O)=CN=C2N1,OVBPIULPVIDEAO,1
DB00162,C\C(=C/CO)\C=C\C=C(/C)\C=C\C1=C(C)CCCC1(C)C,FPIPGXGPPPQFEQ,1
DB00163,CC(C)CCC[C@@H](C)CCC[C@@H](C)CCC[C@]1(C)CCC2=C(O1)C(C)=C(C)C(O)=C2C,GVJHHUAWPYXKBD,1
DB00165,CC1=C(O)C(CO)=C(CO)C=N1,LXNHXLLTXMVWPM,1
DB00166,OC(=O)CCCC[C@@H]1CCSS1,AGBQKNBQESQNJD,1
DB00169,CC(C)CCC[C@@H](C)[C@@]1([H])CC[C@@]2([H])\C(CCC[C@]12C)=C\C=C1\C[C@@H](O)CCC1=C,QYSXJUFSXHHAJI,1
DB00170,CC1=CC(=O)C2=CC=CC=C2C1=O,MJVAVZPDRWSRRC,1
DB00175,[H][C@]12[C@H](C[C@H](O)C=C1C=C[C@H](C)[C@@H]2CC[C@@H](O)C[C@@H](O)CC(O)=O)OC(=O)[C@@H](C)CC,TUZYXOIXSAXUGO,1
DB00176,COCCCC\C(=N/OCCN)C1=CC=C(C=C1)C(F)(F)F,CJOFXWAVKWHTFT,1
DB00177,CCCCC(=O)N(CC1=CC=C(C=C1)C1=CC=CC=C1C1=NNN=N1)[C@@H](C(C)C)C(O)=O,ACWBQPMHZXGDFX,1
DB00178,[H][C@@]12CCC[C@]1([H])N([C@@H](C2)C(O)=O)C(=O)[C@H](C)N[C@@H](CCC1=CC=CC=C1)C(=O)OCC,HDACQVRGBOVJII,0
DB00179,C[C@@H](CC1=CC(O)=C(O)C=C1)[C@H](C)CC1=CC(O)=C(O)C=C1,HCZKYJDFEPMADG,0
DB00180,[H][C@@]12C[C@@]3([H])[C@]4([H])C[C@H](F)C5=CC(=O)C=C[C@]5(C)[C@@]4([H])[C@@H](O)C[C@]3(C)[C@@]1(OC(C)(C)O2)C(=O)CO,XSFJVAJPIHIPKU,1
DB00181,NCC(CC(O)=O)C1=CC=C(Cl)C=C1,KPYSYYIEGFHWSV,1
DB00182,CC(N)CC1=CC=CC=C1,KWTSXDURSIMDCE,1
DB00184,CN1CCC[C@H]1C1=CN=CC=C1,SNICXCGAKADSCV,1
DB00185,CC1O[C@@]2(CS1)CN1CCC2CC1,WUTYZMFRCNBCHQ,1
DB00186,OC1N=C(C2=CC=CC=C2Cl)C2=C(NC1=O)C=CC(Cl)=C2,DIWRORZWFLOCLC,1
DB00187,COC(=O)CCC1=CC=C(OCC(O)CNC(C)C)C=C1,AQNDDEOPVVGCPG,1
DB00188,CC(C)C[C@H](NC(=O)[C@H](CC1=CC=CC=C1)NC(=O)C1=CN=CC=N1)B(O)O,GXJABQQUPOEUTA,1
DB00189,CCC(O)(\C=C\Cl)C#C,ZEHYJZXQEQOSON,1
DB00190,C[C@@](CC1=CC(O)=C(O)C=C1)(NN)C(O)=O,TZFNLOMSOLWIDK,1
DB00191,CC(C)(N)CC1=CC=CC=C1,DHHVAGZRUROJKS,1
DB00193,COC1=CC=CC(=C1)[C@@]1(O)CCCC[C@@H]1CN(C)C,TVYLLZQTGLZFBW,1
DB00195,CC(C)NCC(O)COC1=CC=C(CCOCC2CC2)C=C1,NWIUTZDMDHAVTP,1
DB00196,OC(CN1C=NC=N1)(CN1C=NC=N1)C1=C(F)C=C(F)C=C1,RFHAOTPXVQNOHP,1
DB00198,CCOC(=O)C1=C[C@@H](OC(CC)CC)[C@H](NC(C)=O)[C@@H](N)C1,VSZGPKBBMSAYNT,1
DB00199,CC[C@H]1OC(=O)[C@H](C)[C@@H](O[C@H]2C[C@@](C)(OC)[C@@H](O)[C@H](C)O2)[C@H](C)[C@@H](O[C@@H]2O[C@H](C)C[C@@H]([C@H]2O)N(C)C)[C@](C)(O)C[C@@H](C)C(=O)[C@H](C)[C@@H](O)[C@]1(C)O,ULGZDMOVFRHVEP,1
DB00201,CN1C=NC2=C1C(=O)N(C)C(=O)N2C,RYYVLZVUVIJVGH,1
DB00202,C[N+](C)(C)CCOC(=O)CCC(=O)OCC[N+](C)(C)C,AXOIZCJOOAYSMI,1
DB00203,CCCC1=NN(C)C2=C1N=C(NC2=O)C1=CC(=CC=C1OCC)S(=O)(=O)N1CCN(C)CC1,BNRNXUUZRGQAQC,1
DB00204,CN(CCOC1=CC=C(NS(C)(=O)=O)C=C1)CCC1=CC=C(NS(C)(=O)=O)C=C1,IXTMWRCNAAVVAI,1
DB00205,CCC1=C(C(N)=NC(N)=N1)C1=CC=C(Cl)C=C1,WKSAUQYGYAYLPV,1
DB00206,[H][C@]12C[C@@H](OC(=O)C3=CC(OC)=C(OC)C(OC)=C3)[C@H](OC)[C@@H](C(=O)OC)[C@@]1([H])C[C@@]1([H])N(CCC3=C1NC1=C3C=CC(OC)=C1)C2,QEVHRUUCFGRFIF,1
DB00207,CC[C@H]1OC(=O)[C@H](C)[C@@H](O[C@H]2C[C@@](C)(OC)[C@@H](O)[C@H](C)O2)[C@H](C)[C@@H](O[C@@H]2O[C@H](C)C[C@@H]([C@H]2O)N(C)C)[C@](C)(O)C[C@@H](C)CN(C)[C@H](C)[C@@H](O)[C@]1(C)O,MQTOSJVFKKJCRP,1
DB00208,ClC1=CC=CC=C1CN1CCC2=C(C1)C=CS2,PHWBOXQYWZNQIN,1
DB00209,[H][C@]12CC[C@]([H])(C[C@@H](C1)OC(=O)C(O)(C1=CC=CC=C1)C1=CC=CC=C1)[N+]21CCCC1,OYYDSUSKLWTMMQ,1
DB00210,COC1=C(C=C(C=C1)C1=CC2=C(C=C1)C=C(C=C2)C(O)=O)C12CC3CC(CC(C3)C1)C2,LZCDAPDGXCYOEH,0
DB00211,COC1=CC(C(O)CNC(=O)CN)=C(OC)C=C1,PTKSEFOSCHHMPD,1
DB00212,CC(C)(C)S(=O)(=O)C[C@@H](CC1=CC=CC=C1)C(=O)N[C@@H](CC1=CN=CN1)C(=O)N[C@@H](CC1CCCCC1)[C@@H](O)[C@@H](O)C1CC1,UXIGZRQVLGFTOU,1
DB00213,COC1=C(OC)C(CS(=O)C2=NC3=C(N2)C=C(OC(F)F)C=C3)=NC=C1,IQPSEEYGBUAQFF,1
DB00214,CC(C)NC(=O)NS(=O)(=O)C1=C(NC2=CC=CC(C)=C2)C=CN=C1,NGBFQHCMQULJNZ,1
DB00215,CN(C)CCCC1(OCC2=C1C=CC(=C2)C#N)C1=CC=C(F)C=C1,WSEQXVZVJXJVFP,1
DB00216,CN1CCC[C@@H]1CC1=CNC2=C1C=C(CCS(=O)(=O)C1=CC=CC=C1)C=C2,PWVXXGRKLHYWKM,1
DB00217,CN\C(NCC1=CC=CC=C1)=N/C,NIVZHWNOUVJHKV,1
DB00218,[H][C@]12CN(C[C@@]1([H])NCCC2)C1=C(F)C=C2C(=O)C(=CN(C3CC3)C2=C1OC)C(O)=O,FABPRXSRWADJSP,1
DB00219,CC[N+](C)(CC)CCOC(=O)C(O)(C1CCCCC1)C1=CC=CC=C1,GFRUPHOKLBPHTQ,1
DB00220,[H][C@@]12CCCC[C@]1([H])CN(C[C@@H](O)[C@H](CSC1=CC=CC=C1)NC(=O)C1=C(C)C(O)=CC=C1)[C@@H](C2)C(=O)NC(C)(C)C,QAGYKUNXZHXKMR,1
DB00221,CCC(NC(C)C)C(O)C1=CC(O)=C(O)C=C1,HUYWAWARQUIQLE,0
DB00222,CCC1=C(C)CN(C(=O)NCCC2=CC=C(C=C2)S(=O)(=O)NC(=O)N[C@H]2CC[C@H](C)CC2)C1=O,WIGIZIANZCJQQY,1
DB00223,[H][C@@]12C[C@H](C)[C@](O)(C(=O)CO)[C@@]1(C)C[C@H](O)[C@@]1(F)[C@@]2([H])C[C@H](F)C2=CC(=O)C=C[C@]12C,WXURHACBFYSXBI,1
DB00224,CC(C)(C)NC(=O)[C@@H]1CN(CC2=CN=CC=C2)CCN1C[C@@H](O)C[C@@H](CC1=CC=CC=C1)C(=O)N[C@@H]1[C@H](O)CC2=CC=CC=C12,CBVCZFGXHXORBI,1
DB00226,NC(N)=NCC1COC2(CCCCC2)O1,HPBNRIOWIXYZFK,0
DB00227,[H][C@]12[C@H](C[C@@H](C)C=C1C=C[C@H](C)[C@@H]2CC[C@@H]1C[C@@H](O)CC(=O)O1)OC(=O)[C@@H](C)CC,PCZOHLXUXFIOCF,1
DB00228,FC(F)OC(F)(F)C(F)Cl,JPGQOUSTVILISH,1
DB00229,[H][C@]12SCC(CSC3=NN=NN3CCN(C)C)=C(N1C(=O)[C@H]2NC(=O)CC1=CSC(N)=N1)C(O)=O,QYQDKDWGWDOFFU,1
DB00230,CC(C)C[C@H](CN)CC(O)=O,AYXYPKUFHZROOJ,1
DB00231,CN1C2=C(C=C(Cl)C=C2)C(=NC(O)C1=O)C1=CC=CC=C1,SEQDDYPDSLOBDC,1
DB00232,CN1C(CCl)NC2=CC(Cl)=C(C=C2S1(=O)=O)S(N)(=O)=O,CESYKOGBSMNBPD,1
DB00233,NC1=CC(O)=C(C=C1)C(O)=O,WUBBRNOQWQTFEX,1
DB00234,[H][C@@](OC1=CC=CC=C1OCC)(C1=CC=CC=C1)[C@@]1([H])CNCCO1,CBQGYUDMJHNJBX,1
DB00235,CC1=C(C=C(C#N)C(=O)N1)C1=CC=NC=C1,PZRHRDRVRGEVNW,1
DB00236,BrCCC(=O)N1CCN(CC1)C(=O)CCBr,NJBFOOCLYDNZJN,1
DB00237,CCC(C)C1(CC)C(=O)NC(=O)NC1=O,ZRIHAIZYIMGOAB,1
DB00238,CC1=C2NC(=O)C3=C(N=CC=C3)N(C3CC3)C2=NC=C1,NQDJXKOVJZTUJA,1
DB00239,ClC1=CC(Cl)=C(CO\N=C(/CN2C=CN=C2)C2=CC=C(Cl)C=C2Cl)C=C1,QRJJEGAJXVEBNE,0
DB00240,[H][C@@]12C[C@@H](C)[C@](O)(C(=O)CO)[C@@]1(C)C[C@H](O)[C@@]1([H])[C@@]2([H])[C@H](Cl)CC2=CC(=O)C=C[C@]12C,FJXOGVLKCZQRDN,1
DB00241,CC(C)CC1(CC=C)C(=O)NC(=O)NC1=O,UZVHFVZFNXBMQJ,1
DB00242,NC1=C2N=CN([C@H]3C[C@H](O)[C@@H](CO)O3)C2=NC(Cl)=N1,PTOAARAWEBMLNO,1
DB00243,COC1=CC=CC=C1OCC(O)CN1CCN(CC(=O)NC2=C(C)C=CC=C2C)CC1,XKLMZUWKNUAPSZ,1
DB00244,NC1=CC(C(O)=O)=C(O)C=C1,KBOPZPXVLCULAV,1
DB00245,[H][C@]12CC[C@]([H])(C[C@@]([H])(C1)OC(C1=CC=CC=C1)C1=CC=CC=C1)N2C,GIJXKZJWITVLHI,1
DB00246,ClC1=C(CCN2CCN(CC2)C2=NSC3=CC=CC=C23)C=C2CC(=O)NC2=C1,MVWVFYHBGMAFLY,1
DB00247,[H][C@@]12CC3=CN(C)C4=C3C(=CC=C4)C1=C[C@H](CN2C)C(=O)NC(CC)CO,KPJZHOPZRAFDTN,1
DB00248,[H][C@@]12CC3=CNC4=CC=CC(=C34)[C@@]1([H])C[C@H](CN2CC=C)C(=O)N(CCCN(C)C)C(=O)NCC,KORNTPPJEAJQIU,1
DB00250,NC1=CC=C(C=C1)S(=O)(=O)C1=CC=C(N)C=C1,MQJKPEGWNLWLTK,1
DB00251,CC(C)N1CCN(CC1)C1=CC=C(OC[C@H]2CO[C@@](CN3C=NC=N3)(O2)C2=C(Cl)C=C(Cl)C=C2)C=C1,BLSQLHNBWJLIBQ,0
DB00252,O=C1NC(=O)C(N1)(C1=CC=CC=C1)C1=CC=CC=C1,CXOFVDLJLONNDW,1
DB00253,[H][C@@]12CC[C@H](C(C)=O)[C@@]1(C)C[C@H](O)[C@@]1([H])[C@@]2([H])C[C@H](C)C2=CC(=O)CC[C@]12C,GZENKSODFLBBHQ,1
DB00254,[H][C@@]12[C@@H](C)C3=CC=CC(O)=C3C(=O)C1=C(O)[C@]1(O)C(=O)C(C(N)=O)=C(O)[C@@H](N(C)C)[C@]1([H])[C@H]2O,JBIWCJUYHHGXTC,0
DB00255,CC\C(=C(\CC)C1=CC=C(O)C=C1)C1=CC=C(O)C=C1,RGLYKWWBQGJZGM,1
DB00256,[H][C@@]12C[C@@]3([H])C(C(=O)C4=C(O)C=CC=C4[C@@]3(C)O)=C(O)[C@]1(O)C(=O)C(C(=O)NCNCCCC[C@H](N)C(O)=O)=C(O)[C@H]2N(C)C,AHEVKYYGXVEWNO,0
DB00257,ClC1=CC=CC=C1C(N1C=CN=C1)(C1=CC=CC=C1)C1=CC=CC=C1,VNFPBHJOKIVQEB,1
DB00258,[Ca++].CC([O-])=O.CC([O-])=O,VSGNNIFQASZAOI,0
DB00259,NC1=CC=C(C=C1)S(N)(=O)=O,FDDDEECHVMSUSB,1
DB00260,N[C@@H]1CONC1=O,DYDCUQKUCUHJBH,1
DB00261,ClC1=CC=C2N=C3NC(=O)CN3CC2=C1Cl,OTBXOEAOVRKTNQ,1
DB00262,ClCCNC(=O)N(CCCl)N=O,DLGOEMSEDOSKAD,1
DB00263,CC1=NOC(NS(=O)(=O)C2=CC=C(N)C=C2)=C1C,NHUHCSRWZMLRLA,1
DB00264,COCCC1=CC=C(OCC(O)CNC(C)C)C=C1,IUBSYMUCCVWXPE,1
DB00266,OC1=C(CC2=C(O)C3=C(OC2=O)C=CC=C3)C(=O)OC2=C1C=CC=C2,DOBMPNYZJYQDGZ,1
DB00267,[H][C@]12SCC(CSC3=NN=NN3C)=C(N1C(=O)[C@H]2NC(=O)C(=N/OC)\C1=CSC(N)=N1)C(O)=O,HJJDBAOLQAWBMH,0
DB00268,CCCN(CCC)CCC1=C2CC(=O)NC2=CC=C1,UHSKFQJFRQCDBE,1
DB00270,COC(=O)C1=C(C)NC(C)=C(C1C1=CC=CC2=NON=C12)C(=O)OC(C)C,HMJIYCCIJYRONP,0
DB00271,CC(=O)NC1=C(I)C(C(O)=O)=C(I)C(NC(C)=O)=C1I,YVPYQUNUQOZFHG,1
DB00273,[H][C@@]12CO[C@@]3(COS(N)(=O)=O)OC(C)(C)O[C@@]3([H])[C@]1([H])OC(C)(C)O2,KJADKKWYZYXHBB,1
DB00274,[H][C@]12SCC(CSC3=NN=NN3C)=C(N1C(=O)[C@]2(NC(=O)CSCC#N)OC)C(O)=O,SNBUBQHDYVFSQF,1
DB00275,CCCC1=NC(=C(N1CC1=CC=C(C=C1)C1=C(C=CC=C1)C1=NN=NN1)C(O)=O)C(C)(C)O,VTRAEEWXHOVJFV,1
DB00276,COC1=C(NC2=C3C=CC=CC3=NC3=CC=CC=C23)C=CC(NS(C)(=O)=O)=C1,XCPGHVQEEXUHNC,1
DB00277,CN1C2=C(NC=N2)C(=O)N(C)C1=O,ZFXYFBGIUFBOJW,1
DB00278,C[C@@H]1CCN([C@H](C1)C(O)=O)C(=O)[C@H](CCCNC(N)=N)NS(=O)(=O)C1=CC=CC2=C1NCC(C)C2,KXNPVXPOPUZYGB,1
DB00279,N[C@@H](CC1=CC(I)=C(OC2=CC(I)=C(O)C=C2)C(I)=C1)C(O)=O,AUYYCJSJGJYCDS,1
DB00280,CC(C)N(CCC(C(N)=O)(C1=CC=CC=C1)C1=NC=CC=C1)C(C)C,UVTNFZQICZKOEM,1
DB00281,CCN(CC)CC(=O)NC1=C(C)C=CC=C1C,NNJVILVZKWQKPM,1
DB00282,NCCC(O)(P(O)(O)=O)P(O)(O)=O,WRUUGTRCQOWXEG,1
DB00283,CN1CCC[C@@H]1CCO[C@](C)(C1=CC=CC=C1)C1=CC=C(Cl)C=C1,YNNUSGIPVFPVBX,1
DB00284,[H]C(=O)[C@H](O)[C@@H](O)[C@]([H])(O[C@@]1([H])O[C@H](CO)[C@@]([H])(O[C@H]2O[C@H](C)[C@@H](N[C@@]3([H])C=C(CO)[C@@H](O)[C@H](O)[C@H]3O)[C@H](O)[C@H]2O)[C@H](O)[C@H]1O)[C@H](O)CO,CEMXHAPUFJOOSV,1
DB00285,COC1=CC=C(C=C1)C(CN(C)C)C1(O)CCCCC1,PNVNVHUZROJLTJ,1
DB00287,CC(C)OC(=O)CCC\C=C/C[C@H]1[C@@H](O)C[C@@H](O)[C@@H]1\C=C\[C@@H](O)COC1=CC=CC(=C1)C(F)(F)F,MKPLKVHSHYCHOC,1
DB00288,[H][C@@]12C[C@H]3OC4(CCCC4)O[C@@]3(C(=O)COC(C)=O)[C@@]1(C)C[C@H](O)[C@@]1(F)[C@@]2([H])CCC2=CC(=O)C=C[C@]12C,ILKJAFIWWBXGDU,1
DB00289,CNCC[C@@H](OC1=CC=CC=C1C)C1=CC=CC=C1,VHGCDTVCOLNTBX,1
DB00290,[H][C@](C)(NC(=O)[C@@]([H])(NC(=O)C1=NC(=NC(N)=C1C)[C@H](CC(N)=O)NC[C@H](N)C(N)=O)[C@@]([H])(OC1OC(CO)C(O)C(O)C1OC1OC(CO)C(O)C(OC(N)=O)C1O)C1=CNC=N1)[C@@H](O)[C@H](C)C(=O)N[C@]([H])(C(=O)NCCC1=NC(=CS1)C1=NC(=CS1)C(=O)NCCC[S+](C)C)[C@@]([H])(C)O,OYVAGSVQBOHSSS,1
DB00291,OC(=O)CCCC1=CC=C(C=C1)N(CCCl)CCCl,JCKYGMPEJWAADB,1
DB00292,CCOC(=O)C1=CN=CN1[C@H](C)C1=CC=CC=C1,NPUKDXXFDDZOKR,1
DB00293,CN(CC1=CC2=C(NC(C)=NC2=O)C=C1)C1=CC=C(S1)C(=O)N[C@@H](CCC(O)=O)C(O)=O,IVTVGDXNLFLDRM,1
DB00294,[H][C@@]12CC[C@@](O)(C#C)[C@@]1(CC)CC(=C)[C@]1([H])[C@@]3([H])CCC(=O)C=C3CC[C@@]21[H],GCKFUYQCUCGESZ,1
DB00295,[H][C@@]12OC3=C(O)C=CC4=C3[C@@]11CCN(C)[C@]([H])(C4)[C@]1([H])C=C[C@@H]2O,BQJCRHHNABKAKU,1
DB00296,CCCN1CCCC[C@H]1C(=O)NC1=C(C)C=CC=C1C,ZKMNUMMKYBVTFN,1
DB00297,CCCCN1CCCCC1C(=O)NC1=C(C)C=CC=C1C,LEBVLXFERQHONN,1
DB00298,CC1=CC=CC=C1N1CCN(CCC2=NN=C3CCCCN23)CC1,RFWZESUMWJKKRN,1
DB00300,[H][C@@](C)(CN1C=NC2=C(N)N=CN=C12)OCP(=O)(OCOC(=O)OC(C)C)OCOC(=O)OC(C)C,JFVZFKDSXNQEJW,1
DB00301,[H][C@]12SC(C)(C)[C@@H](N1C(=O)[C@H]2NC(=O)C1=C(C)ON=C1C1=C(Cl)C=CC=C1F)C(O)=O,UIOFUWFRIANQPC,1
DB00302,NC[C@H]1CC[C@@H](CC1)C(O)=O,GYDJEQRTZSCIOI,1
DB00303,[H][C@]12[C@@H](C)C(S[C@]3([H])CN[C@@]([H])(C3)C(=O)NC3=CC=CC(=C3)C(O)=O)=C(N1C(=O)[C@]2([H])[C@@H](C)O)C(O)=O,JUZNIMUFDBIJCM,1
DB00304,[H][C@@]12CC[C@@](O)(C#C)[C@@]1(CC)CC(=C)[C@]1([H])[C@@]3([H])CCCC=C3CC[C@@]21[H],RPLCPCMSCLEKRS,1
DB00305,[H][C@]12CN3C4=C([C@@H](COC(N)=O)[C@@]3(OC)[C@@]1([H])N2)C(=O)C(N)=C(C)C4=O,NWIBSHFKIJFRCO,1
DB00307,CC1=CC2=C(C=C1C(=C)C1=CC=C(C=C1)C(O)=O)C(C)(C)CCC2(C)C,NAVMQTYZDKMPEU,1
DB00308,CCCCCCCN(CC)CCCC(O)C1=CC=C(NS(C)(=O)=O)C=C1,ALOBUEHUHMBRLE,1
DB00309,[H][C@@]12N3CC[C@@]11C4=CC(=C(OC)C=C4N(C)[C@@]1([H])[C@](O)([C@H](O)[C@]2(CC)C=CC3)C(N)=O)[C@]1(C[C@@]2([H])CN(C[C@](O)(CC)C2)CCC2=C1NC1=C2C=CC=C1)C(=O)OC,HHJUWIANJFBDHT,0
DB00310,NS(=O)(=O)C1=C(Cl)C=CC(=C1)C1(O)NC(=O)C2=CC=CC=C12,JIVPVXMEBJLZRO,1
DB00312,CCCC(C)C1(CC)C(=O)NC(=O)NC1=O,WEXRUCMBJFQVBZ,1
DB00313,CCCC(CCC)C(O)=O,NIJJYAXOARWZEE,1
DB00314,[H][C@@]1(CCN=C(N)N1)[C@]1([H])NC(=O)\C(NC(=O)[C@H](CNC(=O)C[C@@H](N)CCCN)NC(=O)[C@H](C)NC(=O)[C@@H](N)CNC1=O)=C/NC(N)=O.[H][C@@]1(CCN=C(N)N1)[C@]1([H])NC(=O)\C(NC(=O)[C@H](CNC(=O)C[C@@H](N)CCCN)NC(=O)[C@H](CO)NC(=O)[C@@H](N)CNC1=O)=C/NC(N)=O,VCOPTHOUUNAYKQ,0
DB00315,CN(C)CCC1=CNC2=CC=C(C[C@H]3COC(=O)N3)C=C12,ULSDMUVEXKOYBU,1
DB00316,CC(=O)NC1=CC=C(O)C=C1,RZVAJINKPMORJF,1
DB00317,COC1=C(OCCCN2CCOCC2)C=C2C(NC3=CC(Cl)=C(F)C=C3)=NC=NC2=C1,XGALLCVXEZPNRQ,1
DB00318,[H][C@]12C=C[C@H](O)[C@@H]3OC4=C5C(C[C@H]1N(C)CC[C@@]235)=CC=C4OC,OROGSEYTTFOCAN,1
DB00319,[H][C@]12SC(C)(C)[C@@H](N1C(=O)[C@H]2NC(=O)[C@H](NC(=O)N1CCN(CC)C(=O)C1=O)C1=CC=CC=C1)C(O)=O,IVBHGBMCVLDMKU,1
DB00320,[H][C@@]12CCCN1C(=O)[C@H](CC1=CC=CC=C1)N1C(=O)[C@](C)(NC(=O)[C@H]3CN(C)[C@]4([H])CC5=CNC6=CC=CC(=C56)[C@@]4([H])C3)O[C@@]21O,LUZRJRNZXALNLM,1
DB00321,CN(C)CCC=C1C2=CC=CC=C2CCC2=CC=CC=C12,KRMDCWKBEZIMAB,1
DB00322,OC[C@H]1O[C@H](C[C@@H]1O)N1C=C(F)C(=O)NC1=O,ODKNJVUHOIMIIZ,1
DB00323,CC1=CC=C(C=C1)C(=O)C1=CC(=C(O)C(O)=C1)[N+]([O-])=O,MIQPIUSUKVNLNT,1
DB00324,[H][C@@]12CC[C@](O)(C(C)=O)[C@@]1(C)C[C@H](O)[C@@]1(F)[C@@]2([H])C[C@H](C)C2=CC(=O)C=C[C@]12C,FAOZLTXFLGPHNG,1
DB00325,O=N[Fe--](C#N)(C#N)(C#N)(C#N)C#N,ASPOIVQEUUCDQT,0
DB00326,[Ca++].OC[C@@H](O)[C@@H](O)[C@H](O)[C@@H](O)C(O)C([O-])=O.OC[C@@H](O)[C@@H](O)[C@H](O)[C@@H](O)C(O)C([O-])=O,FATUQANACHZLRT,0
DB00327,[H][C@@]12OC3=C(O)C=CC4=C3[C@@]11CCN(C)[C@]([H])(C4)[C@]1([H])CCC2=O,WVLOADHCBXTIJK,1
DB00328,COC1=CC2=C(C=C1)N(C(=O)C1=CC=C(Cl)C=C1)C(C)=C2CC(O)=O,CGIGDMFJXJATDK,1
DB00330,CC[C@@H](CO)NCCN[C@@H](CC)CO,AEUTYOVWOVBAKS,1
DB00331,CN(C)C(=N)NC(N)=N,XZWYZXLIPXDOLR,1
DB00332,[H][C@]12CC[C@]([H])(C[C@@H](C1)OC(=O)C(CO)C1=CC=CC=C1)[N+]2(C)C(C)C,OEXHQOGQTVQTAT,1
DB00333,CCC(=O)C(CC(C)N(C)C)(C1=CC=CC=C1)C1=CC=CC=C1,USSIQXCVUWKGNF,1
DB00334,CN1CCN(CC1)C1=NC2=CC=CC=C2NC2=C1C=C(C)S2,KVWDHTXUZHCGIO,1
DB00335,CC(C)NCC(O)COC1=CC=C(CC(N)=O)C=C1,METKIMKYRPQLGS,1
DB00336,NC(=O)N\N=C\C1=CC=C(O1)[N+]([O-])=O,IAIWVQXQOWNYOU,0
DB00337,[H][C@]1(CC[C@H](Cl)[C@@H](C1)OC)\C=C(/C)[C@@]1([H])OC(=O)[C@]2([H])CCCCN2C(=O)C(=O)[C@]2(O)O[C@@]([H])([C@H](C[C@H]2C)OC)[C@H](C[C@@H](C)C\C(C)=C\[C@@H](CC)C(=O)C[C@H](O)[C@H]1C)OC,KASDHRXLYQOAKZ,1
DB00338,COC1=CC2=C(C=C1)N=C(N2)S(=O)CC1=NC=C(C)C(OC)=C1C,SUBDBMMJDZJVOS,1
DB00339,NC(=O)C1=NC=CN=C1,IPEHBUMCGVEMRF,1
DB00340,CN1CCCC(CC2C3=CC=CC=C3SC3=CC=CC=C23)C1,MJFJKKXQDNNUJF,1
DB00341,OC(=O)COCCN1CCN(CC1)C(C1=CC=CC=C1)C1=CC=C(Cl)C=C1,ZKLPARSLTMPFCP,1
DB00343,COC1=CC=C(C=C1)[C@@H]1SC2=C(C=CC=C2)N(CCN(C)C)C(=O)[C@@H]1OC(C)=O,HSUGRBWQSSZJOP,0
DB00344,CNCCCC1C2=CC=CC=C2C=CC2=CC=CC=C12,BWPIARFWQZKAIA,1
DB00345,NC1=CC=C(C=C1)C(=O)NCC(O)=O,HSMNQINEKMPTIC,0
DB00346,COC1=CC2=C(C=C1OC)C(N)=NC(=N2)N(C)CCCNC(=O)C1CCCO1,WNMJYKCGWZFFKR,1
DB00347,CN1C(=O)OC(C)(C)C1=O,IRYJRGCIQBGHIV,1
DB00349,CN1C2=C(C=C(Cl)C=C2)N(C2=CC=CC=C2)C(=O)CC1=O,CXOXHMZGEKVPMT,1
DB00350,NC1=CC(=NC(N)=[N+]1[O-])N1CCCCC1,ZFMITUMMTDLWHR,0
DB00351,[H][C@@]12CC[C@](OC(C)=O)(C(C)=O)[C@@]1(C)CC[C@@]1([H])[C@@]2([H])C=C(C)C2=CC(=O)CC[C@]12C,RQZAXGRLVPAYTJ,1
DB00352,NC1=NC(=S)C2=C(N1)N=CN2,WYWHKKSPHMUBEB,1
DB00353,[H][C@@]12CC3=CNC4=CC=CC(=C34)C1=C[C@H](CN2C)C(=O)N[C@@H](CC)CO,UNBRKDKAWYKMIV,1
DB00354,CC(C)(C)C1=CC=C(CN2CCN(CC2)C(C2=CC=CC=C2)C2=CC=C(Cl)C=C2)C=C1,MOYGZHXDRJNJEP,1
DB00355,C[C@H]1[C@H](NC(=O)C(=N/OC(C)(C)C(=O)O)\C2=CSC([NH3+])=N2)C(=O)N1S([O-])(=O)=O,WZPBZJONDBGPKJ,1
DB00356,ClC1=CC2=C(OC(=O)N2)C=C1,TZFWDZFKRBELIQ,1
DB00357,CCC1(CCC(=O)NC1=O)C1=CC=C(N)C=C1,ROBVIMPUHSLWNV,1
DB00358,OC(C1CCCCN1)C1=CC(=NC2=C1C=CC=C2C(F)(F)F)C(F)(F)F,XEEQGYMUWCZPDN,1
DB00359,NC1=CC=C(C=C1)S(=O)(=O)NC1=NC=CC=N1,SEEPANYCNGTZFQ,1
DB00360,[H][C@@]1(CNC2=C(N1)C(=O)NC(N)=N2)[C@@H](O)[C@H](C)O,FNKQXYHWGSIFBK,1
DB00361,[H][C@@]12N(C)C3=CC(OC)=C(C=C3[C@@]11CCN3CC=C[C@](CC)([C@@]13[H])[C@@]([H])(OC(C)=O)[C@]2(O)C(=O)OC)[C@]1(C[C@@]2([H])CN(CC(CC)=C2)CC2=C1NC1=CC=CC=C21)C(=O)OC,GBABOYUKABKIAF,1
DB00362,[H][C@]1(NC(=O)[C@@H](NC(=O)[C@@H]2C[C@@H](O)CN2C(=O)[C@@H](NC(=O)[C@H](C[C@@H](O)[C@@H](O)NC(=O)[C@@H]2[C@@H](O)[C@@H](C)CN2C1=O)NC(=O)C1=CC=C(C=C1)C1=CC=C(C=C1)C1=CC=C(OCCCCC)C=C1)[C@@H](C)O)[C@H](O)[C@@H](O)C1=CC=C(O)C=C1)[C@@H](C)O,JHVAMHSQVVQIOT,0
DB00363,CN1CCN(CC1)C1=NC2=CC(Cl)=CC=C2NC2=CC=CC=C12,QZUDBNBUXVUHMW,1
DB00364,O.O[Al](O)O.O[Al](O)OS(=O)(=O)OC[C@H]1O[C@@](COS(=O)(=O)O[Al](O)O)(O[C@H]2O[C@H](COS(=O)(=O)O[Al](O)O)[C@@H](OS(=O)(=O)O[Al](O)O)[C@H](OS(=O)(=O)O[Al](O)O)[C@H]2OS(=O)(=O)O[Al](O)O)[C@@H](OS(=O)(=O)O[Al](O)O)[C@@H]1OS(=O)(=O)O[Al](O)O,IPLJAZDIICJQEL,0
DB00366,CN(C)CCOC(C)(C1=CC=CC=C1)C1=CC=CC=N1,HCFDWZZGGLSKEP,0
DB00367,[H][C@@]12CC[C@@](O)(C#C)[C@@]1(CC)CC[C@]1([H])[C@@]3([H])CCC(=O)C=C3CC[C@@]21[H],WWYNJERNGUHSAO,1
DB00368,NC[C@H](O)C1=CC(O)=C(O)C=C1,SFLSHLFXELFNJZ,1
DB00369,NC1=NC(=O)N(C[C@@H](CO)OCP(O)(O)=O)C=C1,VWFCHDSQECPREK,1
DB00370,CN1CCN2C(C1)C1=CC=CC=C1CC1=C2N=CC=C1,RONZAEMNMFQXRA,1
DB00371,CCCC(C)(COC(N)=O)COC(N)=O,NPPQSCRMBWNHMW,1
DB00373,[H][C@](O)(CNC(C)(C)C)COC1=NSN=C1N1CCOCC1,BLJRIMJGRPQVNF,1
DB00374,[H][C@]12C[C@@H](O)[C@H](CC[C@@H](O)CCCCC)[C@@]1([H])CC1=C(C2)C(OCC(O)=O)=CC=C1,PAJMKGZZBBTTOY,1
DB00376,OC(CCN1CCCCC1)(C1CCCCC1)C1=CC=CC=C1,HWHLPVGTWGOCJO,0
DB00377,[H][C@]12CCCC3=C1C(=CC=C3)C(=O)N(C2)[C@@H]1CN2CCC1CC2,CPZBLNMUGSZIPR,1
DB00378,[H][C@@]12CC[C@H](C(C)=O)[C@@]1(C)CC[C@]1([H])[C@@]2([H])C=CC2=CC(=O)CC[C@@]12C,JGMOKGBVKVMRFX,1
DB00379,CC(N)COC1=C(C)C=CC=C1C,VLPIATFUUWWMKC,1
DB00380,C[C@@H](CN1CC(=O)NC(=O)C1)N1CC(=O)NC(=O)C1,BMKDZUISNHGIBY,1
DB00381,CCOC(=O)C1=C(COCCN)NC(C)=C(C1C1=CC=CC=C1Cl)C(=O)OC,HTIQEAQVCYTUBX,0
DB00384,NC1=NC(N)=C2N=C(C(N)=NC2=N1)C1=CC=CC=C1,FNYLWPVRPXGIIP,1
DB00385,[H][C@@]1(C[C@@](O)(CC2=C(O)C3=C(C(O)=C12)C(=O)C1=C(OC)C=CC=C1C3=O)C(=O)COC(=O)CCCC)O[C@H]1C[C@H](NC(=O)C(F)(F)F)[C@H](O)[C@H](C)O1,ZOCKGBMQLCSHFP,1
DB00387,OC(CCN1CCCC1)(C1CCCCC1)C1=CC=CC=C1,WYDUSKDSKCASEF,1
DB00388,CNC[C@H](O)C1=CC(O)=CC=C1,SONNWYBIRXJNDC,1
DB00389,CCOC(=O)N1C=CN(C)C1=S,CFOYWRHIYXMDOT,1
DB00390,[H][C@]12CC[C@]3([H])[C@]([H])(C[C@@H](O)[C@]4(C)[C@H](CC[C@]34O)C3=CC(=O)OC3)[C@@]1(C)CC[C@@H](C2)O[C@H]1C[C@H](O)[C@H](O[C@H]2C[C@H](O)[C@H](O[C@H]3C[C@H](O)[C@H](O)[C@@H](C)O3)[C@@H](C)O2)[C@@H](C)O1,LTMHDMANZUZIPE,1
DB00391,CCN1CCCC1CNC(=O)C1=C(OC)C=CC(=C1)S(N)(=O)=O,BGRJTUBHPOOWDU,1
DB00392,CCN(CC)C(C)CN1C2=CC=CC=C2SC2=CC=CC=C12,CDOZDBSBBXSXLB,1
DB00393,COCCOC(=O)C1=C(C)NC(C)=C(C1C1=CC(=CC=C1)[N+]([O-])=O)C(=O)OC(C)C,UIAGMCDKSXEBJQ,1
DB00394,[H][C@@]12C[C@H](C)[C@](OC(=O)CC)(C(=O)COC(=O)CC)[C@@]1(C)C[C@H](O)[C@@]1(Cl)[C@@]2([H])CCC2=CC(=O)C=C[C@]12C,KUVIULQEHSCUHY,1
DB00395,CCCC(C)(COC(N)=O)COC(=O)NC(C)C,OFZCIYFFPZCNJE,1
DB00396,[H][C@@]12CC[C@H](C(C)=O)[C@@]1(C)CC[C@@]1([H])[C@@]2([H])CCC2=CC(=O)CC[C@]12C,RJKFOVLPORLFTN,1
DB00397,[H][C@@](C)(N)[C@]([H])(O)C1=CC=CC=C1,DLNKOYKMWOXYQA,1
DB00398,CNC(=O)C1=NC=CC(OC2=CC=C(NC(=O)NC3=CC(=C(Cl)C=C3)C(F)(F)F)C=C2)=C1,MLDQJTXFUGDVEO,1
DB00399,OC(CN1C=CN=C1)(P(O)(O)=O)P(O)(O)=O,XRASPMIURGNCCH,1
DB00400,COC1=CC(OC)=C(Cl)C2=C1C(=O)[C@]1(O2)[C@H](C)CC(=O)C=C1OC,DDUHZTYCFQRHIY,1
DB00401,COC(=O)C1=C(C)NC(C)=C(C1C1=CC=CC=C1[N+]([O-])=O)C(=O)OCC(C)C,VKQFCGNPDRICFG,1
DB00402,CN1CCN(CC1)C(=O)O[C@@H]1N(C(=O)C2=NC=CN=C12)C1=NC=C(Cl)C=C1,GBBSUAFBMRNDJC,1
DB00404,CC1=NN=C2CN=C(C3=CC=CC=C3)C3=C(C=CC(Cl)=C3)N12,VREFGVBLTWBCJP,1
DB00405,CN(C)CC[C@@H](C1=CC=C(Br)C=C1)C1=CC=CC=N1,ZDIGNSYAACHWNL,1
DB00408,CN1CCN(CC1)C1=NC2=CC=CC=C2OC2=C1C=C(Cl)C=C2,XJGVXQDUIWGIRW,1
DB00409,CCN1CCC[C@H]1CNC(=O)C1=C(OC)C=CC(Br)=C1OC,GUJRSXAPGDDABA,1
DB00410,C[C@H](O)[C@H](C)[C@@H]1O[C@H]1C[C@H]1CO[C@@H](C\C(C)=C\C(=O)OCCCCCCCCC(O)=O)[C@H](O)[C@@H]1O,MINDHVHHQZYEEK,1
DB00411,C[N+](C)(C)CCOC(N)=O,VPJXQGSRWJZDOB,1
DB00412,CN(CCOC1=CC=C(CC2SC(=O)NC2=O)C=C1)C1=CC=CC=N1,YASAKCUCGLMORW,1
DB00413,CCCN[C@H]1CCC2=C(C1)SC(N)=N2,FASDKYOPVNHBLU,1
DB00415,[H][C@]12SC(C)(C)[C@@H](N1C(=O)[C@H]2NC(=O)[C@H](N)C1=CC=CC=C1)C(O)=O,AVKUERGKIZMTKX,1
DB00417,[H][C@]12SC(C)(C)[C@@H](N1C(=O)[C@H]2NC(=O)COC1=CC=CC=C1)C(O)=O,BPLBGHOLXOTWMN,1
DB00418,CCCC(C)C1(CC=C)C(=O)NC(=O)NC1=O,KQPKPCNLIDLUMF,1
DB00419,CCCCN1C[C@H](O)[C@@H](O)[C@H](O)[C@H]1CO,UQRORFVVSGFNRO,0
DB00420,CN(C)CCCN1C2=CC=CC=C2SC2=CC=CC=C12,ZGUGWUXLJSTTMA,1
DB00421,[H][C@@]12CC[C@@]3(CCC(=O)O3)[C@@]1(C)CC[C@@]1([H])[C@@]2([H])[C@@]([H])(CC2=CC(=O)CC[C@]12C)SC(C)=O,LXMSZDCAJNLERA,1
DB00422,COC(=O)C(C1CCCCN1)C1=CC=CC=C1,DUGOZIWVEXMGBE,1
DB00423,COC1=C(OCC(O)COC(N)=O)C=CC=C1,GNXFOGHNGIVQEH,1
DB00424,CN1[C@H]2CC[C@@H]1C[C@@H](C2)OC(=O)[C@H](CO)C1=CC=CC=C1,RKUNBYITZUJHSG,1
DB00425,CN(C)C(=O)CC1=C(N=C2C=CC(C)=CN12)C1=CC=C(C)C=C1,ZAFYATHCZYHLPB,1
DB00426,CC(=O)OCC(CCN1C=NC2=CN=C(N)N=C12)COC(C)=O,GGXKWVWZWMLJEH,0
DB00427,CC1=CC=C(C=C1)C(=C/CN1CCCC1)\C1=CC=CC=N1,CBEQULMOCCWAQT,1
DB00428,CN(N=O)C(=O)N[C@H]1[C@@H](O)O[C@H](CO)[C@@H](O)[C@@H]1O,ZSJLQEPLLKMAKR,0
DB00429,OCC([NH3+])(CO)CO.CCCCC[C@@](O)(C)\C=C\[C@H]1[C@@H](O)C[C@H](O)[C@@H]1C\C=C/CCCC(=O)[O-],UMMADZJLZAPZAW,0
DB00430,[H][C@]12SCC(CSC3=NN=NN3C)=C(N1C(=O)[C@@]2([H])NC(=O)[C@H](NC(=O)C1=C(O)C=C(C)N=C1)C1=CC=C(O)C=C1)C(O)=O,PWAUCHMQEXVFJR,1
DB00432,OC[C@H]1O[C@H](C[C@@H]1O)N1C=C(C(=O)NC1=O)C(F)(F)F,VSQQQLOSPVPRAZ,1
DB00433,CN1CCN(CCCN2C3=CC=CC=C3SC3=C2C=C(Cl)C=C3)CC1,WIKYUJGCLQQFNW,1
DB00434,CN1CCC(CC1)=C1C2=CC=CC=C2C=CC2=CC=CC=C12,JJCFRYNCJDLXIK,1
DB00435,[N]=O,MWUXSHHQAYIFBG,1
DB00436,NS(=O)(=O)C1=CC2=C(NC(CC3=CC=CC=C3)NS2(=O)=O)C=C1C(F)(F)F,HDWIHXWEUNVBIY,0
DB00437,OC1=NC=NC2=C1C=NN2,OFCNXPDARWKPPY,1
DB00438,[O-]C(=O)C1=C(CS[C@]2([H])[C@H](NC(=O)C(=N/OC(C)(C)C(O)=O)\C3=CSC(N)=N3)C(=O)N12)C[N+]1=CC=CC=C1,ORFOPKXBNMVMKC,1
DB00440,COC1=CC(CC2=CN=C(N)N=C2N)=CC(OC)=C1OC,IEDVJHCEMCRBQM,1
DB00441,NC1=NC(=O)N(C=C1)[C@@H]1O[C@H](CO)[C@@H](O)C1(F)F,SDUQYLNIPVEERB,1
DB00442,NC1=NC(=O)C2=C(N1)N(C=N2)[C@H]1C[C@H](O)[C@@H](CO)C1=C,QDGZDCVAUDNJFG,1
DB00443,[H][C@@]12C[C@H](C)[C@](O)(C(=O)CO)[C@@]1(C)C[C@H](O)[C@@]1(F)[C@@]2([H])CCC2=CC(=O)C=C[C@]12C,UREBDLICKHMUKA,1
DB00444,[H][C@]12COC(=O)[C@]1([H])[C@H](C1=CC(OC)=C(O)C(OC)=C1)C1=C(C=C3OCOC3=C1)[C@H]2O[C@]1([H])O[C@]2([H])CO[C@H](O[C@@]2([H])[C@H](O)[C@H]1O)C1=CC=CS1,NRUKOCRGYNPUPR,1
DB00445,COC1=CC=CC2=C1C(=O)C1=C(O)C3=C(C[C@](O)(C[C@@H]3O[C@H]3C[C@H](N)[C@@H](O)[C@H](C)O3)C(=O)CO)C(O)=C1C2=O,AOJJSUZBOXZQNB,1
DB00446,OC[C@@H](NC(=O)C(Cl)Cl)[C@H](O)C1=CC=C(C=C1)[N+]([O-])=O,WIIZWVCIJKGZOK,1
DB00448,CC1=C(OCC(F)(F)F)C=CN=C1CS(=O)C1=NC2=CC=CC=C2N1,MJIHNNLFOKEZEW,1
DB00449,CNCC(O)C1=CC(OC(=O)C(C)(C)C)=C(OC(=O)C(C)(C)C)C=C1,OCUJLLGVOUDECM,1
DB00450,FC1=CC=C(C=C1)C(=O)CCCN1CCC(=CC1)N1C(=O)NC2=CC=CC=C12,RMEDXOLNCUSCGS,1
DB00451,N[C@@H](CC1=CC(I)=C(OC2=CC(I)=C(O)C(I)=C2)C(I)=C1)C(O)=O,XUIIKFGFIJCVMT,1
DB00452,NC[C@@H]1O[C@H](O[C@@H]2[C@@H](CO)O[C@@H](O[C@@H]3[C@@H](O)[C@H](N)C[C@H](N)[C@H]3O[C@H]3O[C@H](CN)[C@@H](O)[C@H](O)[C@H]3N)[C@@H]2O)[C@H](N)[C@@H](O)[C@@H]1O,PGBHMTALBVVCIT,1
DB00453,[H][C@@]12C[C@@]3([H])C(=C(O)[C@]1(O)C(=O)C(C(=O)NCO)=C(O)[C@H]2N(C)C)C(=O)C1=C(C(Cl)=CC=C1O)[C@@]3(C)O,GJGDLRSSCNAKGL,0
DB00454,CCOC(=O)C1(CCN(C)CC1)C1=CC=CC=C1,XADCESSVHJOZHK,1
DB00455,CCOC(=O)N1CCC(CC1)=C1C2=C(CCC3=C1N=CC=C3)C=C(Cl)C=C2,JCCNYMKQOSZNPW,1
DB00456,[H][C@@]1(NC(=O)CC2=CC=CS2)C(=O)N2C(C(O)=O)=C(COC(C)=O)CS[C@]12[H],XIURVHNZVLADCM,1
DB00457,COC1=C(OC)C=C2C(N)=NC(=NC2=C1)N1CCN(CC1)C(=O)C1=CC=CO1,IENZQIKPVFGBNW,1
DB00458,CN(C)CCCN1C2=CC=CC=C2CCC2=CC=CC=C12,BCGWQEUPMDMJNV,1
DB00459,COC1=C(C)C(C)=C(\C=C\C(\C)=C\C=C\C(\C)=C\C(O)=O)C(C)=C1,IHUNBGSDBOWDMA,1
DB00460,COC(=O)CCC1=C2NC(\C=C3/N=C(/C=C4\N\C(=C/C5=N/C(=C\2)/C(CCC(O)=O)=C5C)C(C=C)=C4C)C2=CC=C([C@@H](C(=O)OC)[C@@]32C)C(=O)OC)=C1C,YTZALCGQUPRCGW,0
DB00461,COC1=CC2=C(C=C1)C=C(CCC(C)=O)C=C2,BLXXJMDCKKHMKV,1
DB00462,[Br-].[H][C@]12C[C@@H](C[C@@]([H])(C3OC13)[N+]2(C)C)OC(=O)[C@H](CO)C1=CC=CC=C1,CXYRUNPLKGGUJF,0
DB00465,OC(=O)C1CCN2C1=CC=C2C(=O)C1=CC=CC=C1,OZWKMVRBQXNZKK,1
DB00467,CCN1C=C(C(O)=O)C(=O)C2=CC(F)=C(N=C12)N1CCNCC1,IDYZIJYBMGIQMJ,1
DB00468,[H][C@]1(C[C@@H]2CC[N@]1C[C@@H]2C=C)[C@H](O)C1=CC=NC2=CC=C(OC)C=C12,LOUPRKONTZGTKE,1
DB00469,CN1C(C(=O)NC2=CC=CC=N2)=C(O)C2=C(C=CS2)S1(=O)=O,LZNWYQJJBLGYLT,1
DB00470,[H][C@@]12C=C(C)CC[C@@]1([H])C(C)(C)OC1=C2C(O)=CC(CCCCC)=C1,CYQFCXCEBYINGO,1
DB00471,OC(=O)CC1(CC1)CS[C@H](CCC1=CC=CC=C1C(O)(C)C)C1=CC=CC(\C=C\C2=NC3=C(C=CC(Cl)=C3)C=C2)=C1,UCHDWCPVSPXUMX,1
DB00472,CNCCC(OC1=CC=C(C=C1)C(F)(F)F)C1=CC=CC=C1,RTHCYVBBDHJXIQ,1
DB00474,CCC#CC(C)C1(CC=C)C(=O)NC(=O)N(C)C1=O,NZXKDOXHBHYTKP,1
DB00475,CNC1=NC2=C(C=C(Cl)C=C2)C(C2=CC=CC=C2)=[N+]([O-])C1,ANTSCNMPPGJYLG,0
DB00476,CNCC[C@H](OC1=CC=CC2=CC=CC=C12)C1=CC=CS1,ZEUITGRIYCTCEM,1
DB00477,CN(C)CCCN1C2=CC=CC=C2SC2=C1C=C(Cl)C=C2,ZPEIMTDSQAKGNT,1
DB00479,NCC[C@H](O)C(=O)N[C@@H]1C[C@H](N)[C@@H](O[C@H]2O[C@H](CN)[C@@H](O)[C@H](O)[C@H]2O)[C@H](O)[C@H]1O[C@H]1O[C@H](CO)[C@@H](O)[C@H](N)[C@H]1O,LKCWBDHBTVXHDL,1
DB00480,NC1=CC=CC2=C1CN(C1CCC(=O)NC1=O)C2=O,GOTYRUGSSMKFNF,1
DB00481,OC1=CC=C(C=C1)C1=C(C(=O)C2=CC=C(OCCN3CCCCC3)C=C2)C2=C(S1)C=C(O)C=C2,GZUITABIAKMVPG,1
DB00482,CC1=CC=C(C=C1)C1=CC(=NN1C1=CC=C(C=C1)S(N)(=O)=O)C(F)(F)F,RZEKVGVHFLEQIL,1
DB00483,[I-].[I-].[I-].CC[N+](CC)(CC)CCOC1=CC=CC(OCC[N+](CC)(CC)CC)=C1OCC[N+](CC)(CC)CC,REEUVFCVXKWOFE,0
DB00484,BrC1=C(NC2=NCCN2)C=CC2=NC=CN=C12,XYLJNLCSTIOKRM,1
DB00485,[H][C@]12SC(C)(C)[C@@H](N1C(=O)[C@H]2NC(=O)C1=C(C)ON=C1C1=C(Cl)C=CC=C1Cl)C(O)=O,YFAGHNZHGGCZAX,1
DB00486,[H][C@@]12CC(=O)CC[C@@]1([H])C(C)(C)OC1=CC(=CC(O)=C21)C(C)(C)CCCCCC,GECBBEABIDMGGL,1
DB00487,CCN1C=C(C(O)=O)C(=O)C2=CC(F)=C(C=C12)N1CCN(C)CC1,FHFYDNQZQSQIAI,1
DB00488,CN(C)C1=NC(=NC(=N1)N(C)C)N(C)C,UUVWYPNAQBNQJQ,1
DB00489,CC(C)NCC(O)C1=CC=C(NS(C)(=O)=O)C=C1,ZBMZVLHSJCTVON,1
DB00490,O=C1CC2(CCCC2)CC(=O)N1CCCCN1CCN(CC1)C1=NC=CC=N1,QWCRAEMEVRGPNT,1
DB00491,OCCN1C[C@H](O)[C@@H](O)[C@H](O)[C@H]1CO,IBAQFPQHRJAVAV,1
DB00492,CCC(=O)O[C@@H](O[P@](=O)(CCCCC1=CC=CC=C1)CC(=O)N1C[C@@H](C[C@H]1C(O)=O)C1CCCCC1)C(C)C,BIDNLKIUORFRQP,1
DB00493,[H][C@]12SCC(COC(C)=O)=C(N1C(=O)[C@H]2NC(=O)C(=N/OC)\C1=CSC(N)=N1)C(O)=O,GPRBEKHLDVQUJE,1
DB00494,CCN(CC)C(=O)C(=C\C1=CC(=C(O)C(O)=C1)[N+]([O-])=O)\C#N,JRURYQJSLYLRLN,1
DB00495,CC1=CN([C@H]2C[C@H](N=[N+]=[N-])[C@@H](CO)O2)C(=O)NC1=O,HBOMLICNUCNMMY,1
DB00496,NC(=O)C([C@@H]1CCN(CCC2=CC3=C(OCC3)C=C2)C1)(C1=CC=CC=C1)C1=CC=CC=C1,HXGBXQDTNZMWGS,1
DB00497,COC1=C2O[C@H]3C(=O)CC[C@@]4(O)[C@H]5CC(C=C1)=C2[C@@]34CCN5C,BRUQQQPBMZOVGD,1
DB00498,O=C1C(C(=O)C2=CC=CC=C12)C1=CC=CC=C1,NFBAXHOPROOJAW,1
DB00499,CC(C)C(=O)NC1=CC(=C(C=C1)[N+]([O-])=O)C(F)(F)F,MKXKFYHWDHIYRV,1
DB00500,CN1C(CC(O)=O)=CC=C1C(=O)C1=CC=C(C)C=C1,UPSPUYADGBWSHF,1
DB00501,CN\C(NCCSCC1=C(C)NC=N1)=N\C#N,AQIXAKUUQRKLND,1
DB00502,OC1(CCN(CCCC(=O)C2=CC=C(F)C=C2)CC1)C1=CC=C(Cl)C=C1,LNEPOXFFQSENCJ,1
DB00503,CC(C)[C@H](NC(=O)N(C)CC1=CSC(=N1)C(C)C)C(=O)N[C@H](C[C@H](O)[C@H](CC1=CC=CC=C1)NC(=O)OCC1=CN=CS1)CC1=CC=CC=C1,NCDNCNXCDXHOMX,1
DB00504,[H][C@@]12CCCC[C@@]11CCN(CC=C)[C@@H]2CC2=C1C=C(O)C=C2,OZYUPQUCAUTOBP,1
DB00508,CN(C)CCCN1C2=CC=CC=C2SC2=C1C=C(C=C2)C(F)(F)F,XSCGXQMFQXDFCW,1
DB00511,[H][C@@]1(CC[C@]2(O)[C@]3([H])CC[C@]4([H])C[C@H](CC[C@]4(C)[C@@]3([H])CC[C@]12C)O[C@H]1C[C@H](O)[C@H](O[C@H]2C[C@H](O)[C@H](O[C@H]3C[C@H](OC(C)=O)[C@H](O)[C@@H](C)O3)[C@@H](C)O2)[C@@H](C)O1)C1=CC(=O)OC1,HPMZBILYSWLILX,0
DB00512,CN[C@H](CC(C)C)C(=O)N[C@@H]1[C@H](O)C2=CC=C(OC3=C(O[C@@H]4O[C@H](CO)[C@@H](O)[C@H](O)[C@H]4O[C@H]4C[C@](C)(N)[C@H](O)[C@H](C)O4)C4=CC(=C3)[C@@H](NC(=O)[C@H](CC(N)=O)NC1=O)C(=O)N[C@@H]1C3=CC(=C(O)C=C3)C3=C(O)C=C(O)C=C3[C@H](NC(=O)[C@@H](NC1=O)[C@H](O)C1=CC(Cl)=C(O4)C=C1)C(O)=O)C(Cl)=C2,MYPYJXKWCTUITO,1
DB00513,NCCCCCC(O)=O,SLXKOJJOQWFEFD,0
DB00514,[H][C@]12CCCC[C@]11CCN(C)[C@H]2CC2=C1C=C(OC)C=C2,MKXZASYAUGDDCJ,1
DB00515,N[Pt](N)(Cl)Cl,DQLATGHUWYMOKM,0
DB00517,[Br-].CCCC(CCC)C(=O)O[C@H]1CC2CCC(C1)[N+]2(C)C,QSFKGMJOKUZAJM,0
DB00518,CCCSC1=CC2=C(C=C1)N=C(NC(=O)OC)N2,HXHWSAZORRCQMX,1
DB00519,[H][C@@]12C[C@H](N(C(=O)[C@H](C)N[C@@H](CCC3=CC=CC=C3)C(=O)OCC)[C@@]1([H])CCCC2)C(O)=O,VXFJYXUZANRPDJ,1
DB00520,CCC(C)CC(C)CCCCCCCCC(=O)N[C@H]1C[C@@H](O)[C@@H](NCCN)NC(=O)[C@@H]2[C@@H](O)CCN2C(=O)[C@@H](NC(=O)[C@@H](NC(=O)[C@@H]2C[C@@H](O)CN2C(=O)[C@@H](NC1=O)[C@@H](C)O)[C@H](O)[C@@H](O)C1=CC=C(O)C=C1)[C@H](O)CCN,JYIKNQVWKBUSNH,1
DB00521,CC(C)(C)NCC(O)COC1=CC=CC2=C1CCC(=O)N2,LWAFSWPYPHEXKX,1
DB00523,C\C(\C=C\C1=C(C)CCCC1(C)C)=C\C=C\C(\C)=C\C(O)=O,SHGAZHPCJJPHSC,1
DB00524,CC1NC2=CC(Cl)=C(C=C2C(=O)N1C1=CC=CC=C1C)S(N)(=O)=O,AQCHWTWZEMGIFD,1
DB00525,CN(C(=S)OC1=CC2=CC=CC=C2C=C1)C1=CC=CC(C)=C1,FUSNMLFNXJSCDI,0
DB00526,O=C1O[Pt]2(N[C@@H]3CCCC[C@H]3N2)OC1=O,DWAFYCQODLXJNR,0
DB00527,CCCCOC1=NC2=CC=CC=C2C(=C1)C(=O)NCCN(CC)CC,PUFQVTATUTYEAL,1
DB00528,COC(=O)C1=C(C)NC(C)=C(C1C1=CC(=CC=C1)[N+]([O-])=O)C(=O)OC(C)(C)CN(C)CCC(C1=CC=CC=C1)C1=CC=CC=C1,ZDXUKAKRHYTAKV,1
DB00529,OC(=O)P(O)(O)=O,ZJAOAACCNHFJAH,1
DB00530,COCCOC1=CC2=C(C=C1OCCOC)C(NC1=CC(=CC=C1)C#C)=NC=N2,AAKJLRGGTJKAMG,1
DB00531,ClCCN(CCCl)P1(=O)NCCCO1,CMSMOCZEIVJLDB,1
DB00535,[H][C@]12SCC(C=C)=C(N1C(=O)[C@H]2NC(=O)C(=N/O)\C1=CSC(N)=N1)C(O)=O,RTXOFQZKPXMALH,1
DB00537,OC(=O)C1=CN(C2CC2)C2=CC(N3CCNCC3)=C(F)C=C2C1=O,MYSWGUAQZAJSOK,1
DB00539,CN(C)CCOC1=CC=C(C=C1)C(=C(\CCCl)C1=CC=CC=C1)\C1=CC=CC=C1,XFCLJVABOIYOMF,1
DB00540,CNCCC=C1C2=CC=CC=C2CCC2=CC=CC=C12,PHVGLTMQBUFIQQ,1
DB00541,[H][C@@]12N3CC[C@@]11C4=C(C=C(OC)C(=C4)[C@]4(C[C@H]5C[N@](C[C@](O)(CC)C5)CCC5=C4NC4=CC=CC=C54)C(=O)OC)N(C=O)[C@@]1([H])[C@](O)([C@H](OC(C)=O)[C@]2(CC)C=CC3)C(=O)OC,OGWKCGZFUXNPDA,1
DB00542,[H][C@@]1(CCC2=CC=CC=C2N(CC(O)=O)C1=O)N[C@@H](CCC1=CC=CC=C1)C(=O)OCC,XPCFTKFZXHTYIP,1
DB00543,ClC1=CC2=C(OC3=CC=CC=C3N=C2N2CCNCC2)C=C1,QWGDMFLQWFTERH,1
DB00544,FC1=CNC(=O)NC1=O,GHASVSINZRGABV,1
DB00545,CN(C)C(=O)OC1=C[N+](C)=CC=C1,RVOLLAQWKVFTGE,1
DB00546,CN(C)CC1=NN=C2CN=C(C3=CC=CC=C3)C3=C(C=CC(Cl)=C3)N12,GJSLOMWRLALDCT,1
DB00547,[H][C@@]12C[C@@H](C)[C@H](C(=O)CO)[C@@]1(C)C[C@H](O)[C@@]1(F)[C@@]2([H])CCC2=CC(=O)C=C[C@]12C,VWVSBHGCDBMOOT,1
DB00548,OC(=O)CCCCCCCC(O)=O,BDJRBEYXGGNYIS,1
DB00549,COC1=CC(=CC=C1CC1=CN(C)C2=C1C=C(NC(=O)OC1CCCC1)C=C2)C(=O)NS(=O)(=O)C1=CC=CC=C1C,YEEZWCHGZNKEEK,1
DB00550,CCCC1=CC(=O)NC(=S)N1,KNAHARQHSZJURB,1
DB00551,CC(=O)NO,RRUDCFGSUDOHDG,0
DB00552,OC[C@H]1O[C@H](C[C@@H]1O)N1C=NC2=C1N=CNC[C@H]2O,FPVKHBSQESCIEP,1
DB00553,COC1=C2OC(=O)C=CC2=CC2=C1OC=C2,QXKHYNVANLEOEG,1
DB00554,CN1C(C(=O)NC2=NC=CC=C2)=C(O)C2=C(C=CC=C2)S1(=O)=O,QYSPLQLAKJAUJT,1
DB00555,NC1=NC(N)=C(N=N1)C1=C(Cl)C(Cl)=CC=C1,PYZRQGJRPPTADH,1
DB00556,FC(F)(F)C(F)(F)C(F)(F)F,QYSGYZVSCZSLHT,1
DB00557,OCCOCCN1CCN(CC1)C(C1=CC=CC=C1)C1=CC=C(Cl)C=C1,ZQDWXGKKHFNSQK,1
DB00559,COC1=CC=CC=C1OC1=C(NS(=O)(=O)C2=CC=C(C=C2)C(C)(C)C)N=C(N=C1OCCO)C1=NC=CC=N1,GJPICJJJRGTNOD,1
DB00560,[H][C@@]12CC3=C(C(O)=C(NC(=O)CNC(C)(C)C)C=C3N(C)C)C(=O)C1=C(O)[C@]1(O)C(=O)C(C(N)=O)=C(O)[C@@H](N(C)C)[C@]1([H])C2,FPZLLRFZJZRHSY,1
DB00561,CCN1CC(CCN2CCOCC2)C(C1=O)(C1=CC=CC=C1)C1=CC=CC=C1,XFDJYSQDBULQSI,1
DB00562,NS(=O)(=O)C1=CC2=C(C=C1Cl)N=C(CSCC1=CC=CC=C1)NS2(=O)=O,NDTSRXAMMQDVSW,1
DB00563,CN(CC1=CN=C2N=C(N)N=C(N)C2=N1)C1=CC=C(C=C1)C(=O)N[C@@H](CCC(O)=O)C(O)=O,FBOZXECLQNJBKD,1
DB00564,NC(=O)N1C2=CC=CC=C2C=CC2=CC=CC=C12,FFGPTBGBLSHEPO,1
DB00565,COC1=CC2=C(C=C1OC)[C@@H](CC1=CC(OC)=C(OC)C=C1)[N@@+](C)(CCC(=O)OCCCCCOC(=O)CC[N@@+]1(C)CCC3=C(C=C(OC)C(OC)=C3)[C@H]1CC1=CC(OC)=C(OC)C=C1)CC2,YXSLJKQTIDHPOT,1
DB00567,[H][C@]12SCC(C)=C(N1C(=O)[C@H]2NC(=O)[C@H](N)C1=CC=CC=C1)C(O)=O,ZAIPMKNFIOOWCQ,1
DB00568,C(C=CC1=CC=CC=C1)N1CCN(CC1)C(C1=CC=CC=C1)C1=CC=CC=C1,DERZBLKQOCDDDZ,1
DB00569,CO[C@H]1O[C@H](COS(O)(=O)=O)[C@@H](O[C@@H]2O[C@H]([C@@H](O[C@H]3O[C@H](COS(O)(=O)=O)[C@@H](O[C@@H]4O[C@@H]([C@@H](O[C@H]5O[C@H](COS(O)(=O)=O)[C@@H](O)[C@H](O)[C@H]5NS(O)(=O)=O)[C@H](O)[C@H]4O)C(O)=O)[C@H](OS(O)(=O)=O)[C@H]3NS(O)(=O)=O)[C@H](O)[C@H]2OS(O)(=O)=O)C(O)=O)[C@H](O)[C@H]1NS(O)(=O)=O,KANJSNBRCNMZMV,1
DB00570,[H][C@@]12N(C)C3=CC(OC)=C(C=C3[C@@]11CCN3CC=C[C@@](CC)([C@@H](OC(C)=O)[C@]2(O)C(=O)OC)[C@@]13[H])[C@]1(C[C@@]2([H])CN(C[C@](O)(CC)C2)CCC2=C1NC1=C2C=CC=C1)C(=O)OC,JXLYSJRDGCGARV,1
DB00571,CC(C)NCC(O)COC1=CC=CC2=C1C=CC=C2,AQHHHDLHHXJYJD,1
DB00572,CN1[C@H]2CC[C@@H]1C[C@@H](C2)OC(=O)C(CO)C1=CC=CC=C1,RKUNBYITZUJHSG,1
DB00573,CC(C(O)=O)C1=CC(OC2=CC=CC=C2)=CC=C1,RDJGLLICXDHJDY,1
DB00575,ClC1=CC=CC(Cl)=C1NC1=NCCN1,GJSURZIOUXUGAL,1
DB00576,CC1=NN=C(NS(=O)(=O)C2=CC=C(N)C=C2)S1,VACCAVUAMIDAGB,1
DB00577,CC(C)[C@H](N)C(=O)OCCOCN1C=NC2=C1NC(N)=NC2=O,HDOVUKNUBWVHOX,0
DB00578,[H][C@]12SC(C)(C)[C@@H](N1C(=O)[C@H]2NC(=O)C(C(O)=O)C1=CC=CC=C1)C(O)=O,FPPNZSSZRUTDAP,1
DB00581,OC[C@H]1O[C@](O)(CO)[C@@H](O)[C@@H]1O[C@@H]1O[C@H](CO)[C@H](O)[C@H](O)[C@H]1O,JCQLYHFGKNRPGE,1
DB00582,C[C@@H](C1=NC=NC=C1F)[C@](O)(CN1C=NC=N1)C1=C(F)C=C(F)C=C1,BCEHBSKCWLPMDN,1
DB00583,C[N+](C)(C)C[C@H](O)CC([O-])=O,PHIQHXFUZVPYII,1
DB00584,CCOC(=O)[C@H](CCC1=CC=CC=C1)N[C@@H](C)C(=O)N1CCC[C@H]1C(O)=O,GBXSMTUPTTWBMN,1
DB00585,CNC(NCCSCC1=CSC(CN(C)C)=N1)=C[N+]([O-])=O,SGXXNSQHWDMGGP,1
DB00586,OC(=O)CC1=CC=CC=C1NC1=C(Cl)C=CC=C1Cl,DCOPUUMXTXDBNB,1
DB00588,[H][C@@]12C[C@@H](C)[C@](OC(=O)CC)(C(=O)SCF)[C@@]1(C)C[C@H](O)[C@@]1(F)[C@@]2([H])C[C@H](F)C2=CC(=O)C=C[C@]12C,WMWTYOKRWGGJOA,1
DB00589,[H][C@@]12CC3=CNC4=CC=CC(=C34)C1=C[C@@H](CN2C)NC(=O)N(CC)CC,BKRGVLQUQGGVSM,1
DB00590,COC1=C(OC)C=C2C(N)=NC(=NC2=C1)N1CCN(CC1)C(=O)C1COC2=CC=CC=C2O1,RUZYUOTYCVRMRZ,1
DB00591,[H][C@@]12C[C@@]3([H])[C@]4([H])C[C@H](F)C5=CC(=O)C=C[C@]5(C)[C@@]4(F)[C@@H](O)C[C@]3(C)[C@@]1(OC(C)(C)O2)C(=O)CO,FEBLZLNTKCEFIT,1
DB00592,C1CNCCN1,GLUUGHFHXGJENI,1
DB00593,CCC1(C)CC(=O)NC1=O,HAPOVYFOVVWLRS,1
DB00594,NC(=N)NC(=O)C1=NC(Cl)=C(N)N=C1N,XSDQTOBWRPYKKA,1
DB00595,[H][C@@]12[C@@H](O)[C@@]3([H])C(C(=O)C4=C(C=CC=C4O)[C@@]3(C)O)=C(O)[C@]1(O)C(=O)C(C(N)=O)=C(O)[C@H]2N(C)C,IWVCMVBTMGNXQD,0
DB00596,[H][C@@]12C[C@H](C)[C@](O)(C(=O)CCl)[C@@]1(C)C[C@H](O)[C@@]1(F)[C@@]2([H])C[C@H](F)C2=CC(=O)C=C[C@]12C,LEHFPXVYPMWYQD,1
DB00598,CC(CCC1=CC=CC=C1)NCC(O)C1=CC(C(N)=O)=C(O)C=C1,SGUAFYQXFOLMHL,1
DB00599,CCCC(C)C1(CC)C(=O)NC(=S)NC1=O,IUJDSEJGGMCXSG,1
DB00601,CC(=O)NC[C@H]1CN(C(=O)O1)C1=CC(F)=C(C=C1)N1CCOCC1,TYZROVQLWOKYKF,1
DB00602,CO[C@H]1C[C@@H](O[C@@H](C)[C@@H]1O)O[C@H]1[C@H](C)O[C@H](C[C@@H]1OC)O[C@H]1[C@@H](C)\C=C\C=C2/CO[C@@H]3[C@H](O)C(C)=C[C@@H](C(=O)O[C@H]4C[C@@H](C\C=C1/C)O[C@@]1(CC[C@H](C)[C@@H](C(C)C)O1)C4)[C@]23O.CC[C@@H](C)[C@H]1O[C@@]2(CC[C@@H]1C)O[C@@H]1C\C=C(C)\[C@@H](O[C@@H]3O[C@@H](C)[C@H](O[C@@H]4O[C@@H](C)[C@H](O)[C@@H](OC)C4)[C@@H](OC)C3)[C@@H](C)\C=C\C=C3/CO[C@@H]4[C@H](O)C(C)=C[C@@H](C(=O)O[C@@H](C1)C2)[C@]34O,SPBDXSGPUHCETR,0
DB00603,[H][C@@]12CC[C@](OC(C)=O)(C(C)=O)[C@@]1(C)CC[C@@]1([H])[C@@]2([H])C[C@H](C)C2=CC(=O)CC[C@]12C,PSGAAPLEWMOORI,1
DB00604,CO[C@H]1CN(CCCOC2=CC=C(F)C=C2)CC[C@H]1NC(=O)C1=CC(Cl)=C(N)C=C1OC,DCSUBABJRXZOMT,1
DB00605,CC1=C(CC(O)=O)C2=CC(F)=CC=C2\C1=C/C1=CC=C(C=C1)S(C)=O,MLKXDPUZXIRXEP,1
DB00606,NS(=O)(=O)C1=C(Cl)C=C2NC(NS(=O)(=O)C2=C1)C1CC2CC1C=C2,BOCUKUHCLICSIY,1
DB00607,[H][C@]12SC(C)(C)[C@@H](N1C(=O)[C@H]2NC(=O)C1=C(OCC)C=CC2=CC=CC=C12)C(O)=O,GPXLMGHLHQJAGZ,1
DB00608,CCN(CC)CCCC(C)NC1=CC=NC2=CC(Cl)=CC=C12,WHTVZRBIWZFKQO,1
DB00609,CCC1=NC=CC(=C1)C(N)=S,AEOCXXJPGCBFJA,1
DB00610,C[C@H](N)[C@H](O)C1=CC(O)=CC=C1,WXFIGDLSSYIKKV,1
DB00611,[H][C@@]12CC3=C(C=C(O)C=C3)[C@]3(CCCC[C@@]13O)CCN2CC1CCC1,IFKLAQQSCNILHL,1
DB00612,CC(C)NCC(O)COC1=CC=C(COCCOC(C)C)C=C1,VHYCDWMUTMEGQY,1
DB00613,CCN(CC)CC1=C(O)C=CC(NC2=C3C=CC(Cl)=CC3=NC=C2)=C1,OVCDSSHSILBFBN,1
DB00614,[H]C(=NN1CCOC1=O)C1=CC=C(O1)[N+]([O-])=O,PLHJDBGFXBMTGZ,1
DB00615,CO[C@H]1\C=C\O[C@@]2(C)OC3=C(C2=O)C2=C(C(O)=C3C)C(=O)C(NC(=O)\C(C)=C/C=C/[C@H](C)[C@H](O)[C@@H](C)[C@@H](O)[C@@H](C)[C@H](OC(C)=O)[C@@H]1C)=C1NC3(CCN(CC3)CC(C)C)N=C21,ATEBXHFBFRCZMA,0
DB00617,CCC1(C)OC(=O)N(C)C1=O,VQASKUSHBVDKGU,1
DB00618,[H][C@]12C[C@@]3([H])[C@H](N(C)C)C(O)=C(C(N)=O)C(=O)[C@@]3(O)C(O)=C1C(=O)C1=C([C@H]2O)C(Cl)=CC=C1O,FMTDIUIBLCQGJB,0
DB00619,CN1CCN(CC2=CC=C(C=C2)C(=O)NC2=CC(NC3=NC=CC(=N3)C3=CN=CC=C3)=C(C)C=C2)CC1,KTUFNOKKBVMGRW,1
DB00620,[H][C@@]12C[C@@H](O)[C@](O)(C(=O)CO)[C@@]1(C)C[C@H](O)[C@@]1(F)[C@@]2([H])CCC2=CC(=O)C=C[C@]12C,GFNANZIMVAIWHM,1
DB00621,[H][C@@]12CC[C@](C)(O)[C@@]1(C)CC[C@@]1([H])[C@@]2([H])CC[C@@]2([H])CC(=O)OC[C@]12C,QSLJIVKCVHQPLV,1
DB00622,COC(=O)C1=C(C)NC(C)=C(C1C1=CC(=CC=C1)[N+]([O-])=O)C(=O)OCCN(C)CC1=CC=CC=C1,ZBBHBTPTTSWHBA,1
DB00623,OCCN1CCN(CCCN2C3=CC=CC=C3SC3=C2C=C(C=C3)C(F)(F)F)CC1,PLDUPXSUYLZYBN,1
DB00624,[H][C@@]12CC[C@H](O)[C@@]1(C)CC[C@@]1([H])[C@@]2([H])CCC2=CC(=O)CC[C@]12C,MUMGGOZAMZWBJJ,1
DB00625,FC(F)(F)[C@]1(OC(=O)NC2=C1C=C(Cl)C=C2)C#CC1CC1,XPOQHMRABVBWPR,1
DB00626,CC[C@H](C)[C@H](N)C1=N[C@@H](CS1)C(=O)N[C@@H](CC(C)C)C(=O)N[C@H](CCC(O)=O)C(=O)N[C@@H]([C@@H](C)CC)C(=O)N[C@H]1CCCCNC(=O)[C@H](CC(N)=O)NC(=O)[C@@H](CC(O)=O)NC(=O)[C@H](CC2=CNC=N2)NC(=O)[C@@H](CC2=CC=CC=C2)NC(=O)[C@@H](NC(=O)[C@@H](CCCN)NC1=O)[C@@H](C)CC,CLKOFPXJLQSYAH,1
DB00627,OC(=O)C1=CN=CC=C1,PVNIIMVLHYAWGP,1
DB00628,OC(=O)C1N=C(C2=CC=CC=C2)C2=C(NC1=O)C=CC(Cl)=C2,XDDJGVMJFWAHJX,1
DB00629,NC(N)=NN=CC1=C(Cl)C=CC=C1Cl,WDZVGELJXXEGPV,1
DB00630,NCCCC(O)(P(O)(O)=O)P(O)(O)=O,OGSPWJRAVKPPFI,1
DB00631,[H][C@]1(F)[C@H](O)[C@@H](CO)O[C@H]1N1C=NC2=C(N)N=C(Cl)N=C12,WDDPHFBMKLOVOX,1
DB00633,C[C@H](C1=CNC=N1)C1=C(C)C(C)=CC=C1,CUHVIMMYOGQXCV,1
DB00634,CC(=O)NS(=O)(=O)C1=CC=C(N)C=C1,SKIVFJLNDNKQPD,1
DB00635,[H][C@@]12CC[C@](O)(C(=O)CO)[C@@]1(C)CC(=O)[C@@]1([H])[C@@]2([H])CCC2=CC(=O)C=C[C@]12C,XOFYZVNMUHMLCC,1
DB00636,CCOC(=O)C(C)(C)OC1=CC=C(Cl)C=C1,KNHUKKLJHYUCFP,1
DB00637,COC1=CC=C(CCN2CCC(CC2)NC2=NC3=CC=CC=C3N2CC2=CC=C(F)C=C2)C=C1,GXDALQBWZGODGZ,1
DB00639,ClC1=CC=C(CCC(CN2C=CN=C2)SC2=C(Cl)C=CC=C2Cl)C=C1,SWLMUYACZKCSHZ,0
DB00640,NC1=C2N=CN([C@@H]3O[C@H](CO)[C@@H](O)[C@H]3O)C2=NC=N1,OIRDTQYFTABQOQ,1
DB00641,[H][C@]12[C@H](C[C@@H](C)C=C1C=C[C@H](C)[C@@H]2CC[C@@H]1C[C@@H](O)CC(=O)O1)OC(=O)C(C)(C)CC,RYMZZMVNJRMUDD,1
DB00642,NC1=NC(=O)C2=C(NC=C2CCC2=CC=C(C=C2)C(=O)N[C@@H](CCC(O)=O)C(O)=O)N1,WBXPDJSOTKVWSJ,1
DB00643,COC(=O)NC1=NC2=C(N1)C=C(C=C2)C(=O)C1=CC=CC=C1,OPXLLQIJSORQAM,0
DB00645,CCCCOC1=CC=C(C=C1)C(=O)CCN1CCCCC1,BZEWSEKUUPWQDQ,1
DB00646,C[C@H]1O[C@H](OC2CC3O[C@@](O)(CC(O)C3C(O)=O)CC(O)C(O)CCC(O)CC(O)CC(O)CC(=O)O[C@@H](C)[C@H](C)[C@H](O)[C@@H](C)\C=C\C=C\CC\C=C\C=C\C=C\C=C\2)[C@@H](O)[C@@H](N)[C@@H]1O,VQOXZBDYSJBXMA,1
DB00647,CCC(=O)O[C@@](CC1=CC=CC=C1)([C@H](C)CN(C)C)C1=CC=CC=C1,XLMALTXPSGQGBX,1
DB00648,ClC(Cl)C(C1=CC=C(Cl)C=C1)C1=CC=CC=C1Cl,JWBOIMRXGHLCPP,1
DB00649,CC1=CN([C@@H]2O[C@H](CO)C=C2)C(=O)NC1=O,XNKLLVCARDGLGL,1
DB00650,[H]C(=O)N1C(CNC2=CC=C(C=C2)C(=O)N[C@@H](CCC(O)=O)C(O)=O)CNC2=C1C(=O)NC(N)=N2,VVIAGPKUTFNRDU,1
DB00651,CN1C2=C(N(CC(O)CO)C=N2)C(=O)N(C)C1=O,KSCFJBIXMNOVSH,1
DB00652,C[C@H]1[C@H]2CC3=CC=C(O)C=C3[C@]1(C)CCN2CC=C(C)C,VOKSWYLNZZRQPF,1
DB00653,[Mg++].[O-]S([O-])(=O)=O,CSNNHWWHGAXBCP,0
DB00654,CC(C)OC(=O)CCC\C=C/C[C@H]1[C@@H](O)C[C@@H](O)[C@@H]1CC[C@@H](O)CCC1=CC=CC=C1,GGXICVAJURFBLW,1
DB00655,[H][C@@]12CCC(=O)[C@@]1(C)CC[C@]1([H])C3=C(CC[C@@]21[H])C=C(O)C=C3,DNXHEGUUPJUMQT,1
DB00656,ClC1=CC=CC(=C1)N1CCN(CCCN2N=C3C=CC=CN3C2=O)CC1,PHLBKPHSAVXXEF,1
DB00657,CNC1(C)C2CCC(C2)C1(C)C,IMYZQPCYWPFTAG,1
DB00658,NCC=C.ClCC1CO1,ZNSIZMQNQCNRBW,0
DB00660,CC1=CC(OCC2CNC(=O)O2)=CC(C)=C1,IMWZZHHPURKASS,1
DB00661,COC1=C(OC)C=C(CCN(C)CCCC(C#N)(C(C)C)C2=CC(OC)=C(OC)C=C2)C=C1,SGTNSNPWRIOYBX,1
DB00662,COC1=CC(=CC(OC)=C1OC)C(=O)NCC1=CC=C(OCCN(C)C)C=C1,FEZBIKUBAYAZIU,1
DB00663,[H][C@@]12C[C@@H](C)[C@](O)(C(=O)CO)[C@@]1(C)C[C@H](O)[C@@]1(F)[C@@]2([H])C[C@H](F)C2=CC(=O)C=C[C@]12C,WXURHACBFYSXBI,1
DB00664,COC1=NC=CN=C1NS(=O)(=O)C1=CC=C(N)C=C1,KXRZBTAEDBELFD,1
DB00665,CC1(C)NC(=O)N(C1=O)C1=CC(=C(C=C1)[N+]([O-])=O)C(F)(F)F,XWXYUMMDTVBTOU,1
DB00666,CC(C)C[C@H](NC(=O)[C@@H](CC1=CC2=C(C=CC=C2)C=C1)NC(=O)[C@H](CC1=CC=C(O)C=C1)NC(=O)[C@H](CO)NC(=O)[C@H](CC1=CNC2=CC=CC=C12)NC(=O)[C@H](CC1=CNC=N1)NC(=O)[C@@H]1CCC(=O)N1)C(=O)N[C@@H](CCCNC(N)=N)C(=O)N1CCC[C@H]1C(=O)NCC(N)=O,RWHUEXWOYVBUCI,1
DB00668,CNC[C@H](O)C1=CC(O)=C(O)C=C1,UCTWMZQNUQWSLP,1
DB00669,CNS(=O)(=O)CC1=CC=C2NC=C(CCN(C)C)C2=C1,KQKPFRSPSRPDEB,1
DB00670,CN1CCN(CC(=O)N2C3=CC=CC=C3C(=O)NC3=C2N=CC=C3)CC1,RMHMFHUVIITRHF,1
DB00671,[H][C@]12SCC(C=C)=C(N1C(=O)[C@H]2NC(=O)C(=N/OCC(O)=O)\C1=CSC(N)=N1)C(O)=O,OKBVVJOGVLARMR,1
DB00672,CCCNC(=O)NS(=O)(=O)C1=CC=C(Cl)C=C1,RKWGIWYCVPQPMF,1
DB00673,C[C@@H](O[C@H]1OCCN(CC2=NNC(=O)N2)[C@H]1C1=CC=C(F)C=C1)C1=CC(=CC(=C1)C(F)(F)F)C(F)(F)F,ATALOFNDEOCMKK,1
DB00674,[H][C@]12C[C@@H](O)C=C[C@]11CCN(C)CC3=C1C(O2)=C(OC)C=C3,ASUTZQLVASHGKV,1
DB00675,CC\C(=C(/C1=CC=CC=C1)C1=CC=C(OCCN(C)C)C=C1)C1=CC=CC=C1,NKANXQFJJICGDU,1
DB00677,CC(C)OP(F)(=O)OC(C)C,MUCZHBLJLSDCSD,1
DB00678,CCCCC1=NC(Cl)=C(CO)N1CC1=CC=C(C=C1)C1=CC=CC=C1C1=NNN=N1,PSIFNNKUMBGKDQ,1
DB00679,CSC1=CC2=C(SC3=CC=CC=C3N2CCC2CCCCN2C)C=C1,KLBQZWRITKRQQV,1
DB00680,CCOC(=O)NC1=CC2=C(SC3=CC=CC=C3N2C(=O)CCN2CCOCC2)C=C1,FUBVWMNBEHXPSU,1
DB00681,[H][C@]12C[C@@H](O[C@@H]3O[C@H](C)[C@@H](O)[C@H](N)[C@@H]3O)\C=C\C=C\C=C\C=C\C=C\C=C\C=C\[C@H](C)[C@@H](O)[C@@H](C)[C@H](C)OC(=O)C[C@H](O)C[C@H](O)CC[C@@H](O)[C@H](O)C[C@H](O)C[C@](O)(C[C@H](O)[C@H]1C(O)=O)O2,APKFDSVGJQXUKY,1
DB00682,CC(=O)CC(C1=CC=CC=C1)C1=C(O)C2=C(OC1=O)C=CC=C2,PJVWKTKQMONHTI,1
DB00683,CC1=NC=C2CN=C(C3=CC=CC=C3F)C3=C(C=CC(Cl)=C3)N12,DDLIGBOFAVUZHB,1
DB00684,NC[C@H]1O[C@H](O[C@@H]2[C@@H](N)C[C@@H](N)[C@H](O[C@H]3O[C@H](CO)[C@@H](O)[C@H](N)[C@H]3O)[C@H]2O)[C@H](N)C[C@@H]1O,NLVFBUXFDBBNBW,1
DB00685,[H][C@@]12CN(C[C@]1([H])[C@H]2N)C1=NC2=C(C=C1F)C(=O)C(=CN2C1=C(F)C=C(F)C=C1)C(O)=O,WVPSKSLAZQPAKQ,1
DB00686,O[C@@H]1CO[C@@H](O[C@@H]2CO[C@@H](O)[C@H](OS(O)(=O)=O)[C@H]2OS(O)(=O)=O)[C@H](OS(O)(=O)=O)[C@H]1OS(O)(=O)=O,FCCNSUIJIOOXEZ,1
DB00687,[H][C@@]12CC[C@](O)(C(=O)CO)[C@@]1(C)C[C@H](O)[C@@]1(F)[C@@]2([H])CCC2=CC(=O)CC[C@]12C,AAXVEMMRQDVLJB,1
DB00688,COC1=C(C\C=C(/C)CCC(=O)OCCN2CCOCC2)C(O)=C2C(=O)OCC2=C1C,RTGDFNSFWBGLEC,1
DB00689,[H][C@]12SCC(COC(C)=O)=C(N1C(=O)[C@H]2NC(=O)[C@H](N)C1=CC=CC=C1)C(O)=O,FUBBGQLTSCSAON,1
DB00690,CCN(CC)CCN1C2=C(C=C(Cl)C=C2)C(=NCC1=O)C1=CC=CC=C1F,SAADBVWGJQAEFS,1
DB00691,CCOC(=O)[C@H](CCC1=CC=CC=C1)N[C@@H](C)C(=O)N1CC2=CC(OC)=C(OC)C=C2C[C@H]1C(O)=O,UWWDHYUMIORJTA,1
DB00692,CC1=CC=C(C=C1)N(CC1=NCCN1)C1=CC(O)=CC=C1,MRBDMNSDAVCSSF,1
DB00694,COC1=CC=CC2=C1C(=O)C1=C(O)C3=C(C[C@](O)(C[C@@H]3O[C@H]3C[C@H](N)[C@H](O)[C@H](C)O3)C(C)=O)C(O)=C1C2=O,STQGQHZAVUOBTE,1
DB00695,NS(=O)(=O)C1=C(Cl)C=C(NCC2=CC=CO2)C(=C1)C(O)=O,ZZUFCTLCJUWOSV,1
DB00696,[H][C@@]12CCCN1C(=O)[C@H](CC1=CC=CC=C1)N1C(=O)[C@](C)(NC(=O)[C@H]3CN(C)[C@]4([H])CC5=CNC6=CC=CC(=C56)C4=C3)O[C@@]21O,XCGSFFUVFURLIX,1
DB00697,ClC1=C(NC2=NCCN2)C2=NSN=C2C=C1,XFYDIVBRZNQMJC,1
DB00698,[O-][N+](=O)C1=CC=C(O1)\C=N\N1CC(=O)NC1=O,NXFQHRVNIOXGAQ,1
DB00699,[H][C@@]12CC3=CN(C)C4=CC=CC(=C34)[C@]1(C[C@@H](COC(=O)C1=CN=CC(Br)=C1)CN2C)OC,YSEXMKHXIOCEJA,1
DB00700,[H][C@@]12CC[C@@]3(CCC(=O)O3)[C@@]1(C)C[C@H]1O[C@@]11[C@@]2([H])[C@@H](CC2=CC(=O)CC[C@]12C)C(=O)OC,JUKPWJGBANNWMW,1
DB00701,CC(C)CN(C[C@@H](O)[C@H](CC1=CC=CC=C1)NC(=O)O[C@H]1CCOC1)S(=O)(=O)C1=CC=C(N)C=C1,YMARZQAQMVYCKC,1
DB00703,CN1N=C(SC1=NC(C)=O)S(N)(=O)=O,FLOSMHQXBMRNHR,1
DB00704,[H][C@@]12OC3=C(O)C=CC4=C3[C@@]11CCN(CC3CC3)[C@]([H])(C4)[C@]1(O)CCC2=O,DQCKKXVULJGBQN,1
DB00705,CC(C)NC1=C(N=CC=C1)N1CCN(CC1)C(=O)C1=CC2=C(N1)C=CC(NS(C)(=O)=O)=C2,WHBIGIKBNXZKFE,1
DB00706,CCOC1=CC=CC=C1OCCN[C@H](C)CC1=CC(=C(OC)C=C1)S(N)(=O)=O,DRHKJLXJIQTDTD,1
DB00708,CCC(=O)N(C1=CC=CC=C1)C1(COC)CCN(CCC2=CC=CS2)CC1,GGCSSNBKKAUURC,1
DB00709,NC1=NC(=O)N(C=C1)[C@@H]1CS[C@H](CO)O1,JTEGQNOMFQHVDC,1
DB00710,CCCCCN(C)CCC(O)(P(O)(O)=O)P(O)(O)=O,MPBVHIBUJCELCL,1
DB00711,CCN(CC)C(=O)N1CCN(C)CC1,RCKMWOKWVGPNJF,1
DB00712,CC(C(O)=O)C1=CC(F)=C(C=C1)C1=CC=CC=C1,SYTBZMRGLBWNTM,1
DB00713,[H][C@]12SC(C)(C)[C@@H](N1C(=O)[C@H]2NC(=O)C1=C(C)ON=C1C1=CC=CC=C1)C(O)=O,UWYHMGVUTGAWSP,1
DB00714,[H][C@]12CC3=C(C(O)=C(O)C=C3)C3=CC=CC(CCN1C)=C23,VMWNQDUVQKEIOC,1
DB00715,FC1=CC=C(C=C1)[C@@H]1CCNC[C@H]1COC1=CC2=C(OCO2)C=C1,AHOUBRCZNHFOSL,1
DB00717,[H][C@@]12CC[C@@](O)(C#C)[C@@]1(C)CC[C@]1([H])[C@@]3([H])CCC(=O)C=C3CC[C@@]21[H],VIKNJXKGJWUCNN,1
DB00718,CC(C)(C)C(=O)OCOP(=O)(COCCN1C=NC2=C(N)N=CN=C12)OCOC(=O)C(C)(C)C,WOZSCQDILHKSGG,1
DB00719,CN1CCC(CC1)=C1C2=CC=CC=C2CCC2=C1N=CC=C2,SEBMTIQKRHYNIT,1
DB00720,OP(O)(=O)C(Cl)(Cl)P(O)(O)=O,ACSIXWWBWUQEHA,1
DB00721,CCN(CC)CCOC(=O)C1=CC=C(N)C=C1,MFDFERRIHVXMIY,1
DB00722,NCCCC[C@H](N[C@@H](CCC1=CC=CC=C1)C(O)=O)C(=O)N1CCC[C@H]1C(O)=O,RLAWWYSOJDYHDC,1
DB00723,COC1=CC(C(O)C(C)N)=C(OC)C=C1,WJAJPNHVVFWKKL,1
DB00724,CC(C)CN1C=NC2=C1C1=C(C=CC=C1)N=C2N,DOUYETYNHWVLEO,1
DB00726,CC(CN(C)C)CN1C2=CC=CC=C2CCC2=CC=CC=C12,ZSCDBOWYZJWBIY,1
DB00727,[O-][N+](=O)OCC(CO[N+]([O-])=O)O[N+]([O-])=O,SNIOPGDIGTZGOP,1
DB00728,[H][C@@]12C[C@@H]([C@H](OC(C)=O)[C@@]1(C)CC[C@@]1([H])[C@@]2([H])CC[C@@]2([H])C[C@H](O)[C@H](C[C@]12C)N1CCOCC1)[N+]1(CC=C)CCCC1,YXRDKMPIGHSVRX,1
DB00730,N1C2=CC=CC=C2N=C1C1=CSC=N1,WJCNZQLZVWNLKY,1
DB00731,CC(C)[C@H]1CC[C@@H](CC1)C(=O)N[C@H](CC1=CC=CC=C1)C(O)=O,OELFLUMRDSZNSF,1
DB00732,[O-]S(=O)(=O)C1=CC=CC=C1.[O-]S(=O)(=O)C1=CC=CC=C1.COC1=CC2=C(C=C1OC)C(CC1=CC(OC)=C(OC)C=C1)[N+](C)(CCC(=O)OCCCCCOC(=O)CC[N+]1(C)CCC3=C(C=C(OC)C(OC)=C3)C1CC1=CC(OC)=C(OC)C=C1)CC2,XXZSQOVSEBAPGS,0
DB00734,CC1=C(CCN2CCC(CC2)C2=NOC3=C2C=CC(F)=C3)C(=O)N2CCCCC2=N1,RAPZEAPATHNIPO,1
DB00735,CN(CC=CC1=CC=CC=C1)CC1=CC=CC2=CC=CC=C12,OZGNYLLQHRPOBR,0
DB00736,COC1=CC2=C(NC(=N2)[S@@](=O)CC2=NC=C(C)C(OC)=C2C)C=C1,SUBDBMMJDZJVOS,1
DB00737,CC1=CC(CN2CCN(CC2)C(C2=CC=CC=C2)C2=CC=C(Cl)C=C2)=CC=C1,OCJYIGYOJCODJL,1
DB00738,NC(=N)C1=CC=C(OCCCCCOC2=CC=C(C=C2)C(N)=N)C=C1,XDRYMKDFEDOLFX,1
DB00740,NC1=NC2=C(S1)C=C(OC(F)(F)F)C=C2,FTALBRSUTCGOEG,1
DB00741,[H][C@@]12CC[C@](O)(C(=O)CO)[C@@]1(C)C[C@H](O)[C@@]1([H])[C@@]2([H])CCC2=CC(=O)CC[C@]12C,JYGXADMDTFJGBT,1
DB00742,OC[C@@H](O)[C@@H](O)[C@H](O)[C@H](O)CO,FBPFZTCFMRRESA,1
DB00743,[Gd+3].OC(=O)CN(CCN(CCN(CC([O-])=O)CC([O-])=O)CC([O-])=O)C(COCC1=CC=CC=C1)C(O)=O,MXZROTBGJUUXID,0
DB00744,CC(N(O)C(N)=O)C1=CC2=CC=CC=C2S1,MWLSOWXNZPKENC,1
DB00745,NC(=O)CS(=O)C(C1=CC=CC=C1)C1=CC=CC=C1,YFGHCGITMMYXAQ,1
DB00746,CC(=O)N(O)CCCCCNC(=O)CCC(=O)N(O)CCCCCNC(=O)CCC(=O)N(O)CCCCCN,UBQYURCVBFRUQT,0
DB00747,CN1[C@H]2C[C@@H](C[C@@H]1[C@H]1O[C@@H]21)OC(=O)[C@H](CO)C1=CC=CC=C1,STECJAGHUSJQJN,1
DB00748,CN(C)CCOC(C1=CC=C(Cl)C=C1)C1=CC=CC=N1,OJFSXZCBGQGRNV,1
DB00749,CCC1=C2NC3=C(CCOC3(CC)CC(O)=O)C2=CC=C1,NNYBQONXHNTVIJ,1
DB00750,CCCNC(C)C(=O)NC1=CC=CC=C1C,MVFGUOIZUNYYSO,1
DB00751,NC1=NCC2N1C1=CC=CC=C1CC1=CC=CC=C21,WHWZLSFABNNENI,1
DB00752,NC1CC1C1=CC=CC=C1,AELCINSCMGFISI,1
DB00753,FC(F)OC(Cl)C(F)(F)F,PIWKPBJCKXDKJR,1
DB00754,CCN1C(=O)NC(C1=O)C1=CC=CC=C1,SZQIFWWUIBRPBZ,1
DB00755,C\C(\C=C\C1=C(C)CCCC1(C)C)=C/C=C/C(/C)=C/C(O)=O,SHGAZHPCJJPHSC,1
DB00757,[H][C@@]1(C[C@@]2([H])C[C@]3([H])C[C@@]([H])(C1)N2CC3=O)OC(=O)C1=CNC2=C1C=CC=C2,UKTAZPQNNNJVKR,1
DB00758,[H][C@@](N1CCC2=C(C1)C=CS2)(C(=O)OC)C1=CC=CC=C1Cl,GKTWGGQPFAXNFI,1
DB00759,[H][C@@]12C[C@@]3([H])C(=C(O)[C@]1(O)C(=O)C(C(N)=O)=C(O)[C@H]2N(C)C)C(=O)C1=C(O)C=CC=C1[C@@]3(C)O,OFVLGDICTFRJMM,0
DB00760,[H][C@]1([C@@H](C)O)C(=O)N2C(C(O)=O)=C(S[C@@H]3CN[C@@H](C3)C(=O)N(C)C)[C@H](C)[C@]12[H],DMJNNHOOLUXYBV,1
DB00761,[Cl-].[K+],WCUXLLCKKVVCTQ,0
DB00762,CCC1=C2CN3C(=CC4=C(COC(=O)[C@]4(O)CC)C3=O)C2=NC2=CC=C(OC(=O)N3CCC(CC3)N3CCCCC3)C=C12,UWKQSNNFCGGAFS,1
DB00763,CN1C=CNC1=S,PMRYVIKBURPHAH,1
DB00764,[H][C@@]12C[C@@H](C)[C@](O)(C(=O)CCl)[C@@]1(C)C[C@H](O)[C@@]1(Cl)[C@@]2([H])CCC2=CC(=O)C=C[C@]12C,QLIIKPVHVRXHRI,1
DB00765,C[C@](N)(CC1=CC=C(O)C=C1)C(O)=O,NHTGHBARYWONDQ,1
DB00766,[H][C@@]12CC(=O)N1[C@@H](C(O)=O)\C(O2)=C\CO,HZZVJAQRINQKSD,1
DB00768,CN(C)CC\C=C1\C2=CC=CC=C2COC2=C1C=C(CC(O)=O)C=C2,JBIMVDZLSHOPLA,0
DB00769,[H][C@@]12CC[C@](O)(C(=O)COC(=O)CN(CC)CC)[C@@]1(C)C[C@H](O)[C@@]1([H])[C@@]2([H])CCC2=CC(=O)CC[C@]12C,FWFVLWGEFDIZMJ,1
DB00770,CCCCC[C@H](O)\C=C\[C@H]1[C@H](O)CC(=O)[C@@H]1CCCCCCC(O)=O,GMVPRGQOIOIIMI,1
DB00771,C[N@@+]12CC[C@@H](CC1)C(C2)OC(=O)C(O)(C1=CC=CC=C1)C1=CC=CC=C1,HOOSGZJRQIVJSZ,1
DB00772,CCOC(=O)CC(SP(=S)(OC)OC)C(=O)OCC,JXSJBGJIGXNWCI,1
DB00773,[H][C@]12COC(=O)[C@]1([H])[C@H](C1=CC(OC)=C(O)C(OC)=C1)C1=CC3=C(OCO3)C=C1[C@H]2O[C@@H]1O[C@]2([H])CO[C@@H](C)O[C@@]2([H])[C@H](O)[C@H]1O,VJJPUSNTGOMMGY,1
DB00774,NS(=O)(=O)C1=CC2=C(NCNS2(=O)=O)C=C1C(F)(F)F,DMDGGSIALPNSEE,1
DB00775,CCCCS(=O)(=O)N[C@@H](CC1=CC=C(OCCCCC2CCNCC2)C=C1)C(O)=O,COKMIXFXJJXBQG,1
DB00776,NC(=O)N1C2=CC=CC=C2CC(=O)C2=C1C=CC=C2,CTRLABGOLIVAIY,1
DB00778,CC[C@H]1OC(=O)[C@H](C)[C@@H](O[C@H]2C[C@@](C)(OC)[C@@H](O)[C@H](C)O2)[C@H](C)[C@@H](O[C@@H]2O[C@H](C)C[C@@H]([C@H]2O)N(C)C)[C@](C)(O)C[C@@H](C)C(=NOCOCCOC)[C@H](C)[C@@H](O)[C@]1(C)O,RXZBMPWDPOLZGW,1
DB00779,CCN1C=C(C(O)=O)C(=O)C2=C1N=C(C)C=C2,MHWLWQUZZRMNGJ,1
DB00780,NNCCC1=CC=CC=C1,RMUCZJUITONUFY,1
DB00781,[H][C@]1(NC(=O)[C@H](CCN)NC(=O)[C@H](CCN)NC(=O)[C@H](CC(C)C)NC(=O)[C@@H](CC2=CC=CC=C2)NC(=O)[C@@H](CCN)NC(=O)[C@H](CCNC1=O)NC(=O)[C@H](CCN)NC(=O)[C@@H](NC(=O)[C@H](CCN)NC(=O)CCCCC(C)CC)[C@@H](C)O)[C@@H](C)O,WQVJHHACXVLGBL,0
DB00782,CC(C)[N+](C)(CCOC(=O)C1C2=CC=CC=C2OC2=CC=CC=C12)C(C)C,VVWYOYDLCMFIEM,1
DB00783,[H][C@@]12CC[C@H](O)[C@@]1(C)CC[C@]1([H])C3=C(CC[C@@]21[H])C=C(O)C=C3,VOXZDWNPVJITMN,1
DB00784,CC1=C(C)C(NC2=CC=CC=C2C(O)=O)=CC=C1,HYYBABOKPJLUIN,1
DB00787,NC1=NC(=O)C2=C(N1)N(COCCO)C=N2,MKUXAQIIEYXACX,1
DB00788,COC1=CC2=C(C=C1)C=C(C=C2)[C@H](C)C(O)=O,CMWTZPSULFXXJA,1
DB00790,[H][C@]12C[C@H](N(C(=O)[C@H](C)N[C@@H](CCC)C(=O)OCC)[C@@]1([H])CCCC2)C(O)=O,IPVQLZZIHOAWMC,1
DB00791,ClCCN(CCCl)C1=CNC(=O)NC1=O,IDPUKCWIGUEADI,1
DB00792,CN(C)CCN(CC1=CC=CC=C1)C1=CC=CC=N1,UFLGIAIHIAPJJC,1
DB00793,ClC1=CC(Cl)=C(Cl)C=C1OCC#CI,CTETYYAZBPJBHE,0
DB00794,CCC1(C(=O)NCNC1=O)C1=CC=CC=C1,DQMZLTXERSFNPB,1
DB00795,OC(=O)C1=CC(=CC=C1O)\N=N\C1=CC=C(C=C1)S(=O)(=O)NC1=NC=CC=C1,NCEXYHBECQHGNR,1
DB00796,CCOC1=NC2=C(N1CC1=CC=C(C=C1)C1=CC=CC=C1C1=NN=NN1)C(=CC=C2)C(=O)OC(C)OC(=O)OC1CCCCC1,GHOSNRCGJFBJIB,1
DB00797,C(C1=NCCN1)C1=CC=CC=C1,JIVZKJJQOZQXQB,1
DB00798,CNC(C)C1CCC(N)C(OC2C(N)CC(N)C(OC3OCC(C)(O)C(NC)C3O)C2O)O1,CEAZRRDELHUEMR,1
DB00799,CCOC(=O)C1=CN=C(C=C1)C#CC1=CC2=C(SCCC2(C)C)C=C1,OGQICQVSFDPSEI,1
DB00800,OC1=CC=C(C=C1)C1CNCCC2=C(Cl)C(O)=C(O)C=C12,TVURRHSHRRELCG,1
DB00801,FC(F)(F)CN1C2=C(C=C(Cl)C=C2)C(=NCC1=O)C1=CC=CC=C1,WYCLKVQLVUQKNZ,1
DB00802,CCN1N=NN(CCN2CCC(COC)(CC2)N(C(=O)CC)C2=CC=CC=C2)C1=O,IDBPHNDTYPBSNI,1
DB00803,CCC(C)CCCC(=O)N[C@@H](CCN)C(=O)N[C@@H]([C@@H](C)O)C(=O)N[C@@H](CCN)C(=O)N[C@H]1CCNC(=O)C(NC(=O)[C@@H](CCN)NC(=O)[C@H](CCN)NC(=O)[C@@H](CC(C)C)NC(=O)[C@@H](CC(C)C)NC(=O)[C@H](CCN)NC1=O)[C@@H](C)O,YKQOSKADJPQZHB,0
DB00804,CCN(CC)CCOC(=O)C1(CCCCC1)C1CCCCC1,CURUTKGFNZGFSE,1
DB00805,CC1=CC(=NN=C1NCCN1CCOCC1)C1=CC=CC=C1,LDMWSLGGVTVJPG,1
DB00806,CN1C=NC2=C1C(=O)N(CCCCC(C)=O)C(=O)N2C,BYPFEZZEUUWMEJ,1
DB00807,CCCOC1=C(N)C=C(C=C1)C(=O)OCCN(CC)CC,KCLANYCVBBTKTO,1
DB00808,CC1CC2=CC=CC=C2N1NC(=O)C1=CC(=C(Cl)C=C1)S(N)(=O)=O,NDDAHWYSQHTHNT,1
DB00809,CCN(CC1=CC=NC=C1)C(=O)C(CO)C1=CC=CC=C1,BGDKAVGWHJFAGW,1
DB00810,OC(CCN1CCCCC1)(C1CC2CC1C=C2)C1=CC=CC=C1,YSXKPIUOCJLQIE,1
DB00811,NC(=O)C1=NN(C=N1)[C@@H]1O[C@H](CO)[C@@H](O)[C@H]1O,IWUCXVSUMQZMFG,1
DB00812,CCCCC1C(=O)N(N(C1=O)C1=CC=CC=C1)C1=CC=CC=C1,VYMDGNCVAMGZFE,1
DB00813,CCC(=O)N(C1CCN(CCC2=CC=CC=C2)CC1)C1=CC=CC=C1,PJMPHNIQZUBGLI,1
DB00814,CN1C(C(=O)NC2=NC=C(C)S2)=C(O)C2=C(C=CC=C2)S1(=O)=O,ZRVUJXDFFKFLMG,1
DB00816,CC(C)NCC(O)C1=CC(O)=CC(O)=C1,LMOINURANNBYCM,1
DB00817,CCN1C=C(C(O)=O)C(=O)C2=C1C=C(C=C2)C1=CC=NC=C1,XBPZXDSZHPDXQU,1
DB00818,CC(C)C1=CC=CC(C(C)C)=C1O,OLBCVFGFOZPWHH,1
DB00819,CC(=O)NC1=NN=C(S1)S(N)(=O)=O,BZKPWHYZMXOIDC,1
DB00820,[H][C@]12CC3=C(NC4=CC=CC=C34)[C@H](N1C(=O)CN(C)C2=O)C1=CC2=C(OCO2)C=C1,WOXKDUGGOYFFRN,1
DB00821,CC(C(O)=O)C1=CC2=C(C=C1)C1=C(N2)C=CC(Cl)=C1,PUXBGTOOZJQSKH,1
DB00822,CCN(CC)C(=S)SSC(=S)N(CC)CC,AUZONCFQVSMFAP,1
DB00823,[H][C@@]12CC[C@@](OC(C)=O)(C#C)[C@@]1(C)CC[C@]1([H])[C@@]3([H])CC[C@H](OC(C)=O)C=C3CC[C@@]21[H],ONKUMRGIYFNPJW,1
DB00826,[H][C@@]12C[C@H](O)C[C@]3(O)C[C@H](O)[C@@H](C(O)=O)[C@]([H])(C[C@@H](O[C@]4([H])O[C@H](C)[C@@H](O)[C@H](N)[C@@H]4O)\C=C\C=C\C=C\C=C\C[C@@H](C)OC(=O)\C=C\[C@@]1([H])O2)O3,NCXMLFZGDNKEPB,1
DB00827,CCN1N=C(C(O)=O)C(=O)C2=CC3=C(OCO3)C=C12,VDUWPHTZYNWKRN,1
DB00828,C[C@@H]1O[C@@H]1P(O)(O)=O,YMDXZJFXQJVXBF,1
DB00829,CN1C2=C(C=C(Cl)C=C2)C(=NCC1=O)C1=CC=CC=C1,AAOVKJBEBIDNHE,1
DB00830,CC1NCCOC1C1=CC=CC=C1,OOBHFESNSZDWIU,1
DB00831,CN1CCN(CCCN2C3=CC=CC=C3SC3=C2C=C(C=C3)C(F)(F)F)CC1,ZEWQUBUPAILYHI,1
DB00832,CN1C(=O)CC(C1=O)C1=CC=CC=C1,WLWFNJKHKGIJNW,1
DB00833,[H][C@]12SCC(Cl)=C(N1C(=O)[C@H]2NC(=O)[C@H](N)C1=CC=CC=C1)C(O)=O,QYIYFLOTGYLRGG,1
DB00834,[H][C@@]12CC[C@@](O)(C#CC)[C@@]1(C)C[C@H](C1=CC=C(C=C1)N(C)C)C1=C3CCC(=O)C=C3CC[C@@]21[H],VKHAHZOOUSRJNA,1
DB00835,CN(C)CCC(C1=CC=C(Br)C=C1)C1=CC=CC=N1,ZDIGNSYAACHWNL,1
DB00836,CN(C)C(=O)C(CCN1CCC(O)(CC1)C1=CC=C(Cl)C=C1)(C1=CC=CC=C1)C1=CC=CC=C1,RDOIQAHITMMDAJ,1
DB00837,NC(=O)CCC\N=C(\C1=CC=C(Cl)C=C1)C1=C(O)C=CC(F)=C1,IBALRBWGSVJPAP,1
DB00838,[H][C@@]12C[C@@H](C)[C@H](C(=O)CO)[C@@]1(C)C[C@H](O)[C@@]1(Cl)[C@@]2([H])C[C@H](F)C2=CC(=O)C=C[C@]12C,YMTMADLUXIRMGX,1
DB00839,CC1=CC=C(C=C1)S(=O)(=O)NC(=O)NN1CCCCCC1,OUDSBRTVNLOZBN,1
DB00841,CC(CCC1=CC=C(O)C=C1)NCCC1=CC(O)=C(O)C=C1,JRWZLRBJNMZMFE,1
DB00842,OC1N=C(C2=CC=CC=C2)C2=C(NC1=O)C=CC(Cl)=C2,ADIMAYPTOBDMTL,1
DB00843,COC1=C(OC)C=C2C(=O)C(CC3CCN(CC4=CC=CC=C4)CC3)CC2=C1,ADEBPBSSDYVVLD,1
DB00844,O[C@H]1CC[C@@]2(O)[C@H]3CC4=CC=C(O)C5=C4[C@@]2(CCN3CC2CCC2)[C@H]1O5,NETZHAKZCGBWSS,1
DB00845,CC(C)N=C1C=C2N(C3=CC=C(Cl)C=C3)C3=C(C=CC=C3)N=C2C=C1NC1=CC=C(Cl)C=C1,WDQPAMHFFCXSNU,1
DB00846,CC1(C)O[C@@H]2C[C@H]3[C@@H]4C[C@H](F)C5=CC(=O)CC[C@]5(C)[C@H]4[C@@H](O)C[C@]3(C)[C@@]2(O1)C(=O)CO,POPFMWWJOGLOIF,1
DB00847,NCCS,UFULAYFCSOUIOV,1
DB00849,CCC1(C(=O)NC(=O)N(C)C1=O)C1=CC=CC=C1,ALARQZQTBTVLJV,1
DB00850,OCCN1CCN(CCCN2C3=CC=CC=C3SC3=C2C=C(Cl)C=C3)CC1,RGCVKNLCSQQDEP,1
DB00851,CN(C)\N=N\C1=C(N=CN1)C(N)=O,FDKXTQMXEQVLRF,1
DB00852,CN[C@@H](C)[C@@H](O)C1=CC=CC=C1,KWGRBVOPPLSCSI,1
DB00853,CN1N=NC2=C(N=CN2C1=O)C(N)=O,BPEGJWRSRHCHSN,1
DB00854,[H][C@@]12CCCC[C@@]11CCN(C)[C@@H]2CC2=C1C=C(O)C=C2,JAQUASYNZVUNQP,1
DB00855,NCC(=O)CCC(O)=O,ZGXJTSGNIOSYLO,1
DB00856,OCC(O)COC1=CC=C(Cl)C=C1,MXOAEAUPQDYUQM,0
DB00857,CN(C\C=C\C#CC(C)(C)C)CC1=CC=CC2=CC=CC=C12,DOMXUEMWDBAQBQ,1
DB00859,[H][C@](N)(C(O)=O)C(C)(C)S,VVNCNSJFMMFHPL,1
DB00860,[H][C@@]12CC[C@](O)(C(=O)CO)[C@@]1(C)C[C@H](O)[C@@]1([H])[C@@]2([H])CCC2=CC(=O)C=C[C@]12C,OIGNJSKKLXVSLS,1
DB00861,OC(=O)C1=C(O)C=CC(=C1)C1=C(F)C=C(F)C=C1,HUPFGZXOMWLGNK,1
DB00862,CCCC1=NC(C)=C2N1NC(=NC2=O)C1=C(OCC)C=CC(=C1)S(=O)(=O)N1CCN(CC)CC1,SECKRCOLJRRGGV,1
DB00863,CNC(NCCSCC1=CC=C(CN(C)C)O1)=C[N+]([O-])=O,VMXUWOKSQNHOCA,1
DB00864,CO[C@@H]1C[C@@H](CC[C@H]1O)\C=C(/C)[C@H]1OC(=O)[C@@H]2CCCCN2C(=O)C(=O)[C@]2(O)O[C@@H]([C@H](C[C@H]2C)OC)[C@H](C[C@@H](C)C\C(C)=C\[C@@H](CC=C)C(=O)C[C@H](O)[C@H]1C)OC,QJJXYPPXXYFBGM,1
DB00865,C[C@@H](CC1=CC=CC=C1)N(C)CC1=CC=CC=C1,YXKTVDFXDRQTKV,1
DB00866,CC(C)NCC(O)COC1=CC=CC=C1CC=C,PAZJSJFMUHDSTF,1
DB00867,C[C@H](NCCC1=CC=C(O)C=C1)[C@H](O)C1=CC=C(O)C=C1,IOVGROKTTNBUGK,1
DB00869,CCN[C@H]1C[C@H](C)S(=O)(=O)C2=C1C=C(S2)S(N)(=O)=O,IAVUPMFITXYVAF,1
DB00870,CC(C(O)=O)C1=CC=C(C=C1)C(=O)C1=CC=CS1,MDKGKXOCJGEUJW,1
DB00871,CC(C)(C)NCC(O)C1=CC(O)=CC(O)=C1,XWTYSIMOBUGWOL,1
DB00872,CC1=NC2=C(CCN(C(=O)C3=CC=C(NC(=O)C4=CC=CC=C4C4=CC=CC=C4)C=C3)C3=CC=CC=C23)N1,IKENVDNFQMCRTR,1
DB00873,[H][C@@]12CC[C@](O)(C(=O)OCCl)[C@@]1(C)C[C@H](O)[C@@]1([H])[C@@]2([H])CCC2=CC(=O)C=C[C@]12C,YPZVAYHNBBHPTO,1
DB00875,[H]\C(CCN1CCN(CCO)CC1)=C1/C2=CC=CC=C2SC2=C1C=C(C=C2)C(F)(F)F,NJMYODHXAKYRHW,1
DB00876,CCCCC1=NC=C(\C=C(/CC2=CC=CS2)C(O)=O)N1CC1=CC=C(C=C1)C(O)=O,OROAFUQRIXKEMV,1
DB00877,[H][C@@]1(C[C@@H](C)[C@]2([H])CC(=O)[C@H](C)\C=C(C)\[C@@H](O)[C@@H](OC)C(=O)[C@H](C)C[C@H](C)\C=C\C=C\C=C(C)\[C@H](C[C@]3([H])CC[C@@H](C)[C@@](O)(O3)C(=O)C(=O)N3CCCC[C@@]3([H])C(=O)O2)OC)CC[C@@H](O)[C@@H](C1)OC,QFJCIRLUMZQUOT,1
DB00879,NC1=NC(=O)N(C=C1F)[C@@H]1CS[C@H](CO)O1,XQSPYNMVSIKCOC,1
DB00880,NS(=O)(=O)C1=C(Cl)C=C2NC=NS(=O)(=O)C2=C1,JBMKAUGHUNFTOL,1
DB00881,CCOC(=O)[C@H](CCC1=CC=CC=C1)N[C@@H](C)C(=O)N1CC2=CC=CC=C2C[C@H]1C(O)=O,JSDRRTOADPPCHY,1
DB00882,CCN(CC)CCOC1=CC=C(C=C1)C(=C(Cl)C1=CC=CC=C1)C1=CC=CC=C1,GKIRPKYJQBWNGO,1
DB00883,[H][C@]12OC[C@H](O[N+]([O-])=O)[C@@]1([H])OC[C@H]2O[N+]([O-])=O,MOYKHGMNXAOIAT,1
DB00884,OC(CC1=CN=CC=C1)(P(O)(O)=O)P(O)(O)=O,IIDJRNMFWXDHID,1
DB00885,CC1=CC=CN2C(=O)C(=CN=C12)C1=NNN=N1,HIANJWSAHKJQTH,0
DB00887,CCCCNC1=C(OC2=CC=CC=C2)C(=CC(=C1)C(O)=O)S(N)(=O)=O,MAEIEVLCKWDQJH,1
DB00888,CN(CCCl)CCCl,HAWPXGHAZFHHAD,1
DB00889,CN1N=C(C(=O)N[C@@H]2C[C@@H]3CCC[C@H](C2)N3C)C2=C1C=CC=C2,MFWNKCLOYSRHCJ,1
DB00890,[H]\C(C)=C(/C(=C(\[H])C)/C1=CC=C(O)C=C1)\C1=CC=C(O)C=C1,NFDFQCUYFHCNBW,1
DB00891,NC1=CC=C(C=C1)S(=O)(=O)NC1=CC=CC=N1,GECHUMIMRBOMGK,1
DB00892,CCCCOC1=CC(=CC=C1N)C(=O)OCCN(CC)CC,CMHHMUWAYWTMGS,1
DB00894,[H][C@@]12CCC3=CC(=O)C=C[C@]3(C)[C@@]1([H])CC[C@]1(C)OC(=O)CC[C@@]21[H],BPEWUONYVDABNZ,1
DB00896,[H][C@@]12C[C@@H](C)[C@](C)(C(=O)CC)[C@@]1(C)C[C@H](O)[C@@]1([H])[C@@]2([H])CCC2=CC(=O)C=C[C@]12C,QTTRZHGPGKRAFB,1
DB00897,CC1=NN=C2CN=C(C3=CC=CC=C3Cl)C3=C(C=CC(Cl)=C3)N12,JOFWLTCLBGQGBO,1
DB00898,CCO,LFQSCWFLJHTTHZ,1
DB00899,CCC(=O)N(C1=CC=CC=C1)C1(CCN(CCC(=O)OC)CC1)C(=O)OC,ZTVQQQVZCWLTDF,1
DB00900,OC[C@@H]1CC[C@@H](O1)N1C=NC2=C1NC=NC2=O,BXZVVICBKDXVGW,1
DB00903,CCC(=C)C(=O)C1=C(Cl)C(Cl)=C(OCC(O)=O)C=C1,AVOLMBLBETYQHX,1
DB00904,CN1C2=C(C3=CC=CC=C13)C(=O)C(CN1C=CN=C1C)CC2,FELGMEQIXOGIFQ,1
DB00905,CCNC(=O)CCC\C=C/C[C@H]1[C@@H](O)C[C@@H](O)[C@@H]1\C=C\[C@@H](O)CCC1=CC=CC=C1,AQOKCDNYWBIDND,1
DB00906,CC1=C(SC=C1)C(=CCCN1CCC[C@H](C1)C(O)=O)C1=C(C)C=CS1,PBJUNZJWGZTSKL,1
DB00907,[H][C@]12CC[C@]([H])([C@H]([C@H](C1)OC(=O)C1=CC=CC=C1)C(=O)OC)N2C,ZPUCINDJVBIVPJ,1
DB00908,[H][C@@]12CCN(C[C@@H]1C=C)[C@]([H])(C2)[C@@H](O)C1=C2C=C(OC)C=CC2=NC=C1,LOUPRKONTZGTKE,1
DB00909,NS(=O)(=O)CC1=NOC2=CC=CC=C12,UBQNRHZMVUUOMG,1
DB00910,[H][C@@]1(CC[C@@]2([H])\C(CCC[C@]12C)=C\C=C1C[C@@H](O)C[C@H](O)C1)[C@H](C)\C=C\[C@H](C)C(C)(C)O,BPKAHTKRCLCHEA,1
DB00911,CCS(=O)(=O)CCN1C(C)=NC=C1[N+]([O-])=O,HJLSLZFTEKNLFI,0
DB00912,CCOC1=C(C=CC(CC(=O)N[C@@H](CC(C)C)C2=CC=CC=C2N2CCCCC2)=C1)C(O)=O,FAEKWTJYAYMJKF,1
DB00914,NC(=N)NC(=N)NCCC1=CC=CC=C1,ICFJFFQQTFMIBG,1
DB00915,NC12CC3CC(CC(C3)C1)C2,DKNWSYNQZKUICI,1
DB00916,CC1=NC=C(N1CCO)[N+]([O-])=O,VAOCPAMSLUNLGC,1
DB00917,CCCCC[C@H](O)\C=C\[C@H]1[C@H](O)CC(=O)[C@@H]1C\C=C/CCCC(O)=O,XEYBRNLFEZDVAW,1
DB00918,CN(C)CCC1=CNC2=C1C=C(CS(=O)(=O)N1CCCC1)C=C2,WKEMJKQOLOHJLZ,1
DB00919,[H][C@@]12O[C@H](C)CC(=O)[C@]1(O)O[C@]1([H])[C@@H](NC)[C@@H](O)[C@@H](NC)[C@H](O)[C@@]1([H])O2,UNFWWIHTNXNPBV,1
DB00920,CN1CCC(CC1)=C1C2=C(SC=C2)C(=O)CC2=CC=CC=C12,ZCVMWBYGMWKGHF,1
DB00921,CO[C@]12CC[C@@]3(C[C@@H]1[C@](C)(O)C(C)(C)C)[C@H]1CC4=C5C(O[C@@H]2[C@@]35CCN1CC1CC1)=C(O)C=C4,RMRJXGBAOAMLHD,1
DB00922,C[C@@H]1CC(=O)NN=C1C1=CC=C(NN=C(C#N)C#N)C=C1,WHXMKTBCFHIYNQ,1
DB00923,[H][C@]12SCC(CSC3=NN=NN3CC(O)=O)=C(N1C(=O)[C@H]2NC(=O)CC1=CC=CC=C1CN)C(O)=O,SLAYUXIURFNXPG,1
DB00924,CN(C)CCC=C1C2=CC=CC=C2C=CC2=CC=CC=C12,JURKNVYFZMSNLP,1
DB00925,CC(COC1=CC=CC=C1)N(CCCl)CC1=CC=CC=C1,QZVCTJOXCFMACW,1
DB00927,NC(N)=NC1=NC(CSCCC(N)=NS(N)(=O)=O)=CS1,XUFQPHANEAPEMJ,1
DB00928,NC1=NC(=O)N(C=N1)[C@@H]1O[C@H](CO)[C@@H](O)[C@H]1O,NMUSYJAQQFHJEW,1
DB00929,CCCCC(C)(O)C\C=C\[C@H]1[C@H](O)CC(=O)[C@@H]1CCCCCCC(=O)OC,OJLOPKGSLYJEMD,1
DB00931,[H][C@@]12[C@@H](O)[C@]3([H])C(=C)C4=C(C(O)=CC=C4)C(=O)C3=C(O)[C@]1(O)C(=O)C(C(N)=O)=C(O)[C@H]2N(C)C,MHIGBKBJSQVXNH,0
DB00932,[H][C@@](CC)(C1=CC(NS(=O)(=O)C2=NC=C(C=C2)C(F)(F)F)=CC=C1)C1=C(O)C[C@@](CCC)(CCC2=CC=CC=C2)OC1=O,SUJUHGSWHZTSEU,1
DB00933,CN1CCCCC1CCN1C2=C(SC3=C1C=C(C=C3)S(C)=O)C=CC=C2,SLVMESMUVMCQIY,1
DB00934,CNCCCC12CCC(C3=CC=CC=C13)C1=CC=CC=C21,QSLMDECMDJKHMQ,1
DB00935,CC1=CC(=C(O)C(C)=C1CC1=NCCN1)C(C)(C)C,WYWIFABBXFUGLM,1
DB00936,OC(=O)C1=CC=CC=C1O,YGSDEFSMJLZEOE,1
DB00937,CCN(CC)C(C)C(=O)C1=CC=CC=C1,XXEPPPIWZFICOJ,1
DB00938,OCC1=C(O)C=CC(=C1)C(O)CNCCCCCCOCCCCC1=CC=CC=C1,GIIZNNXWQWCKIB,1
DB00939,CC1=C(Cl)C(NC2=CC=CC=C2C(O)=O)=C(Cl)C=C1,SBDNJUWAMKYJOX,1
DB00940,CC[N+](C)(CC)CCOC(=O)C1C2=CC=CC=C2OC2=CC=CC=C12,GZHFODJQISUKAY,1
DB00943,NC1=NC(=O)N(C=C1)[C@H]1CC[C@@H](CO)O1,WREGKURFCTUGRC,1
DB00944,CN(CCCCCCCCCCN(C)C(=O)OC1=CC=CC(=C1)[N+](C)(C)C)C(=O)OC1=CC=CC(=C1)[N+](C)(C)C,RWZVPVOZTJJMNU,1
DB00945,CC(=O)OC1=CC=CC=C1C(O)=O,BSYNRYMUTXBXSQ,1
DB00946,CCC(C1=CC=CC=C1)C1=C(O)C2=C(OC1=O)C=CC=C2,DQDAYGNAKTZFIW,1
DB00947,[H][C@@]12CC[C@H](O)[C@@]1(C)CC[C@]1([H])C3=CC=C(O)C=C3C[C@@H](CCCCCCCCCS(=O)CCCC(F)(F)C(F)(F)F)[C@@]21[H],VWUXBMIQPBEWFH,1
DB00948,[H][C@]12SC(C)(C)[C@@H](N1C(=O)[C@H]2NC(=O)[C@H](NC(=O)N1CCN(C1=O)S(C)(=O)=O)C1=CC=CC=C1)C(O)=O,YPBATNHYBCGSSN,1
DB00949,NC(=O)OCC(COC(N)=O)C1=CC=CC=C1,WKGXYQFOCVYPAC,1
DB00950,CC(C)(C(O)=O)C1=CC=C(C=C1)C(O)CCCN1CCC(CC1)C(O)(C1=CC=CC=C1)C1=CC=CC=C1,RWTNPBWLLIMQHL,1
DB00951,NNC(=O)C1=CC=NC=C1,QRXWMOHMRWLFEY,1
DB00952,CNS(=O)(=O)CCC1=CC2=C(NC=C2C2CCN(C)CC2)C=C1,AMKVXSZCKVJAGH,1
DB00953,CN(C)CCC1=CNC2=C1C=C(CN1C=NC=N1)C=C2,ULFRLSNUDGIQQP,1
DB00954,CC[C@H]1OC(=O)[C@H](C)[C@@H](O[C@H]2C[C@@](C)(OC)[C@@H](O)[C@H](C)O2)[C@H](C)[C@@H](O[C@@H]2O[C@H](C)C[C@@H]([C@H]2O)N(C)C)[C@](C)(O)C[C@@H](C)[C@@H]2N[C@@H](COCCOC)O[C@H]([C@H]2C)[C@]1(C)O,WLOHNSSYAXHWNR,1
DB00955,CCN[C@@H]1C[C@H](N)[C@@H](O[C@H]2OC(CN)=CC[C@H]2N)[C@H](O)[C@H]1O[C@H]1OC[C@](C)(O)[C@H](NC)[C@H]1O,CIDUJQMULVCIBT,1
DB00956,[H][C@@]12OC3=C(OC)C=CC4=C3[C@@]11CCN(C)[C@]([H])(C4)[C@]1([H])CCC2=O,LLPOLZWFYMWNKH,1
DB00957,[H][C@@]12CC[C@@](OC(C)=O)(C#C)[C@@]1(CC)CC[C@]1([H])[C@@]3([H])CC\C(C=C3CC[C@@]21[H])=N/O,KIQQMECNKUGGKA,1
DB00958,N[Pt]1(N)OC(=O)C2(CCC2)C(=O)O1,YAYRGNWWLMLWJE,0
DB00959,[H][C@@]12CC[C@](O)(C(=O)CO)[C@@]1(C)C[C@H](O)[C@@]1([H])[C@@]2([H])C[C@H](C)C2=CC(=O)C=C[C@]12C,VHRSUDSXCMQTMA,1
DB00960,CC(C)NCC(O)COC1=CC=CC2=C1C=CN2,JZQKKSLKJUAGIC,1
DB00961,CN1CCCCC1C(=O)NC1=C(C)C=CC=C1C,INWLQCZOYSRPNW,1
DB00962,CCN(C(C)=O)C1=CC=CC(=C1)C1=CC=NC2=C(C=NN12)C#N,HUNXMJYCHXQEGX,0
DB00963,NC1=C(CC(O)=O)C=CC=C1C(=O)C1=CC=C(Br)C=C1,ZBPLOVFIXSTCRZ,1
DB00964,NC1=CC(Cl)=C(NC2=NCCN2)C(Cl)=C1,IEJXVRYNEISIKR,1
DB00966,CCCC1=NC2=C(C=C(C=C2C)C2=NC3=CC=CC=C3N2C)N1CC1=CC=C(C=C1)C1=CC=CC=C1C(O)=O,RMMXLENWKUUMAY,1
DB00967,ClC1=CC2=C(C=C1)C(=C1CCNCC1)C1=C(CC2)C=CC=N1,JAUOIFJMECXRGI,1
DB00968,C[C@](N)(CC1=CC=C(O)C(O)=C1)C(O)=O,CJCSPKMFHVPWAR,1
DB00969,CN1C2=C(C3=CC=CC=C13)C(=O)N(CC1=C(C)NC=N1)CC2,JSWZEAMFRNKZNL,1
DB00970,[H][C@@]12CCCN1C(=O)[C@H](NC(=O)[C@@H](NC(=O)C1=C3N=C4C(OC3=C(C)C=C1)=C(C)C(=O)C(N)=C4C(=O)N[C@H]1[C@@H](C)OC(=O)[C@H](C(C)C)N(C)C(=O)CN(C)C(=O)[C@]3([H])CCCN3C(=O)[C@H](NC1=O)C(C)C)[C@@H](C)OC(=O)[C@H](C(C)C)N(C)C(=O)CN(C)C2=O)C(C)C,RJURFGZVJUQBHK,1
DB00972,CN1CCCC(CC1)N1N=C(CC2=CC=C(Cl)C=C2)C2=CC=CC=C2C1=O,MBUVEWMHONZEQD,1
DB00973,[H][C@]1(CC[C@H](O)C2=CC=C(F)C=C2)C(=O)N(C2=CC=C(F)C=C2)[C@]1([H])C1=CC=C(O)C=C1,OLNTVTPDXPETLC,1
DB00974,OC(=O)CN(CCN(CC(O)=O)CC(O)=O)CC(O)=O,KCXVZYZYPLLWCC,1
DB00975,OCCN(CCO)C1=NC2=C(N=C(N=C2N2CCCCC2)N(CCO)CCO)C(=N1)N1CCCCC1,IZEKFCXSFNUWAM,1
DB00976,[H][C@@]12[C@@H](C)C(=O)[C@H](C)C[C@@](C)(OC)[C@H](O[C@@H]3O[C@H](C)C[C@@H]([C@H]3O)N(C)C)[C@@H](C)C(=O)[C@@H](C)C(=O)O[C@H](CC)[C@@]1(C)OC(=O)N2CCCCN1C=NC(=C1)C1=CC=CN=C1,LJVAJPDWBABPEJ,1
DB00977,[H][C@@]12CC[C@@](O)(C#C)[C@@]1(C)CC[C@]1([H])C3=C(CC[C@@]21[H])C=C(O)C=C3,BFPYWIDHMRZLRN,1
DB00978,CCN1C=C(C(O)=O)C(=O)C2=CC(F)=C(N3CCNC(C)C3)C(F)=C12,ZEKZLJVOYLTDKK,1
DB00979,CN(C)CCOC(=O)C(C1=CC=CC=C1)C1(O)CCCC1,SKYSRIRYMSLOIN,1
DB00980,CCC(=O)NCC[C@@H]1CCC2=C1C1=C(OCC1)C=C2,YLXDSYKOBKBWJQ,1
DB00981,[H][C@]12N(C)CC[C@@]1(C)C1=C(C=CC(OC(=O)NC)=C1)N2C,PIJVFDBKTWXHHD,1
DB00982,C\C(\C=C\C1=C(C)CCCC1(C)C)=C/C=C/C(/C)=C\C(O)=O,SHGAZHPCJJPHSC,1
DB00983,COC1=CC=C(CC(C)NCC(O)C2=CC(NC=O)=C(O)C=C2)C=C1,BPZSYCZIITTYBL,1
DB00985,CN1C2=C(N=C(Cl)N2)C(=O)N(C)C1=O.CN(C)CCOC(C1=CC=CC=C1)C1=CC=CC=C1,NFLLKCVHYJRNRH,0
DB00986,C[N+]1(C)CCC(C1)OC(=O)C(O)(C1CCCC1)C1=CC=CC=C1,ANGKOCUUWGHLCE,1
DB00987,NC1=NC(=O)N(C=C1)[C@@H]1O[C@H](CO)[C@@H](O)[C@@H]1O,UHDGCWIWMRVCDJ,1
DB00988,NCCC1=CC(O)=C(O)C=C1,VYFYYTLLBUKUHU,1
DB00989,CCN(C)C(=O)OC1=CC=CC(=C1)[C@H](C)N(C)C,XSVMFMHYUFZWBK,1
DB00990,[H][C@@]12CCC(=O)[C@@]1(C)CC[C@@]1([H])[C@@]2([H])CC(=C)C2=CC(=O)C=C[C@]12C,BFYIZQONLCFLEV,1
DB00991,OC(=O)CCC1=NC(=C(O1)C1=CC=CC=C1)C1=CC=CC=C1,OFPXSFXSNFPTHF,1
DB00992,COC(=O)CCC(=O)CN,YUUAYBAIHCDHHD,0
DB00993,CN1C=NC(=C1SC1=NC=NC2=C1NC=N2)[N+]([O-])=O,LMEKQMALGUDUQG,1
DB00996,NCC1(CC(O)=O)CCCCC1,UGJMXCAKCUNAIE,1
DB00997,COC1=CC=CC2=C1C(=O)C1=C(O)C3=C(C[C@](O)(C[C@@H]3O[C@H]3C[C@H](N)[C@H](O)[C@H](C)O3)C(=O)CO)C(O)=C1C2=O,AOJJSUZBOXZQNB,1
DB00998,CN[C@@H]1CCC2=C(C1)C1=C(N2)C=CC(=C1)C(N)=O,XPSQPHWEGNHMSK,1
DB00999,NS(=O)(=O)C1=C(Cl)C=C2NCNS(=O)(=O)C2=C1,JZUFKLXOESDKRF,1
DB01000,[H][C@]12SC(C)(C)[C@@H](N1C(=O)[C@H]2NC(=O)C1(N)CCCCC1)C(O)=O,HGBLNBBNRORJKI,0
DB01001,CC(C)(C)NCC(O)C1=CC(CO)=C(O)C=C1,NDAUXUAQIAJITI,1
DB01002,CCCCN1CCCC[C@H]1C(=O)NC1=C(C)C=CC=C1C,LEBVLXFERQHONN,1
DB01004,NC1=NC2=C(N=CN2COC(CO)CO)C(=O)N1,IRSCQMHQWWYFCW,1
DB01005,NC(=O)NO,VSNHCAURESNICA,1
DB01006,N#CC1=CC=C(C=C1)C(N1C=NC=N1)C1=CC=C(C=C1)C#N,HPJKCIUCZWXJDR,0
DB01007,ClC1=C(COC(CN2C=CN=C2)C2=C(Cl)C=C(Cl)C=C2)C=CS1,QXHHHPZILQDDPS,1
DB01008,CS(=O)(=O)OCCCCOS(C)(=O)=O,COVZYZSDYWQREU,1
DB01009,CC(C(O)=O)C1=CC(=CC=C1)C(=O)C1=CC=CC=C1,DKYWVDODHFEZIM,1
DB01010,CC[N+](C)(C)C1=CC(O)=CC=C1,VWLHWLSRQJQWRG,1
DB01011,CC(C)(C(=O)C1=CN=CC=C1)C1=CC=CN=C1,FJLBFSROUSIWMA,1
DB01012,C[C@@H](NCCCC1=CC(=CC=C1)C(F)(F)F)C1=CC=CC2=CC=CC=C12,VDHAWDNDOKGFTD,1
DB01013,[H][C@@]12C[C@H](C)[C@](OC(=O)CC)(C(=O)CCl)[C@@]1(C)C[C@H](O)[C@@]1(F)[C@@]2([H])CCC2=CC(=O)C=C[C@]12C,CBGUOGMQLZIXBE,1
DB01014,OC(=O)CCNC(=O)C1=CC=C(C=C1)\N=N\C1=CC=C(O)C(=C1)C(O)=O,IPOKCKJONYRRHP,1
DB01015,CC1=CC(NS(=O)(=O)C2=CC=C(N)C=C2)=NO1,JLKIGFTWXXRPMT,1
DB01016,COC1=C(C=C(Cl)C=C1)C(=O)NCCC1=CC=C(C=C1)S(=O)(=O)NC(=O)NC1CCCCC1,ZNNLBTZKUZBEKO,1
DB01017,[H][C@@]12CC3=C(C(O)=CC=C3N(C)C)C(=O)C1=C(O)[C@]1(O)C(=O)C(C(N)=O)=C(O)[C@@H](N(C)C)[C@]1([H])C2,DYKFCLLONBREIL,0
DB01018,NC(=N)NC(=O)CC1=C(Cl)C=CC=C1Cl,INJOMKTZOLKMBF,1
DB01019,CC(C[N+](C)(C)C)OC(N)=O,NZUPCNDJBJXXRF,1
DB01020,[H][C@]12OC[C@@H](O[N+]([O-])=O)[C@@]1([H])OC[C@@H]2O,YWXYYJSYQOXTPL,1
DB01021,NS(=O)(=O)C1=C(Cl)C=C2NC(NS(=O)(=O)C2=C1)C(Cl)Cl,LMJSLTNSBFUCMU,1
DB01022,CC(C)CCC[C@@H](C)CCC[C@@H](C)CCC\C(C)=C\CC1=C(C)C(=O)C2=C(C=CC=C2)C1=O,MBWXNTAXLNYFJB,1
DB01023,CCOC(=O)C1=C(C)NC(C)=C(C1C1=C(Cl)C(Cl)=CC=C1)C(=O)OC,RZTAMFZIAATZDJ,1
DB01024,COC1=C(C\C=C(/C)CCC(O)=O)C(O)=C2C(=O)OCC2=C1C,HPNSFSBZBAHARI,1
DB01026,CC(=O)N1CCN(CC1)C1=CC=C(OCC2COC(CN3C=CN=C3)(O2)C2=CC=C(Cl)C=C2Cl)C=C1,XMAYWYJOQHXEEK,1
DB01028,COC(F)(F)C(Cl)Cl,RFKMCNOHBTXSMU,1
DB01029,CCCCC1=NC2(CCCC2)C(=O)N1CC1=CC=C(C=C1)C1=CC=CC=C1C1=NNN=N1,YOSHYTLCDANDAN,1
DB01030,CC[C@@]1(O)C(=O)OCC2=C1C=C1N(CC3=CC4=C(C=CC(O)=C4CN(C)C)N=C13)C2=O,UCFGDBYHRUNTLO,1
DB01032,CCCN(CCC)S(=O)(=O)C1=CC=C(C=C1)C(O)=O,DBABZHXKTCFAPX,1
DB01033,S=C1N=CNC2=C1NC=N2,GLVAUDGFNGKCSF,1
DB01034,[H][C@]1(O[C@]1([H])C(=O)CC\C=C\C\C=C\C)C(N)=O,GVEZIHKRYBHEFX,0
DB01035,CCN(CC)CCNC(=O)C1=CC=C(N)C=C1,REQCZEXYDRLIBE,1
DB01036,CC(C)N(CC[C@H](C1=CC=CC=C1)C1=C(O)C=CC(C)=C1)C(C)C,OOGJQPCLVADCPB,1
DB01037,C[C@H](CC1=CC=CC=C1)N(C)CC#C,MEZLKOACVSPNER,1
DB01039,CC(C)OC(=O)C(C)(C)OC1=CC=C(C=C1)C(=O)C1=CC=C(Cl)C=C1,YMTINGFKWWXKFG,1
DB01041,O=C1N(C2CCC(=O)NC2=O)C(=O)C2=CC=CC=C12,UEJJHQNACJXSKW,1
DB01042,N[C@@H](CC1=CC=C(C=C1)N(CCCl)CCCl)C(O)=O,SGDBTWWWUNNDEQ,1
DB01043,CC12CC3CC(C)(C1)CC(N)(C3)C2,BUGYDGFZZOZRHP,1
DB01044,COC1=C2N(C=C(C(O)=O)C(=O)C2=CC(F)=C1N1CCNC(C)C1)C1CC1,XUBOMFCQGDBHNK,1
DB01045,CO[C@H]1\C=C\O[C@@]2(C)OC3=C(C2=O)C2=C(O)C(\C=N\N4CCN(C)CC4)=C(NC(=O)\C(C)=C/C=C/[C@H](C)[C@H](O)[C@@H](C)[C@@H](O)[C@@H](C)[C@H](OC(C)=O)[C@@H]1C)C(O)=C2C(O)=C3C,JQXXHWHPUNPDRT,1
DB01046,[H][C@@]12CC(=O)[C@H](CCCCCCC(O)=O)[C@@]1([H])CC[C@@](O)(O2)C(F)(F)CCCC,WGFOBBZOWHGYQH,1
DB01047,[H][C@@]12C[C@@]3([H])[C@]4([H])C[C@H](F)C5=CC(=O)C=C[C@]5(C)[C@@]4(F)[C@@H](O)C[C@]3(C)[C@@]1(OC(C)(C)O2)C(=O)COC(C)=O,WJOHZNCJWYWUJD,1
DB01048,NC1=NC2=C(N=CN2[C@@H]2C[C@H](CO)C=C2)C(NC2CC2)=N1,MCGSCOLBFJQGHM,1
DB01050,CC(C)CC1=CC=C(C=C1)C(C)C(O)=O,HEFNNWSXXWATRW,0
DB01051,CO[C@@H]1[C@@H](OC(N)=O)[C@@H](O)[C@H](OC2=C(C)C3=C(C=C2)C(O)=C(NC(=O)C2=CC=C(O)C(CC=C(C)C)=C2)C(=O)O3)OC1(C)C,YJQPYGGHQPGBLI,1
DB01053,[H][C@]12SC(C)(C)[C@@H](N1C(=O)[C@H]2NC(=O)CC1=CC=CC=C1)C(O)=O,JGSARLDLIJGVTE,1
DB01054,CCOC(=O)C1=C(C)NC(C)=C(C1C1=CC(=CC=C1)[N+]([O-])=O)C(=O)OC,PVHUJELLJLJGLN,1
DB01057,CCOP(=O)(OCC)SCC[N+](C)(C)C,BJOLKYGKSZKIGU,1
DB01058,O=C(C1CCCCC1)N1CC2N(CCC3=CC=CC=C23)C(=O)C1,FSVJFNAIGNNGKK,1
DB01059,CCN1C=C(C(O)=O)C(=O)C2=CC(F)=C(C=C12)N1CCNCC1,OGJPXUAPXNRGGI,1
DB01060,[H][C@]12SC(C)(C)[C@@H](N1C(=O)[C@H]2NC(=O)[C@H](N)C1=CC=C(O)C=C1)C(O)=O,LSQZJLSUYDQPKJ,1
DB01061,[H][C@](NC(=O)N1CCNC1=O)(C(=O)N[C@@H]1C(=O)N2[C@@H](C(O)=O)C(C)(C)S[C@]12[H])C1=CC=CC=C1,JTWOMNBEOCYFNV,1
DB01062,CCN(CC)CC#CCOC(=O)C(O)(C1CCCCC1)C1=CC=CC=C1,XIQVNETUBQGFHX,1
DB01063,CC(=O)C1=CC=C2SC3=C(C=CC=C3)N(CCCN3CCN(CCO)CC3)C2=C1,WNTYBHLDCKXEOT,1
DB01064,CC(C)NCC(O)C1=CC(O)=C(O)C=C1,JWZZKOKVBUJMES,1
DB01065,COC1=CC2=C(NC=C2CCNC(C)=O)C=C1,DRLFMBDRBRZALE,1
DB01066,[H][C@]12SCC(\C=C/C3=C(C)N=CS3)=C(N1C(=O)[C@H]2NC(=O)C(=N/OC)\C1=CSC(N)=N1)C(O)=O,KMIPKYQIOVAHOP,1
DB01067,CC1=NC=C(N=C1)C(=O)NCCC1=CC=C(C=C1)S(=O)(=O)NC(=O)NC1CCCCC1,ZJJXGWJIGJFDTL,1
DB01068,[O-][N+](=O)C1=CC2=C(NC(=O)CN=C2C2=CC=CC=C2Cl)C=C1,DGBIGWXXNGSACT,1
DB01069,CC(CN1C2=CC=CC=C2SC2=CC=CC=C12)N(C)C,PWWVAXIEGOYWEE,1
DB01070,CC(C)[C@@H](C)\C=C\[C@@H](C)[C@@]1([H])CC[C@@]2([H])\C(CCC[C@]12C)=C\C=C1/C[C@@H](O)CC[C@@H]1C,ILYCWAKSDCYMBB,1
DB01071,C(C1CN2CCC1CC2)N1C2=CC=CC=C2SC2=CC=CC=C12,HOKDBMAJZXIPGC,0
DB01072,COC(=O)N[C@H](C(=O)N[C@@H](CC1=CC=CC=C1)[C@@H](O)CN(CC1=CC=C(C=C1)C1=CC=CC=N1)NC(=O)[C@@H](NC(=O)OC)C(C)(C)C)C(C)(C)C,AXRYRYVKAWYZBR,1
DB01073,NC1=NC(F)=NC2=C1N=CN2[C@@H]1O[C@H](CO)[C@@H](O)[C@@H]1O,HBUBKKRHXORPQB,1
DB01074,C(C(C1CCCCC1)C1CCCCC1)C1CCCCN1,CYXKNKQEMFBLER,1
DB01075,CN(C)CCOC(C1=CC=CC=C1)C1=CC=CC=C1,ZZVUWRFHKOJYTH,1
DB01076,CC(C)C1=C(C(=O)NC2=CC=CC=C2)C(=C(N1CC[C@@H](O)C[C@@H](O)CC(O)=O)C1=CC=C(F)C=C1)C1=CC=CC=C1,XUKUURHRXDUEBC,1
DB01077,CC(O)(P(O)(O)=O)P(O)(O)=O,DBVJJBKOTRCVKF,1
DB01078,C[C@H]1O[C@H](C[C@H](O)[C@@H]1O[C@H]1C[C@H](O)[C@H](O[C@H]2C[C@H](O)[C@H](O[C@@H]3O[C@H](CO)[C@@H](O)[C@H](O)[C@H]3O)[C@@H](C)O2)[C@@H](C)O1)O[C@H]1CC[C@@]2(C)[C@H](CC[C@@H]3[C@@H]2C[C@@H](O)[C@]2(C)[C@H](CC[C@]32O)C2=CC(=O)OC2)C1,OBATZBGFDSVCJD,1
DB01080,NC(CCC(O)=O)C=C,PJDFLNIOAUIZSL,1
DB01081,CCOC(=O)C1(CCN(CCC(C#N)(C2=CC=CC=C2)C2=CC=CC=C2)CC1)C1=CC=CC=C1,HYPPXZBJBPSRLK,1
DB01082,CN[C@H]1[C@H](O)[C@@H](O)[C@H](CO)O[C@H]1O[C@H]1[C@H](O[C@H]2[C@H](O)[C@@H](O)[C@H](NC(N)=N)[C@@H](O)[C@@H]2NC(N)=N)O[C@@H](C)[C@]1(O)C=O,UCSJYZPVAKXKNQ,1
DB01083,CCCCCCCCCCC[C@@H](C[C@@H]1OC(=O)[C@H]1CCCCCC)OC(=O)[C@H](CC(C)C)NC=O,AHLBNYSZXLDEJQ,1
DB01084,CCOCCN1C(=NC2=CC=CC=C12)N1CCCN(C)CC1,KBUZBQVCBVDWKX,1
DB01085,CC[C@H]1[C@@H](CC2=CN=CN2C)COC1=O,QCHFTSOMWOSFHM,1
DB01086,CCOC(=O)C1=CC=C(N)C=C1,BLFLLBZGZJTVJG,1
DB01087,COC1=CC(NC(C)CCCN)=C2N=CC=CC2=C1,INDBQLZJXZLFIT,1
DB01088,[H][C@]12C[C@@H](O)[C@H](\C=C\[C@@H](O)C(C)CC#CC)[C@@]1([H])C\C(C2)=C\CCCC(O)=O,HIFJCPQKFCZDDL,0
DB01089,[H][C@]12C[C@@H](OC(=O)C3=CC(OC)=C(OC)C(OC)=C3)[C@H](OC)[C@@H](C(=O)OC)[C@@]1([H])C[C@@]1([H])N(CCC3=C1NC1=CC=CC=C31)C2,CVBMAZKKCSYWQR,1
DB01090,C[N+]1(CCCCC[N+]2(C)CCCC2)CCCC1,XSBSKEQEUFOSDD,1
DB01091,CN(CC1=CC=C(C=C1)C(C)(C)C)CC1=CC=CC2=CC=CC=C12,ABJKWBDEJIDSJZ,0
DB01092,[H][C@@]12CC[C@]3(O)C[C@H](C[C@@H](O)[C@]3(CO)[C@@]1([H])[C@H](O)C[C@]1(C)[C@H](CC[C@]21O)C1=CC(=O)OC1)O[C@@H]1O[C@@H](C)[C@H](O)[C@@H](O)[C@H]1O,LPMXVESGRSUGHW,1
DB01093,CS(C)=O,IAZDPXIOMUYVGZ,1
DB01094,COC1=C(O)C=C(C=C1)[C@@H]1CC(=O)C2=C(O)C=C(O)C=C2O1,AIONOLUJZLIMTK,1
DB01095,CC(C)N1C(\C=C\[C@H](O)C[C@H](O)CC(O)=O)=C(C2=CC=C(F)C=C2)C2=CC=CC=C12,FJLGEFLZQAZZCD,1
DB01096,CC(C)NCC1CCC2=CC(CO)=C(C=C2N1)[N+]([O-])=O,XCGYUJZMCCFSRP,1
DB01097,CC1=C(C=NO1)C(=O)NC1=CC=C(C=C1)C(F)(F)F,VHOGYURTWQBHIL,1
DB01098,CC(C)C1=NC(=NC(C2=CC=C(F)C=C2)=C1\C=C\[C@@H](O)C[C@@H](O)CC(=O)O)N(C)S(C)(=O)=O,BPRHUIZQVSMCRT,1
DB01099,NC1=C(F)C=NC(=O)N1,XRECTZIEBJDKEO,1
DB01100,FC1=CC=C(C=C1)C(CCCN1CCC(CC1)N1C(=O)NC2=CC=CC=C12)C1=CC=C(F)C=C1,YVUQSNJEYSNKRX,1
DB01101,CCCCCOC(=O)NC1=NC(=O)N(C=C1F)[C@@H]1O[C@H](C)[C@@H](O)[C@H]1O,GAGWJHPBXLXJQN,1
DB01102,O[C@@H](CNCCCCC1=CC=C(O)C=C1)C1=CC(O)=C(O)C=C1,IIRWWTKISYTTBL,1
DB01103,CCN(CC)CCCC(C)NC1=C2C=C(OC)C=CC2=NC2=C1C=CC(Cl)=C2,GPKJTRJOBQGKQK,1
DB01104,CN[C@H]1CC[C@@H](C2=CC(Cl)=C(Cl)C=C2)C2=CC=CC=C12,VGKDLMBJGBXTGI,1
DB01105,CC(C)CC(N(C)C)C1(CCC1)C1=CC=C(Cl)C=C1,UNAANXDKBXWMLN,1
DB01106,C[C@@H]1CN(CC[C@]1(C(O)=O)C1=CC=CC=C1)[C@H]1CC[C@](CC1)(C#N)C1=CC=C(F)C=C1,ZCGOMHNNNFPNMX,1
DB01107,CCC1(CC)C(=O)NCC(C)C1=O,SIDLZWOQUZRBRU,1
DB01108,[H][C@@]12CC[C@H](O)[C@@]1(C)CC[C@@]1([H])[C@@]2([H])CC[C@@]23O[C@@H]2C(O)=C(C[C@]13C)C#N,KVJXBPDAXMEYOA,1
DB01110,ClC1=CC(Cl)=C(COC(CN2C=CN=C2)C2=C(Cl)C=C(Cl)C=C2)C=C1,BYBLEWFAAKGYCD,1
DB01111,CCC(C)CCCCC(=O)NC(CCNCS([O-])(=O)=O)C(=O)NC(C(C)O)C(=O)NC(CCNCS([O-])(=O)=O)C(=O)NC1CCNC(=O)C(NC(=O)C(CCNCS([O-])(=O)=O)NC(=O)C(CCNCS([O-])(=O)=O)NC(=O)C(CC(C)C)NC(=O)C(CC(C)C)NC(=O)C(CCNCS([O-])(=O)=O)NC1=O)C(C)O,BSSIRFLGSWHWDE,1
DB01112,[H][C@]12SCC(COC(N)=O)=C(N1C(=O)[C@H]2NC(=O)C(=N/OC)\C1=CC=CO1)C(O)=O,JFPVXVDWJQMJEE,1
DB01113,COC1=C(OC)C=C(CC2=NC=CC3=CC(OC)=C(OC)C=C23)C=C1,XQYZDYMELSJDRZ,1
DB01114,CN(C)CCC(C1=CC=C(Cl)C=C1)C1=CC=CC=N1,SOYKEARSMXGVTM,1
DB01115,COC(=O)C1=C(C)NC(C)=C(C1C1=CC=CC=C1[N+]([O-])=O)C(=O)OC,HYIMSNHJOBLJNT,1
DB01116,O=C1N(CC2=CC=CC=C2)C2C[S+]3CCCC3C2N1CC1=CC=CC=C1,CHQOEHPMXSHGCL,1
DB01117,OC1=C([C@H]2CC[C@@H](CC2)C2=CC=C(Cl)C=C2)C(=O)C2=CC=CC=C2C1=O,KUCQYCKVKVOKAY,0
DB01118,CCCCC1=C(C(=O)C2=CC(I)=C(OCCN(CC)CC)C(I)=C2)C2=C(O1)C=CC=C2,IYIKLHRQXLHMJQ,1
DB01119,CC1=NS(=O)(=O)C2=C(N1)C=CC(Cl)=C2,GDLBFKVLRPITMI,1
DB01120,CC1=CC=C(C=C1)S(=O)(=O)NC(=O)NN1CC2CCCC2C1,BOVGTQGAOIONJV,1
DB01121,NC(=O)NC(=O)CC1=CC=CC=C1,XPFRXWCVYUEORT,1
DB01122,CC[N+](CC)(CCNC(=O)C(=O)NCC[N+](CC)(CC)CC1=CC=CC=C1Cl)CC1=CC=CC=C1Cl,OMHBPUNFVFNHJK,1
DB01124,CCCCNC(=O)NS(=O)(=O)C1=CC=C(C)C=C1,JLRGJRBPOGGCBT,1
DB01126,[H][C@@]1(CC[C@@]2([H])[C@]3([H])CC[C@@]4([H])NC(=O)C=C[C@]4(C)[C@@]3([H])CC[C@]12C)C(=O)NC1=CC(=CC=C1C(F)(F)F)C(F)(F)F,JWJOTENAMICLJG,1
DB01127,ClC1=CC=C(COC(CN2C=CN=C2)C2=C(Cl)C=C(Cl)C=C2)C=C1,LEZWWPYKPKIXLL,1
DB01128,CC(O)(CS(=O)(=O)C1=CC=C(F)C=C1)C(=O)NC1=CC(=C(C=C1)C#N)C(F)(F)F,LKJPYSCBVHEWIU,1
DB01129,COCCCOC1=C(C)C(CS(=O)C2=NC3=CC=CC=C3N2)=NC=C1,YREYEVIYCVEVJK,1
DB01130,[H][C@@]12CC[C@](OC(=O)OCC)(C(=O)COC(=O)CC)[C@@]1(C)C[C@H](O)[C@@]1([H])[C@@]2([H])CCC2=CC(=O)C=C[C@]12C,FNPXMHRZILFCKX,1
DB01131,CC(C)NC(=N)NC(=N)NC1=CC=C(Cl)C=C1,SSOLNOMRVKKSON,1
DB01132,CCC1=CN=C(CCOC2=CC=C(CC3SC(=O)NC3=O)C=C2)C=C1,HYAFETHFCAUJAY,1
DB01133,OP(O)(=O)C(SC1=CC=C(Cl)C=C1)P(O)(O)=O,DKJJVAGXPKPDRL,1
DB01135,COC1=CC(CC2C3=C(OC)C(OC)=C(OC)C=C3CC[N+]2(C)CCCOC(=O)CCC(=O)OCCC[N+]2(C)CCC3=CC(OC)=C(OC)C(OC)=C3C2CC2=CC(OC)=C(OC)C(OC)=C2)=CC(OC)=C1OC,GBLRQXKSCRCLBZ,1
DB01136,COC1=CC=CC=C1OCCNCC(O)COC1=CC=CC2=C1C1=CC=CC=C1N2,OGHNVEJMJSYVRP,1
DB01137,C[C@H]1COC2=C3N1C=C(C(O)=O)C(=O)C3=CC(F)=C2N1CCN(C)CC1,GSDSWSVVBLHKDQ,1
DB01138,O=C1C(CCS(=O)C2=CC=CC=C2)C(=O)N(N1C1=CC=CC=C1)C1=CC=CC=C1,MBGGBVCUIVRRBF,1
DB01139,[H][C@]12SCC(COC(C)=O)=C(N1C(=O)[C@H]2NC(=O)CSC1=CC=NC=C1)C(O)=O,UQLLWWBDSUHNEB,1
DB01140,[H][C@]12SCC(C)=C(N1C(=O)[C@H]2NC(=O)[C@H](N)C1=CC=C(O)C=C1)C(O)=O,BOEGTKLJZSQCCD,1
DB01141,CCCCCOC1=CC=C(C=C1)C1=CC(=NO1)C1=CC=C(C=C1)C(=O)N[C@H]1C[C@@H](O)[C@@H](O)NC(=O)[C@@H]2[C@@H](O)[C@@H](C)CN2C(=O)[C@@H](NC(=O)[C@@H](NC(=O)[C@@H]2C[C@@H](O)CN2C(=O)[C@@H](NC1=O)[C@@H](C)O)[C@H](O)[C@@H](O)C1=CC(OS(O)(=O)=O)=C(O)C=C1)[C@H](O)CC(N)=O,PIEUQSKUWLMALL,1
DB01142,[H]C(CCN(C)C)=C1C2=CC=CC=C2COC2=CC=CC=C12,ODQWQRRAPPTVAG,1
DB01143,NCCCNCCSP(O)(O)=O,JKOQGQFVAUAYPM,1
DB01144,NS(=O)(=O)C1=CC(=C(Cl)C(Cl)=C1)S(N)(=O)=O,GJQPMPFPNINLKP,1
DB01147,[H][C@]12SC(C)(C)[C@@H](N1C(=O)[C@H]2NC(=O)C1=C(C)ON=C1C1=CC=CC=C1Cl)C(O)=O,LQOLIRLGBULYKD,1
DB01149,CCC1=NN(CCCN2CCN(CC2)C2=CC(Cl)=CC=C2)C(=O)N1CCOC1=CC=CC=C1,VRBKIVRKKCLPHA,1
DB01150,[H][C@]12SCC(C=CC)=C(N1C(=O)[C@@]2([H])NC(=O)[C@H](N)C1=CC=C(O)C=C1)C(O)=O,WDLWHQDACQUCJR,1
DB01151,CNCCCN1C2=CC=CC=C2CCC2=CC=CC=C12,HCYAFALTSJYZDH,0
DB01153,ClC1=CC(Cl)=C(C=C1)C(CN1C=CN=C1)OCC1=CSC2=C1C=CC=C2Cl,JLGKQTAYUIMGRK,0
DB01154,CCCC(C)C1(CC=C)C(=O)NC(=S)NC1=O,XLOMZPUITCYLMJ,1
DB01155,CO\N=C1/CN(CC1CN)C1=NC2=C(C=C1F)C(=O)C(=CN2C1CC1)C(O)=O,ZRCVYEYHRGVLOC,1
DB01156,CC(NC(C)(C)C)C(=O)C1=CC(Cl)=CC=C1,SNPPWIUOZRMYNY,1
DB01157,COC1=CC(NCC2=C(C)C3=C(C=C2)N=C(N)N=C3N)=CC(OC)=C1OC,NOYPYLRCIDNJJB,1
DB01158,CC[N+](C)(C)CC1=CC=CC=C1Br,AAQOQKQBGPPFNS,1
DB01159,[H]C(Cl)(Br)C(F)(F)F,BCQZXOMGPXTTIC,1
DB01160,NC(CO)(CO)CO.CCCCC[C@H](O)\C=C\[C@H]1[C@H](O)C[C@H](O)[C@@H]1C\C=C/CCCC(O)=O,IYGXEHDCSOYNKY,0
DB01161,CCN(CC)CCOC(=O)C1=C(Cl)C=C(N)C=C1,VDANGULDQQJODZ,1
DB01162,COC1=C(OC)C=C2C(N)=NC(=NC2=C1)N1CCN(CC1)C(=O)C1CCCO1,VCKUSRYTPJJLNI,1
DB01164,[Cl-].[Cl-].[Ca++],UXVMQQNJUSDDNG,0
DB01165,CC1COC2=C3N1C=C(C(O)=O)C(=O)C3=CC(F)=C2N1CCN(C)CC1,GSDSWSVVBLHKDQ,1
DB01166,O=C1CCC2=C(N1)C=CC(OCCCCC1=NN=NN1C1CCCCC1)=C2,RRGUKTPIGVIEKM,1
DB01167,CCC(C)N1N=CN(C1=O)C1=CC=C(C=C1)N1CCN(CC1)C1=CC=C(OC[C@H]2CO[C@@](CN3C=NC=N3)(O2)C2=CC=C(Cl)C=C2Cl)C=C1,VHVPQPYKVGDNFY,1
DB01168,CNNCC1=CC=C(C=C1)C(=O)NC(C)C,CPTBDICYNRMXFX,1
DB01169,O=[As]O[As]=O,IKWTVSLWAPBBKU,1
DB01170,NC(N)=NCCN1CCCCCCC1,ACGDKVXYNVEAGU,1
DB01171,ClC1=CC=C(C=C1)C(=O)NCCN1CCOCC1,YHXISWVBGDMDLQ,1
DB01172,NC[C@H]1O[C@H](O[C@@H]2[C@@H](N)C[C@@H](N)[C@H](O[C@H]3O[C@H](CO)[C@@H](O)[C@H](N)[C@H]3O)[C@H]2O)[C@H](O)[C@@H](O)[C@@H]1O,SBUJHOSQTJFQJX,1
DB01173,CN(C)CCOC(C1=CC=CC=C1)C1=CC=CC=C1C,QVYRGXJJSLMXQH,1
DB01174,CCC1(C(=O)NC(=O)NC1=O)C1=CC=CC=C1,DDBREPKUVSBGFI,1
DB01175,CN(C)CCC[C@]1(OCC2=C1C=CC(=C2)C#N)C1=CC=C(F)C=C1,WSEQXVZVJXJVFP,1
DB01176,CN1CCN(CC1)C(C1=CC=CC=C1)C1=CC=CC=C1,UVKZSORBKUEBAZ,1
DB01177,C[C@@H]1O[C@H](C[C@H](N)[C@@H]1O)O[C@H]1C[C@@](O)(CC2=C1C(O)=C1C(=O)C3=CC=CC=C3C(=O)C1=C2O)C(C)=O,XDXDZDZNSLXDNA,1
DB01178,CN1C(C2=CC=C(Cl)C=C2)S(=O)(=O)CCC1=O,WEQAYVWKMWHEJO,1
DB01179,[H][C@]12COC(=O)[C@]1([H])[C@H](C1=CC(OC)=C(OC)C(OC)=C1)C1=CC3=C(OCO3)C=C1[C@@H]2O,YJGVMLPVUAXIQN,0
DB01180,[H][C@]12C[C@@H](OC(=O)C=CC3=CC(OC)=C(OC)C(OC)=C3)[C@H](OC)[C@@H](C(=O)OC)[C@@]1([H])C[C@@]1([H])N(CCC3=C1NC1=C3C=CC(OC)=C1)C2,SZLZWPPUNLXJEA,1
DB01181,ClCCNP1(=O)OCCCN1CCCl,HOMGKSMUEGBAAB,0
DB01182,CCCNCC(O)COC1=C(C=CC=C1)C(=O)CCC1=CC=CC=C1,JWHAUXFOSRPERK,1
DB01183,OC1=CC=C2C[C@H]3N(CC=C)CC[C@@]45[C@@H](OC1=C24)C(=O)CC[C@@]35O,UZHSEJADLWPNLE,1
DB01184,ClC1=CC2=C(C=C1)N(C1CCN(CCCN3C(=O)NC4=CC=CC=C34)CC1)C(=O)N2,FGXWKSZFVQUSTL,1
DB01185,[H][C@@]12CC[C@](C)(O)[C@@]1(C)C[C@H](O)[C@@]1(F)[C@@]2([H])CCC2=CC(=O)CC[C@]12C,YLRFCQOZQXIBAB,1
DB01186,[H][C@@]12CC3=CNC4=CC=CC(=C34)[C@@]1([H])C[C@@H](CSC)CN2CCC,YEHCICAEULNIGD,1
DB01188,CC1=CC(=O)N(O)C(=C1)C1CCCCC1,SCKYRAXSEDYPSA,1
DB01189,FC(F)OC(F)C(F)(F)F,DPYMFVXJLLWWEU,1
DB01190,CCC[C@@H]1C[C@H](N(C)C1)C(=O)NC(C(C)Cl)[C@H]1O[C@H](SC)[C@H](O)[C@@H](O)[C@H]1O,KDLRVYVGXIQJDK,1
DB01191,CCN[C@@H](C)CC1=CC=CC(=C1)C(F)(F)F,DBGIVFWFUFKIQN,1
DB01192,[H][C@@]12OC3=C(O)C=CC4=C3[C@@]11CCN(C)[C@]([H])(C4)[C@]1(O)CCC2=O,UQCNKQCJZOAFTQ,1
DB01193,CCCC(=O)NC1=CC=C(OCC(O)CNC(C)C)C(=C1)C(C)=O,GOEMGAFJFRBGGG,1
DB01194,CCN[C@H]1CN(CCCOC)S(=O)(=O)C2=C1C=C(S2)S(N)(=O)=O,HCRKCZRJWPKOAR,0
DB01195,FC(F)(F)COC1=CC(C(=O)NCC2CCCCN2)=C(OCC(F)(F)F)C=C1,DJBNUMBKLMJRSA,1
DB01196,[H][C@@]12CC[C@H](O)[C@@]1(C)CC[C@]1([H])C3=CC=C(OC(=O)N(CCCl)CCCl)C=C3CC[C@@]21[H],FRPJXPJMRWBBIH,1
DB01197,C[C@H](CS)C(=O)N1CCC[C@H]1C(O)=O,FAKRSMQSSFJEIM,1
DB01198,CN1CCN(CC1)C(=O)OC1N(C(=O)C2=NC=CN=C12)C1=NC=C(Cl)C=C1,GBBSUAFBMRNDJC,1
DB01199,[H][C@@]12CC3=CC=C(OC4=C5C(CC[N+](C)(C)[C@]5([H])CC5=CC(OC6=C(OC)C=C(CCN1C)C2=C6)=C(O)C=C5)=CC(OC)=C4O)C=C3,JFJZZMVDLULRGK,1
DB01200,[H][C@@]12CCCN1C(=O)[C@H](CC(C)C)N1C(=O)[C@](NC(=O)[C@H]3CN(C)[C@]4([H])CC5=C(Br)NC6=CC=CC(=C56)C4=C3)(O[C@@]21O)C(C)C,OZVBMTJYIDMWIL,1
DB01201,CO[C@H]1\C=C\O[C@@]2(C)OC3=C(C2=O)C2=C(C(O)=C3C)C(O)=C(NC(=O)\C(C)=C/C=C/[C@H](C)[C@H](O)[C@@H](C)[C@@H](O)[C@@H](C)[C@H](OC(C)=O)[C@@H]1C)C(\C=N\N1CCN(CC1)C1CCCC1)=C2O,WDZCUPBHRAEYDL,1
DB01202,CC[C@H](N1CCCC1=O)C(N)=O,HPHUVLMMVZITSG,0
DB01203,CC(C)(C)NCC(O)COC1=CC=CC2=C1C[C@H](O)[C@H](O)C2,VWPOSFSPZNDTMJ,1
DB01204,OCCNCCNC1=CC=C(NCCNCCO)C2=C1C(=O)C1=C(C(O)=CC=C1O)C2=O,KKZJGLLVHKMTCM,1
DB01205,CCOC(=O)C1=C2CN(C)C(=O)C3=C(C=CC(F)=C3)N2C=N1,OFBIFZUFASYYRE,1
DB01206,ClCCN(N=O)C(=O)NC1CCCCC1,GQYIWUVLTXOXAJ,1
DB01207,OC(=O)CCCCO\N=C(\C1=CN=CC=C1)C1=CC(=CC=C1)C(F)(F)F,GLLPUTYLZIKEGF,1
DB01208,C[C@H]1CN(C[C@@H](C)N1)C1=C(F)C(N)=C2C(=O)C(=CN(C3CC3)C2=C1F)C(O)=O,DZZWHBIBMUVIIW,1
DB01209,[H][C@@]12CC3=CC=C(O)C=C3[C@@](C)(CCCCC1)[C@H]2N,VTMVHDZWSFQSQP,1
DB01210,CC(C)(C)NC[C@H](O)COC1=CC=CC2=C1CCCC2=O,IXHBTMCLRNMKHZ,1
DB01211,[H][C@@]1(C[C@@](C)(OC)[C@@H](O)[C@H](C)O1)O[C@H]1[C@H](C)[C@@H](O[C@]2([H])O[C@H](C)C[C@@H]([C@H]2O)N(C)C)[C@@](C)(C[C@@H](C)C(=O)[C@H](C)[C@@H](O)[C@](C)(O)[C@@H](CC)OC(=O)[C@@H]1C)OC,AGOYDEPGAOXOCK,1
DB01212,[H][C@]12SCC(CSC3=NC(=O)C(=O)NN3C)=C(N1C(=O)[C@H]2NC(=O)C(=N/OC)\C1=CSC(N)=N1)C(O)=O,VAAUVRVFOQPIGI,1
DB01213,CC1=CNN=C1,RIKMMFOAQPJVMX,1
DB01214,CC(C)NCC(O)COC1=C(C)C(C)=C(OC(C)=O)C(C)=C1,BQIPXWYNLPYNHW,1
DB01215,ClC1=CC2=C(C=C1)N1C=NN=C1CN=C2C1=CC=CC=C1,CDCHDCWJMGXXRH,1
DB01216,[H][C@@]12CC[C@H](C(=O)NC(C)(C)C)[C@@]1(C)CC[C@@]1([H])[C@@]2([H])CC[C@@]2([H])NC(=O)C=C[C@]12C,DBEPLOCGEIEOCV,1
DB01217,CC(C)(C#N)C1=CC(=CC(CN2C=NC=N2)=C1)C(C)(C)C#N,YBBLVLTVTVSKRW,1
DB01218,CCCCN(CCCC)CCC(O)C1=C2C=CC(=CC2=C2C=C(Cl)C=C(Cl)C2=C1)C(F)(F)F,FOHHNHSLJDZUGQ,1
DB01219,[O-][N+](=O)C1=CC=C(C=C1)C1=CC=C(O1)\C=N\N1CC(=O)NC1=O,OZOMQRBLCMDCEG,1
DB01220,CO[C@H]1\C=C\O[C@@]2(C)OC3=C(C)C(O)=C4C(O)=C(NC(=O)\C(C)=C/C=C/[C@H](C)[C@H](O)[C@@H](C)[C@@H](O)[C@@H](C)[C@H](OC(C)=O)[C@@H]1C)C1=C(N=C5C=C(C)C=CN15)C4=C3C2=O,NZCRJKRKKOLAOJ,1
DB01221,CNC1(CCCCC1=O)C1=CC=CC=C1Cl,YQEZLKZALYSWHR,1
DB01222,[H][C@@]12C[C@H]3OC(CCC)O[C@@]3(C(=O)CO)[C@@]1(C)C[C@H](O)[C@@]1([H])[C@@]2([H])CCC2=CC(=O)C=C[C@]12C,VOVIALXJUBGFJZ,1
DB01223,NCCN.CN1C2=C(NC=N2)C(=O)N(C)C1=O.CN1C2=C(NC=N2)C(=O)N(C)C1=O,FQPFAHBPWDRTLU,0
DB01224,OCCOCCN1CCN(CC1)C1=NC2=CC=CC=C2SC2=CC=CC=C12,URKOMYMAXPYINW,1
DB01226,COC1=CC(C[C@@H]2C3=CC(OC)=C(OC)C=C3CC[N+]2(C)CCCOC(=O)CC\C=C\CCC(=O)OCCC[N+]2(C)CCC3=CC(OC)=C(OC)C=C3[C@H]2CC2=CC(OC)=C(OC)C(OC)=C2)=CC(OC)=C1OC,ILVYCEVXHALBSC,1
DB01227,CC[C@H](OC(C)=O)C(C[C@H](C)N(C)C)(C1=CC=CC=C1)C1=CC=CC=C1,XBMIVRRWGCYBTQ,1
DB01228,COC1=CC=C(C=C1)C(=O)NC1=CC=CC=C1CCC1CCCCN1C,PJWPNDMDCLXCOM,1
DB01229,[H][C@]12[C@H](OC(=O)C3=CC=CC=C3)[C@]3(O)C[C@H](OC(=O)[C@H](O)[C@@H](NC(=O)C4=CC=CC=C4)C4=CC=CC=C4)C(C)=C([C@@H](OC(C)=O)C(=O)[C@]1(C)[C@@H](O)C[C@H]1OC[C@@]21OC(C)=O)C3(C)C,RCINICONZNJXQF,1
DB01232,[H][C@@]12CCCC[C@]1([H])CN(C[C@@H](O)[C@H](CC1=CC=CC=C1)NC(=O)[C@H](CC(N)=O)NC(=O)C1=NC3=C(C=CC=C3)C=C1)[C@@H](C2)C(=O)NC(C)(C)C,QWAXKHKRTORLEM,1
DB01233,CCN(CC)CCNC(=O)C1=CC(Cl)=C(N)C=C1OC,TTWJBBZEZQICBI,1
DB01234,[H][C@@]12C[C@@H](C)[C@](O)(C(=O)CO)[C@@]1(C)C[C@H](O)[C@@]1(F)[C@@]2([H])CCC2=CC(=O)C=C[C@]12C,UREBDLICKHMUKA,1
DB01235,N[C@@H](CC1=CC(O)=C(O)C=C1)C(O)=O,WTDRDQBEARUVNC,1
DB01236,FCOC(C(F)(F)F)C(F)(F)F,DFEYYRMXOJXZRJ,1
DB01238,ClC1=CC=CC(N2CCN(CCCCOC3=CC4=C(CCC(=O)N4)C=C3)CC2)=C1Cl,CEUORZQYGODEFX,1
DB01239,CN(C)CC\C=C1\C2=CC=CC=C2SC2=CC=C(Cl)C=C12,WSPOMRSOLSGNFJ,1
DB01240,[H][C@]12C[C@@H](O)[C@H](\C=C\[C@@H](O)CCCCC)[C@@]1([H])C\C(O2)=C\CCCC(O)=O,KAQKFAOMNZTLHT,1
DB01241,CC1=CC(OCCCC(C)(C)C(O)=O)=C(C)C=C1,HEMJJKBWTPKOJG,0
DB01242,CN(C)CCCN1C2=CC=CC=C2CCC2=C1C=C(Cl)C=C2,GDLIGKIOYRNHDA,1
DB01243,OC1=C(Cl)C=C(Cl)C2=C1N=CC=C2,WDFKMLRRRCGAKS,0
DB01244,CC(C)COCC(CN(CC1=CC=CC=C1)C1=CC=CC=C1)N1CCCC1,UIEATEWHFDRYRU,1
DB01245,C[N+](C)(C)CCCCCCCCCC[N+](C)(C)C,MTCUAOILFDZKCO,1
DB01246,CC(CN(C)C)CN1C2=CC=CC=C2SC2=CC=CC=C12,ZZHLYYDVIOPZBE,1
DB01247,CC1=CC(=NO1)C(=O)NNCC1=CC=CC=C1,XKFPYPQQHFEXRZ,1
DB01248,[H][C@@]1(C[C@@]2(O)[C@@H](OC(=O)C3=CC=CC=C3)[C@]3([H])[C@@]4(CO[C@@H]4C[C@H](O)[C@@]3(C)C(=O)[C@H](O)C(=C1C)C2(C)C)OC(C)=O)OC(=O)[C@H](O)[C@@H](NC(=O)OC(C)(C)C)C1=CC=CC=C1,ZDZOTLJHXYCWBA,1
DB01249,CC(=O)N(CC(O)CN(C(C)=O)C1=C(I)C(C(=O)NCC(O)CO)=C(I)C(C(=O)NCC(O)CO)=C1I)C1=C(I)C(C(=O)NCC(O)CO)=C(I)C(C(=O)NCC(O)CO)=C1I,NBQNWMBBSKPBAY,1
DB01250,OC(=O)C1=CC(=CC=C1O)\N=N\C1=CC=C(O)C(=C1)C(O)=O,QQBDLJCYGRGAKP,1
DB01251,COC1=CC2=C(C=C1)C(C)(C)C(=O)N(CCC1=CC=C(C=C1)S(=O)(=O)NC(=O)NC1CCCCC1)C2=O,LLJFMFZYVVLQKT,1
DB01252,[H][C@@](CC(=O)N1C[C@@]2([H])CCCC[C@@]2([H])C1)(CC1=CC=CC=C1)C(O)=O,WPGGHFDDFPHPOB,1
DB01253,[H][C@@]12CC3=CNC4=CC=CC(=C34)C1=C[C@H](CN2C)C(=O)N[C@@H](C)CO,WVVSZNPYNCNODU,1
DB01254,CC1=NC(NC2=NC=C(S2)C(=O)NC2=C(C)C=CC=C2Cl)=CC(=N1)N1CCN(CCO)CC1,ZBNZXTGUTAYRHI,1
DB01255,C[C@@H](CC1=CC=CC=C1)NC(=O)[C@@H](N)CCCCN,VOBHXZCDAVEXEY,1
DB01256,[H][C@@]12C(=O)CC[C@]11CC[C@@H](C)[C@@]2(C)[C@@H](C[C@@](C)(C=C)[C@@H](O)[C@@H]1C)OC(=O)CS[C@H]1C[C@@H]2CC[C@H](C1)N2C,STZYTFJPGGDRJD,1
DB01259,CS(=O)(=O)CCNCC1=CC=C(O1)C1=CC2=C(C=C1)N=CN=C2NC1=CC(Cl)=C(OCC2=CC(F)=CC=C2)C=C1,BCFGMOOMADDAQU,1
DB01260,[H][C@@]12C[C@H]3OC(C)(C)O[C@@]3(C(=O)CO)[C@@]1(C)C[C@H](O)[C@@]1([H])[C@@]2([H])CCC2=CC(=O)C=C[C@]12C,WBGKWQHBNHJJPZ,1
DB01261,N[C@@H](CC(=O)N1CCN2C(C1)=NN=C2C(F)(F)F)CC1=CC(F)=C(F)C=C1F,MFFMDFFZMYYVKS,1
DB01262,NC1=NC(=O)N(C=N1)[C@H]1C[C@H](O)[C@@H](CO)O1,XAUDJQYHKZQPEU,1
DB01263,[H][C@@](C)(O)[C@]([H])(CC)N1N=CN(C1=O)C1=CC=C(C=C1)N1CCN(CC1)C1=CC=C(OC[C@]2([H])CO[C@](CN3C=NC=N3)(C2)C2=C(F)C=C(F)C=C2)C=C1,RAGOYPUPXAKGKH,1
DB01264,[H][C@@]12CCO[C@]1([H])OC[C@@H]2OC(=O)N[C@@H](CC1=CC=CC=C1)[C@H](O)CN(CC(C)C)S(=O)(=O)C1=CC=C(N)C=C1,CJBJHOAVZSMMDJ,1
DB01267,CC1=C(CCN2CCC(CC2)C2=NOC3=C2C=CC(F)=C3)C(=O)N2CCCC(O)C2=N1,PMXMIIMHBWHSKN,1
DB01268,CCN(CC)CCNC(=O)C1=C(C)NC(\C=C2/C(=O)NC3=C2C=C(F)C=C3)=C1C,WINHZLLDWRZWRT,1
DB01273,C1C2CNCC1C1=C2C=C2N=CC=NC2=C1,JQSHBVHOMNKWFT,1
DB01274,COC1=CC=C(C[C@@H](C)NC[C@H](O)C2=CC(NC=O)=C(O)C=C2)C=C1,BPZSYCZIITTYBL,1
DB01275,NNC1=NN=CC2=CC=CC=C12,RPTUSVTUFVMDQK,1
DB01280,COC1=NC(N)=NC2=C1N=CN2[C@@H]1O[C@H](CO)[C@@H](O)[C@@H]1O,IXOXBSCIXZEQEQ,1
DB01282,[H][C@]1(NC(=O)[C@H](CC2=CC=C(OC)C=C2)NC(=O)CCCSC[C@H](NC(=O)[C@H](CC(N)=O)NC(=O)[C@H](CCC(N)=O)NC1=O)C(=O)N1CCC[C@H]1C(=O)N[C@@H](CC(C)C)C(=O)NCC(N)=O)[C@@H](C)CC,NSTRIRCPWQHTIA,1
DB01283,CC1=CC=C(NC2=C(Cl)C=CC=C2F)C(CC(O)=O)=C1,KHPKQFYUPIUARC,1
DB01284,CSCC[C@H](NC(=O)[C@H](CO)NC(=O)[C@H](CC1=CC=C(O)C=C1)NC(=O)[C@@H](N)CO)C(=O)N[C@@H](CCC(O)=O)C(=O)N[C@@H](CC1=CN=CN1)C(=O)N[C@@H](CC1=CC=CC=C1)C(=O)N[C@@H](CCCNC(N)=N)C(=O)N[C@@H](CC1=CNC2=C1C=CC=C2)C(=O)NCC(=O)N[C@@H](CCCCN)C(=O)N1CCC[C@H]1C(=O)N[C@@H](C(C)C)C(=O)NCC(=O)N[C@@H](CCCCN)C(=O)N[C@@H](CCCCN)C(=O)N[C@@H](CCCNC(N)=N)C(=O)N[C@@H](CCCNC(N)=N)C(=O)N1CCC[C@H]1C(=O)N[C@@H](C(C)C)C(=O)N[C@@H](CCCCN)C(=O)N[C@@H](C(C)C)C(=O)N[C@@H](CC1=CC=C(O)C=C1)C(=O)N1CCC[C@H]1C(O)=O,ZOEFCCMDUURGSE,1
DB01288,CC(CC1=CC=C(O)C=C1)NCC(O)C1=CC(O)=CC(O)=C1,LSLYOANBFKQKPT,1
DB01289,CC1=CC(=NO1)C(=O)NCCC1=CC=C(C=C1)S(=O)(=O)NC(=O)NN1CCCCCC1,ZKUDBRCEOBOWLF,1
DB01291,CC(C)(C)NCC(O)C1=NC(CO)=C(O)C=C1,VQDBNKDJNJQRDG,1
DB01294,O[Bi]1OC(=O)C2=CC=CC=C2O1,ZREIPSZUJIFJNP,1
DB01295,COC1=C(OC)C=C(CCNCC(O)COC2=CC=CC(C)=C2)C=C1,HXLAFSUPPDYFEO,1
DB01296,N[C@H]1C(O)O[C@H](CO)[C@@H](O)[C@@H]1O,MSWZFWKMSRAUBD,1
DB01297,CC(C)NCC(O)COC1=CC=C(NC(C)=O)C=C1,DURULFYMVIFBIR,1
DB01298,CCN1C=CC(NS(=O)(=O)C2=CC=C(N)C=C2)=NC1=O,SIBQAECNSSQUOD,0
DB01299,COC1=NC=NC(NS(=O)(=O)C2=CC=C(N)C=C2)=C1OC,PJSFRIWCGOHTNF,1
DB01301,[H][C@@]12C[C@@]3([H])C(C(=O)C4=C(O)C=CC=C4[C@@]3(C)O)=C(O)[C@]1(O)C(=O)C(C(=O)NCN1CCCC1)=C(O)[C@H]2N(C)C,HMEYVGGHISAPJR,0
DB01303,C[N+](C)(C)CCO.CN1C2=C([N-]C=N2)C(=O)N(C)C1=O,RLANKEDHRWMNRO,0
DB01319,CC(C)CN(C[C@@H](OP(O)(O)=O)[C@H](CC1=CC=CC=C1)NC(=O)O[C@H]1CCOC1)S(=O)(=O)C1=CC=C(N)C=C1,MLBVMOWEQCZNCC,1
DB01320,OP(O)(=O)OCN1C(=O)NC(C1=O)(C1=CC=CC=C1)C1=CC=CC=C1,XWLUWCNOOVRFPX,1
DB01321,CO[C@H]1[C@@H](CC(=O)O[C@H](C)C\C=C\C=C\[C@H](O)[C@H](C)C[C@H](CC=O)[C@@H]1O[C@@H]1O[C@H](C)[C@@H](O[C@H]2C[C@@](C)(O)[C@@H](OC(=O)CC(C)C)[C@H](C)O2)[C@@H]([C@H]1O)N(C)C)OC(C)=O,XJSFLOJWULLJQS,1
DB01324,CN1C(CSCC(F)(F)F)NC2=CC(Cl)=C(C=C2S1(=O)=O)S(N)(=O)=O,CYLWJCABXYDINA,1
DB01325,CCC1NC(=O)C2=CC(=C(Cl)C=C2N1)S(N)(=O)=O,AGMMTXLNIQSRCG,1
DB01326,[H][C@]12SCC(CSC3=NN=NN3C)=C(N1C(=O)[C@H]2NC(=O)[C@H](O)C1=CC=CC=C1)C(O)=O,OLVCFLKTBJRLHI,1
DB01327,[H][C@]12SCC(CSC3=NN=C(C)S3)=C(N1C(=O)[C@H]2NC(=O)CN1C=NN=N1)C(O)=O,MLYYVTUWGNIJIB,1
DB01328,[H][C@]12SCC(CSC3=NN=NN3CS(O)(=O)=O)=C(N1C(=O)[C@H]2NC(=O)[C@H](O)C1=CC=CC=C1)C(O)=O,DYAIAHUQIPBDIP,1
DB01329,[H][C@]12SCC(CSC3=NN=NN3C)=C(N1C(=O)[C@@]2([H])NC(=O)[C@H](NC(=O)N1CCN(CC)C(=O)C1=O)C1=CC=C(O)C=C1)C(O)=O,GCFBRXLSHGKWDP,1
DB01330,[H][C@]12SCC(CSC3=NN=NN3C)=C(N1C(=O)[C@]2(NC(=O)C1SC(S1)=C(C(N)=O)C(O)=O)OC)C(O)=O,SRZNHPXWXCNNDU,1
DB01331,[H][C@]12SCC(COC(N)=O)=C(N1C(=O)[C@]2(NC(=O)CC1=CC=CS1)OC)C(O)=O,WZOZEZRFJCJXNZ,1
DB01332,[H][C@]12SCC=C(N1C(=O)[C@H]2NC(=O)C(=N/OC)\C1=CSC(N)=N1)C(O)=O,NNULBSISHYWZJU,1
DB01333,[H][C@]12SCC(C)=C(N1C(=O)[C@H]2NC(=O)[C@H](N)C1=CCC=CC1)C(O)=O,RDLPVSKMFDYCOR,1
DB01336,[H][C@@]12CC3=CC=C(OC4=C5C(CC[N+](C)(C)[C@]5([H])CC5=CC(OC6=C(OC)C=C(CC[N+]1(C)C)C2=C6)=C(OC)C=C5)=CC(OC)=C4OC)C=C3,JFXBEKISTKFVAB,1
DB01337,[H][C@@]12C[C@@H]([C@H](OC(C)=O)[C@@]1(C)CC[C@@]1([H])[C@@]2([H])CC[C@@]2([H])C[C@H](OC(C)=O)[C@H](C[C@]12C)[N+]1(C)CCCCC1)[N+]1(C)CCCCC1,GVEAYVLWDAFXET,1
DB01338,[H][C@@]12C[C@@H]([C@H](OC(C)=O)[C@@]1(C)CC[C@@]1([H])[C@@]2([H])CC[C@@]2([H])C[C@H](OC(C)=O)[C@H](C[C@]12C)N1CC[N+](C)(C)CC1)N1CC[N+](C)(C)CC1,OWWLUIWOFHMHOQ,1
DB01339,[H][C@@]12C[C@@H]([C@H](OC(C)=O)[C@@]1(C)CC[C@@]1([H])[C@@]2([H])CC[C@@]2([H])C[C@H](OC(C)=O)[C@H](C[C@]12C)N1CCCCC1)[N+]1(C)CCCCC1,BGSZAXLLHYERSY,1
DB01340,CCOC(=O)[C@H](CCC1=CC=CC=C1)N[C@H]1CCCN2CCC[C@H](N2C1=O)C(O)=O,HHHKFGXWKKUNCY,0
DB01345,[K+],NPYPAHLBTDXSSS,1
DB01348,CCOC(=O)[C@H](CCC1=CC=CC=C1)N[C@@H](C)C(=O)N1CC2(C[C@H]1C(O)=O)SCCS2,HRWCVUIFMSZDJS,0
DB01349,CC1=NC(C)=C2CCC(=O)N(CC3=CC=C(C=C3)C3=CC=CC=C3C3=NNN=N3)C2=N1,ADXGNEYLLLSOAR,1
DB01351,CCC1(CCC(C)C)C(=O)NC(=O)NC1=O,VIROVYVQCGLCII,1
DB01353,CCCCC1(CC)C(=O)NC(=O)NC1=O,STDBAQMTJLUMFW,1
DB01355,CN1C(=O)NC(=O)C(C)(C1=O)C1=CCCCC1,UYXAWHWODHRRMR,1
DB01356,[Li+],HBBGRARXTFLTSG,1
DB01357,[H][C@@]12CC[C@@](O)(C#C)[C@@]1(C)CC[C@]1([H])C3=C(CC[C@@]21[H])C=C(OC)C=C3,IMSSROKUHAOUJS,1
DB01359,CC(C)(C)NC[C@H](O)COC1=CC=CC=C1C1CCCC1,KQXKVJAGOJTNJS,1
DB01362,CC(=O)N(CC(O)CO)C1=C(I)C(C(=O)NCC(O)CO)=C(I)C(C(=O)NCC(O)CO)=C1I,NTHXOOBQLCIOLC,1
DB01364,CN[C@@H](C)[C@H](O)C1=CC=CC=C1,KWGRBVOPPLSCSI,1
DB01365,CNC(C)(C)CC1=CC=CC=C1,RXQCGGRTAILOIN,1
DB01366,CC[C@H](NC(C)C)[C@H](O)C1=C2C=CC(=O)NC2=C(O)C=C1,FKNXQNWAXFXVNW,1
DB01367,C#CCN[C@@H]1CCC2=CC=CC=C12,RUOKEQAAGRXIBM,1
DB01369,[H][C@@]12CCCN1C(=O)[C@@H](CC)NC(=O)[C@@H](NC(=O)C1=NC=CC=C1O)[C@@H](C)OC(=O)[C@@H](NC(=O)[C@]1([H])CC(=O)[C@]([H])(CS[C@@H]3CN4CCC3CC4)CN1C(=O)[C@H](CC1=CC=C(C=C1)N(C)C)N(C)C2=O)C1=CC=CC=C1,WTHRRGMBUAHGNI,1
DB01370,[Al],XAGFODPZIPBFFR,1
DB01377,[O--].[Mg++],AXZKOIWUVFPNLO,0
DB01378,[Mg++],JLVVSXFLKOJNIY,1
DB01380,[H][C@@]12CC[C@](O)(C(=O)COC(C)=O)[C@@]1(C)CC(=O)[C@@]1([H])[C@@]2([H])CCC2=CC(=O)CC[C@]12C,ITRJWOMZKQRYTA,1
DB01384,[H][C@@]12C[C@@H](C)[C@](O)(C(=O)CO)[C@@]1(C)C[C@H](O)[C@@]1([H])[C@@]2([H])C[C@H](F)C2=CC(=O)C=C[C@]12C,MKPDWECBUAZOHP,1
DB01390,[Na+].OC([O-])=O,UIIMBOGNXHQVGW,0
DB01392,[H][C@@]12CC[C@H](O)[C@H](C(=O)OC)[C@@]1([H])C[C@]1([H])N(CCC3=C1NC1=CC=CC=C31)C2,BLGXFZZNTVWLAY,1
DB01393,CC(C)(OC1=CC=C(CCNC(=O)C2=CC=C(Cl)C=C2)C=C1)C(O)=O,IIBYAHWJQTYFKB,1
DB01394,COC1=CC2=C(C(OC)=C1OC)C1=CC=C(OC)C(=O)C=C1C(CC2)NC(C)=O,IAKHMKGGTNLKSZ,1
DB01395,[H][C@@]12C[C@]1([H])[C@@]1([H])[C@]3([H])[C@]4([H])C[C@]4([H])[C@@]4(CCC(=O)O4)[C@@]3(C)CC[C@]1([H])[C@@]1(C)CCC(=O)C=C21,METQSPRSQINEEU,1
DB01396,[H][C@@]1(CC[C@]2(O)[C@]3([H])CC[C@]4([H])C[C@H](CC[C@]4(C)[C@@]3([H])CC[C@]12C)O[C@H]1C[C@H](O)[C@H](O[C@H]2C[C@H](O)[C@H](O[C@H]3C[C@H](O)[C@H](O)[C@@H](C)O3)[C@@H](C)O2)[C@@H](C)O1)C1=CC(=O)OC1,WDJUZGPOPHTGOT,1
DB01397,[Mg++].OC1=CC=CC=C1C([O-])=O.OC1=CC=CC=C1C([O-])=O,MQHWFIOJQSCFNM,0
DB01399,OC(=O)C1=CC=CC=C1OC(=O)C1=CC=CC=C1O,WVYADZUPLLSGPU,1
DB01400,CN(C)C(=O)OC1=CC(=CC=C1)[N+](C)(C)C,ALWKGYPQUAPLQC,1
DB01401,[Mg++].C[N+](C)(C)CCO.OC1=CC=CC=C1C([O-])=O.OC1=CC=CC=C1C([O-])=O.OC1=CC=CC=C1C([O-])=O,FQCQGOZEWWPOKI,0
DB01403,COC1=CC2=C(SC3=C(C=CC=C3)N2C[C@H](C)CN(C)C)C=C1,VRQVVMDWGGWHTJ,1
DB01406,[H][C@@]12CC[C@@](O)(C#C)[C@@]1(C)CC[C@@]1([H])[C@@]2([H])CCC2=CC3=C(C[C@]12C)C=NO3,POZRVZJJTULAOH,1
DB01407,CC(C)(C)NCC(O)C1=CC(Cl)=C(N)C(Cl)=C1,STJMRWALKKWQGH,1
DB01408,CN(C)C(=O)OC1=CC(=CC(OC(=O)N(C)C)=C1)C(O)CNC(C)(C)C,ANZXOIAKUNOVQU,1
DB01409,[H][C@]12O[C@@]1([H])[C@]1([H])C[C@@]([H])(C[C@@]2([H])[N+]1(C)C)OC(=O)C(O)(C1=CC=CS1)C1=CC=CS1,LERNTVKEWCAPOY,1
DB01410,[H][C@@]12C[C@@]3([H])[C@]4([H])CCC5=CC(=O)C=C[C@]5(C)[C@@]4([H])[C@@H](O)C[C@]3(C)[C@@]1(O[C@@H](O2)C1CCCCC1)C(=O)COC(=O)C(C)C,LUKZNWIVRBCLON,1
DB01411,O=C(NC1=C2OC(=CC(=O)C2=CC=C1)C1=NNN=N1)C1=CC=C(OCCCCC2=CC=CC=C2)C=C1,NBQKINXMPLXUET,1
DB01412,CN1C=NC2=C1C(=O)NC(=O)N2C,YAPQBXQYLJRXSA,1
DB01413,CO\N=C(/C(=O)N[C@@H]1C(=O)N2[C@]1([H])SCC(C[N+]1(C)CCCC1)=C2C([O-])=O)C1=CSC(N)=N1,HVFLCNVBZFFHBT,0
DB01414,[H][C@]12SCC(COC(C)=O)=C(N1C(=O)[C@H]2NC(=O)CC#N)C(O)=O,RRYMAQUWDLIUPV,1
DB01415,[H][C@]12SCC=C(N1C(=O)[C@H]2NC(=O)C(=C/CC(O)=O)\C1=CSC(N)=N1)C(O)=O,UNJFKXSSGBWRBZ,1
DB01416,[H][C@]12SCC(COC)=C(N1C(=O)[C@H]2NC(=O)C(=N/OC)\C1=CSC(N)=N1)C(O)=O,WYUSVOMTXWRGEK,1
DB01418,CC(=O)CC(C1=CC=C(C=C1)[N+]([O-])=O)C1=C(O)C2=CC=CC=C2OC1=O,VABCILAOYCMVPS,1
DB01420,[H][C@@]12CC[C@H](OC(=O)CC)[C@@]1(C)CC[C@@]1([H])[C@@]2([H])CCC2=CC(=O)CC[C@]12C,PDMMFKSKQVNJMI,1
DB01421,NC[C@@H]1O[C@H](O[C@@H]2[C@@H](CO)O[C@@H](O[C@@H]3[C@@H](O)[C@H](N)C[C@H](N)[C@H]3O[C@H]3O[C@H](CO)[C@@H](O)[C@H](O)[C@H]3N)[C@@H]2O)[C@H](N)[C@@H](O)[C@@H]1O,UOZODPSAJZTQNH,1
DB01422,OC1=C2N=CC=CC2=C(C=C1)[N+]([O-])=O,RJIWZDNTCBHXAL,0
DB01423,CC(SC(=O)C1=CC=CS1)C(=O)NCC(O)=O,JNYSEDHQJCOWQU,1
DB01424,CN(C)C1=C(C)N(C)N(C1=O)C1=CC=CC=C1,RMMXTBMQSGEXHJ,1
DB01426,CC[C@H]1[C@@H]2C[C@H]3[C@@H]4N(C)C5=CC=CC=C5[C@]44C[C@@H](C2[C@H]4O)N3[C@@H]1O,CJDRUOGAGYHKKD,1
DB01427,NC1=CC(=CNC1=O)C1=CC=NC=C1,RNLQIBCLLYYYFJ,1
DB01429,CCN(CC)CCCN(C1CC2=CC=CC=C2C1)C1=CC=CC=C1,NZLBHDRPUJLHCE,1
DB01431,[H][C@@]12CC[C@@](O)(CC=C)[C@@]1(C)CC[C@]1([H])[C@@]3([H])CCCC=C3CC[C@@]21[H],ATXHVCQZZJYMCF,1
DB01433,CCC(OC(C)=O)C(CC(C)N(C)C)(C1=CC=CC=C1)C1=CC=CC=C1,XBMIVRRWGCYBTQ,1
DB01435,CN1N(C(=O)C=C1C)C1=CC=CC=C1,VEQOALNAAJBPNY,1
DB01436,CC(C)CCC[C@@H](C)[C@@]1([H])CC[C@@]2([H])\C(CCC[C@]12C)=C\C=C1\C[C@@H](O)C[C@H](O)C1=C,OFHCOWSQAMBJIW,1
DB01437,CCC1(CCC(=O)NC1=O)C1=CC=CC=C1,JMBQKKAJIKAWKF,1
DB01438,NC1=NC(N)=C(C=C1)\N=N\C1=CC=CC=C1,QPFYXYFORQJZEC,1
DB01440,OCCCC(O)=O,SJZRECIVHVDYJC,1
DB01452,[H][C@@]12C=C[C@H](OC(C)=O)[C@@H]3OC4=C(OC(C)=O)C=CC5=C4[C@]13CCN(C)[C@@H]2C5,GVGLGOZIDCSQPN,1
DB01463,CCNC1C2CCC(C2)C1C1=CC=CC=C1,IKFBPFGUINLYQI,1
DB01466,[H][C@@]12OC3=C(OCC)C=CC4=C3[C@@]11CCN(C)[C@]([H])(C4)[C@]1([H])C=C[C@@H]2O,OGDVEMNWJVYAJL,1
DB01489,CN(C)C(=O)OC1N=C(C2=CC=CC=C2)C2=C(C=CC(Cl)=C2)N(C)C1=O,PXBVEXGRHZFEOF,1
DB01501,OC(=O)C1(CCN(CCC(C#N)(C2=CC=CC=C2)C2=CC=CC=C2)CC1)C1=CC=CC=C1,UFIVBRCCIRTJTN,1
DB01511,ClC1=CC2=C(NC(=O)CN=C2C2=CC=CC=C2Cl)C=C1,CHIFCDOIPRCHCF,1
DB01544,CN1C2=C(C=C(C=C2)[N+]([O-])=O)C(=NCC1=O)C1=CC=CC=C1F,PPTYJKAXVCCBDU,1
DB01545,CCOC(=O)C1N=C(C2=CC=CC=C2F)C2=C(NC1=O)C=CC(Cl)=C2,CUCHJCMWNFEYOM,1
DB01551,[H][C@@]12OC3=C4C(C[C@H]5N(C)CC[C@@]14[C@@]5([H])CC[C@@H]2O)=CC=C3OC,RBOXVHNMENFORY,1
DB01553,ClC1=CC2=C(NC(=O)CN3CCOC23C2=CC=CC=C2Cl)C=C1,ZIXNZOBDFKSQTC,1
DB01558,BrC1=CC2=C(NC(=O)CN=C2C2=CC=CC=N2)C=C1,VMIYHDSEFNYJSL,1
DB01559,CCC1=CC2=C(S1)N(C)C(=O)CN=C2C1=CC=CC=C1Cl,CHBRHODLKOZEPZ,1
DB01563,OC(O)C(Cl)(Cl)Cl,RNFNDJAIBTYOQL,1
DB01567,CN1C2=C(C=C(Cl)C=C2)C(=NCC1=O)C1=CC=CC=C1F,ROYOYTLGDLIGBX,1
DB01575,O.O.[Al+3].[Al+3].[O-][Si]([O-])([O-])O[Si]([O-])([O-])[O-],KGOIAFZMMLWXLM,0
DB01576,C[C@H](N)CC1=CC=CC=C1,KWTSXDURSIMDCE,1
DB01577,CN[C@@H](C)CC1=CC=CC=C1,MYWUZJCMWCOHBA,1
DB01578,CN(C(C)=O)C1=C(I)C(C(=O)N[C@@H](C=O)[C@@H](O)[C@H](O)[C@H](O)CO)=C(I)C(NC(C)=O)=C1I,DTZMSDADRKLCQE,0
DB01579,C[C@H]1[C@@H](OCCN1C)C1=CC=CC=C1,MFOCDFTXLCYLKU,1
DB01580,CC(C)NCC(O)COC1=CC=CC=C1OCC=C,CEMAWMOMDPGJMB,1
DB01581,CC1=NC(NS(=O)(=O)C2=CC=C(N)C=C2)=NC=C1,QPPBRPIAZZHUNT,1
DB01582,CC1=CC(C)=NC(NS(=O)(=O)C2=CC=C(N)C=C2)=N1,ASWVTGNCAZCNNR,1
DB01583,[Na+].[Na+].N[C@@H](CC1=CC(I)=C(OC2=CC(I)=C(O)C=C2)C(I)=C1)C([O-])=O.N[C@@H](CC1=CC(I)=C(OC2=CC(I)=C(O)C(I)=C2)C(I)=C1)C([O-])=O,LKYWLLWWYBVUPP,0
DB01586,[H][C@@]1(CC[C@@]2([H])[C@]3([H])[C@@H](O)C[C@]4([H])C[C@H](O)CC[C@]4(C)[C@@]3([H])CC[C@]12C)[C@H](C)CCC(O)=O,RUDATBOHQWOJDD,1
DB01587,CN1C2=C(C=C(Cl)C=C2)C2(OC(C)=CC(=O)N2CC1=O)C1=CC=CC=C1,PWAJCNITSBZRBL,1
DB01588,ClC1=CC2=C(C=C1)N(CC1CC1)C(=O)CN=C2C1=CC=CC=C1,MWQCHHACWWAQLJ,1
DB01589,FC1=CC=CC=C1C1=NCC(=S)N(CC(F)(F)F)C2=C1C=C(Cl)C=C2,IKMPWMZBZSAONZ,1
DB01590,[H][C@@]1(C[C@@H](C)[C@]2([H])CC(=O)[C@H](C)\C=C(C)\[C@@H](O)[C@@H](OC)C(=O)[C@H](C)C[C@H](C)\C=C\C=C\C=C(C)\[C@H](C[C@]3([H])CC[C@@H](C)[C@@](O)(O3)C(=O)C(=O)N3CCCC[C@@]3([H])C(=O)O2)OC)CC[C@@H](OCCO)[C@@H](C1)OC,HKVAMNSJSFKALM,0
DB01591,O=C(O[C@H]1CN2CCC1CC2)N1CCC2=CC=CC=C2[C@@H]1C1=CC=CC=C1,FBOUYBDGKBSUES,1
DB01592,[Fe],XEEYBQQBJWHFJM,1
DB01595,[O-][N+](=O)C1=CC2=C(NC(=O)CN=C2C2=CC=CC=C2)C=C1,KJONHKAYOJNZEC,1
DB01597,CC1(C)C[C@@H]1C(=O)N\C(=C/CCCCSC[C@H](N)C(O)=O)C(O)=O,DHSUYTOATWAVLW,1
DB01598,[H][C@]12CC(SCC\N=C\N)=C(N1C(=O)[C@]2([H])[C@@H](C)O)C(O)=O,ZSKVGTPCRGIANV,1
DB01599,CC(C)(SC1=CC(=C(O)C(=C1)C(C)(C)C)C(C)(C)C)SC1=CC(=C(O)C(=C1)C(C)(C)C)C(C)(C)C,FYPMFJGVHOHGLL,1
DB01600,CC(C(O)=O)C1=CC=C(S1)C(=O)C1=CC=CC=C1,GUHPRPJDBZHYCJ,1
DB01601,CC(C)[C@H](N1CCCNC1=O)C(=O)N[C@H](C[C@H](O)[C@H](CC1=CC=CC=C1)NC(=O)COC1=C(C)C=CC=C1C)CC1=CC=CC=C1,KJHKTHWMRKYKJE,1
DB01602,[H][C@]12SC(C)(C)[C@@H](N1C(=O)[C@H]2NC(=O)[C@H](N)C1=CC=CC=C1)C(=O)OC(C)OC(=O)OCC,PFOLLRNADZZWEX,1
DB01603,[H][C@]12SC(C)(C)[C@@H](N1C(=O)[C@H]2NC(=O)C1=C(OC)C=CC=C1OC)C(O)=O,RJQXTJLFIWVMTO,1
DB01604,[H][C@]12SC(C)(C)[C@@H](N1C(=O)[C@H]2NC(=O)[C@H](N)C1=CC=CC=C1)C(=O)OCOC(=O)C(C)(C)C,ZEMIJUDPLILVNQ,1
DB01605,[H]C(=N[C@@H]1C(=O)N2[C@@H](C(=O)OCOC(=O)C(C)(C)C)C(C)(C)S[C@]12[H])N1CCCCCC1,NPGNOVNWUSPMDP,1
DB01606,[H][C@@]12CC(=O)N1[C@@H](C(O)=O)[C@](C)(CN1C=CN=N1)S2(=O)=O,LPQZKKCYTLCDGQ,1
DB01607,[H][C@]12SC(C)(C)[C@@H](N1C(=O)[C@H]2NC(=O)[C@H](C(O)=O)C1=CSC=C1)C(O)=O,OHKOGUYZJXTSFX,1
DB01608,OC1CCN(CCCN2C3=CC=CC=C3SC3=C2C=C(C=C3)C#N)CC1,LUALIOATIOESLM,1
DB01609,OC(=O)C1=CC=C(C=C1)N1N=C(N=C1C1=CC=CC=C1O)C1=CC=CC=C1O,BOFQWVMAQOTZIW,1
DB01610,CC(C)[C@H](N)C(=O)OCC(CO)OCN1C=NC2=C1NC(N)=NC2=O,WPVFJKSGQUFQAP,1
DB01611,CCN(CCO)CCCC(C)NC1=C2C=CC(Cl)=CC2=NC=C1,XXSMGPRMXLTPCZ,1
DB01612,CCCCCON=O,CSDTZUBPSYWZDX,1
DB01613,[O-][N+](=O)OC[C@@H](O[N+]([O-])=O)[C@H](CO[N+]([O-])=O)O[N+]([O-])=O,SNFOERUNNSHUGP,1
DB01614,CN(C)CCCN1C2=CC=CC=C2SC2=C1C=C(C=C2)C(C)=O,NOSIYYJFMPDDSA,1
DB01615,CC(CN1C2=CC=CC=C2SC2=C1C=C(C=C2)C(C)=O)N(C)C,XLOQNFNTQIRSOX,1
DB01618,CCC1=C(C)NC2=C1C(=O)C(CN1CCOCC1)CC2,KLPWJLBORRMFGK,1
DB01619,CN1CCC2=C(C1)C(C1=CC=CC=C21)C1=CC=CC=C1,ISFHAYSTHMVOJR,1
DB01620,CN(C)CCC(C1=CC=CC=C1)C1=CC=CC=N1,IJHNSHDBIRRJRN,1
DB01621,CN(C)S(=O)(=O)C1=CC2=C(SC3=CC=CC=C3N2CCCN2CCC(CCO)CC2)C=C1,JOMHSQGEWSNUKU,1
DB01622,CN(C)S(=O)(=O)C1=CC2=C(SC3=CC=CC=C3N2CCCN2CCN(C)CC2)C=C1,VZYCZNZBPPHOFY,1
DB01623,CN(C)S(=O)(=O)C1=CC2=C(SC3=CC=CC=C3\C2=C\CCN2CCN(C)CC2)C=C1,GFBKORZTTCHDGY,1
DB01624,OCCN1CCN(CC\C=C2\C3=C(SC4=C2C=C(Cl)C=C4)C=CC=C3)CC1,WFPIAZLQTJBIFN,1
DB01626,CN(CC#C)CC1=CC=CC=C1,DPWPWRLQFGFJFI,1
DB01627,[H][C@]1(C[C@@H](CCC)CN1C)C(=O)N[C@H]([C@@H](C)O)[C@H]1O[C@H](SC)[C@H](O)[C@@H](O)[C@H]1O,OJMMVQQUTAEWLP,1
DB01628,CC1=NC=C(C=C1)C1=C(C=C(Cl)C=N1)C1=CC=C(C=C1)S(C)(=O)=O,MNJVRJDLRVPLFE,1
DB01656,FC(F)OC1=C(OCC2CC2)C=C(C=C1)C(=O)NC1=C(Cl)C=NC=C1Cl,MNDBXUUTURYVHR,1
DB01685,N#CC1=NC=CC(=C1)C1=NNC(=N1)C1=CC=NC=C1,UBVZQGOVTLIHLH,1
DB01708,[H][C@@]12CCC(=O)[C@@]1(C)CC[C@@]1([H])[C@@]2([H])CC=C2C[C@@]([H])(O)CC[C@]12C,FMGSKLZLMKYGDP,1
DB01764,CCN(CC)CCS(=O)(=O)[C@@H]1CCN2[C@H]1C(=O)O[C@H](C(C)C)[C@H](C)\C=C\C(=O)NC\C=C\C(\C)=C\[C@@H](O)CC(=O)CC1=NC(=CO1)C2=O,SUYRLXYYZQTJHF,1
DB01878,O=C(C1=CC=CC=C1)C1=CC=CC=C1,RWCCWEUUXYIKHB,0
DB02187,[H][C@@]12CCC(=O)[C@@]1(C)CC[C@]1([H])C3=C(CC=C21)C=C(O)C=C3,WKRLQDKEXYKHJB,1
DB02300,O[C@H](\C=C\[C@@H](C)[C@@]1([H])CC[C@@]2([H])\C(CCC[C@]12C)=C\C=C1\C[C@@H](O)C[C@H](O)C1=C)C1CC1,LWQQLNNNIPYSNX,0
DB02513,CC(C)C1=CC=C(C)C=C1O,MGSRCZKZVOBKFT,1
DB02546,ONC(=O)CCCCCCC(=O)NC1=CC=CC=C1,WAEXFXRVDQXREF,1
DB02638,NCCCC[C@H](NC(=O)[C@@H]1CCCN1C(=O)[C@@H]1CSSC[C@H](NC(=O)CNC(=O)CNC(=O)CN)C(=O)N[C@@H](CC2=CC=C(O)C=C2)C(=O)N[C@@H](CC2=CC=CC=C2)C(=O)N[C@@H](CCC(N)=O)C(=O)N[C@@H](CC(N)=O)C(=O)N1)C(=O)NCC(N)=O,BENFXAYNYRLAIU,0
DB02659,[H][C@@](C)(CCC(O)=O)[C@@]1([H])CC[C@@]2([H])[C@]3([H])[C@]([H])(O)C[C@]4([H])C[C@]([H])(O)CC[C@]4(C)[C@@]3([H])C[C@]([H])(O)[C@]12C,BHQCQFFYRZLCQQ,1
DB02701,NC(=O)C1=CC=CN=C1,DFPAKSUCGFBDDF,0
DB02703,[H][C@@]12C[C@@H](O)[C@@]3([H])[C@@]4(C)CC[C@@H](O)[C@@H](C)[C@]4([H])CC[C@]3(C)[C@@]1(C)C[C@H](OC(C)=O)\C2=C(\CCC=C(C)C)C(O)=O,IECPWNUMDGFDKC,1
DB02709,OC1=CC=C(\C=C\C2=CC(O)=CC(O)=C2)C=C1,LUKBXSAWLPMMSZ,1
DB02959,N[C@@H](CC1=CNC2=C1C=C(O)C=C2)C(O)=O,LDCYZAJDBXYCGN,1
DB03128,CC(=O)OCC[N+](C)(C)C,OIPILFWXSMYKGL,1
DB03585,CCCCC1C(=O)N(N(C1=O)C1=CC=C(O)C=C1)C1=CC=CC=C1,HFHZKZSRXITVMK,0
DB03615,[H][C@@]1(O[C@@H]2[C@@H](O)[C@H](N)C[C@H](N)[C@H]2O[C@H]2O[C@H](CN)[C@@H](O)[C@H](O)[C@H]2N)O[C@H](CO)[C@@H](O)[C@H]1O,NSKGQURZWSPSBC,1
DB03619,[H][C@@]12CC[C@H]([C@H](C)CCC(O)=O)[C@@]1(C)[C@@H](O)C[C@@]1([H])[C@@]2([H])CC[C@]2([H])C[C@H](O)CC[C@]12C,KXGVEGMKQFWNSR,1
DB03754,NC(CO)(CO)CO,LENZDBCJOHFCAS,0
DB03756,CC\C=C/C\C=C/C\C=C/C\C=C/C\C=C/C\C=C/CCC(O)=O,MBMBGCFOFBJSGT,1
DB03793,OC(=O)C1=CC=CC=C1,WPYMKLBDIGXBTP,1
DB03796,CCCCCCCCCCCCCCCC(O)=O,IPCSVZSSVZVIGE,0
DB04272,OC(=O)CC(O)(CC(O)=O)C(O)=O,KRKNYBCHXYNGOX,1
DB04339,N[C@@H](CSCC(O)=O)C(O)=O,GBFLZEXEOZUWRN,1
DB04398,CC(O)C(O)=O,JVTAAEKCZFNVCJ,1
DB04552,OC(=O)C1=C(NC2=CC=CC(=C2)C(F)(F)F)N=CC=C1,JZFPYUNJRRFVQU,1
DB04570,[H][C@]12OCC(CSC3=NN=NN3C)=C(N1C(=O)[C@]2(NC(=O)C(C(O)=O)C1=CC=C(O)C=C1)OC)C(O)=O,JWCSIUVGFCSJCK,1
DB04571,CC1=CC2=CC3=C(OC(=O)C=C3C)C(C)=C2O1,FMHHVULEAZTJMA,1
DB04572,S=P(N1CC1)(N1CC1)N1CC1,FOCVUCIESVLUNU,1
DB04573,[H][C@@]12C[C@@H](O)[C@H](O)[C@@]1(C)CC[C@]1([H])C3=C(CC[C@@]21[H])C=C(O)C=C3,PROQIPRRNZUXQM,1
DB04574,[H][C@@]12CCC(=O)[C@@]1(C)CC[C@]1([H])C3=C(CC[C@@]21[H])C=C(OS(O)(=O)=O)C=C3,JKKFKPJIXZFSSB,1
DB04575,[H][C@@]12CC[C@@](O)(C#C)[C@@]1(C)CC[C@]1([H])C3=C(CC[C@@]21[H])C=C(OC1CCCC1)C=C3,PWZUUYSISTUNDW,1
DB04576,CN1CCN(CC1)C1=C(F)C=C2C(=O)C(=CN(CCF)C2=C1F)C(O)=O,XBJBPGROQZJDOJ,1
DB04711,OC(=O)C1=C(I)C(NC(=O)CCCCC(=O)NC2=C(I)C=C(I)C(C(O)=O)=C2I)=C(I)C=C1I,FFINMCNLQNTKLU,0
DB04743,CS(=O)(=O)NC1=C(OC2=CC=CC=C2)C=C(C=C1)[N+]([O-])=O,HYWYRSMBCFDLJT,1
DB04786,CC1=C(NC(=O)C2=CC(NC(=O)NC3=CC=CC(=C3)C(=O)NC3=C(C)C=CC(=C3)C(=O)NC3=C4C(C=C(C=C4S(O)(=O)=O)S(O)(=O)=O)=C(C=C3)S(O)(=O)=O)=CC=C2)C=C(C=C1)C(=O)NC1=C2C(C=C(C=C2S(O)(=O)=O)S(O)(=O)=O)=C(C=C1)S(O)(=O)=O,FIAFUQMPZJWCLV,0
DB04794,C1=CN(C=N1)C(C1=CC=CC=C1)C1=CC=C(C=C1)C1=CC=CC=C1,OCAPBUJLXMYKEJ,1
DB04835,CC(C)C1=NN=C(C)N1[C@H]1C[C@@H]2CC[C@H](C1)N2CC[C@H](NC(=O)C1CCC(F)(F)CC1)C1=CC=CC=C1,GSNHKUDZZFZSJB,1
DB04839,[H][C@@]12C[C@]1([H])[C@@]1(C)C(=CC2=O)C(Cl)=C[C@@]2([H])[C@]3([H])CC[C@](OC(C)=O)(C(C)=O)[C@@]3(C)CC[C@]12[H],UWFYSQMTEOIJJG,1
DB04840,NC(=N)N1CCC2=CC=CC=C2C1,JWPGJSVJDAJRLW,1
DB04841,FC1=CC=C(C=C1)C(N1CCN(C\C=C\C2=CC=CC=C2)CC1)C1=CC=C(F)C=C1,SMANXXCATUTDDT,1
DB04842,FC1=CC=C(C=C1)C(CCCN1CCC2(CC1)N(CNC2=O)C1=CC=CC=C1)C1=CC=C(F)C=C1,QOYHHIBFXOOADH,1
DB04844,COC1=C(OC)C=C2C3CC(=O)C(CC(C)C)CN3CCC2=C1,MKJIEFSOBYUXJB,1
DB04845,[H][C@]12C[C@H](NC(=O)C[C@H](O)C(C)(C)C(=O)[C@H](C)[C@@H](O)[C@@H](C)CCC[C@@]1(C)O2)C(\C)=C\C1=CSC(C)=N1,FABUFPQFXZVHFB,1
DB04846,CCN(CC)C(=O)NC1=CC=C(OCC(O)CNC(C)(C)C)C(=C1)C(C)=O,JOATXPAWOHTVSZ,1
DB04854,CC(C)COC1=C(C=C(C=C1)C1=NC(C)=C(S1)C(O)=O)C#N,BQSJTQLCZDPROO,1
DB04855,CCCCN(CCCC)CCCOC1=CC=C(C=C1)C(=O)C1=C(CCCC)OC2=C1C=C(NS(C)(=O)=O)C=C2,ZQTNQVWKHCQYLQ,1
DB04861,OC(CNCC(O)C1CCC2=C(O1)C=CC(F)=C2)C1CCC2=C(O1)C=CC(F)=C2,KOHIRBRYDXPAMZ,1
DB04865,[H][C@@]1(OC(=O)[C@@](O)(CCCC(C)(C)O)CC(=O)OC)C(OC)=C[C@]23CCCN2CCC2=CC4=C(OCO4)C=C2[C@]13[H],HYFHYPWGAURHIV,1
DB04868,CC1=CN(C=N1)C1=CC(NC(=O)C2=CC=C(C)C(NC3=NC=CC(=N3)C3=CN=CC=C3)=C2)=CC(=C1)C(F)(F)F,HHZIURLSWUIHRB,0
DB04871,C[C@H]1CNCCC2=CC=C(Cl)C=C12,XTTZERNUQAFMOF,1
DB04876,OC12CC3CC(C1)CC(C3)(C2)NCC(=O)N1CCC[C@H]1C#N,SYOKIDBDQMKNDQ,1
DB04878,OCC(CO)N[C@H]1C[C@](O)(CO)[C@@H](O)[C@H](O)[C@H]1O,FZNCGRZWXLXZSZ,1
DB04894,CC(C)[C@@H]1NC(=O)[C@H](CCCCN)NC(=O)[C@@H](CC2=CNC3=CC=CC=C23)NC(=O)[C@H](CC2=CC=C(O)C=C2)NC(=O)[C@H](CSSC[C@H](NC1=O)C(=O)N[C@@H](CC1=CNC2=CC=CC=C12)C(N)=O)NC(=O)[C@H](N)CC1=CC=CC=C1,SWXOGPJRIDTIRL,0
DB04896,CCN(CC)C(=O)C1(CC1CN)C1=CC=CC=C1,GJJFMKBJSRMPLA,1
DB04898,CCOC(=O)CN[C@@H](C(=O)N1CC[C@H]1C(=O)NCC1=CC=C(C=C1)C(\N)=N\O)C1CCCCC1,ZXIBCJHYVWYIKI,1
DB04908,FC(F)(F)C1=CC(=CC=C1)N1CCN(CCN2C(=O)NC3=CC=CC=C23)CC1,PPRRDFIXUUSXRA,1
DB04911,CN[C@H](CC(C)C)C(=O)N[C@@H]1[C@H](O)C2=CC=C(OC3=C(O[C@@H]4O[C@H](CO)[C@@H](O)[C@H](O)[C@H]4O[C@H]4C[C@](C)(NCC5=CC=C(C=C5)C5=CC=C(Cl)C=C5)[C@@H](O)[C@H](C)O4)C4=CC(=C3)[C@@H](NC(=O)[C@H](CC(N)=O)NC1=O)C(=O)N[C@@H]1C3=CC(=C(O)C=C3)C3=C(O)C=C(O)C=C3[C@H](NC(=O)[C@@H](NC1=O)[C@H](O[C@H]1C[C@](C)(N)[C@@H](O)[C@H](C)O1)C1=CC(Cl)=C(O4)C=C1)C(O)=O)C(Cl)=C2,VHFGEBVPHAGQPI,1
DB04918,[H][C@@]1(NC(=O)C(=N/O)\C2=NSC(N)=N2)C(=O)N2C(C(O)=O)=C(CS[C@]12[H])\C=C1/CCN(C1=O)[C@]1([H])CCNC1,VOAZJEPQLGBXGO,1
DB04920,CCCC(=O)OCOC(=O)C1=C(C)NC(C)=C(C1C1=CC=CC(Cl)=C1Cl)C(=O)OC,KPBZROQVTHLCDU,1
DB04930,CC1(C)C(C=C(Cl)Cl)C1C(=O)OCC1=CC(OC2=CC=CC=C2)=CC=C1,RLLPVAHGXHCWKJ,1
DB04938,OCCOC1=CC=C(C=C1)C(=C(\CCCl)C1=CC=CC=C1)\C1=CC=CC=C1,LUMKNAVTFCDUIE,1
DB04946,COC1=C(OCCCN2CCC(CC2)C2=NOC3=C2C=CC(F)=C3)C=CC(=C1)C(C)=O,XMXHEBAFVSFQEX,1
DB04948,CC(OC1=C(Cl)C=CC=C1Cl)C1=NCCN1,KSMAGQUYOIHWFS,1
DB04951,CC1=CN(C(=O)C=C1)C1=CC=CC=C1,ISWRGOKTTBVCFA,1
DB04953,CCOC(=O)NC1=C(N)C=C(NCC2=CC=C(F)C=C2)C=C1,PCOBBVZJEWWZFR,1
DB04967,CCN(CC)CCNC1=C2C(=O)C3=CC=CC=C3SC2=C(C)C=C1,FBQPGGIHOFZRGH,0
DB05015,ONC(=O)\C=C\C1=CC=CC(=C1)S(=O)(=O)NC1=CC=CC=C1,NCNRHFGMJRPRSK,1
DB05039,CCC1=C(CC)C=C2CC(CC2=C1)NC[C@H](O)C1=C2C=CC(=O)NC2=C(O)C=C1,QZZUEBNBZAPZLX,1
DB05109,[H][C@@]12[C@@H]3SC[C@]4(NCCC5=C4C=C(OC)C(O)=C5)C(=O)OC[C@H](N1[C@@H](O)[C@@H]1CC4=CC(C)=C(OC)C(O)=C4[C@H]2N1C)C1=C2OCOC2=C(C)C(OC(C)=O)=C31,PKVRCIRHQMSYJX,1
DB05219,OB1OCC2=C1C=CC(OC1=CC=C(C=C1)C#N)=C2,USZAGAREISWJDP,0
DB05239,OC1(CN(C1)C(=O)C1=C(NC2=C(F)C=C(I)C=C2)C(F)=C(F)C=C1)[C@@H]1CCCCN1,BSMCAPRUBJMWDF,1
DB05245,[Ag+].NC1=CC=C(C=C1)S(=O)(=O)[N-]C1=NC=CC=N1,UEJSSZHHYBHCEL,0
DB05246,CN1C(=O)CC(C)(C1=O)C1=CC=CC=C1,AJXPJJZHWIXJCJ,1
DB05260,[Ga+3].[O-][N+]([O-])=O.[O-][N+]([O-])=O.[O-][N+]([O-])=O,CHPZKNULDCNCBW,0
DB05265,[H][C@@]12CCC3=CC(C(C)C)=C(C=C3[C@@]1(C)CCC[C@@]2(C)C(O)=O)S(O)(=O)=O,IWCWQNVIUXZOMJ,1
DB05266,CC(C)C(=O)C1=C2C=CC=CN2N=C1C(C)C,ZJVFLBOZORBYFE,1
DB05271,CCCN(CCC1=CC=CS1)[C@H]1CCC2=C(O)C=CC=C2C1,KFQYTPMOWPVWEJ,1
DB05294,COC1=C(OCC2CCN(C)CC2)C=C2N=CN=C(NC3=C(F)C=C(Br)C=C3)C2=C1,UHTHHESEBZOYNR,1
DB05316,CC(C)COC1=CC=C(CNC(=O)N(CC2=CC=C(F)C=C2)C2CCN(C)CC2)C=C1,RKEWSXXUOLRFBX,1
DB05351,CC1=C(OCC(F)(F)F)C=CN=C1C[S@@](=O)C1=NC2=CC=CC=C2N1,MJIHNNLFOKEZEW,1
DB05381,NCCC1=CNC=N1,NTYJJOPFIAHURM,1
DB05521,[H][C@@]12CCC[C@]1([H])[C@H](N(C2)C(=O)[C@@H](NC(=O)[C@@H](NC(=O)C1=NC=CN=C1)C1CCCCC1)C(C)(C)C)C(=O)N[C@@H](CCC)C(=O)C(=O)NC1CC1,BBAWEDCPNXPBQM,1
DB05528,COCCO[C@@H]1[C@H](O)[C@@H](COP(S)(=O)O[C@@H]2[C@@H](COP(S)(=O)O[C@@H]3[C@@H](COP(S)(=O)O[C@@H]4[C@@H](COP(S)(=O)O[C@@H]5[C@@H](COP(S)(=O)O[C@H]6C[C@@H](O[C@@H]6COP(S)(=O)O[C@H]6C[C@@H](O[C@@H]6COP(S)(=O)O[C@H]6C[C@@H](O[C@@H]6COP(S)(=O)O[C@H]6C[C@@H](O[C@@H]6COP(S)(=O)O[C@H]6C[C@@H](O[C@@H]6COP(S)(=O)O[C@H]6C[C@@H](O[C@@H]6COP(S)(=O)O[C@H]6C[C@@H](O[C@@H]6COP(S)(=O)O[C@H]6C[C@@H](O[C@@H]6COP(S)(=O)O[C@H]6C[C@@H](O[C@@H]6COP(S)(=O)O[C@H]6C[C@@H](O[C@@H]6COP(S)(=O)O[C@@H]6[C@@H](COP(S)(=O)O[C@@H]7[C@@H](COP(S)(=O)O[C@@H]8[C@@H](COP(S)(=O)O[C@@H]9[C@@H](COP(S)(=O)O[C@@H]%10[C@@H](CO)O[C@H]([C@@H]%10OCCOC)N%10C=NC%11=C%10N=C(N)NC%11=O)O[C@H]([C@@H]9OCCOC)N9C=C(C)C(N)=NC9=O)O[C@H]([C@@H]8OCCOC)N8C=C(C)C(N)=NC8=O)O[C@H]([C@@H]7OCCOC)N7C=C(C)C(=O)NC7=O)O[C@H]([C@@H]6OCCOC)N6C=C(C)C(N)=NC6=O)N6C=NC7=C6N=CN=C7N)N6C=NC7=C6N=C(N)NC7=O)N6C=C(C)C(=O)NC6=O)N6C=C(C)C(N)=NC6=O)N6C=C(C)C(=O)NC6=O)N6C=NC7=C6N=C(N)NC7=O)N6C=C(C)C(N)=NC6=O)N6C=C(C)C(=O)NC6=O)N6C=C(C)C(=O)NC6=O)N6C=C(C)C(N)=NC6=O)O[C@H]([C@@H]5OCCOC)N5C=NC6=C5N=C(N)NC6=O)O[C@H]([C@@H]4OCCOC)N4C=C(C)C(N)=NC4=O)O[C@H]([C@@H]3OCCOC)N3C=NC4=C3N=CN=C4N)O[C@H]([C@@H]2OCCOC)N2C=C(C)C(N)=NC2=O)O[C@H]1N1C=C(C)C(N)=NC1=O,XLTMQWVJFPYGMC,0
DB05541,CCC[C@H]1CN([C@@H](CC)C(N)=O)C(=O)C1,MSYKRHVOOPPJKU,1
DB05630,O.O.O.O.O.O.O.O.O.[Na+].[Na+].[Na+].[H][C@@]1(O[Sb]2(O)(O[Sb]34([O-])O[C@@H](C([O-])=O)[C@@]([H])(O3)[C@]([H])(O4)[C@H](O)CO)O[C@@H](C([O-])=O)[C@@]1([H])O2)[C@H](O)CO,YQDGWZZYGYKDLR,0
DB05676,CCOC1=CC(=CC=C1OC)[C@@H](CS(C)(=O)=O)N1C(=O)C2=CC=CC(NC(C)=O)=C2C1=O,IMOZEMNVLZVGJZ,1
DB05812,[H][C@@]12CC=C(C3=CC=CN=C3)[C@@]1(C)CC[C@@]1([H])[C@@]2([H])CC=C2C[C@@H](O)CC[C@]12C,GZOSMCIZMLWJML,1
DB05990,[H][C@@]1(CC[C@@]2([H])[C@]3([H])[C@H](O)[C@H](CC)[C@]4([H])C[C@H](O)CC[C@]4(C)[C@@]3([H])CC[C@]12C)[C@H](C)CCC(O)=O,ZXERDUOLZKYMJM,1
DB06016,CN(C)C(=O)N[C@H]1CC[C@H](CCN2CCN(CC2)C2=C(Cl)C(Cl)=CC=C2)CC1,KPWSJANDNDDRMB,1
DB06144,FC1=CC=C(C=C1)N1C=C(C2CCN(CCN3CCNC3=O)CC2)C2=C1C=CC(Cl)=C2,GZKLJWGUPQBVJQ,1
DB06145,CO[C@H]1[C@H](O)CC(=O)O[C@H](C)C\C=C\C=C\[C@H](O[C@H]2CC[C@@H]([C@H](C)O2)N(C)C)[C@H](C)C[C@H](CC=O)[C@@H]1O[C@@H]1O[C@H](C)[C@@H](O[C@H]2C[C@@](C)(O)[C@@H](O)[C@H](C)O2)[C@@H]([C@H]1O)N(C)C,ACTOXUHEUCPTEW,1
DB06147,NC1=CC=C(C=C1)S(=O)(=O)NC1=NC=CS1,JNMRHUJNCSQMMB,0
DB06148,CN1CCN2C(C1)C1=CC=CC=C1CC1=CC=CC=C21,UEQUQVLFIPOEMF,1
DB06150,COC1=NC(OC)=NC(NS(=O)(=O)C2=CC=C(N)C=C2)=C1,ZZORFUFYDOWNEF,1
DB06152,CC(CCC1=CC=CC=C1)NC(C)C(O)C1=CC=C(O)C=C1,PTGXAUBQBSGPKF,1
DB06153,CN1CCC(CC1)=C1C2=C(CCC3=CC=CC=C13)SC=C2,FIADGNVRKBPQEU,1
DB06154,[O-][N+](=O)OCC(CO[N+]([O-])=O)(CO[N+]([O-])=O)CO[N+]([O-])=O,TZRXHJWUDPFEEY,1
DB06155,CC1=C(N(N=C1C(=O)NN1CCCCC1)C1=C(Cl)C=C(Cl)C=C1)C1=CC=C(Cl)C=C1,JZCPYUJPEARBJL,1
DB06176,C\C=C1/NC(=O)[C@H]2CSSCC\C=C\[C@H](CC(=O)N[C@H](C(C)C)C(=O)N2)OC(=O)[C@@H](NC1=O)C(C)C,OHRURASPPZQGQM,1
DB06193,NCCNC1=CC=C(NCCN)C2=C1C(=O)C1=C(C=NC=C1)C2=O,PEZPMAYDXJQYRV,1
DB06196,[H][C@]12C[C@]([H])(N(C(=O)[C@@]3([H])CC4=C(CN3C(=O)[C@H](CO)NC(=O)[C@H](CC3=CC=CS3)NC(=O)CNC(=O)[C@]3([H])C[C@@H](O)CN3C(=O)[C@@H]3CCCN3C(=O)[C@H](CCCNC(N)=N)NC(=O)[C@H](N)CCCNC(N)=N)C=CC=C4)[C@@]1([H])CCCC2)C(=O)N[C@@H](CCCNC(N)=N)C(O)=O,QURWXBZNHXJZBE,0
DB06201,NC(=O)C1=CN(CC2=C(F)C=CC=C2F)N=N1,POGQSBRIGCQNEG,1
DB06202,[H][C@@]1(CCC2=CC(O)=CC=C2[C@@]1([H])C1=CC=C(OCCN2CCCC2)C=C1)C1=CC=CC=C1,GXESHMAMLJKROZ,0
DB06203,CN1C(=O)C=C(N2CCC[C@@H](N)C2)N(CC2=C(C=CC=C2)C#N)C1=O,ZSBOMTDTBDDKMP,1
DB06204,CC[C@H]([C@@H](C)CN(C)C)C1=CC(O)=CC=C1,KWTWDQCKEHXFFR,1
DB06206,O[C@@H]1[C@@H](O)[C@@H]2O[C@H]3O[C@H](CSCCC(O)=O)[C@@H](O[C@H]4O[C@H](CSCCC(O)=O)[C@@H](O[C@H]5O[C@H](CSCCC(O)=O)[C@@H](O[C@H]6O[C@H](CSCCC(O)=O)[C@@H](O[C@H]7O[C@H](CSCCC(O)=O)[C@@H](O[C@H]8O[C@H](CSCCC(O)=O)[C@@H](O[C@H]9O[C@H](CSCCC(O)=O)[C@@H](O[C@H]1O[C@@H]2CSCCC(O)=O)[C@H](O)[C@H]9O)[C@H](O)[C@H]8O)[C@H](O)[C@H]7O)[C@H](O)[C@H]6O)[C@H](O)[C@H]5O)[C@H](O)[C@H]4O)[C@H](O)[C@H]3O,WHRODDIHRRDWEW,1
DB06207,C[C@H](CC1=CC2=C(N(CCCO)CC2)C(=C1)C(N)=O)NCCOC1=CC=CC=C1OCC(F)(F)F,PNCPYILNMDWPEY,1
DB06209,CC(=O)OC1=CC2=C(CCN(C2)C(C(=O)C2CC2)C2=CC=CC=C2F)S1,DTGLZDAWLRGWQN,1
DB06210,CC1=NN(C(=O)\C1=N/NC1=CC=CC(C2=CC=CC(=C2)C(O)=O)=C1O)C1=CC=C(C)C(C)=C1,XDXWLKQMMKQXPV,1
DB06211,[H][C@]12[C@@H](C)C(S[C@@H]3CN[C@H](CNS(N)(=O)=O)C3)=C(N1C(=O)[C@]2([H])[C@@H](C)O)C(O)=O,AVAACINZEOAHHE,1
DB06212,CC1=CC=CC=C1C(=O)NC1=CC(C)=C(C=C1)C(=O)N1CCC[C@@H](O)C2=C1C=CC(Cl)=C2,GYHCTFXIZSNGJT,1
DB06213,CNC(=O)C1=CN(N=C1)C1=NC2=C(N=CN2[C@@H]2O[C@H](CO)[C@@H](O)[C@H]2O)C(N)=N1,LZPZPHGJDAGEJZ,1
DB06216,OC(=O)\C=C/C(O)=O.CN1CC2C(C1)C1=C(OC3=CC=CC=C23)C=CC(Cl)=C1,GMDCDXMAFMEDAG,0
DB06217,COC1=C(OC)C=C(CCO[C@@H]2CCCC[C@H]2N2CC[C@@H](O)C2)C=C1,VBHQKCBVWWUUKN,1
DB06218,COC[C@@H](NC(C)=O)C(=O)NCC1=CC=CC=C1,VPPJLAIAVCUEMN,1
DB06228,ClC1=CC=C(S1)C(=O)NC[C@H]1CN(C(=O)O1)C1=CC=C(C=C1)N1CCOCC1=O,KGFYHTZWPPHNLQ,1
DB06237,COC1=C(Cl)C=C(CNC2=C(C=NC(=N2)N2CCC[C@H]2CO)C(=O)NCC2=NC=CC=N2)C=C1,WEAJZXNPAWBCOA,1
DB06243,NCCCC(N)(C(F)F)C(O)=O,VLCYCQAOQCDTCN,1
DB06261,[H]N([H])CC(=O)CCC(=O)OCCCCCC,RYQOILLJDKPETL,1
DB06262,N[C@@H]([C@H](O)C1=CC(O)=C(O)C=C1)C(O)=O,QXWYKJLNLSIPIN,1
DB06263,[H][C@@]1(C[C@@](N)(CC2=C1C(O)=C1C(=O)C3=CC=CC=C3C(=O)C1=C2O)C(C)=O)O[C@H]1C[C@H](O)[C@H](O)CO1,VJZITPJGSQKZMX,1
DB06264,CC(CN1CCCCC1)C(=O)C1=CC=C(C)C=C1,FSKFPVLPFLJRQB,1
DB06267,CCCOC1=C(C=C(C=C1)S(=O)(=O)NCCC1CCCN1C)C1=NC(=O)C2=C(N1)C(CCC)=NN2C,IYFNEFQTYQPVOC,1
DB06268,CC1=NOC(NS(=O)(=O)C2=C(SC=C2)C(=O)CC2=CC3=C(OCO3)C=C2C)=C1Cl,PHWXUGHIIBDVKD,1
DB06274,C[C@H]1CN(C[C@H](CC2=CC=CC=C2)C(=O)NCC(O)=O)CC[C@@]1(C)C1=CC(O)=CC=C1,UPNUIXSCZBYVBB,1
DB06282,OC(=O)COCCN1CCN(CC1)[C@H](C1=CC=CC=C1)C1=CC=C(Cl)C=C1,ZKLPARSLTMPFCP,1
DB06287,OCC(C)(CO)C(=O)O[C@@H]1CC[C@@H](C[C@@H](C)[C@]2([H])CC(=O)[C@H](C)\C=C(C)\[C@@H](O)[C@@H](OC)C(=O)[C@H](C)C[C@H](C)\C=C\C=C\C=C(C)\[C@@H](OC)C[C@]3([H])CC[C@@H](C)[C@@](O)(O3)C(=O)C(=O)N3CCCC[C@H]3C(=O)O2)C[C@H]1OC,CBPNZQVSJQDFBE,1
DB06288,CCN1CCCC1CNC(=O)C1=CC(=C(N)C=C1OC)S(=O)(=O)CC,NTJOBXMMWNYJFB,1
DB06290,[H][C@]12C[C@]1(NC(=O)[C@]1([H])C[C@H](C[C@@]1([H])C(=O)N(C)CCCC\C=C/2)OC1=CC(=NC2=C1C=CC(OC)=C2C)C1=NC(=CS1)C(C)C)C(=O)NS(=O)(=O)C1CC1,JTZZSQYMACOLNN,1
DB06292,CCOC1=CC=C(CC2=C(Cl)C=CC(=C2)[C@@H]2O[C@H](CO)[C@@H](O)[C@H](O)[C@H]2O)C=C1,JVHXJTBJCFBINQ,1
DB06335,[H][C@@]12C[C@]1([H])N([C@@H](C2)C#N)C(=O)[C@@H](N)C12CC3CC(CC(O)(C3)C1)C2,QGJUIPDUBHWZPV,1
DB06401,CC1=C(N(CC2=CC=C(OCCN3CCCCCC3)C=C2)C2=C1C=C(O)C=C2)C1=CC=C(O)C=C1,UCJGJABZCDBEDK,1
DB06402,CCCCCCCCCCNCCN[C@@]1(C)C[C@H](O[C@@H]2[C@@H](O)[C@H](O)[C@@H](CO)O[C@H]2OC2=C3OC4=CC=C(C=C4Cl)[C@@H](O)[C@@H](NC(=O)[C@@H](CC(C)C)NC)C(=O)N[C@@H](CC(N)=O)C(=O)N[C@@H]4C(C=C2OC2=C(Cl)C=C(C=C2)[C@@H](O)[C@@H]2NC(=O)[C@H](NC4=O)C4=CC(=C(O)C=C4)C4=C(O)C(CNCP(O)(O)=O)=C(O)C=C4[C@H](NC2=O)C(O)=O)=C3)O[C@@H](C)[C@H]1O,ONUMZHGUFYIKPM,1
DB06403,COC([C@H](OC1=NC(C)=CC(C)=N1)C(O)=O)(C1=CC=CC=C1)C1=CC=CC=C1,OUJTZYPIHDYQMC,1
DB06410,[H][C@@]1(CC[C@@]2([H])\C(CCC[C@]12C)=C\C=C1\C[C@@H](O)C[C@H](O)C1=C)[C@H](C)\C=C\[C@H](C)C(C)C,HKXBNHCUPKIYDM,0
DB06412,[H][C@@]12CC[C@](C)(O)[C@@]1(C)CC[C@@]1([H])[C@@]2([H])CC[C@@]2([H])CC(=O)\C(C[C@]12C)=C/O,ICMWWNHDUZJFDW,1
DB06413,NC(=O)C[S@@](=O)C(C1=CC=CC=C1)C1=CC=CC=C1,YFGHCGITMMYXAQ,1
DB06414,CC1=CC(=CC(C)=C1OC1=C(Br)C(N)=NC(NC2=CC=C(C=C2)C#N)=N1)C#N,PYGWGZALEOIKDF,1
DB06441,CSCCNC1=C2N=CN([C@@H]3O[C@H](COP(O)(=O)OP(O)(=O)C(Cl)(Cl)P(O)(O)=O)[C@@H](O)[C@H]3O)C2=NC(SCCC(F)(F)F)=N1,PAEBIVWUMLRPSK,1
DB06480,COCCCN1CCC(CC1)NC(=O)C1=C2OCCC2=C(N)C(Cl)=C1,ZPMNHBXQOOVQJL,1
DB06589,CN(C1=CC2=NN(C)C(C)=C2C=C1)C1=CC=NC(NC2=CC=C(C)C(=C2)S(N)(=O)=O)=N1,CUIHSIWYWATEQL,1
DB06594,COC1=CC2=C(C=CC=C2CCNC(C)=O)C=C1,YJYPHIXNFHFHND,1
DB06595,CO[C@@H]1[C@@H](C[C@H]2O[C@]1(C)N1C3=C(C=CC=C3)C3=C1C1=C(C4=C(C=CC=C4)N21)C1=C3CNC1=O)N(C)C(=O)C1=CC=CC=C1,BMGQWWVMWDBQGC,1
DB06603,CC1=C(CCNCC2=CC=C(\C=C\C(=O)NO)C=C2)C2=CC=CC=C2N1,FPOHNWQLNRZRFC,1
DB06605,COC1=CC=C(C=C1)N1N=C(C(N)=O)C2=C1C(=O)N(CC2)C1=CC=C(C=C1)N1CCCCC1=O,QNZCBYKSOIHPEH,1
DB06616,COC1=CC(NC2=C(C=NC3=CC(OCCCN4CCN(C)CC4)=C(OC)C=C23)C#N)=C(Cl)C=C1Cl,UBPYILGKFZZVDX,1
DB06626,CNC(=O)C1=C(SC2=CC=C3C(NN=C3\C=C\C3=CC=CC=N3)=C2)C=CC=C1,RITAVMQDGBJQJZ,1
DB06636,[H]C(C)(OC(=O)N(C)C1=C(COC(=O)CNC)C=CC=N1)[N+]1=CN(C[C@](O)(C2=C(F)C=CC(F)=C2)[C@@]([H])(C)C2=NC(=CS2)C2=CC=C(C=C2)C#N)N=C1,RSWOJTICKMKTER,1
DB06637,NC1=CC=NC=C1,NUKYPUAOHBNCPY,1
DB06654,C[C@H](NCC1=CC=C(OCC2=CC(F)=CC=C2)C=C1)C(N)=O,NEMGRZFTLSKBAP,1
DB06663,NCCCC[C@@H]1NC(=O)[C@@H](CC2=CNC3=C2C=CC=C3)NC(=O)[C@@H](NC(=O)[C@@H]2C[C@H](CN2C(=O)[C@H](CC2=CC=CC=C2)NC(=O)[C@H](CC2=CC=C(OCC3=CC=CC=C3)C=C2)NC1=O)OC(=O)NCCN)C1=CC=CC=C1,VMZMNAABQBOLAK,1
DB06684,NC(=O)C1=CC2=CC(=CC=C2O1)N1CCN(CCCCC2=CNC3=C2C=C(C=C3)C#N)CC1,SGEGOXDYSFKCPT,1
DB06689,NCCO.CCCCCCCC\C=C/CCCCCCCC(O)=O,KGWDUNBJIMUFAP,0
DB06690,[N-]=[N+]=O,GQPLMRYTRLFLPF,1
DB06691,COC1=CC=C(CN(CCN(C)C)C2=NC=CC=C2)C=C1,YECBIJXISLIIDS,1
DB06694,CC1=CC(=CC(C)=C1CC1=NCCN1)C(C)(C)C,HUCJFAOMUPXHDK,0
DB06695,CCCCCCOC(=O)\N=C(\N)C1=CC=C(NCC2=NC3=C(C=CC(=C3)C(=O)N(CCC(=O)OCC)C3=NC=CC=C3)N2C)C=C1,KSGXQBZTULBEEQ,1
DB06696,NCC[C@H](O)C(=O)N[C@@H]1C[C@H](N)[C@@H](O[C@H]2O[C@H](CN)CC[C@H]2N)[C@H](O)[C@H]1O[C@H]1O[C@H](CO)[C@@H](O)[C@H](N)[C@H]1O,MKKYBZZTJQGVCD,1
DB06697,[H][C@@]12CC[C@@H](C)[C@]3([H])CC[C@@]4(C)OO[C@@]13[C@]([H])(O[C@H](OC)[C@@H]2C)O4,SXYIRMFQILZOAM,1
DB06698,CNCCC1=CC=CC=N1,UUQMNUMQCIQDMZ,1
DB06699,CC(C)C[C@H](NC(=O)[C@@H](CC1=CC=C(NC(N)=O)C=C1)NC(=O)[C@H](CC1=CC=C(NC(=O)[C@@H]2CC(=O)NC(=O)N2)C=C1)NC(=O)[C@H](CO)NC(=O)[C@@H](CC1=CC=CN=C1)NC(=O)[C@@H](CC1=CC=C(Cl)C=C1)NC(=O)[C@@H](CC1=CC=C2C=CC=CC2=C1)NC(C)=O)C(=O)N[C@@H](CCCCNC(C)C)C(=O)N1CCC[C@H]1C(=O)N[C@H](C)C(N)=O,MEUCPCLKGZSHTA,1
DB06700,CN(C)CC(C1=CC=C(O)C=C1)C1(O)CCCCC1,KYYIDSXMWOZKMP,1
DB06701,[H][C@@](C(=O)OC)(C1=CC=CC=C1)[C@@]1([H])CCCCN1,DUGOZIWVEXMGBE,1
DB06702,CC(C)N(CC[C@H](C1=CC=CC=C1)C1=C(OC(=O)C(C)C)C=CC(CO)=C1)C(C)C,DCCSDBARQIPTGU,1
DB06704,NC(N)=NCC1=CC(I)=CC=C1,PDWUPXJEEYOOTR,1
DB06706,CNC(C)CCC=C(C)C,XVQUOJBERHHONY,1
DB06707,C[C@H](N)[C@H](O)C1=CC(O)=C(O)C=C1,GEFQWZLICWMTKF,1
DB06708,CCCCN(CCCC)CC(O)C1=C2C(=CC(Cl)=C1)\C(=C/C1=CC=C(Cl)C=C1)C1=C2C=CC(Cl)=C1,DYLGFOYVTXJFJP,1
DB06709,CC(C[N+](C)(C)C)OC(C)=O,NZWOPGCLSHLLPA,1
DB06710,[H][C@@]12CC[C@](C)(O)[C@@]1(C)CC[C@@]1([H])[C@@]2([H])CCC2=CC(=O)CC[C@]12C,GCKMFJBGXUYNAG,1
DB06711,C(C1=NCCN1)C1=CC=CC2=CC=CC=C12,CNIIGCLFLJGOGP,1
DB06712,COC(=O)C1=C(NC(C)=C(C1C1=CC(=CC=C1)[N+]([O-])=O)C(=O)OC(C)C)C#N,FAIIFDPAEUKBEP,1
DB06713,[H][C@@]12CC[C@@](O)(C#C)[C@@]1(CC)CC[C@]1([H])[C@@]3([H])CCC(C=C3CC[C@@]21[H])=NO,ISHXLNHNDMZNMC,1
DB06715,[K+].[I-],NLKNQRATVPKPDG,0
DB06716,CC(C)C1=CC=CC(C(C)C)=C1OCOP(O)(O)=O,QVNNONOFASOXQV,1
DB06717,C[C@@H](O[C@H]1OCCN(CC2=NC(=O)N(N2)P(O)(O)=O)[C@H]1C1=CC=C(F)C=C1)C1=CC(=CC(=C1)C(F)(F)F)C(F)(F)F,BARDROPHSZEBKC,1
DB06718,[H][C@@]12CC[C@](C)(O)[C@@]1(C)CC[C@@]1([H])[C@@]2([H])CC[C@@]2([H])CC3=NNC=C3C[C@]12C,LKAJKIOFIWVMDJ,1
DB06723,[OH-].[OH-].[OH-].[Al+3],WNROFYMDJYEPJX,0
DB06724,[Ca++].[O-]C([O-])=O,VTYYLEPIZMXCLO,0
DB06725,CN1C(C(=O)NC2=CC=CC=N2)=C(O)C2=C(C=C(Cl)S2)S1(=O)=O,WLHQHAUOOXYABV,1
DB06729,NC1=CC=C(C=C1)S(=O)(=O)NC1=CC=NN1C1=CC=CC=C1,QWCJHSGMANYXCW,1
DB06730,CC[C@]12CC[C@H]3[C@@H](CCC4=CC(=O)CC[C@H]34)[C@@H]1C=C[C@@]2(O)C#C,SIGSPDASOTUPFS,1
DB06736,OC(=O)COC(=O)CC1=CC=CC=C1NC1=C(Cl)C=CC=C1Cl,MNIPYSSQXLZQLJ,1
DB06737,CC(C(O)=O)C1=CC=C2SC3=C(C=CC=C3)C(=O)CC2=C1,MUXFZBHBYYYLTH,1
DB06738,CCC(=O)C1(CCN(C)CC1)C1=CC(O)=CC=C1,ALFGKMXHOUSVAD,1
DB06739,CC1=C(C)C(=O)C(C(CCCCCC(O)=O)C2=CC=CC=C2)=C(C)C1=O,ZBVKEHDGYSLCCC,1
DB06742,NC1=C(Br)C=C(Br)C=C1CN[C@H]1CC[C@H](O)CC1,JBDGDEWWOUBZPM,1
DB06764,C1CN=C(N1)C1CCCC2=CC=CC=C12,BYJAVTDNIXVSPW,1
DB06766,CN1CCC(CC1)=C1C2=NC=C(C=O)N2CCC2=CC=CC=C12,MWTBKTRZPHJQLH,1
DB06767,[NH4+].[Cl-],NLXLAEXVIDQMFP,0
DB06769,CN1C(CCCC(O)=O)=NC2=CC(=CC=C12)N(CCCl)CCCl,YTKUWDBFDASYHO,1
DB06770,OCC1=CC=CC=C1,WVDDGKGOMKODPV,1
DB06771,N[C@@H]1CCCCN(C1)C1=C(F)C=C2C(=O)C(=CN(C3CC3)C2=C1Cl)C(O)=O,QFFGVLORLPOAEC,1
DB06772,[H][C@]12[C@H](OC(=O)C3=CC=CC=C3)[C@]3(O)C[C@H](OC(=O)[C@H](O)[C@@H](NC(=O)OC(C)(C)C)C4=CC=CC=C4)C(C)=C([C@@H](OC)C(=O)[C@]1(C)[C@H](C[C@H]1OC[C@@]21OC(C)=O)OC)C3(C)C,BMQGVNUXMIRLCK,1
DB06774,COC1=C(O)C=CC(CNC(=O)CCCC\C=C\C(C)C)=C1,YKPUWZUDDOIDPM,1
DB06777,[H][C@@]1(CC[C@@]2([H])[C@]3([H])[C@H](O)C[C@]4([H])C[C@H](O)CC[C@]4(C)[C@@]3([H])CC[C@]12C)[C@H](C)CCC(O)=O,RUDATBOHQWOJDD,1
DB06781,[H][C@@]12CC[C@](OC(=O)CCC)(C(=O)COC(C)=O)[C@@]1(C)C[C@H](O)[C@@]1(F)[C@@]2([H])C[C@H](F)C2=CC(=O)C=C[C@]12C,WYQPLTPSGFELIB,1
DB06782,OCC(S)CS,WQABCVAJNWAXTE,1
DB06786,[H][C@@]12C[C@H]3OC(C)(C)O[C@@]3(C(=O)CCl)[C@@]1(C)C[C@H](O)[C@@]1(F)[C@@]2([H])CCC2=CC(=O)CC[C@]12C,MUQNGPZZQDCDFT,1
DB06788,CC(O)=O.CC(O)=O.CCNC(=O)[C@@H]1CCCN1C(=O)[C@H](CCCNC(N)=N)NC(=O)[C@H](CC(C)C)NC(=O)[C@@H](CC1=CN(CC2=CC=CC=C2)C=N1)NC(=O)[C@H](CC1=CC=C(O)C=C1)NC(=O)[C@H](CO)NC(=O)[C@H](CC1=CNC2=C1C=CC=C2)NC(=O)[C@H](CC1=CNC=N1)NC(=O)[C@@H]1CCC(=O)N1,BKEMVGVBBDMHKL,0
DB06789,[H][C@@]12CC[C@](OC(=O)CCCCC)(C(C)=O)[C@@]1(C)CC[C@@]1([H])[C@@]2([H])CCC2=CC(=O)CC[C@]12C,DOMWKUIIPQCAJU,1
DB06791,[H]N([H])CCCCC1N([H])C(=O)C(CC2=CN([H])C3=CC=CC=C23)N([H])C(=O)C(CC2=CC=C(O)C=C2)N([H])C(=O)C(CSSCC(N([H])C(=O)C(N([H])C1=O)C(C)C)C(=O)N([H])C(C(C)O)C(=O)N([H])[H])N([H])C(=O)C(CC1=CC2=CC=CC=C2C=C1)N([H])[H],PUDHBTGHUJUUFI,1
DB06792,[La+3].[La+3].[O-]C([O-])=O.[O-]C([O-])=O.[O-]C([O-])=O,NZPIUJUFIFZSPW,0
DB06794,OC(=O)C(=O)NC1=CC(=CC(NC(=O)C(O)=O)=C1Cl)C#N,RVGLGHVJXCETIO,0
DB06795,NCC1=CC=C(C=C1)S(N)(=O)=O,TYMRLRRVMHJFTF,0
DB06799,C1N2CN3CN1CN(C2)C3,VKYKSIONXSXAKP,1
DB06800,C[N@+]1(CC2CC2)CC[C@]23[C@H]4OC5=C(O)C=CC(C[C@@H]1[C@]2(O)CCC4=O)=C35,JVLBPIPGETUEET,1
DB06802,NC(=O)CC1=CC=CC(C(=O)C2=CC=CC=C2)=C1N,QEFAQIPZVLVERP,1
DB06803,OC1=C(C=C(Cl)C=C1)C(=O)NC1=C(Cl)C=C(C=C1)[N+]([O-])=O,RJMUSRYZPJIFPJ,1
DB06804,CCCCCCCCCC1=CC=C(OCCOCCOCCOCCOCCOCCOCCOCCOCCO)C=C1,FBWNMEQMRUMQSO,1
DB06810,CO[C@@H]([C@@H]1CC2=CC3=CC(O[C@H]4C[C@@H](O[C@H]5C[C@@H](O)[C@H](O)[C@@H](C)O5)[C@H](O)[C@@H](C)O4)=C(C)C(O)=C3C(O)=C2C(=O)[C@H]1O[C@H]1C[C@@H](O[C@H]2C[C@@H](O[C@H]3C[C@](C)(O)[C@H](O)[C@@H](C)O3)[C@@H](O)[C@@H](C)O2)[C@H](O)[C@@H](C)O1)C(=O)[C@@H](O)[C@@H](C)O,CFCUWKMKBJTWLW,1
DB06813,NC1=NC2=NC=C(CC(CC#C)C3=CC=C(C=C3)C(=O)N[C@@H](CCC(O)=O)C(O)=O)N=C2C(N)=N1,OGSBUKJUDHAQEA,1
DB06816,CN(C)C1=CC2=C(C=C1)[N+](C)=C(\C=C\C1=C(C)N(C(C)=C1)C1=CC=CC=C1)C=C2,QMHSXPLYMTVAMK,0
DB06817,CN1C(=O)C(O)=C(N=C1C(C)(C)NC(=O)C1=NN=C(C)O1)C(=O)NCC1=CC=C(F)C=C1,CZFFBEXEKNGXKS,1
DB06819,OC(=O)CCCC1=CC=CC=C1,OBKXEAXTFZPCHS,1
DB06820,ClC1=CC=C(CSC(CN2C=CN=C2)C2=C(Cl)C=C(Cl)C=C2)C=C1,AFNXATANNDIXLG,1
DB06824,NCCNCCNCCN,VILCJCGEZXAXTO,1
DB06825,CC(C)C[C@H](NC(=O)[C@@H](CC1=CNC2=CC=CC=C12)NC(=O)[C@H](CC1=CC=C(O)C=C1)NC(=O)[C@H](CO)NC(=O)[C@H](CC1=CNC2=C1C=CC=C2)NC(=O)[C@H](CC1=CNC=N1)NC(=O)[C@@H]1CCC(=O)N1)C(=O)N[C@@H](CCCNC(N)=N)C(=O)N1CCC[C@H]1C(=O)NCC(N)=O,VXKHXGOKWPXYNA,1
DB06826,CCCCCCCC(=O)CC[C@H]1[C@H](O)C[C@H](O)[C@@H]1C\C=C/CCCC(O)=O,TVHAZVBUYQMHBC,1
DB06827,[H][C@@]1(C[C@H](O)NC(=N)N1)[C@]1([H])NC(=O)\C(NC(=O)[C@H](CO)NC(=O)[C@H](CO)NC(=O)[C@H](CNC1=O)NC(=O)C[C@@H](N)CCCN)=C\NC(N)=O,GXFAIFRPOKBQRV,1
DB07615,COC1=CC=C(\C=C\C(=O)NC2=CC=CC=C2C(O)=O)C=C1OC,NZHGWWWHIYHZNX,1
DB08439,CCC(=O)NS(=O)(=O)C1=CC=C(C=C1)C1=C(C)ON=C1C1=CC=CC=C1,TZRHLKRLEZJVIJ,1
DB08795,[H][C@]12SC(C)(C)[C@@H](N1C(=O)[C@H]2NC(=O)[C@H](N=[N+]=[N-])C1=CC=CC=C1)C(O)=O,ODFHGIPNGIAMDK,1
DB08796,O=C(OCCOCCN1CCCCC1)N1C2=CC=CC=C2SC2=C1N=CC=C2,DTVJXCOMJLLMAK,0
DB08797,NC(=O)C1=CC=CC=C1O,SKZKKFZAGNVIMN,1
DB08798,CC1=C(C)N=C(NS(=O)(=O)C2=CC=C(N)C=C2)O1,CYFLXLSBHQBMFT,1
DB08799,C(N(CC1=CC=CC=C1)C1=CC=CC=C1)C1=NCCN1,REYFJDPCWQRWAA,1
DB08800,CN(C)CCN(CC1=CC=C(Cl)C=C1)C1=CC=CC=N1,ICKFFNBDFNZJSX,1
DB08801,CC(C1=C(CCN(C)C)CC2=CC=CC=C12)C1=CC=CC=N1,MVMQESMQSYOVGV,1
DB08802,CC(CN1C2=CC=CC=C2SC2=C1N=CC=C2)N(C)C,OQJBSDFFQWMKBQ,1
DB08804,[H][C@@]12CC[C@H](OC(=O)CCCCCCCCC)[C@@]1(C)CC[C@]1([H])[C@@]3([H])CCC(=O)C=C3CC[C@@]21[H],JKWKMORAXJQQSR,1
DB08806,CC(=O)OCC(=O)NCCCOC1=CC=CC(CN2CCCCC2)=C1,SMTZFNFIKUPEJC,1
DB08807,CC1=CC2=C(N1)C=CC=C2OCC(CNC(C)(C)C)OC(=O)C1=CC=CC=C1,UUOJIACWOAYWEZ,1
DB08808,CC1=CC(OCC(O)CNC(C)(C)C)=C(Cl)C=C1,HQIRNZOQPUAHHV,0
DB08811,CCC1C2=CC(OC)=C(OC)C=C2C(=NN=C1C)C1=CC(OC)=C(OC)C=C1,RUJBDQSFYCKFAA,1
DB08814,CC(=O)OC1=C(C=CC(=C1)C(F)(F)F)C(O)=O,RMWVZGDJPAKBDE,1
DB08815,[H][C@@]12[C@H]3CC[C@H](C3)[C@]1([H])C(=O)N(C[C@@H]1CCCC[C@H]1CN1CCN(CC1)C1=NSC3=CC=CC=C13)C2=O,PQXKDMSYBGKCJA,1
DB08816,CCCSC1=NC2=C(N=NN2[C@@H]2C[C@H](OCCO)[C@@H](O)[C@H]2O)C(N[C@@H]2C[C@H]2C2=CC(F)=C(F)C=C2)=N1,OEKWJQXRCDYSHL,1
DB08819,CC(C)OC(=O)CCC\C=C/C[C@H]1[C@@H](O)C[C@@H](O)[C@@H]1\C=C\C(F)(F)COC1=CC=CC=C1,WSNODXPBBALQOF,1
DB08820,CC(C)(C)C1=CC(=C(O)C=C1NC(=O)C1=CNC2=CC=CC=C2C1=O)C(C)(C)C,PURKAOJPTOLRMP,1
DB08822,CCOC1=NC2=C(N1CC1=CC=C(C=C1)C1=CC=CC=C1C1=NOC(=O)N1)C(=CC=C2)C(=O)OCC1=C(C)OC(=O)O1,QJFSABGVXDWMIW,1
DB08824,[H][C@]12CC[C@]([H])([C@H]([C@H](C1)C1=CC=C([123I])C=C1)C(=O)OC)N2CCCF,HXWLAJVUJSVENX,1
DB08826,CN1C=CC(=O)C(O)=C1C,TZXKOCQBRNJULO,1
DB08827,FC(F)(F)CNC(=O)C1(CCCCN2CCC(CC2)NC(=O)C2=C(C=CC=C2)C2=CC=C(C=C2)C(F)(F)F)C2=CC=CC=C2C2=CC=CC=C12,MBBCVAKAJPKAKM,1
DB08828,CS(=O)(=O)C1=CC(Cl)=C(C=C1)C(=O)NC1=CC=C(Cl)C(=C1)C1=CC=CC=N1,BPQMGSKTAYIVFO,1
DB08860,O[C@H](C[C@H](O)\C=C\C1=C(N=C2C=CC=CC2=C1C1=CC=C(F)C=C1)C1CC1)CC(O)=O,VGYFMXBACGZSIL,1
DB08864,CC1=CC(\C=C\C#N)=CC(C)=C1NC1=CC=NC(NC2=CC=C(C=C2)C#N)=N1,YIBOMRUWOWDFLG,1
DB08865,C[C@@H](OC1=CC(=CN=C1N)C1=CN(N=C1)C1CCNCC1)C1=C(Cl)C=CC(F)=C1Cl,KTEIFNKAUNYNJU,1
DB08867,CN(C)C1=CC=C(C=C1)[C@H]1C[C@@]2(C)[C@@H](CC[C@]2(O)C(C)=O)[C@@H]2CCC3=CC(=O)CCC3=C12,HKDLNTKNLJPAIY,0
DB08868,CCCCCCCCC1=CC=C(CCC(N)(CO)CO)C=C1,KKGQTZUTZRNORY,1
DB08869,CC\C=C\CC(=O)N[C@@H](CC1=CC=C(O)C=C1)C(=O)N[C@@H](C)C(=O)N[C@@H](CC(O)=O)C(=O)N[C@@H](C)C(=O)N[C@@H](C(C)CC)C(=O)N[C@@H](CC1=CC=CC=C1)C(=O)N[C@@H](C(C)O)C(=O)N[C@@H](CC(N)=O)C(=O)N[C@@H](CO)C(=O)N[C@@H](CC1=CC=C(O)C=C1)C(=O)N[C@@H](CCCNC(N)=N)C(=O)N[C@@H](CCCCN)C(=O)N[C@@H](C(C)C)C(=O)N[C@@H](CC(C)C)C(=O)NCC(=O)N[C@@H](CCC(N)=O)C(=O)N[C@@H](CC(C)C)C(=O)N[C@@H](CO)C(=O)N[C@@H](C)C(=O)N[C@@H](CCCNC(N)=N)C(=O)N[C@@H](CCCCN)C(=O)N[C@@H](CC(C)C)C(=O)N[C@@H](CC(C)C)C(=O)N[C@@H](CCC(N)=O)C(=O)N[C@@H](CC(O)=O)C(=O)N[C@@H](C(C)CC)C(=O)N[C@@H](CCSC)C(=O)N[C@@H](CO)C(=O)N[C@@H](CCCNC(N)=N)C(=O)N[C@@H](CCC(N)=O)C(=O)N[C@@H](CCC(N)=O)C(=O)NCC(=O)N[C@@H](CCC(N)=O)C(=O)N[C@@H](CO)C(=O)N[C@@H](CC(N)=O)C(=O)N[C@@H](CCC(N)=O)C(=O)N[C@@H](CCCNC(N)=N)C(=O)NCC(=O)N[C@@H](C)C(=O)N[C@@H](CCCNC(N)=N)C(=O)N[C@@H](C)C(=O)N[C@@H](CCCNC(N)=N)C(=O)N[C@@H](CC(C)C)C(N)=O,LAJJBLZKAIOLRM,0
DB08871,[H][C@@]12CC(=C)[C@]([H])(CC[C@@]3([H])C[C@@H](C)C(=C)[C@@]([H])(C[C@]4([H])O[C@H](C[C@H](O)CN)[C@H](OC)[C@@]4([H])CC(=O)C[C@@]4([H])CC[C@]5([H])O[C@@]6([H])[C@H]7O[C@@]8(C[C@]7([H])O[C@@]6([H])[C@@]([H])(O8)[C@@]5([H])O4)CC1)O3)O2,UFNVPOGXISZXJD,1
DB08872,CC(C)C(=O)OC(C)OC(=O)NCC1(CC(O)=O)CCCCC1,TZDUHAJSIBHXDL,1
DB08873,[H][C@]12CN([C@H](C(=O)NC(CC3CCC3)C(=O)C(N)=O)[C@@]1([H])C2(C)C)C(=O)[C@@H](NC(=O)NC(C)(C)C)C(C)(C)C,LHHCSNFAOIFYRV,1
DB08874,[H][C@@]1(O[C@@H]2[C@@H](CC)\C=C(C)\[C@@H](O)C\C=C\C=C(CO[C@@H]3O[C@H](C)[C@@H](OC(=O)C4=C(CC)C(Cl)=C(O)C(Cl)=C4O)[C@H](O)[C@@H]3OC)\C(=O)O[C@@H](C\C=C(/C)\C=C2/C)[C@@H](C)O)OC(C)(C)[C@@H](OC(=O)C(C)C)[C@H](O)[C@@H]1O,ZVGNESXIJDCBKN,1
DB08875,COC1=CC2=C(C=C1OC)C(OC1=CC=C(NC(=O)C3(CC3)C(=O)NC3=CC=C(F)C=C3)C=C1)=CC=N2,ONIQOQHATWINJY,1
DB08877,N#CC[C@H](C1CCCC1)N1C=C(C=N1)C1=C2C=CNC2=NC=N1,HFNKQEVNSGCOJV,0
DB08880,C\C(O)=C(/C#N)C(=O)NC1=CC=C(C=C1)C(F)(F)F,UTNUDOFZCWSZMS,1
DB08881,CCCS(=O)(=O)NC1=C(F)C(C(=O)C2=CNC3=NC=C(C=C23)C2=CC=C(Cl)C=C2)=C(F)C=C1,GPXBXXGIAQBQNI,1
DB08882,CC#CCN1C(=NC2=C1C(=O)N(CC1=NC3=C(C=CC=C3)C(C)=N1)C(=O)N2C)N1CCC[C@@H](N)C1,LTXREWYXXSTFRX,1
DB08883,O=C1N(C=C(C=C1C1=CC=CC=C1C#N)C1=NC=CC=C1)C1=CC=CC=C1,PRMWGUBFXWROHD,1
DB08884,[Gd+3].[H][C@@](CN(CCN(CC([O-])=O)CC([O-])=O)CC([O-])=O)(CC1=CC=C(OCC)C=C1)N(CC(O)=O)CC(O)=O,PCZHWPSNPWAQNF,0
DB08887,CCOC(=O)CCC\C=C/C\C=C/C\C=C/C\C=C/C\C=C/CC,SSQPWTVBQMWLSZ,1
DB08889,CC(C)C[C@H](NC(=O)[C@H](CCC1=CC=CC=C1)NC(=O)CN1CCOCC1)C(=O)N[C@@H](CC1=CC=CC=C1)C(=O)N[C@@H](CC(C)C)C(=O)[C@@]1(C)CO1,BLMPQMFVWMYDKT,1
DB08893,NC1=NC(CC(=O)NC2=CC=C(CCNC[C@H](O)C3=CC=CC=C3)C=C2)=CS1,PBAPPPCECJKMCM,1
DB08895,[H][C@@]1(C)CCN(C[C@]1([H])N(C)C1=NC=NC2=C1C=CN2)C(=O)CC#N,UJLAWZDWDVHWOW,1
DB08896,CNC(=O)C1=CC(OC2=CC(F)=C(NC(=O)NC3=CC=C(Cl)C(=C3)C(F)(F)F)C=C2)=CC=N1,FNHKPVJBJVTLMP,1
DB08897,OC(C(=O)O[C@H]1C[N+]2(CCCOC3=CC=CC=C3)CCC1CC2)(C1=CC=CS1)C1=CC=CS1,ASMXXROZKSBQIH,1
DB08899,CNC(=O)C1=C(F)C=C(C=C1)N1C(=S)N(C(=O)C1(C)C)C1=CC=C(C#N)C(=C1)C(F)(F)F,WXCXUHSOUPDCQV,1
DB08901,CN1CCN(CC2=CC=C(NC(=O)C3=CC(C#CC4=CN=C5C=CC=NN45)=C(C)C=C3)C=C2C(F)(F)F)CC1,PHXJVRSECIGDHY,1
DB08903,COC1=NC2=C(C=C(Br)C=C2)C=C1[C@@H](C1=CC=CC=C1)[C@@](O)(CCN(C)C)C1=CC=CC2=C1C=CC=C2,QUIJNHUBAXPXFS,1
DB08905,[H][C@@]12CCC(=O)[C@@]1(C)CC[C@@]1([H])[C@@]2([H])CCC2=C(O)C(=O)CC[C@]12C,OSVMTWJCGUFAOD,1
DB08906,[H][C@@]12C[C@@H](C)[C@](OC(=O)C3=CC=CO3)(C(=O)SCF)[C@@]1(C)C[C@H](O)[C@@]1(F)[C@@]2([H])C[C@H](F)C2=CC(=O)C=C[C@]12C,XTULMSXFIHGYFS,1
DB08907,[H][C@]1(O[C@H](CO)[C@@H](O)[C@H](O)[C@H]1O)C1=CC=C(C)C(CC2=CC=C(S2)C2=CC=C(F)C=C2)=C1,XTNGUQKDFGDXSJ,1
DB08908,[H]\C(=C(\[H])C(=O)OC)C(=O)OC,LDCRTTXIJACKKU,1
DB08909,O=C(CCCC1=CC=CC=C1)OCC(COC(=O)CCCC1=CC=CC=C1)OC(=O)CCCC1=CC=CC=C1,ZSDBFLMJVAGKOU,1
DB08910,NC1=CC=CC2=C1C(=O)N(C1CCC(=O)NC1=O)C2=O,UVSMNLNDYGZFPF,1
DB08911,CN1C(=O)C(C)=C2N(C(=O)N(C3CC3)C(=O)C2=C1NC1=CC=C(I)C=C1F)C1=CC(NC(C)=O)=CC=C1,LIRYPHYGHXZJBZ,1
DB08912,CC(C)(C)C1=NC(=C(S1)C1=NC(N)=NC=C1)C1=C(F)C(NS(=O)(=O)C2=C(F)C=CC=C2F)=CC=C1,BFSMGDJOXZAERB,1
DB08913,[Cl-].[Cl-].[223Ra++],RWRDJVNMSZYMDV,0
DB08916,CN(C)C\C=C\C(=O)NC1=C(O[C@H]2CCOC2)C=C2N=CN=C(NC3=CC(Cl)=C(F)C=C3)C2=C1,ULXXDDBFHOBEHA,1
DB08918,CCN(CC)C(=O)[C@]1(C[C@H]1CN)C1=CC=CC=C1,GJJFMKBJSRMPLA,1
DB08922,[H][C@@]12CCCC[C@]1([H])C(=O)N(CCCCN1CCN(CC1)C1=NSC3=CC=CC=C13)C2=O,FBVFZWUMDDXLLG,1
DB08930,[H][C@]12CN3C=C(C(=O)NCC4=CC=C(F)C=C4F)C(=O)C(O)=C3C(=O)N1[C@H](C)CCO2,RHWKPHLQXYSBKR,1
DB08931,COC(=O)N(C)C1=C(N)N=C(N=C1N)C1=NN(CC2=C(F)C=CC=C2)C2=C1C=CC=N2,WXXSNCNJFUAIDG,1
DB08932,CCCNS(=O)(=O)NC1=C(C(OCCOC2=NC=C(Br)C=N2)=NC=N1)C1=CC=C(Br)C=C1,JGCMEBMXRHSZKX,1
DB08933,ClC1=CC(Cl)=C(C=C1)[C@@H]1CS\C(S1)=C(\C#N)N1C=CN=C1,YTAOBBFIOAEMLL,1
DB08934,CC(C)OC(=O)[C@H](C)N[P@](=O)(OC[C@H]1O[C@@H](N2C=CC(=O)NC2=O)[C@](C)(F)[C@@H]1O)OC1=CC=CC=C1,TTZHDVOVKQGIBA,1
DB08938,O.[OH-].[OH-].[OH-].[OH-].[OH-].[OH-].[OH-].[OH-].[OH-].[OH-].[OH-].[OH-].[OH-].[OH-].[OH-].[OH-].[OH-].[OH-].[OH-].[OH-].[OH-].[OH-].[OH-].[OH-].[OH-].[OH-].[OH-].[OH-].[OH-].[OH-].[OH-].[Mg++].[Mg++].[Mg++].[Mg++].[Mg++].[Mg++].[Mg++].[Mg++].[Mg++].[Mg++].[Al+3].[Al+3].[Al+3].[Al+3].[Al+3].[O-]S([O-])(=O)=O.[O-]S([O-])(=O)=O,SPPNVMTVMQOKSC,0
DB08941,C[C@H](COC1=CC=CC=C1)N[C@H](C)[C@@H](O)C1=CC=C(O)C=C1,BMUKKTUHUDJSNZ,1
DB08943,ClC1=CC(Cl)=C(C=C1)C(CN1C=CN=C1)OCC1=C(Cl)C=CC=C1Cl,MPIPASJGOJYODL,0
DB08947,C[C@H](O)C(=O)NC1=C(I)C(C(=O)NC(CO)CO)=C(I)C(C(=O)NC(CO)CO)=C1I,XQZXYNRDCRIARQ,0
DB08954,CC(C(O)C1=CC=C(O)C=C1)N1CCC(CC2=CC=CC=C2)CC1,UYNVMODNBIQBMV,1
DB08957,OC(CNCCCCCCNCC(O)C1=CC(O)=C(O)C=C1)C1=CC(O)=C(O)C=C1,OXLZNBCNGJWPRV,1
DB08958,CCCCC(CC)CN1CN(CC(CC)CCCC)CC(C)(N)C1,DTOUUUZOYKYHEP,0
DB08964,CCCCC(C)(C)[C@H](O)\C=C\[C@H]1[C@H](O)CC(=O)[C@@H]1CCCC\C=C\C(=O)OC,KYBOHGVERHWSSV,0
DB08965,[H]C1(OC(=O)[C@]([H])(C(C)C)N(C)C(=O)C([H])(OC(=O)[C@]([H])(C(C)C)N(C)C(=O)C([H])(OC(=O)[C@]([H])(C(C)C)N(C)C1=O)C(C)C)C(C)C)C(C)C,MIZMDSVSLSIMSC,1
DB08967,CC(CN1C2=CC=CC=C2SC2=C1C=C(C=C2)S(=O)(=O)N(C)C)N(C)C,VWNWVCJGUMZDIU,1
DB08970,[H][C@@]12CC(=C)[C@](O)(C(=O)CO)[C@@]1(C)C[C@H](O)[C@@]1(F)[C@@]2([H])CCC2=CC(=O)C=C[C@]12C,YVHXHNGGPURVOS,1
DB08971,[H][C@@]1(C)C[C@@]2([H])[C@]3([H])C[C@]([H])(F)C4=CC(=O)C=C[C@]4(C)[C@@]3([H])[C@@]([H])(O)C[C@]2(C)[C@@]1([H])C(=O)CO,GAKMQHDJQHZUTJ,1
DB08974,COC(=O)NC1=NC2=C(N1)C=CC(=C2)C(=O)C1=CC=C(F)C=C1,CPEUVMUXAHMANV,0
DB08976,OCC(O)COC(=O)C1=CC=CC=C1NC1=CC=NC2=C(C=CC=C12)C(F)(F)F,APQPGQGAWABJLN,1
DB08981,OC(=O)CCC(=O)C1=CC=C(C=C1)C1=CC=CC=C1,ZPAKPRAICRBAOD,1
DB08983,CC(C)(OC1=CC=C(Cl)C=C1)C(=O)OCCOC(=O)C1=CN=CC=C1,XXRVYAFBUDSLJX,1
DB08984,OCCOCCOC(=O)C1=CC=CC=C1NC1=CC=CC(=C1)C(F)(F)F,XILVEPYQJIOVNB,1
DB08987,CCCN(CC)C(CC)C(=O)NC1=C(C)C=CC=C1C,VTUSIVBDOCDNHS,1
DB08991,COC1=CC(C)=NN1C1=NC(C)=CC(OC)=N1,RHAXSHUQNIEUEY,1
DB08992,CCC1=CC=C(C=C1)C(=O)C(C)CN1CCCCC1,SQUNAWUMZGQQJD,1
DB08993,[H][C@@]1(CCN=C(N)N1)[C@]1([H])NC(=O)\C(NC(=O)[C@H](CO)NC(=O)[C@H](CO)NC(=O)[C@H](CNC1=O)NC(=O)C[C@@H](N)[C@H](O)CCN)=C\NC(N)=O,HPWIIERXAFODPP,0
DB08994,OCCN(CCO)C1=NC(=C(O1)C1=CC=CC=C1)C1=CC=CC=C1,UUCMDZWCRNZCOY,1
DB08996,CN(C)CCCN1C2=CC=CC=C2C(C)(C)C2=CC=CC=C12,RYQOGSFEJBUZBX,1
DB09000,CC(CN(C)C)CN1C2=CC=CC=C2SC2=C1C=C(C=C2)C#N,SLFGIOIONGJGRT,1
DB09008,[H][C@]12SCC(C[N+]3=CC=CC=C3)=C(N1C(=O)[C@H]2NC(=O)CC1=CC=CS1)C([O-])=O,CZTQZXZIADLWOZ,1
DB09009,CCCNC(C)C(=O)NC1=C(SC=C1C)C(=O)OC,QTGIAADRBBLJGA,1
DB09014,CCCCSC1=CC=C(C=C1)C(SCCN(C)C)C1=CC=CC=C1,IZLPZXSZLLELBJ,1
DB09015,[H][C@@]12CC[C@@](O)(CCC(O)=O)[C@@]1(C)CC[C@@]1([H])[C@@]2([H])C=CC2=CC(=O)CC[C@]12C,PBKZPPIHUVSDNM,1
DB09017,CC1=NN=C2CN=C(C3=C(SC(Br)=C3)N12)C1=CC=CC=C1Cl,UMSGKTJDUHERQW,1
DB09018,CCN(CC)CCNC(=O)C1=CC(Br)=C(N)C=C1OC,GIYAQDDTCWHPPL,0
DB09020,CC(=O)OC1=CC=C(C=C1)C(C1=CC=C(OC(C)=O)C=C1)C1=CC=CC=N1,KHOITXIGCFIULA,1
DB09021,CNCC12CCC(C3=CC=CC=C13)C1=CC=CC=C21,GNRXCIONJWKSEA,1
DB09026,COCCCOC1=C(OC)C=CC(C[C@@H](C[C@H](N)[C@@H](O)C[C@@H](C(C)C)C(=O)NCC(C)(C)C(N)=O)C(C)C)=C1,UXOWGYHJODZGMF,1
DB09027,COC(=O)N[C@@H](C(C)C)C(=O)N1CC2(CC2)C[C@H]1C1=NC(=CN1)C1=CC=C2C3=CC=C(C=C3C(F)(F)C2=C1)C1=CC=C2NC(=NC2=C1)[C@@H]1[C@H]2CC[C@H](C2)N1C(=O)[C@@H](NC(=O)OC)C(C)C,VRTWBAAJJOHBQU,1
DB09030,[H][C@@]12C[C@]3([H])C[C@@H](CC[C@@]3([H])[C@H](\C=C\C3=CC=C(C=N3)C3=CC(F)=CC=C3)[C@]1([H])[C@@H](C)OC2=O)NC(=O)OCC,ZBGXUVOIWDMMJE,1
DB09031,CCCCCCCCCCCCCCCCOP([O-])(=O)OCC[N+](C)(C)C,PQLXHQMOHUQAKB,1
DB09034,[H][C@@]1(C)CCN(CCN1C(=O)C1=C(C=CC(C)=C1)N1N=CC=N1)C1=NC2=C(O1)C=CC(Cl)=C2,JYTNQNCOQXFQPK,1
DB09038,OC[C@H]1O[C@H]([C@H](O)[C@@H](O)[C@@H]1O)C1=CC=C(Cl)C(CC2=CC=C(O[C@H]3CCOC3)C=C2)=C1,OBWASQILIWPZMG,1
DB09039,CCCCCCCC(=O)N[C@H](CN1CCCC1)[C@H](O)C1=CC=C2OCCOC2=C1,FJZZPCZKBUKGGU,1
DB09040,C[C@@H](N1CCC(=C)CC1)[C@](O)(CN1C=NC=N1)C1=C(F)C=C(F)C=C1,NFEZZTICAUWDHU,0
DB09041,OB1OCC2=CC(F)=CC=C12,LFQDNHWZDQTITF,0
DB09042,CN1N=NC(=N1)C1=CC=C(C=N1)C1=CC=C(C=C1F)N1C[C@H](COP(O)(O)=O)OC1=O,QCGUSIANLFXSGE,1
DB09047,[H][C@]12CN(C[C@]1([H])OCCN2)C1=C(F)C=C2C(=O)C(=CN(C3CC3)C2=C1C#N)C(O)=O,FYMHQCNFKNMJAV,1
DB09048,CN(C(=O)C(C)(C)C1=CC(=CC(=C1)C(F)(F)F)C(F)(F)F)C1=CN=C(C=C1C1=CC=CC=C1C)N1CCN(C)CC1,WAXQNWCZJDTGBU,1
DB09049,COCCOCCOCCOCCOCCOCCOCCO[C@H]1CC[C@@]2(O)[C@H]3CC4=CC=C(O)C5=C4[C@@]2(CCN3CC=C)[C@H]1O5,XNKCCCKFOQNXKV,1
DB09053,NC1=NC=NC2=C1C(=NN2[C@@H]1CCCN(C1)C(=O)C=C)C1=CC=C(OC2=CC=CC=C2)C=C1,XYFPWWZEPKGCCK,1
DB09054,[H][C@@](CC)(NC1=NC=NC2=C1N=CN2)C1=NC2=CC=CC(F)=C2C(=O)N1C1=CC=CC=C1,IFSDAJWBUCMOAH,1
DB09055,CC1=[N+]([O-])C=C(N=C1)C(O)=O,DJQOOSBJCLSSEY,1
DB09060,NC(=O)[C@@H]1CC[C@@H]2CN1C(=O)N2OS(O)(=O)=O,NDCUAPJVLWFHHB,1
DB09061,CCCCCC1=CC(O)=C([C@@H]2C=C(C)CC[C@H]2C(C)=C)C(O)=C1,QHMBSVQNZZTUGM,1
DB09063,CC(C)OC1=C(NC2=NC=C(Cl)C(N2)=NC2=CC=CC=C2S(=O)(=O)C(C)C)C=C(C)C(=C1)C1CCNCC1,VERWOWGGCGHDQE,1
DB09065,CC(C)C1=NC(CN(C)C(=O)N[C@@H](CCN2CCOCC2)C(=O)N[C@H](CC[C@H](CC2=CC=CC=C2)NC(=O)OCC2=CN=CS2)CC2=CC=CC=C2)=CS1,ZCIGNRJZKPOIKD,1
DB09067,CC[C@H](C)[C@H](NC(=O)[C@H](CC(O)=O)NC(=O)[C@H](CC(C)C)NC(=O)[C@H](CC(C)C)NC(=O)[C@H](CCCCN)NC(=O)[C@H](CCCNC(N)=N)NC(=O)[C@H](CC(N)=O)NC(=O)[C@H](CO)NC(=O)[C@H](CC1=CN=CN1)NC(=O)[C@H](C)NC(=O)[C@H](CCC(N)=O)NC(=O)[C@H](CCC(N)=O)NC(=O)[C@H](C)NC(=O)[C@H](CC(C)C)NC(=O)[C@H](CCC(N)=O)NC(=O)[C@H](CC(O)=O)NC(=O)[C@H](C)NC(=O)[C@H](CCCCN)NC(=O)[C@@H](NC(=O)[C@H](CCSC)NC(=O)[C@H](CCC(O)=O)NC(=O)[C@H](CC(C)C)NC(=O)[C@@H](NC(=O)[C@H](CCC(O)=O)NC(=O)[C@H](CCCNC(N)=N)NC(=O)[C@H](CC(C)C)NC(=O)[C@H](CC(C)C)NC(=O)[C@H](CC1=CN=CN1)NC(=O)[C@H](CC1=CC=CC=C1)NC(=O)[C@@H](NC(=O)[C@H](CC(C)C)NC(=O)[C@H](CC(O)=O)NC(=O)[C@H](CC(C)C)NC(=O)[C@H](CO)NC(=O)[C@@H](NC(=O)[C@@H]1CCCN1C(=O)[C@@H]1CCCN1C(=O)[C@H](CCC(O)=O)NC(=O)[C@H](CCC(N)=O)NC(=O)[C@@H](N)CO)[C@@H](C)CC)[C@@H](C)O)C(C)C)[C@@H](C)O)C(=O)N[C@@H](C)C(N)=O,QEEJLLNYQOBRRM,0
DB09068,CC1=CC=C(SC2=CC=CC=C2N2CCNCC2)C(C)=C1,YQNWZWMKLDQSAC,1
DB09069,COC1=C(OC)C(OC)=C(CN2CCNCC2)C=C1,UHWVSEOVJBQKBE,0
DB09070,[H][C@@]12CC[C@@](O)(C#C)[C@@]1(C)CC[C@]1([H])C3=C(CC(=O)CC3)C[C@@]([H])(C)[C@@]21[H],WZDGZWOAQTVYBX,1
DB09071,CCC(=O)NC[C@@H]1C[C@H]1C1=CC=CC2=C1CCO2,PTOIAAWZLUQTIO,1
DB09072,[Na+].OCCCC([O-])=O,XYGBKMMCQDZQOZ,0
DB09073,CC(=O)C1=C(C)C2=CN=C(NC3=NC=C(C=C3)N3CCNCC3)N=C2N(C2CCCC2)C1=O,AHJRHEGDXFFMBM,1
DB09074,FC1=CC=C(CC2=NNC(=O)C3=CC=CC=C23)C=C1C(=O)N1CCN(CC1)C(=O)C1CC1,FDLYAMZZIXQODN,1
DB09075,CN(C)C(=O)[C@H]1CC[C@H](NC(=O)C(=O)NC2=NC=C(Cl)C=C2)[C@@H](C1)NC(=O)C1=NC2=C(CN(C)CC2)S1,HGVDHZBSSITLCT,0
DB09076,OC(C1=CC=CC=C1)(C1=CC=CC=C1)C12CC[N+](CCOCC3=CC=CC=C3)(CC1)CC2,FVTWTVQXNAJTQP,1
DB09078,COC1=C(C=C2C(OC3=CC=C(NC(=O)NC4CC4)C(Cl)=C3)=CC=NC2=C1)C(N)=O,WOSKHXYHFSIKNG,1
DB09079,COC(=O)C1=CC=C2C(NC(=O)\C2=C(/NC2=CC=C(C=C2)N(C)C(=O)CN2CCN(C)CC2)C2=CC=CC=C2)=C1,XZXHXSATPCNXJR,1
DB09080,COC1=CC=C(CC(C)(C)NC[C@H](O)C2=C3OCC(=O)NC3=CC(O)=C2)C=C1,COUYJEVMBVSIHV,1
DB09082,OCC1=C(O)C=CC(=C1)[C@@H](O)CNCCCCCCOCCOCC1=C(Cl)C=CC=C1Cl,DAFYYTQWSAWIGS,1
DB09083,COC1=C(OC)C=C2[C@@H](CN(C)CCCN3CCC4=CC(OC)=C(OC)C=C4CC3=O)CC2=C1,ACRHBAYQBXXRTO,1
DB09084,CN(C)CCCOC1=NN(CC2=CC=CC=C2)C2=CC=CC=C12,CNBGNNVCVSKAQZ,1
DB09085,CCCCNC1=CC=C(C=C1)C(=O)OCCN(C)C,GKCBAIGFKIBETG,1
DB09087,[Al+3].[K+].[O-]S([O-])(=O)=O.[O-]S([O-])(=O)=O,GRLPQNLYRHEGIJ,0
DB09090,COC1=C(OC)C=C(C[N+]2(CCOCCC3CCC4CC3C4(C)C)CCOCC2)C(Br)=C1,DDHUTBKXLWCZCO,1
DB09091,[H][C@@]12CC[C@](O)(C(=O)CS)[C@@]1(C)C[C@H](O)[C@@]1([H])[C@@]2([H])CCC2=CC(=O)CC[C@]12C,YWDBSCORAARPPF,1
DB09093,[H][C@@]12C[C@@]3([H])C(=C(O)[C@]1(O)C(=O)C(C(N)=O)=C(O)[C@H]2N(C)C)C(=O)C1=C(O)C=CC(Cl)=C1[C@@]3(C)O,CYDMQBQPVICBEU,0
DB09094,COC1=CC(=CC(OC)=C1OC)C1C2C(COC2=O)C(O)C2=CC3=C(OCO3)C=C12.COC1=CC(=CC(OC)=C1OC)C1C2C(COC2=O)C(O)C2=CC3=C(OCO3)C=C12.COC1=CC(=CC(OC)=C1OC)C1C(C(CO)C(O)C2=CC3=C(OCO3)C=C12)C(O)=O.COC1=CC(=CC(OC)=C1OC)C1C(C(CO)C(O)C2=CC3=C(OCO3)C=C12)C(O)=O,KOUZYZCESNTXJO,0
DB09095,[H][C@@]12C[C@@H](C)[C@H](C(=O)CO)[C@@]1(C)C[C@H](O)[C@@]1(F)[C@@]2([H])C[C@H](F)C2=CC(=O)C=C[C@]12C,OGPWIDANBSLJPC,1
DB09096,O=C(OOC(=O)C1=CC=CC=C1)C1=CC=CC=C1,OMPJBNCRMGITSC,0
DB09097,[H][C@]12C[C@@H](CN(CCC)[C@]1([H])CC1=CC=CC(O)=C1C2)NS(=O)(=O)N(CC)CC,GDFGTRDCCWFXTG,1
DB09099,C[C@@H](O)[C@@H]1NC(=O)[C@H](CC2=CC=CC=C2)NC(=O)[C@@H](NC(=O)[C@H](CCCCN)NC(=O)[C@H](CC2=CNC3=C2C=CC=C3)NC(=O)[C@H](CC2=CC=CC=C2)NC(=O)[C@H](CC2=CC=CC=C2)NC(=O)[C@H](CC(N)=O)NC(=O)[C@H](CCCCN)NC(=O)[C@H](CSSC[C@H](NC(=O)[C@H](CO)NC1=O)C(O)=O)NC(=O)CNC(=O)[C@H](C)N)[C@@H](C)O,NHXLMOGPVYXJNR,1
DB09101,[H][C@@](CO)(C(C)C)N1C=C(C(O)=O)C(=O)C2=C1C=C(OC)C(CC1=C(F)C(Cl)=CC=C1)=C2,JUZYLCPPVHEVSV,1
DB09102,COC(=O)N[C@@H](C(C)C)C(=O)N1CCC[C@H]1C1=NC=C(N1)C1=CC=C(C=C1)C1=CC=C(C=C1)C1=CN=C(N1)[C@@H]1CCCN1C(=O)[C@@H](NC(=O)OC)C(C)C,FKRSSPOQAMALKA,1
DB09104,[OH-].[OH-].[Mg++],VTHJTEIRLNZDEV,0
DB09112,ON=O,IOVCWXUNBOPUCH,1
DB09117,CC1OC(C)OC(C)O1,SQYNKIJPMDEDEG,1
DB09118,CC(C)(C)C(O)\C=C\C1=CC2=C(OCO2)C=C1,IBLNKMRFIPWSOY,1
DB09119,CC(=O)O[C@H]1CC2=CC=CC=C2N(C(N)=O)C2=CC=CC=C12,QIALRBLEEWJACW,1
DB09120,COC1=C(O)C=CC(CNC(=O)CCCC\C=C/C(C)C)=C1,YKPUWZUDDOIDPM,1
DB09123,[H][C@@]12CC[C@@](O)(CC#N)[C@@]1(C)CCC1=C3CCC(=O)C=C3CC[C@@]21[H],AZFLJNIPTRTECV,1
DB09124,[H][C@@]12CC[C@](C)(C(C)=O)[C@@]1(C)CC[C@@]1([H])[C@@]2([H])C=C(C)C2=CC(=O)CC[C@]12C,HCFSGRMEEXUOSS,0
DB09125,[K+].[K+].[K+].OC(CC([O-])=O)(CC([O-])=O)C([O-])=O,QEEAPRPFLLJWCF,0
DB09128,O=C1NC2=CC(OCCCCN3CCN(CC3)C3=C4C=CSC4=CC=C3)=CC=C2C=C1,ZKIAIYBUSXZPLP,1
DB09130,[Cu],RYGMFSIKBFXOCR,1
DB09134,OCCN(C(=O)CO)C1=C(I)C(C(=O)NCC(O)CO)=C(I)C(C(=O)NCC(O)CO)=C1I,AMDBBAQNWSUWGN,1
DB09135,CC(=O)N(CC(O)CO)C1=C(I)C(C(=O)NCC(O)CO)=C(I)C(C(=O)NCCO)=C1I,UUMLTINZBQPNGF,1
DB09137,[99Tc].[H]OC(=O)C([H])([H])N(C([H])([H])C(=O)O[H])C([H])([H])C(=O)N([H])C1=C(C(Br)=C(C([H])=C1C([H])([H])[H])C([H])([H])[H])C([H])([H])[H],JLJSYHOPCNWUNE,0
DB09138,O.O.[98Tc+4].[O-]P([O-])(=O)CP([O-])([O-])=O,IUPNVOAUFBLQME,0
DB09143,[H][C@]1(C)CN(C[C@@]([H])(C)O1)C1=CC=C(NC(=O)C2=CC=CC(=C2C)C2=CC=C(OC(F)(F)F)C=C2)C=N1,VZZJRYRQSPEMTK,1
DB09146,O.O.O.[OH-].[O--].[O--].[O--].[O--].[O--].[O--].[O--].[O--].[Na+].[Na+].[Fe+3].[Fe+3].[Fe+3].[Fe+3].[Fe+3].OC[C@H]1O[C@@](CO)(O[C@H]2O[C@H](CO)[C@@H](O)[C@H](O)[C@H]2O)[C@@H](O)[C@@H]1O,FWZTTZUKDVJDCM,0
DB09147,[Fe+3].[Fe+3].[Fe+3].[Fe+3].[O-]P([O-])(=O)OP([O-])([O-])=O.[O-]P([O-])(=O)OP([O-])([O-])=O.[O-]P([O-])(=O)OP([O-])([O-])=O,CADNYOZXMIKYPR,0
DB09153,[Na+].[Cl-],FAPWRFPIFSIZLT,0
DB09154,[Na+].[Na+].[Na+].OC(CC([O-])=O)(CC([O-])=O)C([O-])=O,HRXKRNGNAMMEHJ,0
DB09156,COCC(=O)NC1=C(I)C(C(=O)N(C)CC(O)CO)=C(I)C(C(=O)NCC(O)CO)=C1I,DGAIEPBNLOQYER,1
DB09161,[Tc+].COC(C)(C)C[N+]#[C-].COC(C)(C)C[N+]#[C-].COC(C)(C)C[N+]#[C-].COC(C)(C)C[N+]#[C-].COC(C)(C)C[N+]#[C-].COC(C)(C)C[N+]#[C-],ZBTQTVSNLRPJHI,0
DB09162,[Fe+3].OC(CC([O-])=O)(CC([O-])=O)C([O-])=O,NPFOYSMITVOQOS,0
DB09166,CCC1=CC2=C(S1)N1C(C)=NN=C1CN=C2C1=CC=CC=C1Cl,VMZUTJCNQWMAGF,1
DB09167,CN(C)CC\C=C1/C2=CC=CC=C2CSC2=CC=CC=C12,PHTUQLWOUWZIMZ,1
DB09183,COC1=C(C=C(C=C1C1=CC2=CC=C(NS(C)(=O)=O)C=C2C=C1)N1C=CC(=O)NC1=O)C(C)(C)C,NBRBXGKOEOGLOI,1
DB09185,CCOC1=CC=CC=C1OCC1CNCCO1,YWPHCCPCQOJSGZ,1
DB09198,COC1=CC=C(OC2=NC=NC(=C2)N(C)CCOC2=CC=C(CC3SC(=O)NC3=O)C=C2)C=C1,CHHXEZSCHQVSRE,1
DB09204,CC(C)(C)NCC(O)CSC1=NC(=CS1)C1=CC=C(S1)C(N)=O,BHIAIPWSVYSKJS,1
DB09209,[H][C@@]12OC3=C(OCCN4CCOCC4)C=CC4=C3[C@@]11CCN(C)[C@]([H])(C4)[C@]1([H])C=C[C@@H]2O,GPFAJKDEDBRFOS,1
DB09210,NC(=O)CN1CCCC1=O,GMZVRMREEHBGGF,1
DB09211,CCCC[C@H](C)C[C@H](O)\C=C\[C@H]1[C@H](O)CC(=O)[C@@H]1CCCC\C=C\C(O)=O,OJZYRQPMEIEQFC,1
DB09212,CC(C(O)=O)C1=CC=C(CC2CCCC2=O)C=C1,YMBXTVYHTMGZDW,1
DB09214,[H][C@@](C)(C(O)=O)C1=CC(=CC=C1)C(=O)C1=CC=CC=C1,DKYWVDODHFEZIM,1
DB09215,CN1C2=C(OC(=O)N(C2=O)C2=CC=CC=N2)C2=CC=CC=C2S1(=O)=O,OEHFRZLKGRKFAS,1
DB09216,CC1=C(Cl)C=CC=C1NC1=CC=CC=C1C(O)=O,YEZNLOUZAIOMLT,1
DB09218,CC1=C(NC2=C(C=CC=N2)C(O)=O)C=CC=C1Cl,CLOMYZFHNHFSIQ,1
DB09220,[O-][N+](=O)OCCNC(=O)C1=CC=CN=C1,LBHIOVVIQHSOQN,1
DB09221,NCCC(=O)N1[Zn]OC(=O)[C@@H]1CC1=CN=CN1,IGXZLYMCFZHNKW,1
DB09223,CCN1CCN(CC1)C1=NC2=C(CCCCCC2)C(=C1)C1=CC=C(F)C=C1,XVGOZDAJGBALKS,1
DB09224,CC1CCN(CCCC(=O)C2=CC=C(F)C=C2)CC1,DKMFBWQBDIGMHM,1
DB09225,CN(C)CCOC1=CC2=CC=CC=C2SC2=CC=C(Cl)C=C12,HDOZVRUNCMBHFH,0
DB09227,COC(=O)C1=C(C)NC(C)=C([C@H]1C1=CC(=CC=C1)[N+]([O-])=O)C(=O)O[C@H]1CCN(CC2=CC=CC=C2)C1,VXMOONUMYLCFJD,1
DB09230,CC(C)OC(=O)C1=C(C)NC(N)=C(C1C1=CC=CC(=C1)[N+]([O-])=O)C(=O)OC1CN(C1)C(C1=CC=CC=C1)C1=CC=CC=C1,ZKFQEACEUNWPMT,1
DB09231,COC(=O)C1=C(C)NC(C)=C([C@@H]1C1=CC=CC(=C1)[N+]([O-])=O)C(=O)O[C@@H]1CCCN(CC2=CC=CC=C2)C1,QZVNQOLPLYWLHQ,1
DB09232,COCCOC(=O)C1=C(C)NC(C)=C(C1C1=CC=CC(=C1)[N+]([O-])=O)C(=O)OC\C=C\C1=CC=CC=C1,KJEBULYHNRNJTE,1
DB09235,CC1=C(C(C2=CC=CC(=C2)[N+]([O-])=O)C(=C(C)N1)P1(=O)OCC(C)(C)CO1)C(=O)OCCN(CC1=CC=CC=C1)C1=CC=CC=C1,NSVFSAJIGAJDMR,1
DB09236,CCOC(=O)C1=C(C)NC(C)=C(C1C1=CC=CC=C1\C=C\C(=O)OC(C)(C)C)C(=O)OCC,GKQPCPXONLDCMU,1
DB09238,COC(=O)C1=C(C)NC(C)=C(C1C1=CC(=CC=C1)N(=O)=O)C(=O)OCCN1CCN(CC1)C(C1=CC=CC=C1)C1=CC=CC=C1,ANEBWFXPVPTEET,1
DB09241,[Cl-].CN(C)C1=CC2=[S+]C3=C(C=CC(=C3)N(C)C)N=C2C=C1,CXKWCBBOMKCUKX,0
DB09242,COC1=NC(C)=NC(Cl)=C1NC1=NCCN1,WPNJAUFVNXKLIM,1
DB09244,CC1=CC=C2N3CCNC4CCCC(=C34)C2=C1,IWVRVEIKCBFZNF,1
DB09245,CC1=CC(=CC=C1)N1CC(CO)OC1=O,MXUNKHLAEDCYJL,1
DB09256,FC1=CN(C2CCCO2)C(=O)NC1=O,WFWLQNSHRPWKFK,1
DB09257,OC1=CC(=O)NC=C1Cl,ZPLQIPFOCGIIHV,1
DB09262,CC1=NC=CN1CCC(C(N)=O)(C1=CC=CC=C1)C1=CC=CC=C1,SQKXYSGRELMAAU,1
DB09265,CC[C@H](C)[C@H](NC(=O)[C@H](CC1=CC=CC=C1)NC(=O)[C@H](CC(C)C)NC(=O)[C@H](CCCNC(N)=N)NC(=O)[C@@H](NC(=O)[C@H](C)NC(=O)[C@H](CCC(O)=O)NC(=O)[C@H](CCC(O)=O)NC(=O)[C@H](CCC(O)=O)NC(=O)[C@H](CCSC)NC(=O)[C@H](CCC(N)=O)NC(=O)[C@H](CCCCN)NC(=O)[C@H](CO)NC(=O)[C@H](CC(C)C)NC(=O)[C@H](CC(O)=O)NC(=O)[C@H](CO)NC(=O)[C@@H](NC(=O)[C@H](CC1=CC=CC=C1)NC(=O)[C@@H](NC(=O)CNC(=O)[C@H](CCC(O)=O)NC(=O)CNC(=O)[C@@H](N)CC1=CNC=N1)[C@@H](C)O)[C@@H](C)O)C(C)C)C(=O)N[C@@H](CCC(O)=O)C(=O)N[C@@H](CC1=CNC2=C1C=CC=C2)C(=O)N[C@@H](CC(C)C)C(=O)N[C@@H](CCCCN)C(=O)N[C@@H](CC(N)=O)C(=O)NCC(=O)NCC(=O)N1CCC[C@H]1C(=O)N[C@@H](CO)C(=O)N[C@@H](CO)C(=O)NCC(=O)N[C@@H](C)C(=O)N1CCC[C@H]1C(=O)N1CCC[C@H]1C(=O)N[C@@H](CO)C(=O)N[C@@H](CCCCN)C(=O)N[C@@H](CCCCN)C(=O)N[C@@H](CCCCN)C(=O)N[C@@H](CCCCN)C(=O)N[C@@H](CCCCN)C(=O)N[C@@H](CCCCN)C(N)=O,XVVOERDUTLJJHN,0
DB09267,[Sr++].[Sr++].[O-]C(=O)CN(CC([O-])=O)C1=C(C#N)C(CC([O-])=O)=C(S1)C([O-])=O,XXUZFRDUEGQHOV,0
DB09268,OS(=O)(=O)OC1=CC=C(C=C1)C(C1=CC=C(OS(O)(=O)=O)C=C1)C1=CC=CC=N1,UJIDKYTZIQTXPM,1
DB09269,OC(=O)CC1=CC=CC=C1,WLJVXDMOQOGPHL,1
DB09270,COC1=C(OC)C(=O)C(C\C=C(/C)CC\C=C(/C)CC\C=C(/C)CC\C=C(/C)CC\C=C(/C)CC\C=C(/C)CC\C=C(/C)CC\C=C(/C)CC\C=C(/C)CCC=C(C)C)=C(C)C1=O,ACTIUHUUMQJHFO,1
DB09272,COC1=CC=C(CN([C@@H](C)C2=NC(=CN2)C2=CC=CC=C2)C(=O)[C@@H](N)CC2=C(C)C=C(C=C2C)C(N)=O)C=C1C(O)=O,QFNHIDANIVGXPE,1
DB09273,CN1C2=C(N(CC3OCCO3)C=N2)C(=O)N(C)C1=O,HWXIGFIVGWUZAO,0
DB09274,[H][C@@]12CC[C@@H](C)[C@]3([H])CC[C@@]4(C)OO[C@@]13[C@]([H])(O[C@@H](OC(=O)CCC(O)=O)[C@@H]2C)O4,FIHJKUPKCHIPAT,1
DB09275,[K+].[K+].[K+].[K+].[K+].[Bi+3].[O-]C(=O)CC([O-])(CC([O-])=O)C([O-])=O.[O-]C(=O)CC([O-])(CC([O-])=O)C([O-])=O,YDDTTXDPCSCLKY,0
DB09276,[Na+].[Na+].[O-]C(=O)CC(S[Au])C([O-])=O,VXIHRIQNJCRFQX,0
DB09277,[Cl-].C[N+](C)([11CH3])CCO,SGMZJAMFUVOLNK,0
DB09278,[C],OKTJSMMVPCPJKN,0
DB09279,CCCCC1=NC(C)=C(CC(=S)N(C)C)C(=O)N1CC1=CC=C(C=C1)C1=C(C=CC=C1)C1=NN=NN1,AMEROGPZOLAFBN,1
DB09280,CC1=CC=C(NC(=O)C2(CC2)C2=CC=C3OC(F)(F)OC3=C2)N=C1C1=CC(=CC=C1)C(O)=O,UFSKUSARDNFIRC,1
DB09281,[Mg++].[Mg++].[O-][Si](=O)O[Si]([O-])([O-])O[Si]([O-])=O,GXGAKHNRMVGRPK,0
DB09282,CCOC(=O)[N-]C1=C[N+](=NO1)N1CCOCC1,XLFWDASMENKTKL,1
DB09283,CCN(CC)C1=CC(C)=NC2=NC=NN12,GSNOZLZNQMLSKJ,1
DB09285,FC(F)(F)C1=CC(NC2=C(C=CC=N2)C(=O)OCCN2CCOCC2)=CC=C1,LDXSPUSKBDTEKA,1
DB09286,NC(=O)C1(CCN(CCCC(=O)C2=CC=C(F)C=C2)CC1)N1CCCCC1,AXKPFOAXAHJUAG,1
DB09288,CCN(CC)CC(=O)OC1=CC=C(NC(C)=O)C=C1,QTGAJCQTLIRCFL,1
DB09289,CN1C2=CC=CC=C2C(NCCCCCCC(O)=O)C2=C(C=C(Cl)C=C2)S1(=O)=O,JICJBGPOMZQUBB,1
DB09290,CN1C=C(C(=O)[C@@H]2CCC3=C(C2)N=CN3)C2=C1C=CC=C2,NTHPAPBPFQJABD,1
DB09291,C[C@@H](OC[C@]1(CC[C@]2(CCC(=O)N2)CN1)C1=CC=CC=C1)C1=CC(=CC(=C1)C(F)(F)F)C(F)(F)F,FIVSJYGQAIEMOC,1
DB09292,CCOC(=O)[C@H](C)C[C@@H](CC1=CC=C(C=C1)C1=CC=CC=C1)NC(=O)CCC(O)=O,PYNXFZCZUAOOQC,1
DB09293,[131I-],XMBWDFGMSWQBCA,1
DB09295,FC(F)(F)C1=CC(NC2=C(C=CC=N2)C(=O)OC2OC(=O)C3=CC=CC=C23)=CC=C1,ANMLJLFWUCQGKZ,1
DB09296,COC(=O)N[C@@H](C(C)C)C(=O)N1CCC[C@H]1C(=O)NC1=CC=C(C=C1)[C@@H]1CC[C@H](N1C1=CC=C(C=C1)C(C)(C)C)C1=CC=C(NC(=O)[C@@H]2CCCN2C(=O)[C@@H](NC(=O)OC)C(C)C)C=C1,PIDFDZJZLOTZTM,1
DB09297,[H][C@@]12C[C@]1(NC(=O)[C@]1([H])C[C@H](CN1C(=O)[C@H](CCCCC\C=C/2)NC(=O)C1=CN=C(C)C=N1)OC1=NC2=C(C=CC=C2)C2=C1C=CC=C2)C(=O)NS(=O)(=O)C1CC1,UAUIUKWPKRJZJV,1
DB09300,CCCC[N+]1(C)[C@H]2C[C@@H](C[C@@H]1[C@H]1O[C@@H]21)OC(=O)[C@H](CO)C1=CC=CC=C1,YBCNXCRZPWQOBR,1
DB09320,CCN(CC)CCOC(=O)C1=CC=C(N)C=C1.[H][C@]12SC(C)(C)[C@@H](N1C(=O)[C@H]2NC(=O)CC1=CC=CC=C1)C(O)=O,WHRVRSCEWKLAHX,0
DB09321,O=[Zn],XLOMVQKBTHCTTD,1
DB09322,[Zn++].[O-]S([O-])(=O)=O,NWONKYPBYAMBJT,0
DB09323,O.O.O.O.C(CNCC1=CC=CC=C1)NCC1=CC=CC=C1.[H][C@]12SC(C)(C)[C@@H](N1C(=O)[C@H]2NC(=O)CC1=CC=CC=C1)C(O)=O.[H][C@]12SC(C)(C)[C@@H](N1C(=O)[C@H]2NC(=O)CC1=CC=CC=C1)C(O)=O,WIDKTXGNSOORHA,0
DB09324,[H][C@@]12CC(=O)N1[C@@]([H])(C(O)=O)C(C)(C)S2(=O)=O,FKENQMMABCRJMK,1
DB09330,COC1=C(NC2=NC=CC(=N2)C2=CN(C)C3=C2C=CC=C3)C=C(NC(=O)C=C)C(=C1)N(C)CCN(C)C,DUYJMQONPNNFPI,1
DB09338,COC(CNC(=O)C1=CC=CC=C1OCC(O)=O)C[Hg]O,HQRSUIDICNOLPX,0
DB09342,CCCOC1=CC(N)=CC=C1C(=O)OCCN(CC)CC,CAJIGINSTLKQMM,1
DB09343,ClC1=C(CN2CCCC2=N)NC(=O)NC1=O,QQHMKNYGKVVGCZ,1
DB09345,CCCCOC1=CC=C(OCCCN2CCOCC2)C=C1,DQKXQSGTHWVTAD,1
DB09352,CC(N)CC1=CC=C(O)C=C1,GIKNHHRFLCDOEU,1
DB09389,CCC12CCC3C(CCC4=CC(=O)CCC34)C1CCC2(O)C#C,WWYNJERNGUHSAO,1
DB09396,O.OS(=O)(=O)C1=CC2=CC=CC=C2C=C1.CCC(=O)O[C@@](CC1=CC=CC=C1)([C@H](C)CN(C)C)C1=CC=CC=C1,GBKONKCASNNUQD,0
DB09414,[K+].[K+].OP([O-])([O-])=O,ZPWVASYFFYYZEW,0
DB09449,[Na+].OP(O)([O-])=O,AJPJDKMHJJGVTQ,0
DB09462,OCC(O)CO,PEDCQBHIVMGVHV,1
DB09477,[H][C@@](C)(N[C@@]([H])(CCC1=CC=CC=C1)C(O)=O)C(=O)N1CCC[C@@]1([H])C(O)=O,LZFZMUMEGBBDTC,1
DB09488,[H]\C(CN1CCCC1)=C(\C1=CC=C(C)C=C1)C1=CC=CC(=N1)C(\[H])=C(/[H])C(O)=O,PWACSDKDOHSSQD,1
DB09499,OS(O)(=O)=S,DHCDFWKWKRSZHF,1
DB09516,COC1=CC=C(O)C=C1,NWVVVBRKAWDGAB,0
DB09536,O=[Ti]=O,GWEVSGVZZGPLCZ,0
DB09543,COC(=O)C1=CC=CC=C1O,OSWPMRLSEDHDFF,1
DB09555,OC(=O)\C=C/C(O)=O.CN(C)CC[C@@H](C1=CC=C(Cl)C=C1)C1=CC=CC=N1,DBAKFASWICGISY,0
DB09561,[Na+].[Na+].OCC(O)COP([O-])([O-])=O,GEKBIENFFVFKRG,0
DB09570,CC(C)C[C@H](NC(=O)CNC(=O)C1=CC(Cl)=CC=C1Cl)B(O)O,MXAYKZJJDUDWDS,1
DB11079,OCCN(CCO)CCO.OC(=O)C1=CC=CC=C1O,UEVAMYPIMMOEFW,0
DB11093,[Ca++].[Ca++].[Ca++].OC(CC([O-])=O)(CC([O-])=O)C([O-])=O.OC(CC([O-])=O)(CC([O-])=O)C([O-])=O,FNAQSUUGMSOBHW,0
DB11106,CC(C)(N)CO.CN1C2=C(NC(Br)=N2)C(=O)N(C)C1=O,ATOTUUBRFJHZQG,0
DB11121,CC1=CC(O)=CC(C)=C1Cl,OSDLLIBGSJNGJE,0
DB11126,[Ca++].[H][C@@](O)(CO)[C@@]([H])(O)[C@]([H])(O)[C@@]([H])(O)C([O-])=O.[H][C@@](O)(CO)[C@@]([H])(O)[C@]([H])(O)[C@@]([H])(O)C([O-])=O,NEEHYRZPVYRGPP,0
DB11135,[Se],BUGBHKTXTAQXES,1
DB11136,[Cr],VYZAMTAEIAYCRO,1
DB11148,CCCCOC(=O)C1=CC=C(N)C=C1,IUWVALYLNVXWKX,1
DB11156,[H]\C(=C(\[H])C1=NCCCN1C)C1=CC=CS1,YSAUAVHXTIETRK,1
DB11231,CC(C)=CCC\C(C)=C\C=C\C(\C)=C\C=C\C(\C)=C\C=C\C=C(/C)\C=C\C=C(/C)\C=C\C=C(/C)CCC=C(C)C,OAIJSZIZWZSQBC,0
DB11235,COC1=CC=C(CN(CCN(C)C)C2=NC=CC=N2)C=C1,GULNIHOSWFYMRN,1
DB11239,[Al+3].[Al+3].[O-]S([O-])(=O)=O.[O-]S([O-])(=O)=O.[O-]S([O-])(=O)=O,DIZPMCHEQGEION,0
DB11254,CCCCCCC1=C(O)C=C(O)C=C1,WFJIVOKAWHGMBH,0
DB11256,CN1[C@@H](CNC2=CC=C(C=C2)C(=O)N[C@@H](CCC(O)=O)C(O)=O)CNC2=C1C(=O)N=C(N)N2,ZNOVTXRBGFNYRX,1
DB11268,[H]C(=O)C1=CC(O)=C(O)C=C1,IBGBGRVKPALMCQ,1
DB11315,C[N+]1(C)[C@H]2C[C@@H](C[C@@H]1[C@H]1O[C@@H]21)OC(=O)[C@H](CO)C1=CC=CC=C1,LZCOQTDXKCNBEE,1
DB11342,[O--].[O--].[O--].[Al+3].[Al+3],PNEYBMLMFCGWSK,0
DB11348,[Ca++].[Ca++].[Ca++].[O-]P([O-])([O-])=O.[O-]P([O-])([O-])=O,QORWJWZARLRLPR,0
DB11362,CC(C)N(CCCCOCC(=O)NS(C)(=O)=O)C1=NC(C2=CC=CC=C2)=C(N=C1)C1=CC=CC=C1,QXWZQTURMXZVHJ,1
DB11363,CCC1=CC2=C(C=C1N1CCC(CC1)N1CCOCC1)C(C)(C)C1=C(C3=CC=C(C=C3N1)C#N)C2=O,KDGFLJKFZUIJMX,1
DB11560,OC(=O)CSC1=NN=C(Br)N1C1=CC=C(C2CC2)C2=C1C=CC=C2,FGQFOYHRJSUHMR,1
DB11574,[H][C@]1(CCCN1C(=O)[C@@H](NC(=O)OC)C(C)C)C1=NC=C(N1)C1=CC2=C(C=C1)N1[C@@H](OC3=C(C=CC(=C3)C3=CN=C(N3)[C@]3([H])CCCN3C(=O)[C@@H](NC(=O)OC)C(C)C)C1=C2)C1=CC=CC=C1,BVAZQCUMNICBAQ,1
DB11575,COC1=CC2=NC3=C(CCCCC[C@@H]4C[C@H]4OC(=O)N[C@H](C(=O)N4C[C@@H](C[C@H]4C(=O)N[C@@]4(C[C@H]4C=C)C(=O)NS(=O)(=O)C4CC4)O3)C(C)(C)C)N=C2C=C1,OBMNJSNZOWALQB,1
DB11581,CC1(C)CCC(CN2CCN(CC2)C2=CC=C(C(=O)NS(=O)(=O)C3=CC=C(NCC4CCOCC4)C(=C3)[N+]([O-])=O)C(OC3=CN=C4NC=CC4=C3)=C2)=C(C1)C1=CC=C(Cl)C=C1,LQBVNQSMGBZMKD,1
DB11586,COC1=CN=C(O[C@@H]2C[C@H](N(C2)C(=O)[C@@H](NC(=O)OC(C)(C)C)C(C)(C)C)C(=O)N[C@@]2(C[C@H]2C=C)C(=O)NS(=O)(=O)C2CC2)C2=C1C=CC(Cl)=C2,XRWSZZJLZRKHHD,1
DB11596,NC1=NC(=O)C2=C(NC[C@H](CNC3=CC=C(C=C3)C(=O)N[C@@H](CCC(O)=O)C(O)=O)N2C=O)N1,VVIAGPKUTFNRDU,1
DB11609,CCC(=O)C(CCN(C)C)(C1=CC=CC=C1)C1=CC=CC=C1,WCJFBSYALHQBSK,1
DB11610,[H][C@@](C)(NC)[C@]([H])(O)C1=CC=C(O)C=C1,OXFGTKPPFSCSMA,0
DB11613,COC[C@H]1C[C@H](N(C1)C(=O)[C@H](NC(=O)OC)C1=CC=CC=C1)C1=NC=C(N1)C1=CC=C2C(COC3=CC4=C(C=CC5=C4NC(=N5)[C@@H]4CC[C@H](C)N4C(=O)[C@@H](NC(=O)OC)C(C)C)C=C23)=C1,FHCUMDQMBHQXKK,1
DB11614,CC1=CC(CN2CCC(CC2)=C2C3=CC=C(Cl)C=C3CCC3=C2N=CC=C3)=CN=C1,WUZYKBABMWJHDL,1
DB11619,[H][C@@]12CC[C@@](O)(C#C)[C@@]1(CC)C=CC1=C3CCC(=O)C=C3CC[C@@]21[H],BJJXHLWLUDYTGC,1
DB11630,Oc1cccc(-c2c3nc(c(-c4cccc(O)c4)c4ccc([nH]4)c(-c4cccc(O)c4)c4nc(c(-c5cccc(O)c5)c5ccc2[nH]5)CC4)C=C3)c1,LYPFDBRUNKHDGX,0
DB11633,C[C@@H](C1=NC(=CS1)C1=CC=C(C=C1)C#N)[C@](O)(CN1C=NC=N1)C1=C(F)C=CC(F)=C1,DDFOUSQFMYRUQK,1
DB11636,CC(=O)[C@@]1(O)CC[C@H]2[C@@H]3C=C(C)C4=CC(=O)CC[C@@H]4[C@H]3CC[C@]12C,KZUIYQJTUIACIG,1
DB11641,CC[C@@]12C=CCN3CC[C@@]4([C@H]13)[C@@H](N(C)C1=CC(OC)=C(C=C41)[C@]1(C[C@@H]3C[C@H](C[N@@](C3)CC3=C1NC1=CC=CC=C31)C(C)(F)F)C(=O)OC)[C@](O)([C@@H]2OC(C)=O)C(=O)OC,NMDYYWFGPIMTKO,1
DB11660,O[C@H](CC[C@H]1[C@H](O)C[C@H](O)[C@@H]1C\C=C/CCCC(=O)OCCCCO[N+]([O-])=O)CCC1=CC=CC=C1,LOVMMUBRQUFEAH,1
DB11691,[H][C@@]12OC3=C4C(C[C@@]5([H])N(CC6CC6)CC[C@@]14[C@@]5(O)CC(C(=O)NC(C)(C)C1=NC(=NO1)C1=CC=CC=C1)=C2O)=CC=C3O,AXQACEQYCPKDMV,1
DB11699,[H][C@]12CC[C@]([H])(C[C@@]([H])(C1)OC(=O)C1=CNC3=CC=CC=C13)N2C,ZNRGQMMCGHDTEI,1
DB11730,CN(C)C(=O)C1=CC2=CN=C(NC3=CC=C(C=N3)N3CCNCC3)N=C2N1C1CCCC1,RHXHGRAEPCAFML,1
DB11737,C#CC1=CC=CC(NC2=NC=NC3=CC4=C(OCCOCCOCCO4)C=C23)=C1,QQLKULDARVNMAL,1
DB11793,NC(=O)C1=CC=CC2=CN(N=C12)C1=CC=C(C=C1)[C@@H]1CCCNC1,PCHKPVIQAHNQLW,1
DB11817,CCS(=O)(=O)N1CC(CC#N)(C1)N1C=C(C=N1)C1=C2C=CNC2=NC=N1,XUZMWHLSFXCVMG,1
DB11828,CCOC1=C(NC(=O)\C=C\CN(C)C)C=C2C(NC3=CC=C(OCC4=CC=CC=N4)C(Cl)=C3)=C(C=NC2=C1)C#N,JWNPDZNEKVCWMY,1
DB11915,COC1=C(OC)C=C2[C@H]3C[C@@H](OC(=O)[C@@H](N)C(C)C)[C@H](CC(C)C)CN3CCC2=C1,GEJDGVNQKABXKG,1
DB11921,[H][C@@]12C[C@@]3([H])[C@]4([H])CCC5=CC(=O)C=C[C@]5(C)[C@@]4([H])[C@@]([H])(O)C[C@]3(C)[C@@]1(N=C(C)O2)C(=O)COC(C)=O,FBHSPRKOSMHSIF,1
DB11943,NC1=NC(N2C=C(C(O)=O)C(=O)C3=CC(F)=C(N4CC(O)C4)C(Cl)=C23)=C(F)C=C1F,DYDCPNMLZGFQTM,1
DB11989,[O-][N+](=O)C1=NC=CN1CC(=O)NCC1=CC=CC=C1,CULUWZNBISUWAS,1
DB11994,CC(=O)OC1=CC=CC2=C1C(=O)C1=C(OC(C)=O)C=C(C=C1C2=O)C(O)=O,TYNLGDBUJLVSMA,1
DB12001,CCN1CCN(CC2=CC=C(NC3=NC=C(F)C(=N3)C3=CC(F)=C4N=C(C)N(C(C)C)C4=C3)N=C2)CC1,UZWDCWONPYILKI,1
DB12026,CC[C@@H]1[C@@H]2CN([C@@H]1C(=O)N[C@@]1(C[C@H]1C(F)F)C(=O)NS(=O)(=O)C1(C)CC1)C(=O)[C@@H](NC(=O)O[C@@H]1C[C@H]1CCCCC(F)(F)C1=C(O2)N=C2C=C(OC)C=CC2=N1)C(C)(C)C,MZBLZLWXUBZHSL,1
DB12070,COC1=CC=CC(=C1)N1CCN(CC1)C1=NC2=C(C=CC=C2F)[C@H](CC(O)=O)N1C1=CC(=CC=C1OC)C(F)(F)F,FWYSMLBETOMXAG,1
DB12161,[2H]C([2H])([2H])OC1=CC2=C(C=C1OC([2H])([2H])[2H])[C@@H]1CC(=O)[C@@H](CC(C)C)CN1CC2,MKJIEFSOBYUXJB,1
DB12267,COC1=CC(=CC=C1NC1=NC=C(Cl)C(NC2=CC=CC=C2P(C)(C)=O)=N1)N1CCC(CC1)N1CCN(C)CC1,AILRADAXUVEEIR,1
DB12278,CCCOC(C(=O)OC1CCN(C)CC1)(C1=CC=CC=C1)C1=CC=CC=C1,QPCVHQBVMYCJOM,1
DB12332,CNCC1=CC=C(C=C1)C1=C2CCNC(=O)C3=C2C(N1)=CC(F)=C3,HMABYWSNWIZPAG,0
DB12364,COC1=CC=C(NC(=O)C2=CC=C(C=C2)C(=N)N(C)C)C(=C1)C(=O)NC1=CC=C(Cl)C=N1,XHOLNRLADUSQLD,1
DB12483,COC1=C(OCCCN2CCOCC2)C=CC2=C1N=C(NC(=O)C1=CN=C(N)N=C1)N1CCN=C21,PZBCKZWLPGJMAO,0
DB12532,CN(C(=O)CN(CCO)CC(=O)N(C)C(C)(C)CC1=CC=CC=C1)C(C)(C)CC1=CC=CC=C1,FTLDJPRFCGDUFH,1
DB12598,NC(=N)NC1=CC=C(C=C1)C(=O)OC1=CC2=C(C=C1)C=C(C=C2)C(N)=N,MQQNFDZXWVTQEH,1
DB12924,CNC1=NC=C(C=C1C)C1=CC=C2C(=O)C(=CN(C3CC3)C2=C1C)C(O)=O,XPIJWUTXQAGSLK,0
DB13025,CCN(CC)CCNC(=O)C1=CC(=CC=C1OC)S(C)(=O)=O,JTVPZMFULRWINT,1
DB13139,CC(C)(C)NC[C@H](O)C1=CC(CO)=C(O)C=C1,NDAUXUAQIAJITI,1
DB13142,OC[C@@H](O)[C@@H](O)[C@H](O)[C@@H](O)C(=O)O[Ca]OC(=O)[C@H](O)[C@@H](O)[C@H](O[C@@H]1O[C@H](CO)[C@H](O)[C@H](O)[C@H]1O)[C@H](O)CO,YPCRNBPOUVJVMU,1
DB13145,N[Pt]1(N)OCC(=O)O1,GRHLMSBCOPRFNA,0
DB13146,N[C@]1(C[C@H]([18F])C1)C(O)=O,NTEDWGYJNHZKQW,0
DB13153,[H][C@@]1(CCC(C)=CC1)[C@@](C)(O)CCC=C(C)C,RGZSQWQPBWRIAQ,1
DB13158,[H][C@]1(C)C[C@@]2([H])[C@]3([H])CCC4=CC(=O)C=C[C@]4(C)[C@@]3(F)C(=O)C[C@]2(C)[C@@]1(O)C(=O)CCl,XXIFVOHLGBURIG,1
DB13167,OC(=O)CC1=CC(Cl)=C(OCC=C)C=C1,ARHWPKZXBHOEEE,1
DB13179,CO[C@H]1C[C@H](O[C@H]2[C@H](C)[C@@H](O[C@@H]3O[C@H](C)C[C@@H]([C@H]3OC(C)=O)N(C)C)[C@@H](C)C[C@@]3(CO3)C(=O)[C@H](C)[C@@H](OC(C)=O)[C@@H](C)[C@@H](C)OC(=O)[C@@H]2C)O[C@@H](C)[C@@H]1OC(C)=O,LQCLVBQBTUVCEQ,1
DB13231,[Ca++].CC(O)C([O-])=O.CC(O)C([O-])=O,MKJXYGKVIBWPFZ,0
DB13323,ClC=C(Cl)Cl,XSTXAVWGXDQKEL,1
DB13450,[O-]S(=O)(=O)C1=CC=CC=C1.[O-]S(=O)(=O)C1=CC=CC=C1.COC1=CC2=C(C=C1OC)[C@@H](CC1=CC(OC)=C(OC)C=C1)[N@@+](C)(CCC(=O)OCCCCCOC(=O)CC[N@@+]1(C)CCC3=C(C=C(OC)C(OC)=C3)[C@H]1CC1=CC(OC)=C(OC)C=C1)CC2,XXZSQOVSEBAPGS,0
DB13595,O.[Mg++].[Al+3].[Al+3].[O-][Si]([O-])([O-])[O-].[O-][Si]([O-])([O-])[O-],XFKLULFTFNRQOX,0
DB13747,OCCN(CCO)CCO,GSEJCLTVZPLZKY,1
DB13783,COC1=CC2=C(C=C1)N(C(=O)C1=CC=C(Cl)C=C1)C(C)=C2CC(=O)OCC(O)=O,FSQKKOOTNAMONP,1
DB13872,CN1C2=C(C=C(Cl)C=C2)C(=NC(O)C1=O)C1=CC=CC=C1Cl,FJIKWRGCXUCUIG,1
DB13873,CC(C)(OC1=CC=C(C=C1)C(=O)C1=CC=C(Cl)C=C1)C(O)=O,MQOBSOSZFYZQOK,1
DB13874,CC(C)(O)CNC1=NC(=NC(NC2=CC(=NC=C2)C(F)(F)F)=N1)C1=NC(=CC=C1)C(F)(F)F,DYLUUSLLRIQKOE,1
DB13878,CO[C@H](C)[C@H](NC(=O)OC)C(=O)N1CCC[C@H]1C1=NC2=C(N1)C=C(F)C(=C2)[C@H]1CC[C@@H](N1C1=CC(F)=C(N2CCC(CC2)C2=CC=C(F)C=C2)C(F)=C1)C1=CC2=C(NC(=N2)[C@@H]2CCCN2C(=O)[C@@H](NC(=O)OC)[C@@H](C)OC)C=C1F,VJYSBPDEJWLKKJ,1
DB13879,[H][C@@]12CN(C(=O)[C@@]([H])(NC(=O)O[C@]3([H])CCC[C@@]3([H])OC\C=C\C(F)(F)C3=NC4=C(C=CC=C4)N=C3O1)C(C)(C)C)[C@@]([H])(C2)C(=O)N[C@@]1(C[C@H]1C(F)F)C(=O)NS(=O)(=O)C1(C)CC1,MLSQGNCUYAMAHD,1
DB13925,[68Ga+3].C[C@@H](O)[C@H](NC(=O)[C@@H]1CSSC[C@H](NC(=O)[C@@H](CC2=CC=CC=C2)NC(=O)CN2CCN(CC([O-])=O)CCN(CC([O-])=O)CCN(CC([O-])=O)CC2)C(=O)N[C@@H](CC2=CC=C(O)C=C2)C(=O)N[C@H](CC2=CNC3=C2C=CC=C3)C(=O)N[C@@H](CCCCN)C(=O)N[C@@H]([C@@H](C)O)C(=O)N1)C(O)=O,XBJPSVQFCQFGDC,0
