ik14,status,cid,smiles,error
AADCDMQTJNYOSS,ok,51371474,CCC1=CC(=C(C(=C1O)C(=O)NCC2CCC[NH+]2CC)OC)Cl,
AAFJXZWCNVJTMK,ok,178256861,C1C(O1)C(C(C2CO2)O)O,
AAKJLRGGTJKAMG,ok,153713420,COCCOC1=C(C=C2C(=C1)C(=NC=N2)NC3=CC=CC(=C3)C#C)OCCOC,
AAOVKJBEBIDNHE,ok,165361942,CN1C(=O)CN=C(C2=C1C=CC(=C2)Cl)C3=CC=CC=C3,
AAQOQKQBGPPFNS,ok,2431,CC[N+](C)(C)CC1=CC=CC=C1Br,
AAXVEMMRQDVLJB,ok,178250544,CC12CCC(=O)C=C1CCC3C2(C(CC4(C3CCC4(C(=O)CO)O)C)O)F,
ACAXGYADTLFREX,ok,11090378,CC(CN(C)C)NC(=O)C1=C2C(=CC=C1)N=C3C=CC4=C(C3=N2)C=CC=C4OC,
ACCMWZWAEFYUGZ,ok,172653311,CCOCCN1C2=CC=CC=C2N=C1C3CCN(CC3)CCC4=CC=C(C=C4)C(C)(C)C(=O)O,
ACGDKVXYNVEAGU,ok,6992024,C1CCC[NH+](CCC1)CC[NH+]=C(N)N,
ACRHBAYQBXXRTO,ok,178251300,CN(CCCN1CCC2=CC(=C(C=C2CC1=O)OC)OC)CC3CC4=CC(=C(C=C34)OC)OC,
ACSIXWWBWUQEHA,ok,146015374,C(P(=O)([OH2+])[O-])(P(=O)([OH2+])[O-])(Cl)Cl,
ACTIUHUUMQJHFO,ok,162642110,CC1=C(C(=O)C(=C(C1=O)OC)OC)CC=C(C)CCC=C(C)CCC=C(C)CCC=C(C)CCC=C(C)CCC=C(C)CCC=C(C)CCC=C(C)CCC=C(C)CCC=C(C)C,
ACTOXUHEUCPTEW,ok,177839066,CC1CC=CC=CC(C(CC(C(C(C(CC(=O)O1)O)OC)OC2C(C(C(C(O2)C)OC3CC(C(C(O3)C)O)(C)O)N(C)C)O)CC=O)C)OC4CCC(C(O4)C)N(C)C,
ACWBQPMHZXGDFX,ok,177834092,CCCCC(=O)N(CC1=CC=C(C=C1)C2=CC=CC=C2C3=NNN=N3)C(C(C)C)C(=O)O,
ACWZRVQXLIRSDF,ok,173640837,CN1C=NC2=C1C=C(C(=C2F)NC3=C(C=C(C=C3)Br)F)C(=O)NOCCO,
ADEBPBSSDYVVLD,ok,177835674,COC1=C(C=C2C(=C1)CC(C2=O)CC3CCN(CC3)CC4=CC=CC=C4)OC,
ADFCQWZHKCXPAJ,ok,178856164,C1C(COC2=C1C=CC(=C2)O)C3=CC=C(C=C3)O,
ADFOJJHRTBFFOF,ok,146159091,CC12CCC3C(C1CCC2OP(=O)(O)O)CCC4=C3C=CC(=C4)OC(=O)N(CCCl)CCCl,
ADIMAYPTOBDMTL,ok,76973968,C1=CC=C(C=C1)C2=NC(C(=O)NC3=C2C=C(C=C3)Cl)O,
ADUKCCWBEDSMEB,ok,162640517,CC(C)NCC(COC1=CC=C(C=C1)O)O,
ADXGNEYLLLSOAR,ok,60919,CC1=C2CCC(=O)N(C2=NC(=N1)C)CC3=CC=C(C=C3)C4=CC=CC=C4C5=NNN=N5,
AELCINSCMGFISI,ok,168007241,C1C(C1N)C2=CC=CC=C2,
AEMFNILZOJDQLW,ok,178856451,CC12CCC(=O)C=C1CCC3C2CCC4(C3CCC4=O)C,
AEOCXXJPGCBFJA,ok,153701019,CCC1=NC=CC(=C1)C(=S)N,
AEQDJSLRWYMAQI,ok,175731940,COC1=C(C2=C(CC3C4=CC(=C(C=C4CCN3C2)OC)OC)C=C1)OC,
AEUTYOVWOVBAKS,ok,171700736,CCC(CO)NCCNC(CC)CO,
AFCGFAGUEYAMAO,ok,132935668,CC(=O)NCCCS(=O)(=O)[O-],
AFHJQYHRLPMKHU,ok,168314870,C1=CC2=C(C(=C1)O)C(=O)C3=C(C2C4C(C(C(C(O4)CO)O)O)O)C=C(C=C3O)CO,
AFJYYKSVHJGXSN,ok,177697164,CC1CCC2(CC3CC(O2)CC=C(C(C(C=CC=C4COC5C4(C(C=C(C5=NO)C)C(=O)O3)O)C)OC6CC(C(C(O6)C)O)OC)C)OC1C7CCCCC7,
AFLFKFHDSCQHOL,ok,156194018,CC1=CC(=CC(=C1OC(C)(C)C(=O)O)C)C=CC(=O)C2=CC=C(C=C2)SC,
AFNXATANNDIXLG,ok,51375274,C1=CC(=CC=C1CSC(C[N+]2=CNC=C2)C3=C(C=C(C=C3)Cl)Cl)Cl,
AFSDNFLWKVMVRB,ok,163417515,C1=C2C3=C(C(=C1[OH2+])O)OC(=O)C4=CC(=C(C(=C43)OC2=O)O)O,
AGAHNABIDCTLHW,ok,57369296,CC1=CC=C(C=C1)C2(CCN(CC2)CCCC(=O)C3=CC=C(C=C3)F)O,
AGBQKNBQESQNJD,ok,176480445,C1CSSC1CCCCC(=O)O,
AGHANLSBXUWXTB,ok,76973258,C1=CSC(=C1)C(=O)C2=C(C(=C(C=C2)OCC(=O)O)Cl)Cl,
AGMMTXLNIQSRCG,ok,76972169,CCC1NC2=CC(=C(C=C2C(=O)N1)S(=O)(=O)N)Cl,
AGOYDEPGAOXOCK,ok,178253661,CCC1C(C(C(C(=O)C(CC(C(C(C(C(C(=O)O1)C)OC2CC(C(C(O2)C)O)(C)OC)C)OC3C(C(CC(O3)C)N(C)C)O)(C)OC)C)C)O)(C)O,
AGRCPNMCOXLKFO,ok,124744632,CN(C(=O)NC(C=O)C(C(C(CO)O)O)O)N=O,
AHBKIEXBQNRDNL,ok,172873933,CC(=O)C12C(CC3C1(CCC4C3CCC5=CC(=O)CCC45C)C)OC(O2)(C)C6=CC=CC=C6,
AHEVKYYGXVEWNO,failed,,,no_cid
AHFWIQIYAXSLBA,ok,178344753,C1=CC=C2C(=C1)C=C(S2)CC3=C(C=CC(=C3)C4C(C(C(C(O4)CO)O)O)O)F,
AHJRHEGDXFFMBM,ok,158044196,CC1=C(C(=O)N(C2=NC(=NC=C12)NC3=NC=C(C=C3)N4CCNCC4)C5CCCC5)C(=O)C,
AHLBNYSZXLDEJQ,ok,92535993,CCCCCCCCCCCC(CC1C(C(=O)O1)CCCCCC)OC(=O)C(CC(C)C)NC=O,
AHNIKTNNZJNCFN,ok,135449314,CCC1=C(C2=CC3=NC(=CN=C4C=C(C(=CC4=NC=C5C(=C(C(=N5)C=C1N2)CCCO)C)OCCOCCOCCOC)OCCOCCOCCOC)C(=C3CCCO)C)CC,
AHOUBRCZNHFOSL,ok,178325963,C1CNCC(C1C2=CC=C(C=C2)F)COC3=CC4=C(C=C3)OCO4,
AHYHTSYNOHNUSH,ok,172676785,CC(C(=O)N1C2CCCCC2CC1C(=O)O)NC(CCC3=CC=CC=C3)C(=O)O,
AHYMHWXQRWRBKT,ok,25171648,CN1CCC(CC1)COC2=CN=C(N=C2)C3=CC=CC(=C3)CN4C(=O)C=CC(=N4)C5=CC=CC(=C5)C#N,
AHZBEVXBKNYXPU,ok,171381897,C[N+]1=CC=CC(=C1)OC(=O)N(C)CCCCCCN(C)C(=O)OC2=C[N+](=CC=C2)C,
AIJTTZAVMXIJGM,ok,169441061,CC1CN(CCN1)C2=C(C(=C3C(=C2)N(C=C(C3=O)C(=O)O)C4CC4)C)F,
AILRADAXUVEEIR,ok,177747045,CN1CCN(CC1)C2CCN(CC2)C3=CC(=C(C=C3)NC4=NC=C(C(=N4)NC5=CC=CC=C5P(=O)(C)C)Cl)OC,
AIONOLUJZLIMTK,ok,169441217,COC1=C(C=C(C=C1)C2CC(=O)C3=C(C=C(C=C3O2)O)O)O,
AIUHRQHVWSUTGJ,ok,6762,CC(=O)OCCN1CCN(CC1)CCCN2C3=CC=CC=C3SC4=C2C=C(C=C4)Cl,
AIZFEOPQVZBNGH,ok,135412795,C1CCC2=C(C1)C3=C(S2)NC(=O)CN=C3C4=CC=CC=C4,
AJBMORBNKXNZSF,ok,166639473,COC1C(OC(C(C1OC)OC)OC2C(C(C(OC2C(=O)O)OC3C(OC(C(C3OS(=O)(=O)O)OS(=O)(=O)O)OC4C(C(C(OC4C(=O)O)OC5C(OC(C(C5OS(=O)(=O)O)OS(=O)(=O)O)OC)COS(=O)(=O)O)OC)OC)COS(=O)(=O)O)OC)OC)COS(=O)(=O)O,
AJIPIJNNOJSSQC,ok,175675620,CC12CCC3C(C1C(C(C2O)O)O)CCC4=C3C=CC(=C4)O,
AJKIRUJIDFJUKJ,ok,169446721,C1CS(=O)(=O)NCN1CN2CCS(=O)(=O)NC2,
AJLFOPYRIVGYMJ,ok,162857322,CCC(C)C(=O)OC1CCC=C2C1C(C(C=C2)C)CCC3CC(CC(=O)O3)O,
AJOQSQHYDOFIOX,ok,12309788,CCC(C1=CC=CC=C1)C(=O)NC(=O)N,
AJXPJJZHWIXJCJ,ok,129827355,CC1(CC(=O)N(C1=O)C)C2=CC=CC=C2,
AKFNKZFJBFQFAA,ok,23149694,CCOC(=O)C12CCC(CC1)(CC2)NCC(=O)N3CC(CC3C#N)F,
AKJHMTWEGVYYSE,ok,173539513,CC1=C(C(CCC1)(C)C)C=CC(=CC=CC(=CC(=O)NC2=CC=C(C=C2)O)C)C,
AKNNEGZIBPJZJG,ok,71751263,CN1CCC2=CC3=C(C(=C2C1C4C5=C(C(=C(C=C5)OC)OC)C(=O)O4)OC)OCO3,
AKPLHCDWDRPJGD,ok,176063361,C1C(=O)NC2=C(C=C(C=C2)Cl)C(=N1)C3=CC=CC=C3,
AKUJBENLRBOFTD,ok,172400025,CC1CC2C3CCC4=CC(=O)C=CC4(C3(C(CC2(C1(C(=O)COC(=O)C)O)C)O)F)C,
ALARQZQTBTVLJV,ok,46782123,CCC1(C(=O)NC(=O)N(C1=O)C)C2=CC=CC=C2,
ALAXZYHFVBSJKZ,ok,47608,C1CN(CC2=CC(=NN=C21)NN)C(=O)C3=CC=CC=C3,
ALEXXDVDDISNDU,ok,172970552,CC(=O)OCC(=O)C1(CCC2C1(CC(C3C2CCC4=CC(=O)CCC34C)O)C)O,
ALFGKMXHOUSVAD,ok,76974342,CCC(=O)C1(CCN(CC1)C)C2=CC(=CC=C2)O,
ALIVXCSEERJYHU,ok,178875195,CC(C1=CC(=C(C=C1)C2=CC=CC=C2)F)C(=O)OC(C)OC(=O)C,
ALOBUEHUHMBRLE,ok,169442368,CCCCCCCN(CC)CCCC(C1=CC=C(C=C1)NS(=O)(=O)C)O,
ALWKGYPQUAPLQC,ok,4456,CN(C)C(=O)OC1=CC=CC(=C1)[N+](C)(C)C,
AMDBBAQNWSUWGN,ok,92328174,C(CO)N(C1=C(C(=C(C(=C1I)C(=O)NCC(CO)O)I)C(=O)NCC(CO)O)I)C(=O)CO,
AMEROGPZOLAFBN,ok,163425553,CCCCC1=[NH+]C(=C(C(=O)N1CC2=CC=C(C=C2)C3=CC=CC=C3C4=NNN=N4)CC(=S)N(C)C)C,
AMHPTVWBZSYFSS,ok,118984411,CC1(CCC2CC(CC1N2C)OC(=O)C(C3=CC=CS3)(C4=CC=CS4)O)C,
AMKVXSZCKVJAGH,ok,91886218,CNS(=O)(=O)CCC1=CC2=C(C=C1)NC=C2C3CCN(CC3)C,
AMVODTGMYSRMNP,ok,169440733,CC1(CCC2C1(CC(C3C2CCC4=CC(=O)C(=CC34C)C=O)O)C)O,
ANEBWFXPVPTEET,ok,46782099,CC1=C(C(C(=C(N1)C)C(=O)OCCN2CCN(CC2)C(C3=CC=CC=C3)C4=CC=CC=C4)C5=CC(=CC=C5)[N+](=O)[O-])C(=O)OC,
ANGKOCUUWGHLCE,ok,169441047,C[N+]1(CCC(C1)OC(=O)C(C2CCCC2)(C3=CC=CC=C3)O)C,
ANJQEDFWRSLVBR,ok,56637945,CC1=CC(=O)CC2C1(C3CCC4(C(C3CC2)CCC4O)C)C,
ANMLJLFWUCQGKZ,ok,37888217,C1=CC=C2C(=C1)C(OC2=O)OC(=O)C3=C(N=CC=C3)NC4=CC=CC(=C4)C(F)(F)F,
ANTSCNMPPGJYLG,failed,,,no_cid
ANWPENAPCIFDSZ,ok,135735780,CCC(C(=O)N)N1CC(CC1=O)C=C(F)F,
ANZXOIAKUNOVQU,ok,117065267,CC(C)(C)NCC(C1=CC(=CC(=C1)OC(=O)N(C)C)OC(=O)N(C)C)O,
AOCCBINRVIKJHY,ok,136401397,CCCCCCN=C(N1C=C(C(=O)NC1=O)F)[O-],
AOJJSUZBOXZQNB,ok,178458242,CC1C(C(CC(O1)OC2CC(CC3=C2C(=C4C(=C3O)C(=O)C5=C(C4=O)C(=CC=C5)OC)O)(C(=O)CO)O)N)O,
AOMXMOCNKJTRQP,ok,10348973,CN(C)CC1=C(SC2=C1C(=O)N(C(=O)N2CC3=C(C=CC=C3F)F)C4=NN=C(C=C4)OC)C5=CC=C(C=C5)NC(=O)NOC,
AOYNUTHNTBLRMT,ok,171036142,C(C(C(C(C(C=O)F)O)O)O)O,
APGDTXUMTIZLCJ,ok,172013268,CC12CC(C3C(C1CCC2(C(=O)COC(=O)CCC(=O)[O-])O)CCC4=CC(=O)C=CC34C)O,
APIXJSLKIYYUKG,ok,3758,CC(C)CN1C2=C(C(=O)N(C1=O)C)NC=N2,
APKFDSVGJQXUKY,ok,177857404,CC1C=CC=CC=CC=CC=CC=CC=CC(CC2C(C(CC(O2)(CC(CC(C(CCC(CC(CC(=O)OC(C(C1O)C)C)O)O)O)O)O)O)O)C(=O)O)OC3C(C(C(C(O3)C)O)N)O,
APQPGQGAWABJLN,ok,76958518,C1=CC=C(C(=C1)C(=O)OCC(CO)O)NC2=C3C=CC=C(C3=NC=C2)C(F)(F)F,
APTGJECXMIKIET,ok,125124412,CCCCCCC(=O)OC1(CCC2C1(CCC3C2CCC4=CC(=O)CCC34)C)C#C,
AQCHWTWZEMGIFD,ok,76974425,CC1NC2=CC(=C(C=C2C(=O)N1C3=CC=CC=C3C)S(=O)(=O)N)Cl,
AQHHHDLHHXJYJD,ok,138402714,CC(C)NCC(COC1=CC=CC2=CC=CC=C21)O,
AQIXAKUUQRKLND,ok,136915924,CC1=C(N=CN1)CSCCN=C(NC)NC#N,
AQNDDEOPVVGCPG,ok,177747029,CC(C)NCC(COC1=CC=C(C=C1)CCC(=O)OC)O,
AQOKCDNYWBIDND,ok,177784862,CCNC(=O)CCCC=CCC1C(CC(C1C=CC(CCC2=CC=CC=C2)O)O)O,
AQOXEJNYXXLRQQ,ok,171379951,CCOC1=CC=C(C=C1)CC(CN(CCN(CC(=O)O)CC(=O)O)CC(=O)O)N(CC(=O)O)CC(=O)O,
ARAIBEBZBOPLMB,ok,175124819,CC(=O)NC1C(C=C(OC1C(C(CO)O)O)C(=O)O)N=C(N)N,
ARHWPKZXBHOEEE,ok,51382576,C=CCOC1=C(C=C(C=C1)CC(=O)[O-])Cl,
ARKYUICTMUZVEW,ok,65924,CN1C=C(C=C1C(=O)NC2=CN(C(=C2)C(=O)NC3=CN(C(=C3)C(=O)NCCC(=N)N)C)C)NC(=O)C4=CC=C(C=C4)N(CCCl)CCCl,
ARPLCFGLEYFDCN,ok,171035857,CC1CC2C3CC(C4=CC(=O)C=CC4(C3(C(CC2(C1C(=O)COC(=O)C)C)O)Cl)C)F,
ARPYQKTVRGFPIS,ok,124300196,CC(C1=CC2=C(C=C1)OC(=N2)C3=CC=C(C=C3)F)C(=O)O,
ASKZRYGFUPSJPN,ok,176029281,CC1=CC(=NN2C1=NC(=C2)C)C3=CC(=O)N4C=C(C=CC4=N3)N5CCNC6(C5)CC6,
ASMXXROZKSBQIH,ok,76974213,C1C[N+]2(CCC1C(C2)OC(=O)C(C3=CC=CS3)(C4=CC=CS4)O)CCCOC5=CC=CC=C5,
ASOADIZOVZTJSR,ok,178878255,CC1=C(C(=[N+](C(=C1Cl)C)[O-])Cl)C2=NOC(=N2)C3=CC(=C(C(=C3)O)O)[N+](=O)[O-],
ASPOIVQEUUCDQT,failed,,,no_cid
ASUTZQLVASHGKV,ok,170997259,CN1CCC23C=CC(CC2OC4=C(C=CC(=C34)C1)OC)O,
ASWVTGNCAZCNNR,ok,177520880,CC1=CC(=NC(=NS(=O)(=O)C2=CC=C(C=C2)N)N1)C,
ASXBYYWOLISCLQ,ok,154701840,CC1C(C(C(O1)OC2C(C(C(C(C2O)O)N=C(N)N)O)N=C(N)N)OC3C(C(C(C(O3)CO)O)O)NC)(CO)O,
ATALOFNDEOCMKK,ok,169433675,CC(C1=CC(=CC(=C1)C(F)(F)F)C(F)(F)F)OC2C(N(CCO2)CC3=NNC(=O)N3)C4=CC=C(C=C4)F,
ATEBXHFBFRCZMA,failed,,,no_cid
ATHGHQPFGPMSJY,ok,178420892,C(CC[NH2+]CCC[NH3+])CN,
ATLYLVPZNWDJBW,ok,74347974,C1CCC(CC1)CN(CCN2C3CCC2CC(C3)C4=CC(=CC=C4)C(=O)N)C(=O)C(CO)O,
ATSZELKUSAREPW,ok,137151310,CC(C)C(C(=O)OCCC(CN1C=NC2=C1N=C(NC2=O)N)CO)N,
ATXHVCQZZJYMCF,ok,172873591,CC12CCC3C(C1CCC2(CC=C)O)CCC4=CCCCC34,
AUJRCFUBUPVWSZ,ok,165339206,CCP(CC)CC.CC(=O)OCC1C(C(C(C(O1)[S-])OC(=O)C)OC(=O)C)OC(=O)C.[Au+],
AURFZBICLPNKBZ,ok,176777044,CC(=O)C1CCC2C1(CCC3C2CCC4C3(CCC(C4)O)C)C,
AUVVAXYIELKVAI,ok,174944230,[H+].CCC1CN2CCC3=CC(=C(C=C3C2CC1CC4C5=CC(=C(C=C5CCN4)OC)OC)OC)OC,
AUYYCJSJGJYCDS,ok,175794388,C1=CC(=C(C=C1OC2=C(C=C(C=C2I)CC(C(=O)O)N)I)I)O,
AUZONCFQVSMFAP,ok,46781408,CCN(CC)C(=S)SSC(=S)N(CC)CC,
AVAACINZEOAHHE,ok,171159780,CC1C2C(C(=O)N2C(=C1SC3CC(NC3)CNS(=O)(=O)N)C(=O)O)C(C)O,
AVJBPWGFOQAPRH,ok,176448273,CC(=NC1C(C(C(OC1O)CO)OS(=O)(=O)O)OC2C(C(C(C(O2)C(=O)[O-])O)O)O)[O-],
AVKUERGKIZMTKX,ok,153706404,CC1(C(N2C(S1)C(C2=O)NC(=O)C(C3=CC=CC=C3)N)C(=O)O)C,
AVOLMBLBETYQHX,ok,76973853,CCC(=C)C(=O)C1=C(C(=C(C=C1)OCC(=O)O)Cl)Cl,
AVPQPGFLVZTJOR,ok,176488599,CC1CC(CN(C1)C2=C(C3=C(C=C2)C(=O)C(=CN3C4CC4)C(=O)O)OC)N,
AWBGQVBMGBZGLS,ok,20689,CCCC(=O)SCC[N+](C)(C)C,
AWKLBIOQCIORSB,ok,28329,CCN(CC)CCN1C=NC2=C1C(=O)N(C(=O)N2C)C,
AXJQVVLKUYCICH,ok,11363773,CN=C(NS(=O)(=O)C1=CC=C(C=C1)Cl)N2CC(C(=N2)C3=CC=C(C=C3)Cl)C4=CC=CC=C4,
AXKPFOAXAHJUAG,ok,86289684,C1CC[NH+](CC1)C2(CC[NH+](CC2)CCCC(=O)C3=CC=C(C=C3)F)C(=O)N,
AXOIZCJOOAYSMI,ok,46782952,C[N+](C)(C)CCOC(=O)CCC(=O)OCC[N+](C)(C)C,
AXQACEQYCPKDMV,ok,169444554,CC(C)(C1=NC(=NO1)C2=CC=CC=C2)NC(=O)C3=C(C4C56CCN(C(C5(C3)O)CC7=C6C(=C(C=C7)O)O4)CC8CC8)O,
AXRYRYVKAWYZBR,ok,173493799,CC(C)(C)C(C(=O)NC(CC1=CC=CC=C1)C(CN(CC2=CC=C(C=C2)C3=CC=CC=N3)NC(=O)C(C(C)(C)C)NC(=O)OC)O)NC(=O)OC,
AYDXAULLCROVIT,ok,163322451,CCC(C1=CC=C(C=C1)N2CC3=CC=CC=C3C2=O)C(=O)O,
AYEAMZDTWLXZIJ,ok,136132486,CC1=NC2=C(N1CC3CCN(CC3)C(=O)C=C(C4=CC=CC=C4)C5=CC=C(C=C5)N=NC6=CC(=C(C=C6)O)C(=O)O)C=CN=C2,
AYIRNRDRBQJXIF,ok,178878665,CS(=O)(=O)C1=CC=C(C=C1)C(C(CF)NC(=O)C(Cl)Cl)O,
AYJVGKWCGIYEAK,ok,68671,CC(C)(C(=O)OCCCOC(=O)C1=CN=CC=C1)OC2=CC=C(C=C2)Cl,
AYRXSINWFIIFAE,ok,162955482,C(C1C(C(C(C(O1)OCC(C(C(C(C=O)O)O)O)O)O)O)O)O,
AYXYPKUFHZROOJ,ok,177841278,CC(C)CC(CC(=O)O)CN,
AZFLJNIPTRTECV,ok,176519881,CC12CCC3=C4CCC(=O)C=C4CCC3C1CCC2(CC#N)O,
AZSNMRSAGSSBNP,ok,178522556,CCC(C)C1C(CCC2(O1)CC3CC(O2)CC=C(C(C(C=CC=C4COC5C4(C(C=C(C5O)C)C(=O)O3)O)C)OC6CC(C(C(O6)C)OC7CC(C(C(O7)C)O)OC)OC)C)C,
AZSRSNUQCUDCGG,ok,177747033,CC(C)OC(=O)C1=CN=C(N=C1C2=CN(C3=CC=CC=C32)C)NC4=C(C=C(C(=C4)NC(=O)C=C)N(C)CCN(C)C)OC,
BAINIUMDFURPJM,ok,3461006,C1C[NH+](CC[NH+]1CCCN2C3=CC=CC=C3NC2=O)C(C4=CC=CC=C4)C5=CC=CC=C5,
BALLNEJQLSTPIO,ok,172653176,CC1=C(C2=C(O1)C=C(C=C2)OC3=NC=NC4=CC(=C(C=C43)OC)OC)C(=O)NC,
BARDROPHSZEBKC,ok,169440772,CC(C1=CC(=CC(=C1)C(F)(F)F)C(F)(F)F)OC2C(N(CCO2)CC3=NN(C(=O)N3)P(=O)(O)O)C4=CC=C(C=C4)F,
BASFCYQUMIYNBI,ok,175672377,[Pt],
BBAWEDCPNXPBQM,ok,170419288,CCCC(C(=O)C(=O)NC1CC1)NC(=O)C2C3CCCC3CN2C(=O)C(C(C)(C)C)NC(=O)C(C4CCCCC4)NC(=O)C5=NC=CN=C5,
BBPRUNPUJIUXSE,ok,154730573,CCCCCNC(=O)C1=COC(=N1)C2C3CCC(C2CC4=CC=CC=C4CCC(=O)O)O3,
BCDIWLCKOCHCIH,ok,140779974,CP(=O)O,
BCEHBSKCWLPMDN,ok,169439513,CC(C1=NC=NC=C1F)C(CN2C=NC=N2)(C3=C(C=C(C=C3)F)F)O,
BCFCRXOJOFDUMZ,ok,166816617,CC12CCC(=O)C=C1CCC3C2=CCC4(C3CCC4(C(=O)CO)O)C,
BCFGMOOMADDAQU,ok,163322461,CS(=O)(=O)CCNCC1=CC=C(O1)C2=CC3=C(C=C2)N=CN=C3NC4=CC(=C(C=C4)OCC5=CC(=CC=C5)F)Cl,
BCGWQEUPMDMJNV,ok,169490795,CN(C)CCCN1C2=CC=CC=C2CCC3=CC=CC=C31,
BCQTVJKBTWGHCX,ok,4820,CC1=C(C(=CC=C1)C)NC(=O)CC23CCCN2CCC3,
BCQZXOMGPXTTIC,ok,157307598,C(C(F)(F)F)(Cl)Br,
BDAGIHXWWSANSR,ok,176323031,C(=O)O,
BDBMLMBYCXNVMC,ok,176486949,CC1(C(=[N+](C2=C1C3=CC=CC=C3C=C2)CCCCS(=O)(=O)[O-])C=CC=CC=CC=C4C(C5=C([NH+]4CCCCS(=O)(=O)[O-])C=CC6=CC=CC=C65)(C)C)C,
BDJRBEYXGGNYIS,ok,178615636,C(CCCC(=O)O)CCCC(=O)O,
BDNMABJZSXTKAQ,ok,165365458,CCN(CC)CCCOC(=O)C1(CC2CCC1C2)C3=CC=CC=C3,
BDVFVCGFMNCYPV,ok,172879867,CC1C[NH2+]CCN1S(=O)(=O)C2=CC=CC3=C2C=C[NH+]=C3,
BELMMAAWNYFCGF,ok,157323575,CCC1C(C(=O)C(C2=C(CC(O2)(C(C(C(C(C(=O)O1)C)OC3CC(C(C(O3)C)O)(C)OC)C)OC4C(C(CC(O4)C)N(C)C(C)C)O)C)C)C)(C)OC,
BEWNZPMDJIGBED,ok,11276514,CC(C1=CC=CC=C1)NNC(=O)C2=CC=CC=C2,
BFDBKMOZYNOTPK,ok,163409215,CNCC1=CN(C(=C1)C2=CC=CC=C2F)S(=O)(=O)C3=CN=CC=C3,
BFGKITSFLPAWGI,ok,173330439,[H+].[Cr+3],
BFMBKRQFMIILCH,ok,13867124,CCN(CC)CCC1(CCC(=O)NC1=O)C2=CC=CC=C2,
BFPSDSIWYFKGBC,ok,162642057,COC1=CC=C(C=C1)C(=C(C2=CC=C(C=C2)OC)Cl)C3=CC=C(C=C3)OC,
BFPYWIDHMRZLRN,ok,178875691,CC12CCC3C(C1CCC2(C#C)O)CCC4=C3C=CC(=C4)O,
BFSMGDJOXZAERB,ok,147074609,CC(C)(C)C1=NC(=C(S1)C2=NC(=[NH+]C=C2)N)C3=C(C(=CC=C3)NS(=O)(=O)C4=C(C=CC=C4F)F)F,
BFYIZQONLCFLEV,ok,176519887,CC12CCC3C(C1CCC2=O)CC(=C)C4=CC(=O)C=CC34C,
BFZKMNSQCNVFGM,ok,146158552,CC1CCCC2(C(O2)CC(OC(=O)CC(C(C(=O)C(C1O)CC=C)(C)C)O)C3=CC4=C(C=C3)SC(=N4)C)C,
BGDKAVGWHJFAGW,ok,164670201,CCN(CC1=CC=NC=C1)C(=O)C(CO)C2=CC=CC=C2,
BGEBZHIAGXMEMV,ok,163322615,COC1=C2C=CC(=O)OC2=CC3=C1C=CO3,
BGLHAKAJGYLSOX,ok,76969204,CC1=C(C(=O)N(N1C)C2=CC=CC=C2)C(NC3=CC=C(C=C3)S(=O)(=O)NC4=NN=C(C=C4)OC)S(=O)(=O)O,
BGOQGUHWXBGXJW,ok,101921161,C1CC2=CC(=C(C=C2C3C1NCC4=CC=CC=C34)O)O,
BGRJTUBHPOOWDU,ok,172653315,CCN1CCCC1CNC(=O)C2=C(C=CC(=C2)S(=O)(=O)N)OC,
BGRWSFIQQPVEML,ok,172873332,CC1=NN=C2N1C3=C(C=C(C=C3)Br)C(=NC2)C4=CC=CC=N4,
BGSOJVFOEQLVMH,ok,162807321,CC12CCC(=O)C=C1CCC3C2C(CC4(C3CCC4(C(=O)COP(=O)(O)O)O)C)O,
BGSZAXLLHYERSY,ok,176481940,CC(=O)OC1CC2CCC3C(C2(CC1N4CCCCC4)C)CCC5(C3CC(C5OC(=O)C)[N+]6(CCCCC6)C)C,
BHELIUBJHYAEDK,ok,141541952,CC1(C(N2C(S1)C(C2=O)NC(=O)C(C3=CC=C(C=C3)O)NC(=O)C(CC(=O)NC)N)C(=O)O)C,
BHHGXPLMPWCGHP,ok,175718678,C1=CC=C(C=C1)CCN,
BHIAIPWSVYSKJS,ok,139025512,CC(C)(C)NCC(CSC1=NC(=CS1)C2=CC=C(S2)C(=O)N)O,
BHMBVRSPMRCCGG,ok,177383656,CCCCCC(C=CC1C(C(CC1=O)O)CC=CCCCC(=O)O)O,
BHPQYMZQTOCNFJ,ok,156022699,[Ca+2],
BHQCQFFYRZLCQQ,ok,178443943,CC(CCC(=O)O)C1CCC2C1(C(CC3C2C(CC4C3(CCC(C4)O)C)O)O)C,
BHTRKEVKTKCXOH,ok,22848423,CC(CCC(=O)NCCS(=O)(=O)[O-])C1CCC2C1(CCC3C2C(CC4C3(CCC(C4)O)C)O)C,
BICRTLVBTLFLRD,ok,178878012,CCC1C(=O)N(CC(=O)N(C(C(=O)NC(C(=O)N(C(C(=O)NC(C(=O)NC(C(=O)N(C(C(=O)N(C(C(=O)N(C(C(=O)N(C(C(=O)N1)C(C(C)CC=CC=C)O)C)C(C)C)C)CC(C)C)C)CC(C)C)C)C)C)CC(C)C)C)C(C)C)CC(C)C)C)C,
BIDNLKIUORFRQP,ok,177834428,CCC(=O)OC(C(C)C)OP(=O)(CCCCC1=CC=CC=C1)CC(=O)N2CC(CC2C(=O)O)C3CCCCC3,
BIIVYFLTOXDAOV,ok,162464323,CN1CCC(C(C1)O)C2=C(C=C(C3=C2OC(=CC3=O)C4=CC=CC=C4Cl)O)O,
BISPBXFUKNXOQY,ok,173521794,[H+].CC1=CC2CN(C1C(=O)N)C(=O)N2OS(=O)(=O)[O-],
BJCJYEYYYGBROF,ok,46848036,CC1=C(C=C(C=N1)NC(=O)C2=CC(=C(C=C2)CN3CCN(CC3)C)C(F)(F)F)NC4=NC=CC(=N4)C5=CN=CC=C5,
BJDCWCLMFKKGEE,ok,178246840,CC1CCC2C(C(OC3C24C1CCC(O3)(OO4)C)O)C,
BJFIDCADFRDPIO,ok,175688015,C1CC(N(C1)C(=O)C2CSSCC(C(=O)NC(C(=O)NC(C(=O)NC(C(=O)NC(C(=O)N2)CC(=O)N)CCC(=O)N)CC3=CC=CC=C3)CC4=CC=C(C=C4)O)N)C(=O)NC(CCCCN)C(=O)NCC(=O)N,
BJJXHLWLUDYTGC,ok,169440929,CCC12C=CC3=C4CCC(=O)C=C4CCC3C1CCC2(C#C)O,
BJNLLBUOHPVGFT,ok,178271051,CCCCCCCCCC(=NC1C(C(C(OC1OC2=C3C=C4C=C2OC5=C(C=C(C=C5)C(C6C(=NC(C7=C(C(=CC(=C7)O)OC8C(C(C(C(O8)CO)O)O)O)C9=C(C=CC(=C9)C(C(=N6)O)N=C(C4N=C(C1C2=CC(=CC(=C2)OC2=C(C=CC(=C2)C(C(=NC(CC2=CC(=C(O3)C=C2)Cl)C(=N1)O)O)N)O)O)O)O)O)C(=O)O)O)OC1C(C(C(C(O1)CO)O)O)N=C(C)O)Cl)CO)O)O)O,
BJOLKYGKSZKIGU,ok,169439644,CCOP(=O)(OCC)SCC[N+](C)(C)C,
BJVVMKUXKQHWJK,ok,76959568,CCC(C)C1(C(=O)NC(=O)NC1=O)CC=C,
BKCJZNIZRWYHBN,ok,44283585,C(CCl)NP(=O)(NCCCl)[O-],
BKRGVLQUQGGVSM,ok,175679513,CCN(CC)C(=O)NC1CN(C2CC3=CNC4=CC=CC(=C34)C2=C1)C,
BKYKPTRYDKTTJY,ok,162640489,C1CCC(C1)CC2NC3=CC(=C(C=C3S(=O)(=O)N2)S(=O)(=O)N)Cl,
BLCLNMBMMGCOAS,ok,172653308,CC(C)CC(C(=O)NC(CCCN=C(N)N)C(=O)N1CCCC1C(=O)NNC(=O)N)NC(=O)C(COC(C)(C)C)NC(=O)C(CC2=CC=C(C=C2)O)NC(=O)C(CO)NC(=O)C(CC3=CNC4=CC=CC=C43)NC(=O)C(CC5=CN=CN5)NC(=O)C6CCC(=O)N6,
BLFLLBZGZJTVJG,ok,138396185,CCOC(=O)C1=CC=C(C=C1)N,
BLGXFZZNTVWLAY,ok,168006852,COC(=O)C1C(CCC2C1CC3C4=C(CCN3C2)C5=CC=CC=C5N4)O,
BLIJXOOIHRSQRB,ok,171394638,CC(CN1C=CC(=N1)C2=CC(=C(C=C2)C#N)Cl)NC(=O)C3=NNC(=C3)C(C)O,
BLJBDLGFKNXUCB,ok,25430,CCCC(C)(CO[N+](=O)[O-])CO[N+](=O)[O-],
BLJRIMJGRPQVNF,ok,163322447,CC(C)(C)NCC(COC1=NSN=C1N2CCOCC2)O,
BLMPQMFVWMYDKT,ok,178316401,CC(C)CC(C(=O)C1(CO1)C)NC(=O)C(CC2=CC=CC=C2)NC(=O)C(CC(C)C)NC(=O)C(CCC3=CC=CC=C3)NC(=O)CN4CCOCC4,
BLUAFEHZUWYNDE,ok,177802029,CC1CCC2C(C(=O)OC3C24C1CCC(O3)(OO4)C)C,
BLXXJMDCKKHMKV,ok,49849794,CC(=O)CCC1=CC2=C(C=C1)C=C(C=C2)OC,
BMAAMIIYNNPHAB,ok,176188299,COC1=C(C(=C(C=C1)F)F)COC2=C(C=C(C(=C2)N3C(=O)C4=C(SC=C4NC3=O)C(=O)O)F)OC,
BMCQMVFGOVHVNG,ok,169445971,CCCC(=O)OC1(CCC2C1(CC(C3C2CCC4=CC(=O)CCC34C)O)C)C(=O)CO,
BMGQWWVMWDBQGC,ok,171394890,CC12C(C(CC(O1)N3C4=CC=CC=C4C5=C6C(=C7C8=CC=CC=C8N2C7=C53)CNC6=O)N(C)C(=O)C9=CC=CC=C9)OC,
BMKDZUISNHGIBY,ok,298076,CC(CN1CC(=O)NC(=O)C1)N2CC(=O)NC(=O)C2,
BMPDWHIDQYTSHX,ok,171381984,C1C(C2=CC=CC=C2N(C3=CC=CC=C31)C(=O)N)O,
BMQGVNUXMIRLCK,ok,177831129,CC1=C2C(C(=O)C3(C(CC4C(C3C(C(C2(C)C)(CC1OC(=O)C(C(C5=CC=CC=C5)NC(=O)OC(C)(C)C)O)O)OC(=O)C6=CC=CC=C6)(CO4)OC(=O)C)OC)C)OC,
BMUKKTUHUDJSNZ,ok,177747028,CC(COC1=CC=CC=C1)NC(C)C(C2=CC=C(C=C2)O)O,
BNFRJXLZYUTIII,ok,178856215,CC1=CC(=CC(=C1)NC(=O)CC2=CC=C(C=C2)OC(C)(C)C(=O)O)C,
BNQDCRGUHNALGH,ok,56927906,C1=CC(=C(C(=C1CNNC(=O)C(CO)[NH3+])O)O)O,
BNRMWKUVWLKDQJ,ok,20055414,C1CC2CN3C(=NN=C3C2C1)CCN4CCN(CC4)C5=CC=CC(=C5)C(F)(F)F,
BNRNXUUZRGQAQC,ok,172653184,CCCC1=NN(C2=C1N=C(NC2=O)C3=C(C=CC(=C3)S(=O)(=O)N4CCN(CC4)C)OCC)C,
BOCUKUHCLICSIY,ok,177678892,C1C2CC(C1C=C2)C3NC4=CC(=C(C=C4S(=O)(=O)N3)S(=O)(=O)N)Cl,
BODYFEUFKHPRCK,ok,178266369,CC(C)C(C)C1(CCC2(C3CCC4C5(COCC4(C3=CCC2(C1C(=O)O)C)CC(C5OCC(C)(C(C)(C)C)N)N6C(=NC=N6)C7=CC=NC=C7)C)C)C,
BOEGTKLJZSQCCD,ok,13014082,CC1=C(N2C(C(C2=O)NC(=O)C(C3=CC=C(C=C3)O)N)SC1)C(=O)O,
BOFQWVMAQOTZIW,ok,136969178,C1=CC=C(C(=C1)C2=NN(C(=N2)C3=CC=CC=C3O)C4=CC=C(C=C4)C(=O)O)O,
BOJKULTULYSRAS,ok,176541412,CC12CCC(C(C1CCC(=C)C2CC=C3C(COC3=O)O)(C)CO)O,
BOVGTQGAOIONJV,ok,46780434,CC1=CC=C(C=C1)S(=O)(=O)NC(=O)NN2CC3CCCC3C2,
BPEGJWRSRHCHSN,ok,135903528,CN1C(=O)N2C=[NH+]C(=C2N=N1)C(=O)N,
BPEWUONYVDABNZ,ok,172012165,CC12CCC3C(C1CCC(=O)O2)CCC4=CC(=O)C=CC34C,
BPFYOAJNDMUVBL,ok,169443135,CN1CCN(CC1)C2=C(C=C3C4=C2OCN(N4C=C(C3=O)C(=O)O)C)F,
BPICBUSOMSTKRF,ok,71312496,CC1=C(C(=CC=C1)C)NC2=NCCCS2,
BPKAHTKRCLCHEA,ok,177836354,CC(C=CC(C)C(C)(C)O)C1CCC2C1(CCCC2=CC=C3CC(CC(C3)O)O)C,
BPKUDUSVDVLOPY,ok,28689,C1=CC=C2C(=C1)NC(=O)C(O2)(C3=CC=C(C=C3)O)C4=CC=C(C=C4)O,
BPLBGHOLXOTWMN,ok,177747007,CC1(C(N2C(S1)C(C2=O)NC(=O)COC3=CC=CC=C3)C(=O)O)C,
BPQMGSKTAYIVFO,ok,169447710,CS(=O)(=O)C1=CC(=C(C=C1)C(=O)NC2=CC(=C(C=C2)Cl)C3=CC=CC=N3)Cl,
BPRHUIZQVSMCRT,ok,177844257,CC(C)C1=NC(=NC(=C1C=CC(CC(CC(=O)[O-])O)O)C2=CC=C(C=C2)F)N(C)S(=O)(=O)C,
BPZSYCZIITTYBL,ok,172653228,CC(CC1=CC=C(C=C1)OC)NCC(C2=CC(=C(C=C2)O)NC=O)O,
BQIPXWYNLPYNHW,ok,86295060,CC1=CC(=C(C(=C1OC(=O)C)C)C)OCC(C[NH2+]C(C)C)O,
BQJCRHHNABKAKU,ok,177831649,CN1CCC23C4C1CC5=C2C(=C(C=C5)O)OC3C(C=C4)O,
BQOIJSIMMIDHMO,ok,169544534,CC12CCC3C(C1CCC2O)CCC4=C(C(=O)CCC34C)O,
BQSJTQLCZDPROO,ok,177828784,CC1=C(SC(=N1)C2=CC(=C(C=C2)OCC(C)C)C#N)C(=O)O,
BQTXJHAJMDGOFI,ok,171035560,CC1CC2C3CCC4=CC(=O)C=CC4(C3(C(CC2(C1(C(=O)COC(=O)C5=CC=NC=C5)O)C)O)F)C,
BRBKOPJOKNSWSG,ok,168008598,C1=CC(=CC=C1N)S(=O)(=O)N=C(N)N,
BRTSNYPDACNMIP,ok,166025255,CCCC(C)(C1CC23CCC1(C4C25CCN(C3CC6=C5C(=C(C=C6)O)O4)C)OC)O,
BRUQQQPBMZOVGD,ok,173665465,CN1CCC23C4C(=O)CCC2(C1CC5=C3C(=C(C=C5)OC)O4)O,
BRYXUCLEHAUSDY,ok,178876786,CC(C)(C#CC1=NC(=C(C=C1)C2=C3C(=C(C=C2)Cl)C(=NN3CC(F)(F)F)NS(=O)(=O)C)C(CC4=CC(=CC(=C4)F)F)NC(=O)CN5C6=C(C7CC7C6(F)F)C(=N5)C(F)(F)F)S(=O)(=O)C,
BRZANEXCSZCZCI,ok,4487,CC1=C(C(=O)N(N1C)C2=CC=CC=C2)NC(=O)C3=CN=CC=C3,
BRZYSWJRSDMWLG,ok,173972551,CC(C1C(C(C(C(O1)OC2C(CC(C(C2O)OC3C(C(C(CO3)(C)O)NC)O)N)N)N)O)O)O,
BSMCAPRUBJMWDF,ok,169436648,C1CCNC(C1)C2(CN(C2)C(=O)C3=C(C(=C(C=C3)F)F)NC4=C(C=C(C=C4)I)F)O,
BSSIRFLGSWHWDE,ok,163341945,CCC(C)CCCCC(=O)NC(CCNCS(=O)(=O)O)C(=O)NC(C(C)O)C(=O)NC(CCNCS(=O)(=O)O)C(=O)NC1CCNC(=O)C(NC(=O)C(NC(=O)C(NC(=O)C(NC(=O)C(NC(=O)C(NC1=O)CCNCS(=O)(=O)O)CC(C)C)CC(C)C)CCNCS(=O)(=O)O)CCNCS(=O)(=O)O)C(C)O,
BSYNRYMUTXBXSQ,ok,176721110,CC(=O)OC1=CC=CC=C1C(=O)[OH2+],
BTBHLEZXCOBLCY,ok,172653192,CCOC1=NC=C(C2=C1C(C(=C(N2)C)C(=O)N)C3=C(C=C(C=C3)C#N)OC)C,
BTCRKOKVYTVOLU,ok,178877151,C1CC1OCCOC2=CC=C(C=C2)CC3=C(C=CC(=C3)C4C(C(C(C(O4)CO)O)O)O)Cl,
BTFHLQRNAMSNLC,ok,4380,CN(CCCOC1=C(C=C(C=C1)Cl)Cl)CC#C,
BTIHMVBBUGXLCJ,ok,171713810,CCC(CO)NC1=NC(=C2C(=N1)N(C=N2)C(C)C)NCC3=CC=CC=C3,
BTTNOGHPGJANSW,ok,131709082,CC(=O)NCC1CN(C(=O)O1)C2=CC(=C(C=C2)C3=CC=C(C=C3)CNCC4=NNN=C4)F,
BTXNYTINYBABQR,failed,,,no_cid
BUGBHKTXTAQXES,ok,175671360,[Se],
BUGYDGFZZOZRHP,ok,168476582,CC12CC3CC(C1)(CC(C3)(C2)N)C,
BUJAGSGYPOAWEI,ok,171381386,CC1=C(C(=CC=C1)C)NC(=O)C(C)N,
BUROJSBIWGDYCN,ok,178870946,CC1CCC2CC(C(=CC=CC=CC(CC(C(=O)C(C(C(=CC(C(=O)CC(OC(=O)C3CCCCN3C(=O)C(=O)C1(O2)O)C(C)CC4CCC(C(C4)OC)OP(=O)(C)C)C)C)O)OC)C)C)C)OC,
BUSXWGRAOZQTEY,ok,124563497,CC1(CCCN1C(=O)CN)C(=O)NC(CCC(=O)O)C(=O)O,
BVAZQCUMNICBAQ,ok,170206104,CC(C)C(C(=O)N1CCCC1C2=NC=C(N2)C3=CC4=C(C=C3)N5C(OC6=C(C5=C4)C=CC(=C6)C7=CN=C(N7)C8CCCN8C(=O)C(C(C)C)NC(=O)OC)C9=CC=CC=C9)NC(=O)OC,
BVCKFLJARNKCSS,ok,168322511,CC1(C(N2C(S1)C(C2=O)(NC(=O)C(C3=CSC=C3)C(=O)[O-])OC)C(=O)[O-])C,
BVKZGUZCCUSVTD,ok,173931853,[H+].[H+].C(=O)(O)O,
BVURVTVDNWSNFN,ok,169443142,CC(=O)OC1(CCN(CC1)CCC2=CC=CC=C2)C3=CC=CC=C3,
BWPIARFWQZKAIA,ok,131699110,CNCCCC1C2=CC=CC=C2C=CC3=CC=CC=C13,
BWWVAEOLVKTZFQ,ok,163322480,CC1(C(N2C(S1)C(C2=O)N=CN3CCCCCC3)C(=O)O)C,
BXMFKNRZTLNAFY,ok,11115,CC(C)CNCCOC(=O)C1=CC(=CC=C1)N,
BXNANOICGRISHX,ok,10643059,CCOP(=S)(OCC)OC1=CC2=C(C=C1)C(=C(C(=O)O2)Cl)C,
BXZVVICBKDXVGW,ok,162641911,C1CC(OC1CO)N2C=NC3=C2N=CNC3=O,
BYBLEWFAAKGYCD,ok,162641937,C1=CC(=C(C=C1Cl)Cl)COC(CN2C=CN=C2)C3=C(C=C(C=C3)Cl)Cl,
BYFMCKSPFYVMOU,ok,172653175,C1=CC=C(C=C1)CN2C3=CC=CC=C3C(=N2)OCC(=O)O,
BYJAVTDNIXVSPW,ok,78423410,C1CC(C2=CC=CC=C2C1)C3=[NH+]CCN3,
BYNHBQROLKAEDQ,ok,139594458,COC(=O)CCC=C=CCC1C(CC(C1C=CC(COC2=CC=CC=C2)O)O)O,
BYPFEZZEUUWMEJ,ok,156612443,CC(=O)CCCCN1C(=O)C2=C(N=CN2C)N(C1=O)C,
BYPIURIATSUHDW,ok,169442366,CC(C)CC1=CC=C(C=C1)C(C)C(=O)NO,
BZEWSEKUUPWQDQ,ok,163322512,CCCCOC1=CC=C(C=C1)C(=O)CCN2CCCCC2,
BZKPWHYZMXOIDC,ok,163322552,CC(=O)NC1=NN=C(S1)S(=O)(=O)N,
BZZKEPGENYLQSC,ok,164850419,CNC(=O)C1=NN=C(C=C1NC2=CC=CC(=C2OC)C3=NN(C=N3)C)NC(=O)C4CC4,
CAAFTBWHFUPDGX,ok,6438583,CC1=CC(=C(C(=C1C=CC(=CC=CC(=CC(=O)O)C)C)C)C)O,
CAHCBJPUTCKATP,ok,173511351,CCCC(C)(C1CC23C=CC1(C4C25CCN(C3CC6=C5C(=C(C=C6)O)O4)C)OC)O,
CAHKINHBCWCHCF,ok,163322666,CC(=O)NC(CC1=CC=C(C=C1)O)C(=O)O,
CAJIGINSTLKQMM,ok,169445909,CCCOC1=C(C=CC(=C1)N)C(=O)OCCN(CC)CC,
CAMYKONBWHRPDD,ok,4770,C1=CC=C(C=C1)CCCOC(=O)N,
CBEQULMOCCWAQT,ok,134959871,CC1=CC=C(C=C1)C(=CCN2CCCC2)C3=CC=CC=N3,
CBGUOGMQLZIXBE,ok,172012048,CCC(=O)OC1(C(CC2C1(CC(C3(C2CCC4=CC(=O)C=CC43C)F)O)C)C)C(=O)CCl,
CBIAWPMZSFFRGN,ok,25214244,CC(=O)N(C)C1=CC=CC(=C1)C2=CC=NC3=C(C=NN23)C(=O)C4=CC=CS4,
CBPNZQVSJQDFBE,ok,178269262,CC1CCC2CC(C(=CC=CC=CC(CC(C(=O)C(C(C(=CC(C(=O)CC(OC(=O)C3CCCCN3C(=O)C(=O)C1(O2)O)C(C)CC4CCC(C(C4)OC)OC(=O)C(C)(CO)CO)C)C)O)OC)C)C)C)OC,
CBQGYUDMJHNJBX,ok,171381160,CCOC1=CC=CC=C1OC(C2CNCCO2)C3=CC=CC=C3,
CBRJPFGIXUFMTM,ok,169553223,CC1CCC(CN1C(=O)C=C)NC2=C3C=CNC3=NC=[NH+]2,
CBVCZFGXHXORBI,ok,165707142,CC(C)(C)NC(=O)C1CN(CCN1CC(CC(CC2=CC=CC=C2)C(=O)NC3C(CC4=CC=CC=C34)O)O)CC5=CN=CC=C5,
CDAISMWEOUEBRE,ok,169442476,C1(C(C(C(C(C1O)O)O)O)O)O,
CDCHDCWJMGXXRH,ok,131854814,C1C2=NN=CN2C3=C(C=C(C=C3)Cl)C(=N1)C4=CC=CC=C4,
CDOZDBSBBXSXLB,ok,6921598,CC[NH+](CC)C(C)CN1C2=CC=CC=C2SC3=CC=CC=C31,
CDRPUGZCRXZLFL,ok,145875078,C1=CC(=C(C=C1C=CC2=CC(=CC(=C2)O)O)O)O,
CDXCCYNINPIWGE,ok,36690661,CC(CN1C2=CC=CC=C2SC3=CC=CC=C31)[N+](C)(C)C,
CDXJPGDTQSCRGD,ok,20431671,C(C1C(C(C(C(O1)OCC(C(C(C(C(C(=O)O)O)O)O)O)O)O)O)O)O,
CEAZRRDELHUEMR,ok,178877861,CC(C1CCC(C(O1)OC2C(CC(C(C2O)OC3C(C(C(CO3)(C)O)NC)O)N)N)N)NC,
CEBYCSRFKCEUSW,ok,171395171,COC1=C(C=C(C=C1)S(=O)(=O)N2C(C(C3=C2C=CC(=C3)Cl)(C4=CC=CC=C4Cl)O)C(=O)N5CCCC5C(=O)N)OC,
CEFJVGZHQAGLHS,ok,71584930,CCN1C2=CC(=NC=C2C=C(C1=O)C3=CC(=C(C=C3Br)F)NC(=O)NC4=CC=CC=C4)NC,
CEIJFEGBUDEYSX,ok,177832701,C1CC2CC1C3C2C(=O)N(C3=O)CCCCN4CCN(CC4)C5=NC=CC=N5,
CEMAWMOMDPGJMB,ok,177747055,CC(C)NCC(COC1=CC=CC=C1OCC=C)O,
CEMXHAPUFJOOSV,ok,72210851,CC1C(C(C(C(O1)OC2C(OC(C(C2O)O)OC(C(CO)O)C(C(C=O)O)O)CO)O)O)NC3C=C(C(C(C3O)O)O)CO,
CESYKOGBSMNBPD,ok,171394846,CN1C(NC2=CC(=C(C=C2S1(=O)=O)S(=O)(=O)N)Cl)CCl,
CEUORZQYGODEFX,ok,59718985,C1CC(=O)NC2=C1C=CC(=C2)OCCCCN3CCN(CC3)C4=C(C(=CC=C4)Cl)Cl,
CFCUWKMKBJTWLW,ok,176520131,CC1C(C(CC(O1)OC2CC(OC(C2O)C)OC3=CC4=CC5=C(C(=O)C(C(C5)C(C(=O)C(C(C)O)O)OC)OC6CC(C(C(O6)C)O)OC7CC(C(C(O7)C)O)OC8CC(C(C(O8)C)O)(C)O)C(=C4C(=C3C)O)O)O)O,
CFMYXEVWODSLAX,ok,147212716,C(C1(C2C3C([NH+]=C(NC34C(C1OC(C4O)(O2)O)O)N)O)O)O,
CFOYWRHIYXMDOT,ok,129009855,CCOC(=O)N1C=CN(C1=S)C,
CFZXDJWFRVEWSR,failed,,,no_cid
CGIGDMFJXJATDK,ok,171391512,CC1=C(C2=C(N1C(=O)C3=CC=C(C=C3)Cl)C=CC(=C2)OC)CC(=O)O,
CGNMLOKEMNBUAI,ok,40489872,C1=CC=C(C=C1)C(C2=CC=CC=C2)S(=O)CC(=O)NO,
CGVWPQOFHSAKRR,ok,3037617,COC1=CC(=CC(=C1OC)OC)C(=O)C(=O)N2CCCCC2C(=O)OC(CCCC3=CN=CC=C3)CCCC4=CN=CC=C4,
CHBRHODLKOZEPZ,ok,71314963,CCC1=CC2=C(S1)N(C(=O)CN=C2C3=CC=CC=C3Cl)C,
CHHXEZSCHQVSRE,ok,172676778,CN(CCOC1=CC=C(C=C1)CC2C(=O)NC(=O)S2)C3=CC(=NC=N3)OC4=CC=C(C=C4)OC,
CHIFCDOIPRCHCF,ok,175775955,C1C(=O)NC2=C(C=C(C=C2)Cl)C(=N1)C3=CC=CC=C3Cl,
CHQOEHPMXSHGCL,ok,176439093,C1CC2C3C(C[S+]2C1)N(C(=O)N3CC4=CC=CC=C4)CC5=CC=CC=C5,
CIDNKDMVSINJCG,ok,172695985,CC1C(C(C(C(O1)OC2CC(CC3=C2C(=C4C(=C3O)C(=O)C5=CC=CC=C5C4=O)O)(C(=O)CO)O)I)O)O,
CIDUJQMULVCIBT,ok,177679255,CCNC1CC(C(C(C1OC2C(C(C(CO2)(C)O)NC)O)O)OC3C(CC=C(O3)CN)N)N,
CIWBSHSKHKDKBQ,ok,177530551,C(C(C1C(=C(C(=O)O1)O)O)O)O,
CJAVTWRYCDNHSM,ok,6999036,CC(CC1=CC(=CC=C1)C(F)(F)F)NCCOC(=O)C2=CC=CC=C2,
CJAWPFJGFFNXQI,ok,107992,C1CN(CCN1)C2=CN=CC(=N2)Cl,
CJBJHOAVZSMMDJ,ok,171382711,CC(C)CN(CC(C(CC1=CC=CC=C1)NC(=O)OC2COC3C2CCO3)O)S(=O)(=O)C4=CC=C(C=C4)N,
CJCSPKMFHVPWAR,ok,163321936,CC(CC1=CC(=C(C=C1)O)O)(C(=O)O)N,
CJDRUOGAGYHKKD,ok,175830714,CCC1C2CC3C4C5(CC(C2C5O)N3C1O)C6=CC=CC=C6N4C,
CJOFXWAVKWHTFT,ok,177836753,COCCCCC(=NOCCN)C1=CC=C(C=C1)C(F)(F)F,
CJQNBXFUHQZFOE,ok,176472913,CC12CCC3C(C1CCC2OC(=O)CCC(=O)O)CCC4=CC(=O)CCC34C,
CKFBRGLGTWAVLG,ok,175665472,CC(=O)C1(C(=C)CC2C1(CCC3C2CCC4=CC(=O)CCC34)C)OC(=O)C,
CKLJMWTZIZZHCS,ok,175879376,C(C(C(=O)O)N)C(=O)O,
CKNAQFVBEHDJQV,ok,131708457,CC1=C(SSC1=S)C2=NC=CN=C2,
CLIQCDHNPDMGSL,ok,23582846,CC1=NC2=C(N1)C=C(C=C2OC3CCOC4=C3C(=CC(=C4)F)F)C(=O)N(C)C,
CLKOFPXJLQSYAH,ok,177837494,CCC(C)C1C(=O)NC(C(=O)NC(C(=O)NC(C(=O)NC(C(=O)NCCCCC(C(=O)NC(C(=O)N1)CCCN)NC(=O)C(C(C)CC)NC(=O)C(CCC(=O)O)NC(=O)C(CC(C)C)NC(=O)C2CSC(=N2)C(C(C)CC)N)CC(=O)N)CC(=O)O)CC3=CN=CN3)CC4=CC=CC=C4,
CLLFEJLEDNXZNR,ok,171699352,C1C2C(C(C(O2)N3C4=NC=NC(=C4N=C3Cl)N)O)OP(=O)(O1)O,
CLOMYZFHNHFSIQ,ok,172990311,CC1=C(C=CC=C1Cl)NC2=C(C=CC=N2)C(=O)O,
CMCCHHWTTBEZNM,ok,735997,CC(C)C(C(=O)NC(=O)N)Br,
CMHHMUWAYWTMGS,ok,4633,CCCCOC1=C(C=CC(=C1)C(=O)OCCN(CC)CC)N,
CMJCXYNUCSMDBY,ok,176090043,CC(C)N1C=C(C(=N1)C2=C(C(=CC(=C2)Cl)NS(=O)(=O)C)F)C3=NC(=NC=C3)NCC(C)NC(=O)OC,
CMPAGYDKASJORH,ok,135012915,CC(C(=O)N1CC2=CC(=C(C=C2CC1C(=O)O)OC)OC)NC(CCC3=CC=CC=C3)C(=O)O,
CMSMOCZEIVJLDB,ok,153640232,C1CNP(=O)(OC1)[NH+](CCCl)CCCl,
CMWTZPSULFXXJA,ok,175757890,CC(C1=CC2=C(C=C1)C=C(C=C2)OC)C(=O)O,
CMXKUJNZWYTFJN,ok,172013212,CC12CCC3C(C1CCC2O)CCC4=CC(CCC34)O,
CNBGNNVCVSKAQZ,ok,169434457,CN(C)CCCOC1=NN(C2=CC=CC=C21)CC3=CC=CC=C3,
CNIIGCLFLJGOGP,ok,162640503,C1CN=C(N1)CC2=CC=CC3=CC=CC=C32,
CNPVJJQCETWNEU,ok,124585019,CC1CN(CCN1C(COC)C2=CC=C(C=C2)C(F)(F)F)C3(CCN(CC3)C(=O)C4=C(N=CN=C4C)C)C,
COESHZUDRKCEPA,ok,25194217,C1=C(C=C(C(=C1Br)O)Br)CC(C(=O)O)N,
COKMIXFXJJXBQG,ok,76973201,CCCCS(=O)(=O)NC(CC1=CC=C(C=C1)OCCCCC2CCNCC2)C(=O)O,
COLNVLDHVKWLRT,ok,178856469,C1=CC=C(C=C1)CC(C(=O)O)N,
COUYJEVMBVSIHV,ok,169445002,CC(C)(CC1=CC=C(C=C1)OC)NCC(C2=C3C(=CC(=C2)O)NC(=O)CO3)O,
COVZYZSDYWQREU,ok,129719542,CS(=O)(=O)OCCCCOS(=O)(=O)C,
CPBHSHYQQLFAPW,ok,178326266,COC1=C(C=C(C=C1)F)CC(C2CCOCC2)(C3C[NH2+]CCO3)O,
CPJSUEIXXCENMM,ok,102333332,CCOC1=CC=C(C=C1)NC(=O)C,
CPTBDICYNRMXFX,ok,70680325,[H+].CC(C)NC(=O)C1=CC=C(C=C1)CNNC,
CPZBLNMUGSZIPR,ok,168007246,C1CC2CN(C(=O)C3=CC=CC(=C23)C1)C4CN5CCC4CC5,
CQOQDQWUFQDJMK,ok,176154965,CC12CCC3C(C1CCC2O)CCC4=CC(=C(C=C34)OC)O,
CQRKVVAGMJJJSR,ok,76963542,C[N+]1(CCCC1COC(=O)C(C2=CC=CC=C2)(C3=CC=CC=C3)O)C,
CQXADFVORZEARL,ok,44577959,C1CC1C(C2CC2)NC3=[NH+]CCO3,
CRDNMYFJWFXOCH,failed,,,no_cid
CSDTZUBPSYWZDX,ok,10026,CCCCCON=O,
CSKDFZIMJXRJGH,ok,124524523,C1C2C1C3C=CC2C4C3C(=O)N(C4=O)NC(=O)C5=CC=C(C=C5)C(F)(F)F,
CTIRHWCPXYGDGF,ok,65825,C1CCC2(C1)C3CN(CC2CN(C3)CC4CC4)CC5CC5,
CTPOHARTNNSRSR,ok,177836277,CC#CCC(C)C(C=CC1C(CC2C1C3=CC=CC(=C3O2)CCCC(=O)O)O)O,
CTRLABGOLIVAIY,ok,177828623,C1C2=CC=CC=C2N(C3=CC=CC=C3C1=O)C(=O)N,
CTSNHMQGVWXIEG,ok,72462,C1=CC2=NC(=CN=C2C(=C1)Cl)NS(=O)(=O)C3=CC=C(C=C3)N,
CUCHJCMWNFEYOM,ok,76974313,CCOC(=O)C1C(=O)NC2=C(C=C(C=C2)Cl)C(=N1)C3=CC=CC=C3F,
CUHVIMMYOGQXCV,ok,171380756,CC1=C(C(=CC=C1)C(C)C2=CN=CN2)C,
CUIHSIWYWATEQL,ok,131674257,CC1=C(C=C(C=C1)NC2=NC=CC(=N2)N(C)C3=CC4=NN(C(=C4C=C3)C)C)S(=O)(=O)N,
CULUWZNBISUWAS,ok,91971674,C1=CC=C(C=C1)CNC(=O)CN2C=CN=C2[N+](=O)[O-],
CURUTKGFNZGFSE,ok,131708944,CCN(CC)CCOC(=O)C1(CCCCC1)C2CCCCC2,
CVBMAZKKCSYWQR,ok,169570929,COC1C(CC2CN3CCC4=C(C3CC2C1C(=O)OC)NC5=CC=CC=C45)OC(=O)C6=CC(=C(C(=C6)OC)OC)OC,
CVKNDPRBJVBDSS,ok,76973386,CC1=NC=C2C(OCC2=C1O)C3=CC=C(C=C3)Cl,
CVWXJKQAOSCOAB,ok,163502439,CC(C)(C)C1=CC(=NO1)NC(=O)[NH2+]C2=CC=C(C=C2)C3=CN4C5=C(C=C(C=C5)OCCN6CCOCC6)SC4=N3,
CWVMWSZEMZOUPC,ok,172873886,CC12CCC(CC1CCC3C2CCC4(C3CC(C4=O)Br)C)O,
CWYNVVGOOAEACU,ok,173272067,[H+].[H+].[Fe+2],
CXDWHYOBSJTRJU,ok,146159290,CC(=O)C1(C(CC2C1(CCC3C2CCC4=CC(=O)CCC34C)C)O)O,
CXOFVDLJLONNDW,ok,169101728,C1=CC=C(C=C1)C2(C(=O)NC(=O)N2)C3=CC=CC=C3,
CXOXHMZGEKVPMT,ok,178874718,CN1C(=O)CC(=O)N(C2=C1C=CC(=C2)Cl)C3=CC=CC=C3,
CXQGFLBVUNUQIA,ok,160134,CC(C)(C(=O)OCCCC(=O)N(C)C)OC1=CC=C(C=C1)Cl,
CXQHYVUVSFXTMY,ok,76974270,COC1=CC2=C(C=CN=C2C=C1OCCCN3CCOCC3)OC4=C(C=C(C=C4)NC(=O)C5(CC5)C(=O)NC6=CC=C(C=C6)F)F,
CXQWRCVTCMQVQX,ok,175871518,C1=CC(=C(C=C1C2C(C(=O)C3=C(C=C(C=C3O2)O)O)O)O)O,
CYDMQBQPVICBEU,failed,,,no_cid
CYFLXLSBHQBMFT,ok,171395218,CC1=C(OC(=N1)NS(=O)(=O)C2=CC=C(C=C2)N)C,
CYGODHVAJQTCBG,ok,46209366,C1CN(CCN1CC2=CC(=CC=C2)C3=CC=CC=C3)C4=CC=CC5=C4OC(=O)N5,
CYHWMBVXXDIZNZ,ok,140936701,CC1=CN=C2N1C3=C(C=C(C=C3)Br)C(=NC2CCC(=O)OC)C4=CC=CC=N4,
CYLWJCABXYDINA,ok,71751724,CN1C(NC2=CC(=C(C=C2S1(=O)=O)S(=O)(=O)N)Cl)CSCC(F)(F)F,
CYOHGALHFOKKQC,ok,168800771,CN1C=NC2=C1C=C(C(=C2F)NC3=C(C=C(C=C3)Br)Cl)C(=O)NOCCO,
CYQFCXCEBYINGO,ok,176639619,CCCCCC1=CC(=C2C3C=C(CCC3C(OC2=C1)(C)C)C)O,
CYXKNKQEMFBLER,ok,46782708,C1CCC(CC1)C(CC2CCCCN2)C3CCCCC3,
CZCHIEJNWPNBDE,ok,6237,CCC1=C(C2=CC=CC=C2O1)C(=O)C3=CC(=C(C(=C3)I)O)I,
CZFFBEXEKNGXKS,ok,163332191,CC1=NN=C(O1)C(=O)NC(C)(C)C2=NC(=C(C(=O)N2C)O)C(=O)NCC3=CC=C(C=C3)F,
CZMAIROVPAYCMU,ok,173362837,[H+].[La+3],
CZMRCDWAGMRECN,ok,178890168,C(C1C(C(C(C(O1)OC2(C(C(C(O2)CO)O)O)CO)O)O)O)O,
CZTQZXZIADLWOZ,ok,126963353,C1C(=C(N2C(S1)C(C2=O)NC(=O)CC3=CC=CS3)C(=O)O)C[N+]4=CC=CC=C4,
CZWCKYRVOZZJNM,ok,169446490,CC12CCC3C(C1CCC2=O)CC=C4C3(CCC(C4)OS(=O)(=O)O)C,
DAFOCGYVTAOKAJ,ok,74441225,C1=CC=C(C=C1)C(CC(=O)[O-])C[NH3+],
DAFYYTQWSAWIGS,ok,156588963,C1=CC(=C(C(=C1)Cl)COCCOCCCCCCNCC(C2=CC(=C(C=C2)O)CO)O)Cl,
DALKLAYLIPSCQL,ok,176483108,CCC(=O)OC1(CCC2C1(CC(C3C2CC(C4=CC(=O)C=CC34C)C)O)C)C(=O)COC(=O)C,
DALSFUWTAOKVTF,ok,10993014,CCN1CCN(CC(C1)NC(=O)C2=CC(=C(C=C2OC)NC)Br)C,
DANUORFCFTYTSZ,ok,177678910,CC1CCC(OC1C(C)C(=O)O)CC2CC(C(C3(O2)C(CC(O3)(C)C4CCC(O4)(C)C5C(CC(O5)C6C(CC(C(O6)(CO)O)C)C)C)C)C)OC,
DBABZHXKTCFAPX,ok,156674522,CCCN(CCC)S(=O)(=O)C1=CC=C(C=C1)C(=O)O,
DBDTUXMDTSTPQZ,ok,169440434,C1=CC=C(C=C1)C2NC3=CC(=C(C=C3C(=O)N2)S(=O)(=O)N)Cl,
DBEPLOCGEIEOCV,ok,178875585,CC12CCC3C(C1CCC2C(=O)NC(C)(C)C)CCC4C3(C=CC(=O)N4)C,
DBGIVFWFUFKIQN,ok,177841313,CCNC(C)CC1=CC(=CC=C1)C(F)(F)F,
DBHODFSFBXJZNY,ok,155627242,C1=CC(=C(C=C1Cl)Cl)CO,
DBOUGBAQLIXZLV,ok,71314835,CCN(CC)CCCN1C2=CC=CC=C2SC3=C1C=C(C=C3)Cl,
DBPWSSGDRRHUNT,ok,177833704,CC(=O)C1(CCC2C1(CCC3C2CCC4=CC(=O)CCC34C)C)O,
DBVJJBKOTRCVKF,ok,88451120,CC(O)(P(=O)(O)O)P(=O)(O)O,
DCCSDBARQIPTGU,ok,169440460,CC(C)C(=O)OC1=C(C=C(C=C1)CO)C(CCN(C(C)C)C(C)C)C2=CC=CC=C2,
DCOPUUMXTXDBNB,ok,155073974,[H+].C1=CC=C(C(=C1)CC(=O)O)NC2=C(C=CC=C2Cl)Cl,
DCSUBABJRXZOMT,ok,163335320,COC1CN(CCC1NC(=O)C2=CC(=C(C=C2OC)N)Cl)CCCOC3=CC=C(C=C3)F,
DDBREPKUVSBGFI,ok,165352011,CCC1(C(=O)NC(=O)NC1=O)C2=CC=CC=C2,
DDFOUSQFMYRUQK,ok,171935188,CC(C1=NC(=CS1)C2=CC=C(C=C2)C#N)C(CN3C=NC=N3)(C4=C(C=CC(=C4)F)F)O,
DDHUTBKXLWCZCO,ok,169445689,CC1(C2CCC(C1C2)CCOCC[N+]3(CCOCC3)CC4=CC(=C(C=C4Br)OC)OC)C,
DDINXHAORAAYAD,ok,49831411,CCCCCCCCCCCC(=O)OCN1C(=O)CCC2=C1C=C(C=C2)OCCCCN3CCN(CC3)C4=C(C(=CC=C4)Cl)Cl,
DDLIGBOFAVUZHB,ok,172990137,CC1=NC=C2N1C3=C(C=C(C=C3)Cl)C(=NC2)C4=CC=CC=C4F,
DDNCQMVWWZOMLN,ok,145722019,CCC12CCCN3C1C4=C(CC3)C5=CC=CC=C5N4C(=C2)C(=O)OCC,
DDOOFTLHJSMHLN,ok,125284001,CC1C(CC(C(=O)N1CC(F)(F)F)NC(=O)C2=CC3=C(CC4(C3)C5=C(NC4=O)N=CC=C5)N=C2)C6=CC=CC=C6,
DDUHZTYCFQRHIY,ok,171036357,CC1CC(=O)C=C(C12C(=O)C3=C(O2)C(=C(C=C3OC)OC)Cl)OC,
DEFOZIFYUBUHHU,ok,163199156,CC(=O)OCC(=O)C1(C(=C)CC2C1(CC(C3(C2CCC4=CC(=O)C=CC43C)F)O)C)O,
DEKOYVOWOVJMPM,ok,147345866,CS(=O)(=O)NC1=CC2=C(C=C1)NC(=NS2(=O)=O)C3=C(C4C5CCC(C5)C4N(C3=O)CC6=CC=C(C=C6)F)O,
DEQITUUQPICUMR,ok,124080986,CC(C)C1(C(=O)N2C(C(=O)N3CCCC3C2(O1)O)CC4=CC=CC=C4)NC(=O)C5CC6C(CC7=CNC8=CC=CC6=C78)N(C5)C,
DERZBLKQOCDDDZ,ok,91971858,C1CN(CCN1CC=CC2=CC=CC=C2)C(C3=CC=CC=C3)C4=CC=CC=C4,
DEVSOMFAQLZNKR,ok,177168104,C1=CN=C(C=N1)N[NH2+]C(=O)C=CN2C=NC(=N2)C3=CC(=CC(=C3)C(F)(F)F)C(F)(F)F,
DFBIRQPKNDILPW,ok,176519917,CC(C)C12C(O1)C3C4(O3)C5(CCC6=C(C5CC7C4(C2O)O7)COC6=O)C,
DFEYYRMXOJXZRJ,ok,172703008,C(OC(C(F)(F)F)C(F)(F)F)F,
DGABKXLVXPYZII,ok,178524711,CC(CCC(=O)O)C1CCC2C1(CCC3C2CC(C4C3(CCC(C4)O)C)O)C,
DGAIEPBNLOQYER,ok,162642015,CN(CC(CO)O)C(=O)C1=C(C(=C(C(=C1I)C(=O)NCC(CO)O)I)NC(=O)COC)I,
DGBIGWXXNGSACT,ok,90994703,C1C(=O)NC2=C(C=C(C=C2)[N+](=O)[O-])C(=N1)C3=CC=CC=C3Cl,
DGEZNRSVGBDHLK,ok,150025772,C1=CC2=C(C3=C(C=CC=N3)C=C2)N=C1,
DHAHKSQXIXFZJB,ok,101272215,CCN(CC)C1=CC=C(C=C1)C(=C2C=CC(=[N+](CC)CC)C=C2)C3=CC(=O)C(=CC3=S(=O)(O)O)S(=O)(=O)O,
DHCDFWKWKRSZHF,ok,172997135,[H+].OS(=O)(=S)[O-],
DHHVAGZRUROJKS,ok,134973974,CC(C)(CC1=CC=CC=C1)N,
DHMQDGOQFOQNFH,ok,162642432,C(C(=O)O)N,
DHMTURDWPRKSOA,ok,169442987,C1CN(CCC1CC(=O)N2CCC(CC2)C3C4=C(CCC5=C3N=CC(=C5)Br)C=C(C=C4Br)Cl)C(=O)N,
DHSUYTOATWAVLW,ok,177784537,CC1(CC1C(=O)NC(=CCCCCSCC(C(=O)O)N)C(=O)O)C,
DIWRORZWFLOCLC,ok,177839573,C1=CC=C(C(=C1)C2=NC(C(=O)NC3=C2C=C(C=C3)Cl)O)Cl,
DJBNUMBKLMJRSA,ok,172990162,C1CCNC(C1)CNC(=O)C2=C(C=CC(=C2)OCC(F)(F)F)OCC(F)(F)F,
DJQOOSBJCLSSEY,ok,171714220,CC1=CN=C(C=[N+]1[O-])C(=O)O,
DJSXNILVACEBLP,ok,144248698,C(C1=C(SC(=C1C#N)N(CC(=O)O)CC(=O)O)C(=O)[O-])C(=O)O,
DJUFPMUQJKWIJB,ok,136232960,COC1=NC2=C(C3=C(C=C(C=C3)Cl)N=C2C=C1)NC4=CC(=C(C(=C4)CN5CCCC5)O)CN6CCCC6,
DJXRIQMCROIRCZ,ok,178614324,C1CC(NC1CC2=CC=C(C=C2)NC(=O)C3CCC4=NC=CC(=O)N34)C(C5=CC=CC=C5)O,
DKJJVAGXPKPDRL,ok,140650386,C1=CC(=CC=C1SC(P(=O)(O)O)P(=O)(O)[O-])Cl,
DKMFBWQBDIGMHM,ok,131869288,CC1CCN(CC1)CCCC(=O)C2=CC=C(C=C2)F,
DKNWSYNQZKUICI,ok,155775867,C1C2CC3CC1CC(C2)(C3)N,
DKOQGJHPHLTOJR,ok,137705189,CON=C(C1=CSC(=N1)N)C(=O)NC2C3N(C2=O)C(=C(CS3)C[N+]4=CC=CC5=C4CCC5)C(=O)O,
DKULOVKANLVDEA,ok,131708543,C1=CC(=CC=C1C2=C(N=CN=C2OCCOC3=NC=C(C=N3)Br)NS(=O)(=O)N)Br,
DKWNMCUOEDMMIN,ok,135385143,C1CCC(CC1)C(C(=O)N2CCC2C(=O)NCC3=CC=C(C=C3)C(=N)N)NCC(=O)O,
DKYWVDODHFEZIM,ok,121225269,CC(C1=CC(=CC=C1)C(=O)C2=CC=CC=C2)C(=O)O,
DLGOEMSEDOSKAD,ok,162642673,C(CCl)NC(=O)N(CCCl)N=O,
DLJKPYFALUEJCK,ok,177831199,CCCCCC(C)(C=CC1C(CC(C1CC=CCCCC(=O)O)O)O)O,
DLNKOYKMWOXYQA,ok,139247020,CC(C(C1=CC=CC=C1)O)[NH3+],
DLSWIYLPEUIQAV,ok,178299065,CCC(C)C(C(=O)NC(C)C(=O)NC(CC1=CNC2=CC=CC=C21)C(=O)NC(CC(C)C)C(=O)NC(C(C)C)C(=O)NC(CCCNC(=N)N)C(=O)NCC(=O)NC(CCCNC(=N)N)C(=O)NCC(=O)O)NC(=O)C(CC3=CC=CC=C3)NC(=O)C(CCC(=O)O)NC(=O)C(CCCCNC(=O)COCCOCCNC(=O)COCCOCCNC(=O)CCC(C(=O)O)NC(=O)CCCCCCCCCCCCCCCCC(=O)O)NC(=O)C(C)NC(=O)C(C)NC(=O)C(CCC(=O)N)NC(=O)CNC(=O)C(CCC(=O)O)NC(=O)C(CC(C)C)NC(=O)C(CC4=CC=C(C=C4)O)NC(=O)C(CO)NC(=O)C(CO)NC(=O)C(C(C)C)NC(=O)C(CC(=O)O)NC(=O)C(CO)NC(=O)C(C(C)O)NC(=O)C(CC5=CC=CC=C5)NC(=O)C(C(C)O)NC(=O)CNC(=O)C(CCC(=O)O)NC(=O)C(C)(C)NC(=O)C(CC6=CN=CN6)N,
DLVOSEUFIRPIRM,ok,172874647,CC12CCC(=O)C=C1CCC3C2C(CC4(C3CCC4(C(=O)COC(=O)CCC5CCCC5)O)C)O,
DMDGGSIALPNSEE,ok,163322665,C1NC2=C(C=C(C(=C2)C(F)(F)F)S(=O)(=O)N)S(=O)(=O)N1,
DMJNNHOOLUXYBV,ok,92974919,CC1C2C(C(=O)N2C(=C1SC3CC(NC3)C(=O)N(C)C)C(=O)O)C(C)O,
DMJWENQHWZZWDF,ok,163322406,CN1CCC2=CC(=C(C=C2C3C1CCC4=CC=CC=C34)O)Cl,
DMNOVGJWPASQDL,ok,66555030,COC1=C(SC=C1)CNCCC2(CCOC3(C2)CCCC3)C4=CC=CC=N4,
DMUAPQTXSSNEDD,ok,172897916,CCC(=O)OC1CC(=O)OC(CC=CC=CC(C(CC(C(C1OC)OC2C(C(C(C(O2)C)OC3CC(C(C(O3)C)OC(=O)CC)(C)O)N(C)C)O)CC=O)C)O)C,
DMULVCHRPCFFGV,ok,178096851,CN(C)CCC1=CNC2=CC=CC=C21,
DNHPDWGIXIMXSA,ok,169438243,CN1CC(C2=C(C1)C(=CC(=C2)Cl)Cl)C3=CC(=CC=C3)S(=O)(=O)NCCOCCOCCNC(=O)NCCCCNC(=O)NCCOCCOCCNS(=O)(=O)C4=CC=CC(=C4)C5CN(CC6=C5C=C(C=C6Cl)Cl)C,
DNVVZWSVACQWJE,ok,177747000,C1=CC=C(C=C1)OC(=O)C2=C(C=C(C=C2)N)O,
DNXHEGUUPJUMQT,ok,176154967,CC12CCC3C(C1CCC2=O)CCC4=C3C=CC(=C4)O,
DNYGXMICFMACRA,ok,171666461,CC1(COC(C(C1NC)O)OC2C(CC(C(C2O)OC3C(CCC(O3)CNC)N)N)N)O,
DNZPLHRZXUJATK,ok,3003157,C1=CC=C(C(=C1)C2=CC=C(O2)CC3C(=O)NC(=S)NC3=O)C(F)(F)F,
DOAKLVKFURWEDJ,ok,177747070,CCCCCCCCCC(=O)NC(CC1=CNC2=CC=CC=C21)C(=O)NC(CC(=O)N)C(=O)NC(CC(=O)O)C(=O)NC3C(OC(=O)C(NC(=O)C(NC(=O)C(NC(=O)CNC(=O)C(NC(=O)C(NC(=O)C(NC(=O)C(NC(=O)CNC3=O)CCCN)CC(=O)O)C)CC(=O)O)CO)C(C)CC(=O)O)CC(=O)C4=CC=CC=C4N)C,
DOBMPNYZJYQDGZ,ok,139025677,C1=CC=C2C(=C1)C(=C(C(=O)O2)CC3=C(C4=CC=CC=C4OC3=O)O)O,
DOHVAKFYAHLCJP,ok,135536638,C1=CC(=CN=C1)CC2=CNC3=C2N=C(NC3=O)N,
DOMHWKQEPDYUQX,ok,146156229,CC1C(C(CC(O1)OC2C(OC(CC2OC=O)OC3C(OC(CC3OC=O)OC4CCC5(C(C4)CCC6C5CCC7(C6(CC(C7C8=CC(=O)OC8)OC=O)O)C)C)C)C)OC=O)OC=O,
DOMWKUIIPQCAJU,ok,178026231,CCCCCC(=O)OC1(CCC2C1(CCC3C2CCC4=CC(=O)CCC34C)C)C(=O)C,
DOMXUEMWDBAQBQ,ok,176418970,CC(C)(C)C#CC=CCN(C)CC1=CC=CC2=CC=CC=C21,
DOUYETYNHWVLEO,ok,162641902,CC(C)CN1C=NC2=C1C3=CC=CC=C3N=C2N,
DPSPPJIUMHPXMA,ok,156674532,CC1CCC2=C3N1C=C(C(=O)C3=CC(=C2)F)C(=O)O,
DPWPWRLQFGFJFI,ok,6973659,C[NH+](CC#C)CC1=CC=CC=C1,
DPYMFVXJLLWWEU,ok,11877135,C(C(F)(F)F)(OC(F)F)F,
DQCKKXVULJGBQN,ok,172432149,C1CC1CN2CCC34C5C(=O)CCC3(C2CC6=C4C(=C(C=C6)O)O5)O,
DQDAYGNAKTZFIW,ok,76973618,CCC(C1=CC=CC=C1)C2=C(C3=CC=CC=C3OC2=O)O,
DQKXQSGTHWVTAD,ok,163322575,CCCCOC1=CC=C(C=C1)OCCCN2CCOCC2,
DQMZLTXERSFNPB,ok,12305722,CCC1(C(=O)NCNC1=O)C2=CC=CC=C2,
DRBBFCLWYRJSJZ,ok,60070322,CN(CC(=O)O)C(=N[P+](O)([O-])[O-])N,
DREIJXJRTLTGJC,ok,178876085,C1C2CC3CC(C2)(CC1C3NC4=C5C=CNC5=NC=C4C(=O)N)O,
DRHKJLXJIQTDTD,ok,177746994,CCOC1=CC=CC=C1OCCNC(C)CC2=CC(=C(C=C2)OC)S(=O)(=O)N,
DRLFMBDRBRZALE,ok,176469451,CC(=O)NCCC1=CNC2=C1C=C(C=C2)OC,
DTGLZDAWLRGWQN,ok,164670204,CC(=O)OC1=CC2=C(S1)CCN(C2)C(C3=CC=CC=C3F)C(=O)C4CC4,
DTXXSJZBSTYZKE,ok,177837282,CC(C1CCC2C1(CCCC2=CC=C3CC(CC(C3=C)O)O)C)OCCC(C)(C)O,
DUDKAZCAISNGQN,ok,6921780,C[N+]1=C(NCCC1)COC(=O)C(C2CCCCC2)(C3=CC=CC=C3)O,
DUEWVPTZCSAMNB,ok,11801889,CCC1=NC(=C(N1CC2=CC3=C(C=C2)OC(=C3Br)C4=CC=CC=C4NS(=O)(=O)C(F)(F)F)C(=O)N)C5CC5,
DUGOZIWVEXMGBE,ok,172404727,COC(=O)C(C1CCCCN1)C2=CC=CC=C2,
DUHUCHOQIDJXAT,ok,178247146,CC(=O)C1CCC2C1(CC(=O)C3C2CCC4C3(CCC(C4)O)C)C,
DURULFYMVIFBIR,ok,177747011,CC(C)NCC(COC1=CC=C(C=C1)NC(=O)C)O,
DUYJMQONPNNFPI,ok,176328730,CN1C=C(C2=CC=CC=C21)C3=NC(=NC=C3)NC4=C(C=C(C(=C4)NC(=O)C=C)N(C)CCN(C)C)OC,
DVJAMEIQRSHVKC,ok,69466090,B(C1CCCN1C(=O)CNC2CCNC2)(O)O,
DVLBYTMYSMAKHP,ok,177746998,CCCC(=O)C1=CC2=C(C=C1)SC3=CC=CC=C3N2CCCN4CCN(CC4)C,
DWAWDSVKAUWFHC,ok,44398114,CC(C)C(CCCN(C)CCC1=CC=CC=C1)(C#N)C2=CC=CC=C2,
DWTTZBARDOXEAM,ok,177843216,CC1CCCC(CCCCCC2=C(C(=CC(=C2)O)O)C(=O)O1)O,
DWYMPOCYEZONEA,ok,101611459,OP(=O)([O-])F,
DWYRIWUZIJHQKQ,ok,177747014,CC(C1=CC=C(C=C1)F)(C2=CN=C(N=C2)N3CCN(CC3)C4=NC=NN5C4=CC(=C5)C6=CN(N=C6)C)N,
DXGLGDHPHMLXJC,ok,176245452,COC1=CC(=C(C=C1)C(=O)C2=CC=CC=C2)O,
DXPOSRCHIDYWHW,ok,169447755,C1COCCN1C(=O)NCCNCC(COC2=CC=C(C=C2)O)O,
DXVUYOAEDJXBPY,ok,51601241,CC1(C(N2C(S1)C(C2=O)N3C(=O)C(NC3(C)C)C4=CC=CC=C4)C(=O)[O-])C,
DYAIAHUQIPBDIP,ok,168312361,C1C(=C(N2C(S1)C(C2=O)NC(=O)C(C3=CC=CC=C3)O)C(=O)O)CSC4=NN=NN4CS(=O)(=O)[O-],
DYDCPNMLZGFQTM,ok,163322416,C1C(CN1C2=C(C=C3C(=C2Cl)N(C=C(C3=O)C(=O)O)C4=C(C=C(C(=N4)N)F)F)F)O,
DYDCUQKUCUHJBH,ok,131708885,C1C(C(=O)NO1)N,
DYEFUKCXAQOFHX,ok,53238071,C1=CC=C(C=C1)N2C(=O)C3=CC=CC=C3[Se]2,
DYKFCLLONBREIL,failed,,,no_cid
DYLGFOYVTXJFJP,ok,169443028,CCCCN(CCCC)CC(C1=CC(=CC2=C1C3=C(C2=CC4=CC=C(C=C4)Cl)C=C(C=C3)Cl)Cl)O,
DYLUUSLLRIQKOE,ok,121453832,CC(C)(CNC1=NC(=NC(=N1)C2=NC(=CC=C2)C(F)(F)F)NC3=CC(=NC=C3)C(F)(F)F)O,
DYNHJHQFHQTFTP,ok,10366136,CC1(COC1)COC2=CC3=C(C=C2)N(C=N3)C4=NC5=C(C=CC=C5N6CCC(CC6)N)C=C4,
DZGWFCGJZKJUFP,ok,176013296,C1=CC(=CC=C1CCN)O,
DZMVCVHATYROOS,ok,167312800,CCC(C)C(C(CC(=O)N1CCCC1C(C(C)C(=O)NCCC2=CC=CC=C2)OC)OC)N(C)C(=O)C(C(C)C)NC(=O)C(C(C)C)N(C)C,
DZMVCVMFETWNIU,ok,70499272,C1C(=C(N2C(S1)C(C2=O)NC(=O)CN3C=NN=N3)C(=O)O)CSC4=NN=CS4,
DZOJBGLFWINFBF,ok,71717901,CC(=O)N(C)C1(CCN(CC1)CCCC2(CCCN(C2)C(=O)C3=CC=CC=C3)C4=CC(=C(C=C4)Cl)Cl)C5=CC=CC=C5,
DZQVFHSCSRACSX,ok,68933,CC1=CN=C(N=C1)NS(=O)(=O)C2=CC=C(C=C2)N,
DZVPGIORVGSQMC,ok,60203,COC1=C(C(=NC(=C1Cl)OC)C(Cl)(Cl)Cl)Cl,
DZZWHBIBMUVIIW,ok,171364376,CC1CN(CC(N1)C)C2=C(C(=C3C(=C2F)N(C=C(C3=O)C(=O)O)C4CC4)N)F,
FABPRXSRWADJSP,ok,169444413,COC1=C2C(=CC(=C1N3CC4CCCNC4C3)F)C(=O)C(=CN2C5CC5)C(=O)O,
FABUFPQFXZVHFB,ok,177678859,CC1CCCC2(C(O2)CC(NC(=O)CC(C(C(=O)C(C1O)C)(C)C)O)C(=CC3=CSC(=N3)C)C)C,
FAEKWTJYAYMJKF,ok,172418908,CCOC1=C(C=CC(=C1)CC(=O)NC(CC(C)C)C2=CC=CC=C2N3CCCCC3)C(=O)O,
FAIIFDPAEUKBEP,ok,163321999,CC1=C(C(C(=C(N1)C#N)C(=O)OC)C2=CC(=CC=C2)[N+](=O)[O-])C(=O)OC(C)C,
FAKRSMQSSFJEIM,ok,138402720,CC(CS)C(=O)N1CCCC1C(=O)O,
FAOZLTXFLGPHNG,ok,131698549,CC1CC2C3CCC(C3(CC(C2(C4(C1=CC(=O)C=C4)C)F)O)C)(C(=O)C)O,
FASDKYOPVNHBLU,ok,175900617,CCCNC1CCC2=C(C1)SC(=N2)N,
FBHSPRKOSMHSIF,ok,176519877,CC1=NC2(C(O1)CC3C2(CC(C4C3CCC5=CC(=O)C=CC45C)O)C)C(=O)COC(=O)C,
FBMYKMYQHCBIGU,ok,169435125,CC(C)(CC1=CNC2=CC=CC=C21)NCC(COC3=CC=CC=C3C#N)O,
FBOUYBDGKBSUES,ok,169446504,C1CN2CCC1C(C2)OC(=O)N3CCC4=CC=CC=C4C3C5=CC=CC=C5,
FBOZXECLQNJBKD,ok,154592178,CN(CC1=CN=C2C(=N1)C(=NC(=N2)N)N)C3=CC=C(C=C3)C(=O)NC(CCC(=O)O)C(=O)O,
FBPFZTCFMRRESA,ok,178256858,C(C(C(C(C(CO)O)O)O)O)O,
FBSKJMQYURKNSU,ok,177675133,CC1C(C(C(C(O1)OC2C(C(OC(C2OC(=O)C=CC3=CC(=C(C=C3)O)O)CO)OCCC4=CC(=C(C=C4)O)O)O)O)O)O,
FBTUMDXHSRTGRV,ok,176468574,CC1C(C(CC(O1)OC2CC(CC3=C2C(=C4C(=C3O)C(=O)C5=C(C4=O)C(=CC=C5)OC)O)(C(=NNC(=O)C6=CC=CC=C6)C)O)N)O,
FBVFZWUMDDXLLG,ok,171380499,C1CCC2C(C1)C(=O)N(C2=O)CCCCN3CCN(CC3)C4=NSC5=CC=CC=C54,
FBWNMEQMRUMQSO,ok,72385,CCCCCCCCCC1=CC=C(C=C1)OCCOCCOCCOCCOCCOCCOCCOCCOCCO,
FBYZQDCRLYHHHP,ok,145714569,CCC12CCC3C(C1CCC2O)CCC4=CC(=O)CCC34,
FCCNSUIJIOOXEZ,ok,22052964,C1C(C(C(C(O1)OC2COC(C(C2OS(=O)(=O)O)OS(=O)(=O)O)O)OS(=O)(=O)O)OS(=O)(=O)O)O,
FCDLCPWAQCPTKC,ok,131872222,C1=CC2=C(C(=C1)O)C(=O)C3=C(C2=O)C=C(C=C3O)C(=O)O,
FCFNRCROJUBPLU,ok,166891479,CC1C(=O)NC(C(=O)OC(C(=O)NC(C(=O)OC(C(=O)NC(C(=O)OC(C(=O)NC(C(=O)OC(C(=O)NC(C(=O)OC(C(=O)NC(C(=O)O1)C(C)C)C(C)C)C(C)C)C)C(C)C)C(C)C)C(C)C)C)C(C)C)C(C)C)C(C)C,
FCSHDIVRCWTZOX,ok,176519973,CC1CC2C3CCC4=CC(=O)C=CC4(C3(C(CC2(C1(C(=O)CCl)O)C)O)F)C,
FDBYIYFVSAHJLY,ok,172990296,CC(C)C1=CC(=NNC1=O)OC2=C(C=C(C=C2Cl)N3C(=O)NC(=O)C(=N3)C#N)Cl,
FDDDEECHVMSUSB,ok,175962145,C1=CC(=CC=C1N)S(=O)(=O)N,
FDGQSTZJBFJUBT,ok,169441106,C1=NC2=C(N1)C(=NC=N2)O,
FDKXTQMXEQVLRF,ok,137269071,C[NH+](C)N=NC1=C(NC=N1)C(=O)N,
FDLYAMZZIXQODN,ok,164664833,C1CC1C(=O)N2CCN(CC2)C(=O)C3=C(C=CC(=C3)CC4=NNC(=O)C5=CC=CC=C54)F,
FDMQDKQUTRLUBU,ok,145303571,CN1CCN(CC1)C2=CC=C(C=C2)NC3=NC4=C(C(=N3)OC5=CC=CC(=C5)[NH2+]C(=O)C=C)SC=C4,
FDQGNLOWMMVRQL,ok,76974294,C=CCC1(C(=O)NC(=O)NC1=O)CC=C,
FDXQKWSTUZCCTM,ok,44482008,CNCC(CC12CCC(C3=CC=CC=C31)C4=CC=CC=C24)O,
FEBLZLNTKCEFIT,ok,171114753,CC1(OC2CC3C4CC(C5=CC(=O)C=CC5(C4(C(CC3(C2(O1)C(=O)CO)C)O)F)C)F)C,
FEBOTPHFXYHVPL,ok,163321934,C1CN(CCC1N2C3=CC=CC=C3NC2=O)CCCC(=O)C4=CC=C(C=C4)F,
FEJKLNWAOXSSNR,ok,21102,CC(=O)NC1=CC=C(C=C1)OC(=O)C2=CC=CC=C2OC(=O)C,
FELGMEQIXOGIFQ,ok,76973792,CC1=NC=CN1CC2CCC3=C(C2=O)C4=CC=CC=C4N3C,
FEWJPZIEWOKRBE,ok,176729142,C(C(C(=O)O)O)(C(=O)O)O,
FEZBIKUBAYAZIU,ok,25273237,C[NH+](C)CCOC1=CC=C(C=C1)CNC(=O)C2=CC(=C(C(=C2)OC)OC)OC,
FFGPTBGBLSHEPO,ok,177843021,C1=CC=C2C(=C1)C=CC3=CC=CC=C3N2C(=O)N,
FFJIWWBSBCOKLS,ok,178269203,CCOC1=NNC(=NS(=O)(=O)C2=CC=C(C=C2)N)C=C1,
FFYNAVGJSYHHFO,ok,178874964,CN(C)CC(COC1=CC=CC=C1CCC2=CC(=CC=C2)OC)OC(=O)CCC(=O)O,
FFYPRJYSJODFFD,ok,135461003,C1=CNC2=C1N=C(NC2=O)N,
FGQFOYHRJSUHMR,ok,173640838,C1CC1C2=CC=C(C3=CC=CC=C23)N4C(=NN=C4Br)SCC(=O)O,
FGXWKSZFVQUSTL,ok,153420473,C1CN(CCC1N2C3=C(C=C(C=C3)Cl)NC2=O)CCCN4C5=CC=CC=C5NC4=O,
FHCUMDQMBHQXKK,ok,177678967,CC1CCC(N1C(=O)C(C(C)C)NC(=O)OC)C2=NC3=C(N2)C=CC4=CC5=C(C=C43)OCC6=C5C=CC(=C6)C7=CN=C(N7)C8CC(CN8C(=O)C(C9=CC=CC=C9)NC(=O)OC)COC,
FHFYDNQZQSQIAI,ok,139076129,CC[N+]1=CC(=C(C2=CC(=C(C=C21)N3CCN(CC3)C)F)O)C(=O)O,
FHIDNBAQOFJWCA,ok,176204536,C1=C(C(=O)NC(=O)N1C2C(C(C(O2)CO)O)O)F,
FHNFHKCVQCLJFQ,ok,175671902,[Xe],
FHXBMXJMKMWVRG,ok,169441392,CC(=O)OC1=CC2=C(C=C1)C3CCC4(C(C3CC2)CCC4O)C,
FIADGNVRKBPQEU,ok,131708547,CN1CCC(=C2C3=C(CCC4=CC=CC=C42)SC=C3)CC1,
FIHJKUPKCHIPAT,ok,178877601,CC1CCC2C(C(OC3C24C1CCC(O3)(OO4)C)OC(=O)CCC(=O)O)C,
FIKPXCOQUIZNHB,ok,168312608,CC1CNC(=O)C2=C3N=C(C=CN3N=C2)NC(C4=C(O1)C=CC(=C4)F)C,
FIQOFIRCTOWDOW,ok,133687191,CCOC(=O)C(CCC1=CC=CC=C1)NC2CSC(CN(C2=O)CC(=O)O)C3=CC=CS3,
FIVSJYGQAIEMOC,ok,154539379,CC(C1=CC(=CC(=C1)C(F)(F)F)C(F)(F)F)OCC2(CCC3(CCC(=O)N3)CN2)C4=CC=CC=C4,
FJAQNRBDVKIIKK,ok,174019615,CC1=CC=C(N1)C(=O)OC2C(C(OC(C2OC)(C)C)OC3=C(C4=C(C=C3)C(=C(C(=O)O4)NC(=O)C5=CC(=C(C=C5)O)CC=C(C)C)O)Cl)O,
FJHBVJOVLFPMQE,ok,169446435,CCC1=C2CN3C(=CC4=C(C3=O)COC(=O)C4(CC)O)C2=NC5=C1C=C(C=C5)O,
FJIKWRGCXUCUIG,ok,168475413,CN1C2=C(C=C(C=C2)Cl)C(=NC(C1=O)O)C3=CC=CC=C3Cl,
FJLBFSROUSIWMA,ok,4174,CC(C)(C1=CN=CC=C1)C(=O)C2=CN=CC=C2,
FJLGEFLZQAZZCD,ok,162641746,CC(C)N1C2=CC=CC=C2C(=C1C=CC(CC(CC(=O)O)O)O)C3=CC=C(C=C3)F,
FJXOGVLKCZQRDN,ok,172012351,CC1CC2C3C(CC4=CC(=O)C=CC4(C3C(CC2(C1(C(=O)CO)O)C)O)C)Cl,
FJZZPCZKBUKGGU,ok,169444974,CCCCCCCC(=O)NC(CN1CCCC1)C(C2=CC3=C(C=C2)OCCO3)O,
FKAWLXNLHHIHLA,ok,172879863,CC1C(CC2(C(C(C(O2)C(CC(C(C)C(C(C)C=C(C)C(=CC=CC(=CC#N)C)C)O)O)OC)OP(=O)(O)O)(C)C)OC1CC=CC3=COC(=N3)C(C)CCNC(=O)C(C(C(COC)N(C)C)O)O)O,
FKDHHVKWGRFRTG,ok,5219,C1COCCN1[N+]2=CC(=N)O[N-]2,
FKENQMMABCRJMK,ok,176481783,CC1(C(N2C(S1(=O)=O)CC2=O)C(=O)O)C,
FKNQFGJONOIPTF,ok,156022693,[Na+],
FKNXQNWAXFXVNW,ok,177829170,CCC(C(C1=C2C=CC(=O)NC2=C(C=C1)O)O)NC(C)C,
FKRSSPOQAMALKA,ok,177830411,CC(C)C(C(=O)N1CCCC1C2=NC=C(N2)C3=CC=C(C=C3)C4=CC=C(C=C4)C5=CN=C(N5)C6CCCN6C(=O)C(C(C)C)NC(=O)OC)NC(=O)OC,
FLGJKPPXEKYCBY,ok,154731664,CC(=O)OC1(CCC2C1(CCC3C2CC=C4C3CCC(=C4)OC5CCCC5)C)C#C,
FLKWNFFCSSJANB,ok,76974337,CCC(=O)N1C2=CC=CC=C2N(C1=O)C3CCN(CC3)CCC(C#N)(C4=CC=CC=C4)C5=CC=CC=C5,
FLOSMHQXBMRNHR,ok,71749930,CC(=O)N=C1N(N=C(S1)S(=O)(=O)N)C,
FLSLEGPOVLMJMN,ok,163285131,CC(C(=O)N1CC2=CC=CC=C2CC1C(=O)O)NC(CCC3=CC=CC=C3)C(=O)O,
FLWFHHFTIRLFPV,ok,71768125,CCCCC(C(=O)N(C1=CC=CC=C1)NC2=CC=CC=C2)C(=O)[O-],
FLYGLPYJEQPCFY,ok,657038,C1=CC(=C2C(=C1)N=CC(=N2)C3=CC=C(C=C3)Cl)C(=O)N,
FMCGSUUBYTWNDP,ok,144851113,CC(C(C1=CC=CC=C1)O)[NH+](C)C,
FMGSKLZLMKYGDP,ok,176902316,CC12CCC3C(C1CCC2=O)CC=C4C3(CCC(C4)O)C,
FMHHVULEAZTJMA,ok,5585,CC1=CC(=O)OC2=C1C=C3C=C(OC3=C2C)C,
FMTDIUIBLCQGJB,failed,,,no_cid
FNHKPVJBJVTLMP,ok,142993531,CNC(=O)C1=[NH+]C=CC(=C1)OC2=CC(=C(C=C2)NC(=O)NC3=CC(=C(C=C3)Cl)C(F)(F)F)F,
FNKQXYHWGSIFBK,ok,178856266,CC(C(C1CNC2=C(N1)C(=O)N=C(N2)N)O)O,
FNPXMHRZILFCKX,ok,172873899,CCC(=O)OCC(=O)C1(CCC2C1(CC(C3C2CCC4=CC(=O)C=CC34C)O)C)OC(=O)OCC,
FNQQBFNIYODEMB,ok,4165,CC1=CC2=C(C=C1S(=O)(=O)N)S(=O)(=O)CCC2,
FNYLWPVRPXGIIP,ok,45040581,C1=CC=C(C=C1)C2=NC3=C(N=C(N=C3N=C2N)N)N,
FOCVUCIESVLUNU,ok,76973055,C1CN1P(=S)(N2CC2)N3CC3,
FODQIVGFADUBKE,ok,28082481,CCCCCCC(C)NN,
FOGXJPFPZOHSQS,ok,169447062,CCCC(=O)OC1(CCC2C1(CC(C3C2CCC4=CC(=O)CCC34C)O)C)C(=O)COC(=O)CC,
FOHHNHSLJDZUGQ,ok,131708987,CCCCN(CCCC)CCC(C1=C2C=CC(=CC2=C3C=C(C=C(C3=C1)Cl)Cl)C(F)(F)F)O,
FOPALECPEUVCTL,ok,60115491,CCC(C)(C)C(=O)C(=O)N1CCCC1C(=O)O,
FPBPLBWLMYGIQR,ok,1548992,CC1=C(N=CN1)CSCCNC(=S)NC,
FPCCSQOGAWCVBH,ok,168286435,C1CN(CCC1C(=O)C2=CC=C(C=C2)F)CCN3C(=O)C4=CC=CC=C4NC3=O,
FPHLBGOJWPEVME,ok,76969615,CC(C1=CC=C(C=C1)NCC(=C)C)C(=O)O,
FPIPGXGPPPQFEQ,ok,177857547,CC1=C(C(CCC1)(C)C)C=CC(=CC=CC(=CCO)C)C,
FPOHNWQLNRZRFC,ok,175988094,CC1=C(C2=CC=CC=C2N1)CCNCC3=CC=C(C=C3)C=CC(=O)NO,
FPPNZSSZRUTDAP,ok,101611726,CC1(C(N2C(S1)C(C2=O)N=C(C(C3=CC=CC=C3)C(=O)O)[O-])C(=O)O)C,
FPVKHBSQESCIEP,ok,171395935,C1C(C(OC1[N+]2=CNC3=C2NC=NCC3O)CO)O,
FPZLLRFZJZRHSY,ok,25256361,CC(C)(C)NCC(=O)NC1=CC(=C2CC3CC4C(C(=C(C(=O)C4(C(=C3C(=O)C2=C1O)O)O)C(=O)N)O)N(C)C)N(C)C,
FQQIIPAOSKSOJM,ok,5233035,C[NH+]1CCC2=C(C1)C3=CC=CC=C3N2CC4=CC=CC=C4,
FQVHOULQCKDUCY,ok,131673966,CC1CC(C(C(C(CC(=O)OC(CC2C(O2)C=CC1=O)C)OC(=O)C)OC)OC3C(C(C(C(O3)C)OC4CC(C(C(O4)C)OC(=O)CC(C)C)(C)O)N(C)C)O)CC=O,
FQVSDHOWSLEEKJ,ok,124596124,CC1=CC(=NC2=C1C=CC=C2OCC3=C(C=CC(=C3Cl)S(=O)(=O)NC4(CCOCC4)C(=O)N5CCN(CC5)C(=O)C(CCC[N+](C)(C)C)N)Cl)C,
FRPJXPJMRWBBIH,ok,171395321,CC12CCC3C(C1CCC2O)CCC4=C3C=CC(=C4)OC(=O)N(CCCl)CCCl,
FRVSRBKUQZKTOW,ok,132212657,CCN(C(C)C)C(=O)C1=C(C=CC(=C1)F)OC2=CN=CN=C2N3CC4(C3)CCN(CC4)CC5CCC(CC5)NS(=O)(=O)CC,
FSKFPVLPFLJRQB,ok,129010177,CC1=CC=C(C=C1)C(=O)C(C)CN2CCCCC2,
FSQKKOOTNAMONP,ok,46779843,CC1=C(C2=C(N1C(=O)C3=CC=C(C=C3)Cl)C=CC(=C2)OC)CC(=O)OCC(=O)O,
FSVJFNAIGNNGKK,ok,118081899,C1CCC(CC1)C(=O)N2CC3C4=CC=CC=C4CCN3C(=O)C2,
FTALBRSUTCGOEG,ok,147563128,C1=CC2=C(C=C1OC(F)(F)F)SC(=[NH+]2)N,
FTLDJPRFCGDUFH,ok,71751357,CC(C)(CC1=CC=CC=C1)N(C)C(=O)CN(CCO)CC(=O)N(C)C(C)(C)CC2=CC=CC=C2,
FTOAOBMCPZCFFF,ok,45038190,CCC1(C(=O)NC(=O)NC1=O)CC,
FTVWIRXFELQLPI,ok,175860162,C1C(OC2=CC(=CC(=C2C1=O)O)O)C3=CC=C(C=C3)O,
FUBBGQLTSCSAON,ok,141578330,CC(=O)OCC1=C(N2C(C(C2=O)NC(=O)C(C3=CC=CC=C3)N)SC1)C(=O)O,
FUBVWMNBEHXPSU,ok,162641962,CCOC(=O)NC1=CC2=C(C=C1)SC3=CC=CC=C3N2C(=O)CCN4CCOCC4,
FUIOWSNNCWZETH,ok,163198904,CC1C(C(C(C(O1)OC2C(OC(C(C2O)NC(=O)C)OC3C(C(C(OC3OP(=O)(O)OCC(C(=O)OCCC=C(C)CCC=CC(C)(C)CCC(=C)CC=C(C)CCC=C(C)C)O)C(=O)O)(C)O)OC(=O)N)COC4C(C(C(C(O4)CO)O)O)O)NC(=O)C)O)OC5C(C(C(C(O5)C(=O)NC6=C(CCC6=O)O)O)O)O,
FULAPETWGIGNMT,ok,71316758,CC1(C(=C(C(=O)O1)OCC2CC2)C3=CC=C(C=C3)S(=O)(=O)C)C,
FUXVKZWTXQUGMW,ok,6711750,CCC1(C2=C(COC1=O)C(=O)N3CC4=CC5=C(C=CC=C5N=C4C3=C2)N)O,
FVTWTVQXNAJTQP,ok,177835098,C1C[N+]2(CCC1(CC2)C(C3=CC=CC=C3)(C4=CC=CC=C4)O)CCOCC5=CC=CC=C5,
FVYUQFQCEOZYHZ,ok,76967875,CC(C)N1CCOC(C1)C2=CC(=CC=C2)C(F)(F)F,
FWCVZAQENIZVMY,ok,158159734,CC(C)N1C(=CC=N1)C2=C(C=CC=N2)COC3=CC=CC(=C3C=O)O,
FWFVLWGEFDIZMJ,ok,171371242,CCN(CC)CC(=O)OCC(=O)C1(CCC2C1(CC(C3C2CCC4=CC(=O)CCC34C)O)C)O,
FWIVDMJALNEADT,ok,146464481,CC(C)(CC(C(=O)NC1(CC1)C#N)NC(C2=CC=C(C=C2)C3=CC=C(C=C3)S(=O)(=O)C)C(F)(F)F)F,
FWJKNZONDWOGMI,ok,12312793,CCC1(C(=O)NC(=O)N(C1=O)C)CC,
FWUQWDCOOWEXRY,ok,162640474,C1=CC=C(C=C1)C(CC2=CC=CC=N2)N,
FWWDFDMCZLOXQI,ok,9375,CC(C)(C)C(=O)NNCC1=CC=CC=C1,
FWYSMLBETOMXAG,ok,172653241,COC1=C(C=C(C=C1)C(F)(F)F)N2C(C3=C(C(=CC=C3)F)N=C2N4CCN(CC4)C5=CC(=CC=C5)OC)CC(=O)O,
FWZAWAUZXYCBKZ,ok,175785038,CC(C(F)(F)F)N1C(=C(C(=N1)C2=CC=C(C=C2)CNC(=O)C3=C(C=CC(=C3)F)OC)C(=O)N)N,
FXMWUTGUCAKGQL,ok,71492452,CC(CC1=CC(=C(C=C1OC)Br)OC)N,
FXRYWOJYVGJZLE,ok,130165,CC1(CN[Se]C2=CC=CC=C21)C,
FYDWDCIFZSGNBU,ok,178875480,CN(CCN1CCC(CC1)OC(=O)NC2=CC=CC=C2C3=CC=CC=C3)C(=O)C4=CC=C(C=C4)CN5CCC(CC5)C(=O)N,
FYJJXENSONZJRG,ok,86308591,C[NH+](C)CCCOC1(CCCCCC1)CC2=CC=CC=C2,
FYMHQCNFKNMJAV,ok,171714222,C1CC1N2C=C(C(=O)C3=CC(=C(C(=C32)C#N)N4CC5C(C4)OCCN5)F)C(=O)O,
FYPMFJGVHOHGLL,ok,163322517,CC(C)(C)C1=CC(=CC(=C1O)C(C)(C)C)SC(C)(C)SC2=CC(=C(C(=C2)C(C)(C)C)O)C(C)(C)C,
FYRWUTOZBRWYCS,ok,165343073,CC(=O)OC1C(=O)NC2=C(C=C(C=C2)Cl)C(=N1)C3=CC=CC=C3,
FZCHYNWYXKICIO,ok,162852296,CCCCC(=O)OC1(CCC2C1(CC(C3C2CCC4=CC(=O)CCC34C)O)C)C(=O)CO,
FZECHKJQHUVANE,ok,139593604,CC1(C(N2C(S1)C(C2=O)NC(=O)C(C3=CC=CC=C3)N=C)C(=O)[O-])C,
FZEXGDDBXLBRTD,ok,178876583,CC(CCCC(C)(C)O)C1CCC2C1(CCCC2=CC=C3CC(C(C(C3=C)O)OCCCO)O)C,
FZGVEKPRDOIXJY,ok,169434823,CC1=CC=C(C=C1)C(=O)OC2=C(C=C(C=C2)C(CNC(C)(C)C)O)OC(=O)C3=CC=C(C=C3)C,
FZNCGRZWXLXZSZ,ok,169447729,C1C(C(C(C(C1(CO)O)O)O)O)NC(CO)CO,
FZSPJBYOKQPKCD,ok,23622192,CC(C(=O)OC(C)(C)CC1=CC=C(C=C1)Cl)N,
GAGWJHPBXLXJQN,ok,71684653,CCCCCOC(=O)NC1=NC(=O)N(C=C1F)C2C(C(C(O2)C)O)O,
GAKMQHDJQHZUTJ,ok,171036647,CC1CC2C3CC(C4=CC(=O)C=CC4(C3C(CC2(C1C(=O)CO)C)O)C)F,
GBABOYUKABKIAF,ok,178538767,CCC1=CC2CC(C3=C(CN(C2)C1)C4=CC=CC=C4N3)(C5=C(C=C6C(=C5)C78CCN9C7C(C=CC9)(C(C(C8N6C)(C(=O)OC)O)OC(=O)C)CC)OC)C(=O)OC,
GBBSUAFBMRNDJC,ok,171371550,CN1CCN(CC1)C(=O)OC2C3=NC=CN=C3C(=O)N2C4=NC=C(C=C4)Cl,
GBFLZEXEOZUWRN,ok,175728918,C(C(C(=O)O)N)SCC(=O)O,
GBLBJPZSROAGMF,ok,129088601,CC1=CC(=NN1)NC2=NC(=NC(=C2)C)C3CCC(CC3)(C(=O)NC(C)C4=CN=C(C=C4)N5C=C(C=N5)F)OC,
GBLRQXKSCRCLBZ,ok,172873545,C[N+]1(CCC2=CC(=C(C(=C2C1CC3=CC(=C(C(=C3)OC)OC)OC)OC)OC)OC)CCCOC(=O)CCC(=O)OCCC[N+]4(CCC5=CC(=C(C(=C5C4CC6=CC(=C(C(=C6)OC)OC)OC)OC)OC)OC)C,
GBXSMTUPTTWBMN,ok,171156710,CCOC(=O)C(CCC1=CC=CC=C1)NC(C)C(=O)N2CCCC2C(=O)O,
GCFBRXLSHGKWDP,ok,172990229,CCN1CCN(C(=O)C1=O)C(=O)NC(C2=CC=C(C=C2)O)C(=O)NC3C4N(C3=O)C(=C(CS4)CSC5=NN=NN5C)C(=O)O,
GCHKUUOPYMFGEY,ok,73952186,CCOC(=O)C(=CC1=NC=C(N1C)[N+](=O)[O-])C(=O)C,
GCKFUYQCUCGESZ,ok,46783723,CCC12CC(=C)C3C(C1CCC2(C#C)O)CCC4=CC(=O)CCC34,
GCKMFJBGXUYNAG,ok,178026223,CC12CCC(=O)C=C1CCC3C2CCC4(C3CCC4(C)O)C,
GDFGTRDCCWFXTG,ok,102060312,CCCN1CC(CC2C1CC3=C(C2)C(=CC=C3)O)NS(=O)(=O)N(CC)CC,
GDLBFKVLRPITMI,ok,131709086,CC1=NS(=O)(=O)C2=C(N1)C=CC(=C2)Cl,
GDLIGKIOYRNHDA,ok,146161765,CN(C)CCCN1C2=CC=CC=C2CCC3=C1C=C(C=C3)Cl,
GDSCFOSHSOWNDL,ok,71753032,CC1=NN(C2=C1C(=NCC(=O)N2C)C3=CC=CC=C3F)C,
GDYUVHBMFVMBAF,ok,12873555,CC(C(C1=CC=CC=C1)O)NCCC(=O)C2=CC(=CC=C2)OC,
GECBBEABIDMGGL,ok,90004923,CCCCCCC(C)(C)C1=CC(=C2C3CC(=O)CCC3C(OC2=C1)(C)C)O,
GECHUMIMRBOMGK,ok,146156591,C1=CC=NC(=C1)NS(=O)(=O)C2=CC=C(C=C2)N,
GEFQWZLICWMTKF,ok,100945619,CC(C(C1=CC(=C(C=C1)O)O)O)N,
GEHAEMCVKDPMKO,ok,71749766,C1CNC(=O)N(C1)C2CCN(CC2)C(=O)C(CS(=O)(=O)C3=CC4=C(C=C3)C=C(C=C4)Cl)O,
GEJDGVNQKABXKG,ok,176768400,CC(C)CC1CN2CCC3=CC(=C(C=C3C2CC1OC(=O)C(C(C)C)N)OC)OC,
GFBKORZTTCHDGY,ok,169437749,CN1CCN(CC1)CCC=C2C3=CC=CC=C3SC4=C2C=C(C=C4)S(=O)(=O)N(C)C,
GFFGJBXGBJISGV,ok,177630768,C1=NC2=C(N=CN=C2N1)N,
GFFXZLZWLOBBLO,ok,142274847,C1=CN(C(=O)N=C1N)C2C(=CF)C(C(O2)CO)O,
GFHAXPJGXSQLPT,ok,176486384,C1=CC=C(C(=C1)C(CN2N=CN=N2)OC(=O)N)Cl,
GFNANZIMVAIWHM,ok,177842809,CC12CC(C3(C(C1CC(C2(C(=O)CO)O)O)CCC4=CC(=O)C=CC43C)F)O,
GFRUPHOKLBPHTQ,ok,1594812,CC[N+](C)(CC)CCOC(=O)C(C1CCCCC1)(C2=CC=CC=C2)O,
GGCSSNBKKAUURC,ok,178626975,CCC(=O)N(C1=CC=CC=C1)C2(CCN(CC2)CCC3=CC=CS3)COC,
GGECDTUJZOXAAR,ok,19063,CC(C)NNC(=O)COC1=CC=C(C=C1)Cl,
GGQJXCQBBONZFX,failed,,,no_cid
GGXICVAJURFBLW,ok,137833616,CC(C)OC(=O)CCCC=CCC1C(CC(C1CCC(CCC2=CC=CC=C2)O)O)O,
GGXMRPUKBWXVHE,ok,176479694,CC1CC2C3CC(C4=CC(=O)C(=CC4(C3(C(CC2(C1(C(=O)CO)O)C)O)F)C)Cl)F,
GHASVSINZRGABV,ok,177586971,C1=C(C(=O)NC(=O)N1)F,
GHCZAUBVMUEKKP,ok,172943532,CC(CCC(=O)NCC(=O)O)C1CCC2C1(CCC3C2C(CC4C3(CCC(C4)O)C)O)C,
GHMLBKRAJCXXBS,ok,163580948,C1=CC(=CC(=C1)O)[OH2+],
GHOKWGTUZJEAQD,ok,177842790,CC(C)(CO)C(C(=O)NCCC(=O)[O-])O,
GHOSNRCGJFBJIB,ok,51532078,CCOC1=NC2=CC=CC(=C2N1CC3=CC=C(C=C3)C4=CC=CC=C4C5=NNN=N5)C(=O)OC(C)OC(=O)OC6CCCCC6,
GIIZNNXWQWCKIB,ok,177833735,C1=CC=C(C=C1)CCCCOCCCCCCNCC(C2=CC(=C(C=C2)O)CO)O,
GIJXKZJWITVLHI,ok,147645074,CN1C2CCC1CC(C2)OC(C3=CC=CC=C3)C4=CC=CC=C4,
GIKNHHRFLCDOEU,ok,169441539,CC(CC1=CC=C(C=C1)O)N,
GIMSJJHKKXRFGV,ok,168311644,C1=C(C(=NC(=O)N1C2C(C(C(O2)CO)O)F)N)I,
GJGDLRSSCNAKGL,failed,,,no_cid
GJJFMKBJSRMPLA,ok,163322497,CCN(CC)C(=O)C1(CC1CN)C2=CC=CC=C2,
GJJVAFUKOBZPCB,ok,162853216,CC(=CCCC(=CCCC(=CCCC1(CCC2=C(O1)C=CC(=C2)O)C)C)C)C,
GJPICJJJRGTNOD,ok,144051586,CC(C)(C)C1=CC=C(C=C1)S(=O)(=O)[NH2+]C2=C(C(=NC(=N2)C3=NC=CC=N3)OCCO)OC4=CC=CC=C4OC,
GJQPMPFPNINLKP,ok,71315998,C1=C(C=C(C(=C1S(=O)(=O)N)Cl)Cl)S(=O)(=O)N,
GJSLOMWRLALDCT,ok,37632,CN(C)CC1=NN=C2N1C3=C(C=C(C=C3)Cl)C(=NC2)C4=CC=CC=C4,
GJSURZIOUXUGAL,ok,140682029,C1CN=C(N1)[NH2+]C2=C(C=CC=C2Cl)Cl,
GJXWDTUCERCKIX,ok,25245306,C(CN(C=O)O)CP(=O)(O)[O-],
GKCBAIGFKIBETG,ok,138396025,CCCCNC1=CC=C(C=C1)C(=O)OCCN(C)C,
GKDRMWXFWHEQQT,ok,147654570,CC1(C(=O)N(C2=C(O1)C=CC(=N2)NC3=NC(=[NH+]C=C3F)NC4=CC(=C(C(=C4)OC)OC)OC)COP(=O)(O)O)C,
GKHIVNAUVKXIIY,ok,178247895,CC(C)NC(=O)COC1=CC=CC(=C1)C2=NC3=CC=CC=C3C(=N2)NC4=CC5=C(C=C4)NN=C5,
GKIRPKYJQBWNGO,ok,176418953,CCN(CC)CCOC1=CC=C(C=C1)C(=C(C2=CC=CC=C2)Cl)C3=CC=CC=C3,
GKNPSSNBBWDAGH,ok,688520,C[N+]1(CCCC(C1)OC(=O)C(C2=CC=CC=C2)(C3=CC=CC=C3)O)C,
GKQPCPXONLDCMU,ok,171391598,CCOC(=O)C1=C(NC(=C(C1C2=CC=CC=C2C=CC(=O)OC(C)(C)C)C(=O)OCC)C)C,
GKTWGGQPFAXNFI,ok,169436595,COC(=O)C(C1=CC=CC=C1Cl)N2CCC3=C(C2)C=CS3,
GKWPCEFFIHSJOE,ok,101427157,CCN(C1=CC=CC=C1)C(=O)C2=C(C3=C(C=CC=C3Cl)N(C2=O)C)O,
GLLPUTYLZIKEGF,ok,22838287,C1=CC(=CC(=C1)C(F)(F)F)C(=NOCCCCC(=O)[O-])C2=CN=CC=C2,
GLNWREBYRLDPQP,ok,15942505,C1CCC(C1)OC(=O)C(C2=CC=CC=C2)NCC3=CC=C(C=C3)NC(=O)CCCCCCC(=O)NO,
GLUUGHFHXGJENI,ok,173130276,C1CNCCN1,
GLVAUDGFNGKCSF,ok,173011555,C1=[NH+]C(=S)C2=C(N1)N=CN2,
GLYMPHUVMRFTFV,ok,154409833,CC1CN(CC(N1)C)C(=O)C2=CC=C(C=C2)NC(=O)C3=NN=C(C(=C3)OC(C)C4=C(C=CC(=C4Cl)F)Cl)N,
GMHKMTDVRCWUDX,ok,168007257,CCC1(C(=O)N(C(=O)N1)C)C2=CC=CC=C2,
GMRQFYUYWCNGIN,ok,178856247,CC(CCCC(C)(C)O)C1CCC2C1(CCCC2=CC=C3CC(CC(C3=C)O)O)C,
GMVPRGQOIOIIMI,ok,177832199,CCCCCC(C=CC1C(CC(=O)C1CCCCCCC(=O)O)O)O,
GMZVRMREEHBGGF,ok,163322536,C1CC(=O)N(C1)CC(=O)N,
GNBHRKFJIUUOQI,ok,177392838,C1=CC=C2C(=C1)C(=O)OC23C4=C(C=C(C=C4)O)OC5=C3C=CC(=C5)O,
GNIYHUSSKSFYBD,ok,171319361,CCCCCC(C)(C=CC1C(CC(C1CC=C=CCCC(=O)OC)O)O)O,
GNRXCIONJWKSEA,ok,71313689,CNCC12CCC(C3=CC=CC=C31)C4=CC=CC=C24,
GNXFOGHNGIVQEH,ok,177089643,COC1=CC=CC=C1OCC(COC(=O)N)O,
GOEMGAFJFRBGGG,ok,177747022,CCCC(=O)NC1=CC(=C(C=C1)OCC(CNC(C)C)O)C(=O)C,
GOIFCXRIFSYPFG,ok,22609888,CN1C(=NC=N1)COC2=NN3C(=NN=C3C4=C(C=CC=C4F)F)C=C2C5CCC5,
GOMNOOKGLZYEJT,ok,176090739,C1=CC=C(C=C1)C2=COC3=CC=CC=C3C2=O,
GOTYRUGSSMKFNF,ok,171391650,C1CC(=O)NC(=O)C1N2CC3=C(C2=O)C=CC=C3N,
GPFAJKDEDBRFOS,ok,172012349,CN1CCC23C4C1CC5=C2C(=C(C=C5)OCCN6CCOCC6)OC3C(C=C4)O,
GPKJTRJOBQGKQK,ok,45040311,CCN(CC)CCCC(C)NC1=C2C=C(C=CC2=NC3=C1C=CC(=C3)Cl)OC,
GPMXUUPHFNMNDH,ok,5567,C1CN(CCC1(C2=CC(=CC=C2)C(F)(F)F)O)CCCC(=O)C3=CC=C(C=C3)F,
GPRBEKHLDVQUJE,ok,171317761,CC(=O)OCC1=C(N2C(C(C2=O)NC(=O)C(=NOC)C3=CSC(=N3)N)SC1)C(=O)[O-],
GPTONYMQFTZPKC,ok,46782959,COC1=CN=C(N=C1)NS(=O)(=O)C2=CC=C(C=C2)N,
GPXBXXGIAQBQNI,ok,178856326,CCCS(=O)(=O)NC1=C(C(=C(C=C1)F)C(=O)C2=CNC3=C2C=C(C=N3)C4=CC=C(C=C4)Cl)F,
GPXLMGHLHQJAGZ,ok,177841263,CCOC1=C(C2=CC=CC=C2C=C1)C(=O)NC3C4N(C3=O)C(C(S4)(C)C)C(=O)[O-],
GQPLMRYTRLFLPF,ok,150335623,[N-]=[N+]=O,
GQYIWUVLTXOXAJ,ok,90674447,C1CCC(CC1)NC(=O)N(CCCl)N=O,
GROJOWHVXQYQGN,ok,173181972,[H+].CCCCC(CC)CCC(CC(C)C)OS(=O)(=O)[O-],
GRRNUXAQVGOGFE,ok,177927115,CNC1CC(C(C(C1O)OC2C3C(C(C(O2)CO)O)OC4(O3)C(C(C(C(O4)C(CO)N)O)O)O)O)N,
GRYLNZFGIOXLOG,ok,158347887,[N+](=O)(O)[O-],
GSDSWSVVBLHKDQ,ok,171666149,CC1COC2=C3N1C=C(C(=O)C3=CC(=C2N4CCN(CC4)C)F)C(=O)[O-],
GSEJCLTVZPLZKY,ok,175730524,C(CO)N(CCO)CCO,
GSNHKUDZZFZSJB,ok,155567104,CC1=NN=C(N1C2CC3CCC(C2)N3CCC(C4=CC=CC=C4)NC(=O)C5CCC(CC5)(F)F)C(C)C,
GSNOZLZNQMLSKJ,ok,168087864,CCN(CC)C1=CC(=NC2=NC=NN12)C,
GSOXMQLWUDQTNT,ok,101466999,COC1=C(C(=C(C=C1)C=CC2=CC(=C(C(=C2)OC)OC)OC)OP(=O)(O)O)OP(=O)(O)O,
GTFUITFQDGVJSK,ok,147703060,CC(=O)C1(CCC2C1(CCC3C2CCC4=CC(=O)CCC34)C)O,
GUARTUJKFNAVIK,ok,175666740,CCCNCC1(C(OC(CC1(C)OC)OC2C(C(C(CC(CNC(C(C(C(OC(=O)C2C)CC)(C)O)O)C)C)(C)O)OC3C(C(CC(O3)C)N(C)C)O)C)C)O,
GUGOEEXESWIERI,ok,162641997,CC(C)(C)C1=CC=C(C=C1)C(CCCN2CCC(CC2)C(C3=CC=CC=C3)(C4=CC=CC=C4)O)O,
GUHPRPJDBZHYCJ,ok,145925633,CC(C1=CC=C(S1)C(=O)C2=CC=CC=C2)C(=O)O,
GUJRSXAPGDDABA,ok,38988633,CC[NH+]1CCCC1CNC(=O)C2=C(C=CC(=C2OC)Br)OC,
GULNIHOSWFYMRN,ok,6921812,C[NH+](C)CCN(CC1=CC=C(C=C1)OC)C2=NC=CC=N2,
GUONSMXZEYTWML,ok,165124,CC(C)(COC(=O)C(C1=CC=CC=C1)(C2=CC=CC=C2)O)N(C)C,
GUWXKKAWLCENJA,ok,175667463,C1C(C(OC1N2C=NC3=C2N=C(NC3=O)N)COP(=O)(O)OC4CC(OC4CO)N5C=NC(=NC5=O)N)O,
GUYMHFIHHOEFOA,ok,178337783,COC1=C(C=C2C3CC(C(CN3CCC2=C1)N4CC(CC4=O)CF)N)OC,
GVDMJXQHPUYPHP,ok,124437090,CC12C=CC3=C4CCC(=O)C=C4CCC3C1CCC2(C#C)O,
GVEAYVLWDAFXET,ok,172873881,CC(=O)OC1CC2CCC3C(C2(CC1[N+]4(CCCCC4)C)C)CCC5(C3CC(C5OC(=O)C)[N+]6(CCCCC6)C)C,
GVGLGOZIDCSQPN,ok,172723477,CC(=O)OC1C=CC2C3CC4=C5C2(C1OC5=C(C=C4)OC(=O)C)CCN3C,
GVJHHUAWPYXKBD,ok,178256652,CC1=C(C2=C(CCC(O2)(C)CCCC(C)CCCC(C)CCCC(C)C)C(=C1O)C)C,
GVPIXRLYKVFFMK,ok,71752194,CN1CCC2=C(C1)C3=CC=CC=C3CC4=CC=CC=C24,
GVVPGTZRZFNKDS,ok,178343220,CC(=CCCC(=CCOP(=O)(O)OP(=O)(O)O)C)C,
GWBPFRGXNGPPMF,ok,71752255,CC(=O)NC1=CC=C(C=C1)S(=O)(=O)NC2=CC=C(C=C2)[N+](=O)[O-],
GWFOVSGRNGAGDL,ok,168012508,C1C(C(C1N2C=NC3=C2N=C(NC3=O)N)CO)CO,
GWWLWDURRGNSRS,ok,172653287,CC1(C2=CC=CC=C2C(=CCCN(C)C)C3=CC=CC=C31)C,
GXALXAKNHIROPE,ok,144361349,C1CC(CCC1CC(=O)[O-])C2=CC=C(C=C2)C3=NC=C(C=C3)NC4=CN=C(C=C4)C(F)(F)F,
GXDALQBWZGODGZ,ok,169433754,COC1=CC=C(C=C1)CCN2CCC(CC2)NC3=NC4=CC=CC=C4N3CC5=CC=C(C=C5)F,
GXFAIFRPOKBQRV,ok,177858637,C1C(N=C(NC1O)N)C2C(=O)NCC(C(=O)NC(C(=O)NC(C(=O)NC(=CNC(=O)N)C(=O)N2)CO)CO)NC(=O)CC(CCCN)N,
GXJABQQUPOEUTA,ok,176166886,B(C(CC(C)C)NC(=O)C(CC1=CC=CC=C1)NC(=O)C2=NC=CN=C2)(O)O,
GXPHKUHSUJUWKP,ok,163322463,CC1=C(C2=C(CCC(O2)(C)COC3=CC=C(C=C3)CC4C(=O)NC(=O)S4)C(=C1O)C)C,
GYDJEQRTZSCIOI,ok,170997268,C1CC(CCC1CN)C(=O)O,
GYHCTFXIZSNGJT,ok,172151582,CC1=CC=CC=C1C(=O)NC2=CC(=C(C=C2)C(=O)N3CCCC(C4=C3C=CC(=C4)Cl)O)C,
GYNNRVJJLAVVTQ,ok,68876,CCN(CC)CCC1=C(C2=C(C(=C(C=C2)OCC(=O)OCC)Cl)OC1=O)C,
GYQYAJJFPNQOOW,ok,177746999,CCC1=C(N=C(C(=N1)C(=O)N)NC2=CC(=C(C=C2)N3CCC(CC3)N4CCN(CC4)C)OC)NC5CCOCC5,
GZENKSODFLBBHQ,ok,177678953,CC1CC2C3CCC(C3(CC(C2C4(C1=CC(=O)CC4)C)O)C)C(=O)C,
GZHFODJQISUKAY,ok,162642039,CC[N+](C)(CC)CCOC(=O)C1C2=CC=CC=C2OC3=CC=CC=C13,
GZKLJWGUPQBVJQ,ok,71752186,C1CN(CCC1C2=CN(C3=C2C=C(C=C3)Cl)C4=CC=C(C=C4)F)CCN5CCNC5=O,
GZOSMCIZMLWJML,ok,176541408,CC12CCC(CC1=CCC3C2CCC4(C3CC=C4C5=CN=CC=C5)C)O,
GZSOSUNBTXMUFQ,ok,177826700,CC1C(C(C(C(O1)OCC2C(C(C(C(O2)OC3=CC(=C4C(=C3)OC(=CC4=O)C5=CC(=C(C=C5)OC)O)O)O)O)O)O)O)O,
GZUITABIAKMVPG,ok,90895814,C1CCN(CC1)CCOC2=CC=C(C=C2)C(=O)C3=C(SC4=C3C=CC(=C4)O)C5=CC=C(C=C5)O,
GZYPWOGIYAIIPV,ok,176520014,CC(=CCCC(C)(C1CCC2(C1C(CC3C2(CCC4C3(CCC(C4(C)C)OC5C(C(C(C(O5)CO)O)O)OC6C(C(C(C(O6)CO)O)O)O)C)C)O)C)OC7C(C(C(C(O7)COC8C(C(C(C(O8)CO)O)O)O)O)O)O)C,
HAPOVYFOVVWLRS,ok,154731470,CCC1(CC(=O)NC1=O)C,
HARRKNSQXBRBGZ,ok,169544051,CC1(CCC2C(C1)CCC3C2CCC4(C3CCC4C(=O)CN5C=C(C=N5)C#N)C)O,
HAWPXGHAZFHHAD,ok,177843087,CN(CCCl)CCCl,
HAWSQZCWOQZXHI,ok,155642983,CCC1(C2=C(COC1=[OH+])C(=O)N3CC4=C(C3=C2)N=C5C=CC(=CC5=C4)O)O,
HAYYBYPASCDWEQ,ok,170836021,CN1CCN(CC1)C2=CC(=C(C=C2)C(=O)NC3=NNC4=C3C=C(C=C4)CC5=CC(=CC(=C5)F)F)NC6CCOCC6,
HBBGRARXTFLTSG,ok,18326914,[H+].[H+].[Li+],
HBJOXQRURQPDEX,ok,129627387,CCC1CCNC(C1)C(=O)NC(C2C(C(C(C(O2)SC)O)O)O)C(C)Cl,
HBNPJJILLOYFJU,ok,87384909,CC(C)C1C2=C(CCC1(CCN(C)CCCC3=NC4=CC=CC=C4N3)OC(=O)COC)C=C(C=C2)F,
HBOMLICNUCNMMY,ok,178876080,CC1=CN(C(=O)NC1=O)C2CC(C(O2)CO)N=[N+]=[N-],
HBUBKKRHXORPQB,ok,171699513,C1=NC2=C(N=C(N=C2N1C3C(C(C(O3)CO)O)O)F)N,
HBUJYEUPIIJJOS,ok,142710600,C1CN(CC=C1C2=C(C=C(C=C2F)N3CC(OC3=O)COC4=NOC=C4)F)C(=O)C(CO)O,
HCDMJFOHIXMBOV,failed,169445419,,no_smiles
HCFDWZZGGLSKEP,failed,,,no_cid
HCFSGRMEEXUOSS,failed,,,no_cid
HCHKCACWOHOZIP,failed,,,no_cid
HCRKCZRJWPKOAR,failed,,,no_cid
HCYAFALTSJYZDH,failed,,,no_cid
HCYFGRCYSCXKNQ,failed,,,no_cid
HCZKYJDFEPMADG,failed,,,no_cid
HDACQVRGBOVJII,failed,,,no_cid
HDOVUKNUBWVHOX,failed,,,no_cid
HDOZVRUNCMBHFH,failed,,,no_cid
HDWIHXWEUNVBIY,failed,,,no_cid
HDZAQYPYABGTCL,failed,,,no_cid
HDZZVAMISRMYHH,failed,,,no_cid
HEAUOKZIVMZVQL,failed,,,no_cid
HEDRZPFGACZZDS,failed,,,no_cid
HEFNNWSXXWATRW,failed,,,no_cid
HEMJJKBWTPKOJG,failed,,,no_cid
HFHZKZSRXITVMK,failed,,,no_cid
HFNKQEVNSGCOJV,failed,,,no_cid
HFTSMHTWUFCYMJ,failed,,,no_cid
HFVNWDWLWUCIHC,failed,,,no_cid
HFXKQSZZZPGLKQ,failed,,,no_cid
HFZITXBUTWITPT,failed,,,no_cid
HGBFRHCDYZJRAO,failed,,,no_cid
HGBLNBBNRORJKI,failed,,,no_cid
HGVDHZBSSITLCT,failed,,,no_cid
HHENOUDBWKNPAB,failed,,,no_cid
HHGRMHMXKPQNGF,failed,,,no_cid
HHHKFGXWKKUNCY,failed,,,no_cid
HHJUWIANJFBDHT,failed,,,no_cid
HHRZAEJMHSGZNP,failed,,,no_cid
HHSXYDOROIURIP,failed,,,no_cid
HHXHVIJIIXKSOE,failed,,,no_cid
HHZIURLSWUIHRB,failed,,,no_cid
HIFJCPQKFCZDDL,failed,,,no_cid
HIUPRQPBWVEQJJ,failed,,,no_cid
HIUVKVDQFXDZHU,failed,,,no_cid
HJBWBFZLDZWPHF,failed,,,no_cid
HJDYAOBDPZQHOD,failed,,,no_cid
HJJDBAOLQAWBMH,failed,,,no_cid
HJJPJSXJAXAIPN,failed,,,no_cid
HJJRIJDTIPFROI,failed,,,no_cid
HJLSLZFTEKNLFI,failed,,,no_cid
HJORMJIFDVBMOB,failed,,,no_cid
HJXMNVQARNZTEE,failed,,,no_cid
HJYYPODYNSCCOU,failed,,,no_cid
HJZKOAYDRQLPME,failed,,,no_cid
HKDLNTKNLJPAIY,failed,,,no_cid
HKQYGTCOTHHOMP,failed,,,no_cid
HKVAMNSJSFKALM,failed,,,no_cid
HKXBNHCUPKIYDM,failed,,,no_cid
HLFSMUUOKPBTSM,failed,,,no_cid
HLWURFKMDLAKOD,failed,,,no_cid
HMABYWSNWIZPAG,failed,,,no_cid
HMEDEBAJARCKCT,failed,,,no_cid
HMEYVGGHISAPJR,failed,,,no_cid
HMHVCUVYZFYAJI,failed,,,no_cid
HMJIYCCIJYRONP,failed,,,no_cid
HMXDWDSNPRNUKI,failed,,,no_cid
HMZQULPVMKITSP,failed,,,no_cid
HNDXBGYRMHRUFN,failed,,,no_cid
HNDXPZPJZGTJLJ,failed,,,no_cid
HNJJXZKZRAWDPF,failed,,,no_cid
HNSDLXPSAYFUHK,failed,,,no_cid
HOCWPKXKMNXINF,failed,,,no_cid
HOIIHACBCFLJET,failed,,,no_cid
HOKDBMAJZXIPGC,failed,,,no_cid
HOKIDJSKDBPKTQ,failed,,,no_cid
HOMGKSMUEGBAAB,failed,138402758,,no_smiles
HOOSGZJRQIVJSZ,ok,177420338,C[N+]12CCC(CC1)C(C2)OC(=O)C(C3=CC=CC=C3)(C4=CC=CC=C4)O,
HPBNRIOWIXYZFK,failed,45934626,,no_smiles
HPFVBGJFAYZEBE,failed,171035954,,no_smiles
HPHUVLMMVZITSG,failed,,,no_cid
HPJKCIUCZWXJDR,failed,25235894,,no_smiles
HPMRFMKYPGXPEP,failed,,,no_cid
HPMZBILYSWLILX,failed,,,no_cid
HPNSFSBZBAHARI,ok,163622774,CC1=C2COC(=[OH+])C2=C(C(=C1OC)CC=C(C)CCC(=O)O)O,
HPWIIERXAFODPP,failed,177509377,,no_smiles
HQFWVSGBVLEQGA,failed,,,no_cid
HQIRNZOQPUAHHV,failed,,,no_cid
HQMNCQVAMBCHCO,failed,168866780,,no_smiles
HQRSUIDICNOLPX,failed,12358988,,no_smiles
HQVHOQAKMCMIIM,failed,,,no_cid
HQZOLNNEQAKEHT,ok,177594078,CCC1C(C(C(C(=O)C(CC(C(C(C(C(C(=O)O1)C)O)C)O)C)C)C)O)C,
HRHKSTOGXBBQCB,failed,,,no_cid
HRNLUBSXIHFDHP,failed,9865515,,no_smiles
HRRBJVNMSRJFHQ,failed,,,no_cid
HRRXCXABAPSOCP,failed,,,no_cid
HRWCVUIFMSZDJS,failed,133662685,,no_smiles
HRYZWHHZPQKTII,failed,160642211,,no_smiles
HSHNITRMYYLLCV,ok,175734102,CC1=CC(=O)OC2=C1C=CC(=C2)O,
HSJFYRYGGKLQBT,ok,68749,CC(=O)OC1=CC=CC=C1C(=O)OC2=CC=CC=C2OC,
HSMNQINEKMPTIC,failed,,,no_cid
HSUGRBWQSSZJOP,failed,,,no_cid
HSWPZIDYAHLZDD,failed,,,no_cid
HTIKWNNIPGXLGM,ok,146157410,CCC(=O)OC1C(CC2C1(CCC3C2CCC4C3(CC(C(C4)OC(=O)C)N5CCCCC5)C)C)[N+]6(CCCCC6)CC=C,
HTIQEAQVCYTUBX,failed,171391570,,no_smiles
HTMIBDQKFHUPSX,failed,,,no_cid
HTQMVQVXFRQIKW,ok,153725462,CCOC1=NC2=CC=CC(=C2N1CC3=CC=C(C=C3)C4=CC=CC=C4C5=NNN=N5)C(=O)O,
HTWFXPCUFWKXOP,failed,86294934,,no_smiles
HUCJFAOMUPXHDK,failed,,,no_cid
HUFOZJXAKZVRNJ,failed,57335384,,no_smiles
HUNXMJYCHXQEGX,failed,,,no_cid
HUPFGZXOMWLGNK,ok,131708824,C1=CC(=C(C=C1C2=C(C=C(C=C2)F)F)C(=O)O)O,
HUYWAWARQUIQLE,failed,,,no_cid
HVAUUPRFYPCOCA,ok,172731258,CCCCCCCCCCCCCCCCOCC(COP(=O)([O-])OCC[N+](C)(C)C)OC(=O)C,
HVFLCNVBZFFHBT,failed,,,no_cid
HVXBOLULGPECHP,failed,177698761,,no_smiles
HVXKQKFEHMGHSL,failed,135384924,,no_smiles
HVYWMOMLDIMFJA,failed,,,no_cid
HWGBHCRJGXAGEU,failed,169443936,,no_smiles
HWGQMRYQVZSGDQ,failed,,,no_cid
HWHLPVGTWGOCJO,failed,,,no_cid
HWKJSYYYURVNQU,failed,163023961,,no_smiles
HWKQNAWCHQMZHK,failed,,,no_cid
HWTUHTNZLQJJEV,failed,,,no_cid
HWXIGFIVGWUZAO,failed,,,no_cid
HWXVIOGONBBTBY,failed,172653178,,no_smiles
HXGBXQDTNZMWGS,ok,68734414,[H+].C1CN(CC1C(C2=CC=CC=C2)(C3=CC=CC=C3)C(=O)N)CCC4=CC5=C(C=C4)OCC5,
HXHWSAZORRCQMX,ok,169433018,CCCSC1=CC2=C(C=C1)N=C(N2)NC(=O)OC,
HXJKWPGVENNMCC,ok,71492450,CCC1=CC(=C(C=C1OC)CC(C)N)OC,
HXLAFSUPPDYFEO,ok,134229286,CC1=CC(=CC=C1)OCC(CNCCC2=CC(=C(C=C2)OC)OC)O,
HXRSXEDVVARPHP,ok,66753191,CN(C)CC1=CC=C(O1)CSCCNC(=C[N+](=O)[O-])NCC2=CC3=C(C=C2)OCO3,
HXWLAJVUJSVENX,ok,129627789,COC(=O)C1C2CCC(N2CCCF)CC1C3=CC=C(C=C3)I,
HXYVTAGFYLMHSO,ok,153695595,CCCCCCCCCCCCCCCC(=O)NCCO,
HYAFETHFCAUJAY,ok,169069230,CCC1=CN=C(C=C1)CCOC2=CC=C(C=C2)CC3C(=O)NC(=O)S3,
HYFHYPWGAURHIV,ok,170996872,CC(C)(CCCC(CC(=O)OC)(C(=O)OC1C2C3=CC4=C(C=C3CCN5C2(CCC5)C=C1OC)OCO4)O)O,
HYHJFNXFVPGMBI,ok,100773,CN(CC(=O)N)C(=O)N(CCCl)N=O,
HYHMLYSLQUKXKP,ok,172456559,CC(C)(CCCCCC(CCCCCC(C)(C)C(=O)O)O)C(=O)O,
HYIMSNHJOBLJNT,ok,161947127,CC1=C(C(C(=C(N1)C)C(=O)OC)C2=CC=CC=C2[N+](=O)[O-])C(=O)OC,
HYPPXZBJBPSRLK,ok,177834451,CCOC(=O)C1(CCN(CC1)CCC(C#N)(C2=CC=CC=C2)C3=CC=CC=C3)C4=CC=CC=C4,
HYWYRSMBCFDLJT,ok,177747020,CS(=O)(=O)NC1=C(C=C(C=C1)[N+](=O)[O-])OC2=CC=CC=C2,
HYYBABOKPJLUIN,ok,175757896,CC1=C(C(=CC=C1)NC2=CC=CC=C2C(=O)O)C,
HZIYEEMJNBKMJH,ok,169445913,CC1=CC=CC=C1C2=CC(=NC=C2N(C)C(=O)C(C)(C)C3=CC(=CC(=C3)C(F)(F)F)C(F)(F)F)N4CC[N+](CC4)(C)COP(=O)(O)O,
HZQDCMWJEBCWBR,ok,169444098,C1=NC(=C(N1C2C(C(C(O2)CO)O)O)O)C(=O)N,
HZVLFTCYCLXTGV,ok,11677589,CCC1=NC2=C(N1C3=CC=C(C=C3)CCNC(=O)NS(=O)(=O)C4=CC=C(C=C4)C)C=C(N=C2C)C,
HZZVJAQRINQKSD,ok,177831215,C1C2N(C1=O)C(C(=CCO)O2)C(=O)O,
IAIDUHCBNLFXEF,ok,163321869,CC(CSC(=O)C1=CC=CC=C1)C(=O)N2CC(CC2C(=O)O)SC3=CC=CC=C3,
IAKHMKGGTNLKSZ,ok,166595466,CC(=O)NC1CCC2=CC(=C(C(=C2C3=CC=C(C(=O)C=C13)OC)OC)OC)OC,
IAOZJIPTCAWIRG,ok,156588055,COC(=O)C(CC1=CC=CC=C1)NC(=O)C(CC(=O)O)N,
IAVUPMFITXYVAF,ok,171381875,CCNC1CC(S(=O)(=O)C2=C1C=C(S2)S(=O)(=O)N)C,
IAZDPXIOMUYVGZ,ok,175857290,C[SH+](=O)C,
IBALRBWGSVJPAP,ok,136234059,C1=CC(=CC=C1C(=NCCCC(=O)N)C2=C(C=CC(=C2)F)O)Cl,
IBAQFPQHRJAVAV,ok,178878898,C1C(C(C(C(N1CCO)CO)O)O)O,
IBGBGRVKPALMCQ,ok,169441652,C1=CC(=C(C=C1C=O)O)O,
IBLNKMRFIPWSOY,ok,169446553,CC(C)(C)C(C=CC1=CC2=C(C=C1)OCO2)O,
IBTISPLPBBHVSU,ok,90700992,CCC1(C2=C(COC1=O)C(=O)N3CC4=C(C5=CC=CC=C5N=C4C3=C2)C=NOCCN)O,
IBWPUTAKVGZXRB,ok,28082568,CC(CCC1=CC2=C(C=C1)OCO2)NN,
IBYCYJFUEJQSMK,ok,162641792,CCN=C1NC2=C(C=C(C=C2)Cl)C(O1)(C)C3=CC=CC=C3,
ICFJFFQQTFMIBG,ok,176523395,C1=CC=C(C=C1)CCN=C(N)NC(=N)N,
ICKFFNBDFNZJSX,ok,25295,CN(C)CCN(CC1=CC=C(C=C1)Cl)C2=CC=CC=N2,
ICLWTJIMXVISSR,ok,67425,CCN(CC)CCOC1=C(C(=CC=C1)OCCN(CC)CC)OCCN(CC)CC,
ICMGLRUYEQNHPF,ok,162641970,CN1C(=CC(=O)N(C1=O)C)NCCCN2CCN(CC2)C3=CC=CC=C3OC,
ICMWWNHDUZJFDW,ok,172873928,CC12CCC3C(C1CCC2(C)O)CCC4C3(CC(=CO)C(=O)C4)C,
ICTXHFFSOAJUMG,ok,133126710,CC12CCC3C(C1CCC2(C#C)O)CCC4=C3CCC(=O)C4,
IDBPHNDTYPBSNI,ok,76974288,CCC(=O)N(C1=CC=CC=C1)C2(CCN(CC2)CCN3C(=O)N(N=N3)CC)COC,
IDINUJSAMVOPCM,ok,10500554,C(CCCN=C(N)N)CCC(=O)NC(C(=O)NCCCCNCCCN)O,
IDPUKCWIGUEADI,ok,6194,C1=C(C(=O)NC(=O)N1)N(CCCl)CCCl,
IDUYJRXRDSPPRC,ok,178876134,C1=CC(=CC=C1C2=CN=C(C=C2)C(C(CN3C=NN=N3)(C4=C(C=C(C=C4)F)F)O)(F)F)OCC(F)(F)F,
IDYZIJYBMGIQMJ,ok,71316297,CCN1C=C(C(=O)C2=CC(=C(N=C21)N3CCNCC3)F)C(=O)O,
IECPWNUMDGFDKC,ok,178334398,CC1C2CCC3(C(C2(CCC1O)C)C(CC4C3(CC(C4=C(CCC=C(C)C)C(=O)O)OC(=O)C)C)O)C,
IEDVJHCEMCRBQM,ok,169447447,COC1=CC(=CC(=C1OC)OC)CC2=CN=C(N=C2N)N,
IEGNLZVDENYZEJ,ok,6099079,[SH-].[SH-].S=[Mo+2]=S,
IEJSCSAMMLUINT,ok,135531321,CC1=CC2=C(C=C1CN(CC#C)C3=CC(=C(C=C3)C(=O)NC(CCC4=NNN=N4)C(=O)O)F)C(=O)NC(=N2)C,
IEJXVRYNEISIKR,ok,6921705,C1C[NH+]=C(N1)NC2=C(C=C(C=C2Cl)N)Cl,
IEMDOFXTVAPVLX,ok,177398687,CC1CC=CC=CC(C(CC(C(C(C(CC(=O)O1)O)OC)OC2C(C(C(C(O2)C)OC3CC(C(C(O3)C)OC(=O)CC(C)C)(C)O)N(C)C)O)CC=O)C)O,
IENZFHBNCRQMNP,ok,169445358,C1CN(CCC1NC2=C3C=C(SC3=NC=N2)Cl)CC4=CC(=C(C=C4)F)C#N,
IENZQIKPVFGBNW,ok,169490745,COC1=C(C=C2C(=C1)C(=NC(=N2)N3CCN(CC3)C(=O)C4=CC=CO4)N)OC,
IETKPTYAGKZLKY,ok,142806525,CN1C(=[NH+]C2=CC=CC=C2C1=O)COC3=CC=C(C=C3)CC4C(=O)NC(=O)S4,
IEXUMDBQLIVNHZ,ok,169568549,CC12CC(C3=C4CCC(=O)C=C4CCC3C1CCC2(CCCO)O)C5=CC=C(C=C5)N(C)C,
IFFPICMESYHZPQ,ok,6992068,CC(CC1=CC=CC=C1)[NH2+]CCC(C2=CC=CC=C2)C3=CC=CC=C3,
IFKLAQQSCNILHL,ok,131978372,C1CCC2(C3CC4=C(C2(C1)CCN3CC5CCC5)C=C(C=C4)O)O,
IFSDAJWBUCMOAH,ok,169435554,CCC(C1=NC2=C(C(=CC=C2)F)C(=O)N1C3=CC=CC=C3)NC4=NC=NC5=C4NC=N5,
IGXZLYMCFZHNKW,ok,163285285,C1=C(NC=N1)CC(C(=O)[O-])[N-]C(=O)CCN.[Zn+2],
IHEHEFLXQFOQJO,ok,102156199,C1CCN(CC1)C2(CCN(CC2)CCC(C#N)(C3=CC=CC=C3)C4=CC=CC=C4)C(=O)N,
IHFMXHPNVAVTCJ,ok,80085,CC[N+](C)(CC)CCOC(C1=CC=CC=C1)C2=CC=CC=C2,
IHLAQQPQKRMGSS,ok,71751359,C1C(CN(C1=O)CC(=O)N)O,
IHOVFYSQUDPMCN,ok,134694744,C1CN(CCN1CC(COC2=CC=CC3=C2C=CC=N3)O)C4C5=CC=CC=C5C6C(C6(F)F)C7=CC=CC=C47,
IHUNBGSDBOWDMA,ok,155774707,CC1=CC(=C(C(=C1C=CC(=CC=CC(=CC(=O)O)C)C)C)C)OC,
IIBYAHWJQTYFKB,ok,169434425,CC(C)(C(=O)O)OC1=CC=C(C=C1)CCNC(=O)C2=CC=C(C=C2)Cl,
IIDJRNMFWXDHID,ok,154731310,C1=CC(=CN=C1)CC(O)(P(=O)(O)O)P(=O)(O)O,
IIRWWTKISYTTBL,ok,177747009,C1=CC(=CC=C1CCCCNCC(C2=CC(=C(C=C2)O)O)O)O,
IIVBFTNIGYRNQY,ok,172873981,CC1=CC2C(CCC3(C2CCC3(C(=O)C)OC(=O)C)C)C4C1=CC(=O)CC4,
IIXWYSCJSQVBQM,ok,177480617,CC1C2=C(C=CC(=C2)F)C(=O)N(CC3=NN(C(=C3C4=CC(=C(N=C4)N)O1)C#N)C)C,
IJHNSHDBIRRJRN,ok,146161556,CN(C)CCC(C1=CC=CC=C1)C2=CC=CC=N2,
IJNIQYINMSGIPS,ok,71315189,CN1CCCN(CC1)C2=CC=C(C=C2)C(=O)NC3=C(C=CC=C3O)NC(=O)C4=CC=C(C=C4)OC,
IJVCSMSMFSCRME,ok,154152002,CN1CCC23C4C1CC5=C2C(=C(C=C5)O)OC3C(CC4)O,
IJWPAFMIFNSIGD,ok,9841854,CC1(C(=O)C(=C(O1)C2=CC=C(C=C2)S(=O)(=O)N)C3=CC(=CC=C3)F)C,
IKBKZGMPCYNSLU,ok,177614392,CCCCCN=C(N)NN=CC1=CNC2=C1C=C(C=C2)OC,
IKDNYFNBRFYHNO,ok,155761571,CCC1C(C2=NC1=CC3=C(C(=C(N3)C(=C4C(C(C(=N4)C=C5C(=C(C(=C2)N5)C(=O)C)C)C)CCC(=O)O)CC(=O)OC)C(=O)NCCS(=O)(=O)O)C)C,
IKENVDNFQMCRTR,ok,44235053,CC1=NC2=C(N1)CCN(C3=CC=CC=C32)C(=O)C4=CC=C(C=C4)NC(=O)C5=CC=CC=C5C6=CC=CC=C6,
IKFBPFGUINLYQI,ok,137432518,CCNC1C2CCC(C2)C1C3=CC=CC=C3,
IKMPWMZBZSAONZ,ok,169446324,C1C(=S)N(C2=C(C=C(C=C2)Cl)C(=N1)C3=CC=CC=C3F)CC(F)(F)F,
IKWTVSLWAPBBKU,ok,71309374,O=[As]O[As]=O,
ILCTUFVQFCIIDS,ok,154145822,CC(=O)OC1CCC2C1(CCC3C2CCC4C3(CCC(=O)C4)C)C,
ILKJAFIWWBXGDU,ok,177789628,CC(=O)OCC(=O)C12C(CC3C1(CC(C4(C3CCC5=CC(=O)C=CC54C)F)O)C)OC6(O2)CCCC6,
ILVYCEVXHALBSC,ok,178874568,C[N+]1(CCC2=CC(=C(C=C2C1CC3=CC(=C(C(=C3)OC)OC)OC)OC)OC)CCCOC(=O)CCC=CCCC(=O)OCCC[N+]4(CCC5=CC(=C(C=C5C4CC6=CC(=C(C(=C6)OC)OC)OC)OC)OC)C,
ILYCWAKSDCYMBB,ok,177834407,CC1CCC(CC1=CC=C2CCCC3(C2CCC3C(C)C=CC(C)C(C)C)C)O,
IMBXEJJVJRTNOW,ok,12918999,CC1CC2C3CCC(C3(CC(C2C4(C1=CC(=O)C=C4)C)O)C)(C(=O)COC(=O)CCC(=O)O)O,
IMOZEMNVLZVGJZ,ok,178874701,CCOC1=C(C=CC(=C1)C(CS(=O)(=O)C)N2C(=O)C3=C(C2=O)C(=CC=C3)NC(=O)C)OC,
IMPVZRLKKKXMKQ,ok,45266800,CC1(C(NC(S1)C(C(=O)NCCCCC(C(=O)O)N)NC(=O)CC2=CC=CC=C2)C(=O)O)C.C(CCN)CC(C(=O)O)N,
IMSSROKUHAOUJS,ok,176519900,CC12CCC3C(C1CCC2(C#C)O)CCC4=C3C=CC(=C4)OC,
IMWZZHHPURKASS,ok,44469982,CC1=CC(=CC(=C1)OCC2CNC(=O)O2)C,
IMYHGORQCPYVBZ,ok,133688658,CCC(=O)N(C1=CC=CC=C1)C2(CCN(CC2C)CCC3=CC=CC=C3)C(=O)OC,
IMYZQPCYWPFTAG,ok,162642017,CC1(C2CCC(C2)C1(C)NC)C,
INDBQLZJXZLFIT,ok,71751768,CC(CCCN)NC1=C2C(=CC(=C1)OC)C=CC=N2,
INJOMKTZOLKMBF,ok,171391513,C1=CC(=C(C(=C1)Cl)CC(=O)N=C(N)N)Cl,
INUNXTSAACVKJS,ok,76974351,CC(CN1CCOCC1)C(C2=CC=CC=C2)(C3=CC=CC=C3)C(=O)N4CCCC4,
INVTYAOGFAGBOE,ok,168007110,C1=CC=C(C(=C1)N)NC(=O)C2=CC=C(C=C2)CNC(=O)OCC3=CN=CC=C3,
INWLQCZOYSRPNW,ok,91971845,CC1=C(C(=CC=C1)C)NC(=O)C2CCCCN2C,
IOJUJUOXKXMJNF,ok,119032,CC(=O)OC1=CC=CC=C1C(=O)OC2=CC=CC(=C2)CO[N+](=O)[O-],
IOOWNWLVCOUUEX,ok,178876924,B1(C(CCC(O1)CC(=O)O)NC(=O)CC2=CC=CS2)O,
IOVCWXUNBOPUCH,ok,174560506,[H+].N(=O)O,
IOVGROKTTNBUGK,ok,177679406,CC(C(C1=CC=C(C=C1)O)O)NCCC2=CC=C(C=C2)O,
IPEHBUMCGVEMRF,ok,175943999,C1=CN=C(C=N1)C(=O)N,
IPOBOOXFSRWSHL,ok,172676784,C1CN=C(N1)C2CC2(C3=CC=CC=C3)C4=CC=CC=C4,
IPOKCKJONYRRHP,ok,136969179,C1=CC(=CC=C1C(=O)NCCC(=O)O)N=NC2=CC(=C(C=C2)O)C(=O)O,
IPOPQVVNCFQFRK,ok,92402803,CCOC(=O)C1(CCN(CC1)CCC(C2=CC=CC=C2)O)C3=CC=CC=C3,
IPQVTOJGNYVQEO,ok,134715801,C1=CC2=C(C(=C1)OC3C(C(C(C(O3)CO)O)O)O)C(=O)C4=C(C2C5C6=C(C(=CC=C6)OC7C(C(C(C(O7)CO)O)O)O)C(=O)C8=C5C=C(C=C8O)C(=O)O)C=C(C=C4O)C(=O)O,
IPVQLZZIHOAWMC,ok,76962612,CCCC(C(=O)OCC)NC(C)C(=O)N1C2CCCCC2CC1C(=O)O,
IPWKIXLWTCNBKN,ok,175202356,CC1=[N+](C(=CN1)[N+](=O)[O-])CC(CCl)O,
IQPSEEYGBUAQFF,ok,163656433,COC1=C(C(=NC=C1)C[SH+](=O)C2=NC3=C(N2)C=C(C=C3)OC(F)F)OC,
IQUFSXIQAFPIMR,ok,76974306,CC(CC1=CC=CC=C1)NCCC#N,
IQUHNCOJRJBMSU,ok,57016826,CC(CN1CCN(CCN(CCN(CC1)CC(=O)O)CC(=O)O)CC(=O)O)O,
IQVRBWUUXZMOPW,ok,178203482,CCN1C2=C(C(=O)N(C1=O)CC)N(C(=N2)C=CC3=CC(=C(C=C3)OC)OC)C,
IQWYAQCHYZHJOS,ok,76974325,CN1C(=O)CN=C(C2=C1C=CC(=C2)Cl)C3=CCCCC3,
IRLWJILLXJGJTD,ok,118753234,CC1=C(N=C(O1)C2=CC=CC=C2)CCOC3=CC=C(C=C3)CN(CC(=O)O)C(=O)OC4=CC=C(C=C4)OC,
IRSCQMHQWWYFCW,ok,137199984,[H+].C1=NC2=C(N1COC(CO)CO)N=C(NC2=O)N,
IRVLBORJKFZWMI,ok,163657900,CCN(C)C(C)C(C1=CC=CC=C1)O,
IRYFCWPNDIUQOW,ok,71316776,COC1=CC=CC=C1N2CCN(CC2)CCCC(=O)C3=CC=C(C=C3)F,
IRYJRGCIQBGHIV,ok,5576,CC1(C(=O)N(C(=O)O1)C)C,
ISAKRJDGNUQOIC,ok,150601773,C1=CNC(=O)NC1=O,
ISEHJSHTIVKELA,ok,76955828,CC(C)NC(C)CC1=CC=C(C=C1)I,
ISFHAYSTHMVOJR,ok,76960445,CN1CCC2=C(C1)C(C3=CC=CC=C23)C4=CC=CC=C4,
ISHXLNHNDMZNMC,ok,177558719,CCC12CCC3C(C1CCC2(C#C)O)CCC4=CC(=NO)CCC34,
ISWRGOKTTBVCFA,ok,158796141,CC1=CN(C(=O)C=C1)C2=CC=CC=C2,
ISWSIDIOOBJBQZ,ok,175950703,C1=CC=C(C=C1)O,
ISZNZKHCRKXXAU,ok,9571037,CC(C)N=C(N)N=C(N)NC1=CC(=C(C=C1)Cl)Cl,
ITJNARMNRKSWTA,ok,86308547,C[NH2+]CCC(C1=CC=CC=C1)OC2=CC=CC=C2OC,
ITRJWOMZKQRYTA,ok,169436675,CC(=O)OCC(=O)C1(CCC2C1(CC(=O)C3C2CCC4=CC(=O)CCC34C)C)O,
IUBSYMUCCVWXPE,ok,140147907,CC(C)NCC(COC1=CC=C(C=C1)CCOC)O,
IUCCYQIEZNQWRS,ok,178271055,CCC(C)C1C(=NCC(=NC(C(=NC(C(=NC(C(=NCC(=NC(C(=NCC(=NC(CSSCC(C(=NC(C(=NCC(=NCC(=NC(C(=NC(C(=NC(C(=NC(C(=N1)O)CCCNC(=N)N)O)CC(=O)O)O)CCSC)O)CCCNC(=N)N)O)O)O)CC2=CC=CC=C2)O)N=C(C(CO)N=C(C(CO)N=C(C(CCCNC(=N)N)N=C(C(CCCNC(=N)N)N=C(C(CC(C)C)N=C(C(CO)N=C(C(CCCNC(=N)N)N=C(C3CCCN3C(=O)C(C)N=C(C(C(C)O)N)O)O)O)O)O)O)O)O)O)C(=NC(CC(=N)O)C(=NC(CO)C(=NC(CC4=CC=CC=C4)C(=NC(CCCNC(=N)N)C(=NC(CC5=CC=C(C=C5)O)C(=O)O)O)O)O)O)O)O)O)CC(C)C)O)O)CO)O)CCC(=N)O)O)C)O)O,
IUCJMVBFZDHPDX,ok,5799,C1CN1C2=NC(=NC(=N2)N3CC3)N4CC4,
IUEWXNHSKRWHDY,ok,178876899,CCCS(=O)(=O)NC1CC(C1)N(C)C2=NC=NC3=C2C=CN3,
IUJDSEJGGMCXSG,ok,46783062,CCCC(C)C1(C(=O)NC(=S)NC1=O)CC,
IUVCFHHAEHNCFT,ok,74223036,CC(C)OC1=C(C=C(C=C1)C2=NN(C3=NC=NC(=C23)N)C(C)C4=C(C(=O)C5=C(O4)C=CC(=C5)F)C6=CC(=CC=C6)F)F,
IUWVALYLNVXWKX,ok,162642023,CCCCOC(=O)C1=CC=C(C=C1)N,
IVBHGBMCVLDMKU,ok,137705220,CCN1CCN(C(=O)C1=O)C(=O)NC(C2=CC=CC=C2)C(=O)NC3C4N(C3=O)C(C(S4)(C)C)C(=O)O,
IVCRCPJOLWECJU,ok,170026995,CC1CC2=CC(=O)CCC2C3C1C4CCC(C4(CC3)C)OC(=O)C,
IVFYLRMMHVYGJH,ok,169435586,CC1CC2=CC(=O)CCC2(C3C1C4CCC(C4(CC3)C)(C)O)C,
IVOMOUWHDPKRLL,ok,177892951,C1C2C(C(C(O2)N3C=NC4=C(N=CN=C43)N)O)OP(=O)(O1)O,
IVQOFBKHQCTVQV,ok,5255542,CC[NH+](CC)CCOC(=O)C(C1=CC=CC=C1)(C2=CC=CC=C2)O,
IVTVGDXNLFLDRM,ok,136232986,CC1=NC2=C(C=C(C=C2)CN(C)C3=CC=C(S3)C(=O)NC(CCC(=O)O)C(=O)O)C(=O)N1,
IVVNZDGDKPTYHK,ok,6603960,CC(C(C)(C)C)N=C(NC#N)NC1=CC=NC=C1,
IVYPNXXAYMYVSP,ok,68422190,C1=CC=C2C(=C1)C(=CN2)CO,
IWBJJCOKGLUQIZ,failed,,,no_cid
IWCWQNVIUXZOMJ,ok,168313108,CC(C)C1=C(C=C2C(=C1)CCC3C2(CCCC3(C)C(=O)O)C)S(=O)(=O)[O-],
IWUCXVSUMQZMFG,ok,171391653,C1=NC(=NN1C2C(C(C(O2)CO)O)O)C(=O)N,
IWVCMVBTMGNXQD,failed,,,no_cid
IWVRVEIKCBFZNF,ok,131709133,CC1=CC2=C(C=C1)N3CCNC4C3=C2CCC4,
IWXNYAIICFKCTM,ok,142273641,CC(C)C1=C(C=C(C=C1)C(=O)NC(=[NH2+])N)S(=O)(=O)C,
IXHBTMCLRNMKHZ,ok,24848269,CC(C)(C)[NH2+]CC(COC1=CC=CC2=C1CCCC2=O)O,
IXOXBSCIXZEQEQ,ok,175467989,COC1=NC(=NC2=C1N=CN2C3C(C(C(O3)CO)O)O)N,
IXTMWRCNAAVVAI,ok,169490876,CN(CCC1=CC=C(C=C1)NS(=O)(=O)C)CCOC2=CC=C(C=C2)NS(=O)(=O)C,
IXXFZUPTQVDPPK,ok,173842509,CCC1C2(C(C(C(=O)C(CC(C(C(C(=O)C(C(=O)O1)(C)F)C)OC3C(C(CC(O3)C)N(C)C)O)(C)OC)C)C)N(C(=O)O2)CCCCN4C=C(N=N4)C5=CC(=CC=C5)N)C,
IYDYFVUFSPQPPV,ok,173742684,CC1(COC(C(C1NC)O)OC2C(CC(C(C2O)OC3C(CC=C(O3)CNCCO)N)N)NC(=O)C(CCN)O)O,
IYFNEFQTYQPVOC,ok,136234084,CCCC1=NN(C2=C1N=C(NC2=O)C3=C(C=CC(=C3)S(=O)(=O)NCCC4CCCN4C)OCCC)C,
IYIKLHRQXLHMJQ,ok,171391565,CCCCC1=C(C2=CC=CC=C2O1)C(=O)C3=CC(=C(C(=C3)I)OCCN(CC)CC)I,
IYIYMCASGKQOCZ,ok,92403499,CCNC(=O)C=C(C)C=CC=C(C)C=CC1=C(C(=C(C=C1C)OC)C)C,
IYJMSDVSVHDVGT,ok,162902427,CC1C(C(CC(O1)OC2C(OC(CC2O)OC3C(OC(CC3O)OC4CCC5(C(C4)CCC6C5CC(C7(C6(CCC7C8=CC(=O)OC8)O)C)O)C)C)C)O)OC,
IYMMESGOJVNCKV,ok,171395977,C1CC[NH2+]C(C1)C(C2=CC(=C(C=C2)O)O)O,
IYVFNTXFRYQLRP,ok,178356371,CC1C(C(C(C(O1)OCC2C(C(C(C(O2)OC3=C(OC4=CC(=CC(=C4C3=O)O)OCCO)C5=CC(=C(C=C5)OCCO)OCCO)O)O)O)O)O)O,
IZBNNCFOBMGTQX,ok,162650322,CCC1=NN(C(=O)N1CC)CCCN2CCN(CC2)C3=CC(=CC=C3)Cl,
IZEKFCXSFNUWAM,ok,162641926,C1CCN(CC1)C2=NC(=NC3=C2N=C(N=C3N4CCCCC4)N(CCO)CCO)N(CCO)CCO,
IZJDOKYDEWTZSO,ok,101621138,C1=CC=C(C=C1)CCN=C=S,
IZLPZXSZLLELBJ,ok,76959959,CCCCSC1=CC=C(C=C1)C(C2=CC=CC=C2)SCCN(C)C,
IZOYMGQQVNAMHS,ok,64939,COC1=NSN=C1NS(=O)(=O)C2=CC=C(C=C2)N,
JAONZGLTYYUPCT,ok,102117152,C1=C(C=C(C(=C1[O-])[O-])[O-])C(=O)O.O.[Bi+3],
JAPHQRWPEGVNBT,ok,124301345,C1CC(=C(N2C1C(C2=O)NC(=O)C(C3=CC=CC=C3)N)C(=O)O)Cl,
JAQUASYNZVUNQP,ok,169437873,CN1CCC23CCCCC2C1CC4=C3C=C(C=C4)O,
JAUOIFJMECXRGI,ok,171391607,C1CC2=C(C=CC(=C2)Cl)C(=C3CCNCC3)C4=C1C=CC=N4,
JAYAGJDXJIDEKI,ok,175674825,CC1C(C(CC(O1)OC2CCC3(C(C2)CCC4C3CC(C5(C4(CCC5C6=CC(=O)OC6)O)C)O)C)O)OC7CC(C(C(O7)C)OC8CC(C(C(O8)C)OC9C(C(C(C(O9)CO)O)O)O)OC(=O)C)O,
JAZBEHYOTPTENJ,ok,177696454,CCC=CCC=CCC=CCC=CCC=CCCCC(=O)O,
JBDGDEWWOUBZPM,ok,176836278,C1CC(CCC1NCC2=C(C(=CC(=C2)Br)Br)N)O,
JBIWCJUYHHGXTC,failed,,,no_cid
JBKPUQTUERUYQE,ok,135581005,C[N+]1=CC=CC=C1C=NO,
JBMKAUGHUNFTOL,ok,2720,C1=C2C(=CC(=C1Cl)S(=O)(=O)N)S(=O)(=O)N=CN2,
JCBQCKFFSPGEDY,ok,101609120,C1CN2CCC1C(C2)N3C4=CC=CC=C4CCC5=CC=CC=C53,
JCCNYMKQOSZNPW,ok,178325964,CCOC(=O)N1CCC(=C2C3=C(CCC4=C2N=CC=C4)C=C(C=C3)Cl)CC1,
JCKYGMPEJWAADB,ok,169069261,C1=CC(=CC=C1CCCC(=O)[OH2+])N(CCCl)CCCl,
JCLHQFUTFHUXNN,ok,71316543,CCOC(=O)C(C1=C(C2=CC=CC=C2OC1=O)O)C3=C(C4=CC=CC=C4OC3=O)O,
JCQLYHFGKNRPGE,ok,163671167,C(C1C(C(C(C(O1)OC2C(OC(C2O)(CO)O)CO)O)O)O)O,
JCRIVQIOJSSCQD,ok,131699066,CC(CC1CCCCC1)NC,
JCYNMRJCUYVDBC,ok,90325030,CC1=CC(=CC(=C1N)C)OC2=CC3=C(C=C2)N=C(N3C)COC4=CC=C(C=C4)CC5C(=O)NC(=O)S5,
JDLKFOPOAOFWQN,ok,176053805,C=CCS[S+](CC=C)[O-],
JDOZJEUDSLGTLU,ok,172873918,CC12CC(C3C(C1CCC2(C(=O)COP(=O)(O)O)O)CCC4=CC(=O)C=CC34C)O,
JDUBGYFRJFOXQC,ok,171381106,C1CN(CCC1(C(=O)NC(CCO)C2=CC=C(C=C2)Cl)N)C3=NC=NC4=C3C=CN4,
JDVVGAQPNNXQDW,ok,143972808,C1CN2CC(C(C(C2C1O)O)O)O,
JDXCOXKBIGBZSK,ok,177513419,CCCCCCCCCCCCCCCC(=O)NC(CCC(=O)NCCOCCOCCOCCOCCOCCOCCOCCOCCOCCOCCOCCOCCOCCOCCOCCOCCOCCOCCOCCOCCOCCOCCOCCOCCC(=O)NCCCCC(C(=O)O)NC(=O)C(C1CCCCC1)NC(=O)C2CCCN2C(=O)C(CC3=CC=C(C=C3)O)NC(=O)C(CCC(=O)O)NC(=O)C(CC4=CNC5=C4C=CC=N5)NC(=O)C(CC6=CC=C(C=C6)O)NC(=O)C(C(C)(C)C)NC(=O)C(CC(=O)O)N(C)C(=O)C7CC(=O)NCCCCC(C(=O)NC(C(=O)NC(C(=O)NC(C(=O)NC(C(=O)N7)CC8=CC=CC=C8)CCCNC(=N)N)CCC(=O)O)C(C)C)NC(=O)C)C(=O)O,
JEECQCWWSTZDCK,failed,,,no_cid
JEIPFZHSYJVQDO,ok,71308967,O=[Fe]O[Fe]=O,
JEJBJBKVPOWOQK,ok,76959396,CC[N+](C)(C)C(C)CC(C1=CC=CC=C1)C2=CC=CC=C2,
JETQIUPBHQNHNZ,ok,137704592,CC1(C(N2C(S1)C(C2=O)NC(=O)C(C3=CC=CC=C3)S(=O)(=O)O)C(=O)O)C,
JEYCTXHKTXCGPB,ok,169443228,CC1=CC=CC=C1N2C(=NC3=CC=CC=C3C2=O)C,
JFCQEDHGNNZCLN,ok,153695628,C(CC(=O)O)CC(=O)O,
JFHROPTYMMSOLG,ok,169438732,CC1=CC(=CC2=C(C(=CN=C12)C(=O)N)NC3=CC(=CC=C3)OC)S(=O)(=O)C4=CC=CC(=C4)C(=O)N(C)C,
JFJZZMVDLULRGK,ok,171337502,C[NH+]1CCC2=CC(=C3C=C2C1CC4=CC=C(C=C4)OC5=C6C(CC7=CC(=C(C=C7)O)O3)[N+](CCC6=CC(=C5O)OC)(C)C)OC,
JFNWFXVFBDDWCX,ok,6662,CC1=C(ON=C1C)N(C(=O)C)S(=O)(=O)C2=CC=C(C=C2)N,
JFPVXVDWJQMJEE,ok,171336460,CON=C(C1=CC=CO1)C(=O)NC2C3N(C2=O)C(=C(CS3)COC(=O)N)C(=O)[O-],
JFVZFKDSXNQEJW,ok,169446779,CC(C)OC(=O)OCOP(=O)(COC(C)CN1C=NC2=C(N=CN=C21)N)OCOC(=O)OC(C)C,
JFXBEKISTKFVAB,ok,46872352,C[N+]1(CCC2=CC(=C3C=C2C1CC4=CC=C(C=C4)OC5=C6C(CC7=CC(=C(C=C7)OC)O3)[N+](CCC6=CC(=C5OC)OC)(C)C)OC)C,
JGCMEBMXRHSZKX,ok,76974624,CCCNS(=O)(=O)NC1=C(C(=NC=N1)OCCOC2=NC=C(C=N2)Br)C3=CC=C(C=C3)Br,
JGMOKGBVKVMRFX,ok,172873919,CC(=O)C1CCC2C1(CCC3C2C=CC4=CC(=O)CCC34C)C,
JGPMMRGNQUBGND,ok,72944773,CC1=C(C(=O)C(=C(C1=O)OC)OC)CCCCCCCCCCO,
JGRXMPYUTJLTKT,ok,176418955,C1=CC(=CC(=C1)Cl)C2=CC(=C(N=C2)C(=O)NCC(=O)O)O,
JGSARLDLIJGVTE,ok,169434340,CC1(C(N2C(S1)C(C2=O)NC(=O)CC3=CC=CC=C3)C(=O)O)C,
JGWRKYUXBBNENE,ok,25151352,C1=CC(=NC=C1CC2=CNC3=C2C=C(C=N3)Cl)NCC4=CN=C(C=C4)C(F)(F)F,
JHDKZFFAIZKUCU,ok,124518209,CCCCC1=NC2=C(N1CCN(CC)CC)C=CC(=C2)C=CC(=O)NO,
JHFNIHVVXRKLEF,ok,124645171,CC(C)(C(=O)O)ON=C(C1=NSC(=N1)N)C(=O)NC2C3N(C2=O)C(=C(CS3)C[N+]4=CC(=C(N4C)N)NC(=O)NCCN)C(=O)O,
JICJBGPOMZQUBB,ok,176103959,CN1C2=CC=CC=C2C(C3=C(S1(=O)=O)C=C(C=C3)Cl)NCCCCCCC(=O)O,
JIEKMACRVQTPRC,ok,59384962,C1=CC=C(C=C1)C2=NC(=C(S2)CC(=O)[O-])C3=CC=C(C=C3)Cl,
JIRBAUWICKGBFE,ok,168312434,CC1(C(N2C(S1)C(C2=O)NC(=O)C(C3=CC=CC=C3)C(=O)OC4=CC5=C(CCC5)C=C4)C(=O)O)C,
JISACBWYRJHSMG,ok,5859,CN(C)S(=O)(=O)C1=CC=C(C=C1)OP(=S)(OC)OC,
JIVPVXMEBJLZRO,ok,91971909,C1=CC=C2C(=C1)C(=O)NC2(C3=CC(=C(C=C3)Cl)S(=O)(=O)N)O,
JIVZKJJQOZQXQB,ok,88690060,C1CN=C(N1)CC2=CC=CC=C2,
JJCFRYNCJDLXIK,ok,91971788,CN1CCC(=C2C3=CC=CC=C3C=CC4=CC=CC=C42)CC1,
JJCQSGDBDPYCEO,ok,173871470,C1CC(C(OC1CN)OC2C(CC(C(C2O)OC3C(C(C(C(O3)CO)O)N)O)N)N)N,
JJKOQZHWYLMASZ,ok,174219057,CC12CCC(CC1=CC(C3C2CCC4(C3CCC4(C#C)O)C)O)O,
JJVAPHYEOZSKJZ,ok,170938683,CC1=CC(=CC2=C1NN=C2)CC(C(=O)N3CCN(CC3)C4CCN(CC4)C)NC(=O)N5CCC(CC5)C6=CC7=CC=CC=C7NC6=O,
JKKFKPJIXZFSSB,ok,139025466,CC12CCC3C(C1CCC2=O)CCC4=C3C=CC(=C4)OS(=O)(=O)O,
JKOQGQFVAUAYPM,ok,169432914,C(CN)CNCCSP(=O)(O)O,
JKVNJTYHRABHIY,ok,178245644,CN1CCC23C=CC(CC2OC4=C(C=CC(=C34)C1)OC)OC(=O)C5=CC=CC=C5,
JKWKMORAXJQQSR,ok,168312526,CCCCCCCCCC(=O)OC1CCC2C1(CCC3C2CCC4=CC(=O)CCC34)C,
JKXQBIZCQJLVOS,ok,76963269,CC1(C(N2C(S1)C(C2=O)NC(=O)C(C3=CC(=C(C=C3)Cl)Cl)OC)C(=O)O)C,
JLICHNCFTLFZJN,ok,171394837,CCC1(CCCCN(C1)C)C2=CC(=CC=C2)O,
JLKIGFTWXXRPMT,ok,138396193,CC1=CC(=NO1)NS(=O)(=O)C2=CC=C(C=C2)N,
JLPDBLFIVFSOCC,ok,177839574,CC1C(C(CC(O1)OC2CCC3(C(C2)CCC4C3CCC5(C4(CC(C5C6=CC(=O)OC6)OC(=O)C)O)C)C)OC)O,
JLRGJRBPOGGCBT,ok,162641931,CCCCNC(=O)NS(=O)(=O)C1=CC=C(C=C1)C,
JLRNKCZRCMIVKA,ok,5217,CC(C)(C(=O)OCCCOC(=O)C(C)(C)OC1=CC=C(C=C1)Cl)OC2=CC=C(C=C2)Cl,
JLVVSXFLKOJNIY,ok,156022694,[Mg+2],
JLYAXFNOILIKPP,ok,133688852,CC1(CCC(=C(C1)CN2CCN(CC2)C3=CC=C(C=C3)C(=O)NS(=O)(=O)C4=CC(=C(C=C4)NC(CCN5CCOCC5)CSC6=CC=CC=C6)S(=O)(=O)C(F)(F)F)C7=CC=C(C=C7)Cl)C,
JMBQKKAJIKAWKF,ok,76974293,CCC1(CCC(=O)NC1=O)C2=CC=CC=C2,
JMDULECOHIXMNX,ok,162985468,CC1=C2C(=O)NC(C3=NC(=C(S3)COC)C(=O)NCC(=O)NC(C4=NC(=CS4)C5=NC(=CS5)C6=C(C=CC(=N6)C7=NC(=CS7)C8=NC(CO8)C(=O)N9CCCC9C(=O)N)C3=NC(=CS3)C(=O)NC(C(=N2)S1)CC(=O)NC)C(C1=CC=CC=C1)O)C(C)C,
JNIIDKODPGHQSS,ok,138394320,C1CNC(=NC1C2C(=O)NCC(C(=O)NC(C(=O)NC(C(=O)NC(=CNC(=O)N)C(=O)N2)CNC(=O)CC(CCCN)N)CO)N)N,
JNTOCHDNEULJHD,ok,136205841,C1=NC2=C(N1CCC(CO)CO)N=C(NC2=O)N,
JNYSEDHQJCOWQU,ok,169446544,CC(C(=O)NCC(=O)O)SC(=O)C1=CC=CS1,
JOAHPSVPXZTVEP,ok,169438471,CCN(CC)C(=O)NC1CC2C(CC3=CNC4=CC=CC2=C34)N(C1)C,
JOATXPAWOHTVSZ,ok,177747026,CCN(CC)C(=O)NC1=CC(=C(C=C1)OCC(CNC(C)(C)C)O)C(=O)C,
JOFWLTCLBGQGBO,ok,172872004,CC1=NN=C2N1C3=C(C=C(C=C3)Cl)C(=NC2)C4=CC=CC=C4Cl,
JOGKUKXHTYWRGZ,ok,25235829,CC(C)(C#N)C1=CC=C(C=C1)N2C3=C4C=C(C=CC4=NC=C3N(C2=O)C)C5=CC6=CC=CC=C6N=C5,
JOHZPMXAZQZXHR,ok,169445703,CCN1C=C(C(=O)C2=CN=C(N=C21)N3CCNCC3)C(=O)O,
JOLJIIDDOBNFHW,ok,175221987,CCCCCCOC1=NSN=C1C2=CCCN(C2)C,
JOMHSQGEWSNUKU,ok,62867,CN(C)S(=O)(=O)C1=CC2=C(C=C1)SC3=CC=CC=C3N2CCCN4CCC(CC4)CCO,
JOOXCMJARBKPKM,ok,176052982,CC(=O)CCC(=O)O,
JOOXLOJCABQBSG,ok,153456324,CC1=CN=C(N=C1NC2=CC(=CC=C2)S(=O)(=O)NC(C)(C)C)NC3=CC=C(C=C3)OCCN4CCCC4,
JOQKFRLFXDPXHX,ok,169447088,CN1C2CCC1CC(=C3C4=CC=CC=C4CSC5=CC=CC=C53)C2,
JOWXJLIFIIOYMS,ok,169436742,CN(CC1=CC2=C(S1)C(=NC(=N2)C3=CN=C(C=C3)OC)N4CCOCC4)C5=NC=C(C=N5)C(=O)NO,
JOYRKODLDBILNP,ok,177756729,CCOC(=O)N,
JPGQOUSTVILISH,ok,12713314,C(C(OC(F)F)(F)F)(F)Cl,
JPYQFYIEOUVJDU,ok,10391,C1=CC=C(C=C1)CNC(=O)CCCl,
JQSAYKKFZOSZGJ,ok,171381550,COC1=C(C(=C(C=C1)CN2CCN(CC2)C(C3=CC=C(C=C3)F)C4=CC=C(C=C4)F)OC)OC,
JQSHBVHOMNKWFT,ok,177839305,C1C2CNCC1C3=CC4=NC=CN=C4C=C23,
JQXXHWHPUNPDRT,ok,177842899,CC1C=CC=C(C(=O)NC2=C(C(=C3C(=C2O)C(=C(C4=C3C(=O)C(O4)(OC=CC(C(C(C(C(C(C1O)C)O)C)OC(=O)C)C)OC)C)C)O)O)C=NN5CCN(CC5)C)C,
JRIZOGLBRPZBLQ,ok,172990115,CC12CCC3C(C1CCC2=O)CCC4=CC(=O)CCC34,
JRNSSSJKIGAFCT,ok,175295584,CC12CCC3C(C1CCC2(C)O)CCC4C3(C=CC(=O)C4)C,
JRURYQJSLYLRLN,ok,173514215,CC[NH+](CC)C(=O)C(=CC1=CC(=C(C(=C1)O)O)[N+](=O)[O-])C#N,
JRWZLRBJNMZMFE,ok,177747038,CC(CCC1=CC=C(C=C1)O)NCCC2=CC(=C(C=C2)O)O,
JRYZEMHNDUZNMI,ok,5288660,CC1=C(NC(SC1)C(C(=O)O)NC(=O)CC2=CC=CS2)C(=O)O,
JSDRRTOADPPCHY,ok,163285157,CCOC(=O)C(CCC1=CC=CC=C1)NC(C)C(=O)N2CC3=CC=CC=C3CC2C(=O)O,
JSDXOWVAHXDYCU,ok,171320994,CN1C(=NN=N1)SCC2=C(N3C(C(C3=O)(NC(=O)CSCC(C(=O)O)N)OC)SC2)C(=O)[O-],
JSWZEAMFRNKZNL,ok,136123300,CC1=C(NC=N1)CN2CCC3=C(C2=O)C4=CC=CC=C4N3C,
JSZILQVIPPROJI,ok,76963262,CCN(CC)C(=O)C1CN2CCC3=CC(=C(C=C3C2CC1OC(=O)C)OC)OC,
JTEGQNOMFQHVDC,ok,171034840,C1C(OC(S1)CO)N2C=CC(=NC2=O)N,
JTIGKVIOEQASGT,ok,31508,CC1=CC2=C(C=C1)C(=NC(=O)N2C(C)C)C3=CC=CC=C3,
JTJMJGYZQZDUJJ,ok,57199335,C1CCC(CC1)(C2=CC=CC=C2)N3CCCCC3,
JTPUMZTWMWIVPA,ok,16739805,CC(C)[N+](C)(CCC(C1=CC=CC=C1)(C2=CC=CC=C2)C(=N)[O-])C(C)C,
JTSDBFGMPLKDCD,ok,177630938,CCC1C(C=C(C=CC(=O)C(CC(C(C(C(CC(=O)O1)O)C)OC2C(C(C(C(O2)C)O)N(C)C)O)CCN3CC(CC(C3)C)C)C)C)COC4C(C(C(C(O4)C)O)OC)OC,
JTTAUPUMOLRVRA,ok,14670,CN(C)CCCN1C2=CC=CC=C2SC3=C1N=CC=C3,
JTVPZMFULRWINT,ok,172653173,CCN(CC)CCNC(=O)C1=C(C=CC(=C1)S(=O)(=O)C)OC,
JTWOMNBEOCYFNV,ok,137704600,CC1(C(N2C(S1)C(C2=O)NC(=O)C(C3=CC=CC=C3)NC(=O)N4CCNC4=O)C(=O)O)C,
JTZZSQYMACOLNN,ok,178870965,CC1=C(C=CC2=C1N=C(C=C2OC3CC4C(C3)C(=O)N(CCCCC=CC5CC5(NC4=O)C(=O)NS(=O)(=O)C6CC6)C)C7=NC(=CS7)C(C)C)OC,
JUKPWJGBANNWMW,ok,178878572,CC12CCC(=O)C=C1CC(C3C24C(O4)CC5(C3CCC56CCC(=O)O6)C)C(=O)OC,
JUQLTPCYUFPYKE,ok,5074,CC1=C(C(=O)N2C=CSC2=N1)CCN3CCC(=C(C4=CC=C(C=C4)F)C5=CC=C(C=C5)F)CC3,
JURKNVYFZMSNLP,ok,172638576,CN(C)CCC=C1C2=CC=CC=C2C=CC3=CC=CC=C31,
JUUBCHWRXWPFFH,ok,163693259,C1=CC(=C(C=C1CCO)O)[OH2+],
JUUFBMODXQKSTD,ok,169440671,CCOC(=O)NC1=C(N=C(C=C1)NCC2=CC=C(C=C2)F)N,
JUZNIMUFDBIJCM,ok,177272873,CC1C2C(C(=O)N2C(=C1SC3CC(NC3)C(=O)NC4=CC=CC(=C4)C(=O)O)C(=O)O)C(C)O,
JUZYLCPPVHEVSV,ok,176484986,CC(C)C(CO)N1C=C(C(=O)C2=C1C=C(C(=C2)CC3=C(C(=CC=C3)Cl)F)OC)C(=O)O,
JVHXJTBJCFBINQ,ok,177836250,CCOC1=CC=C(C=C1)CC2=C(C=CC(=C2)C3C(C(C(C(O3)CO)O)O)O)Cl,
JVLBPIPGETUEET,ok,176480327,C[N+]1(CCC23C4C(=O)CCC2(C1CC5=C3C(=C(C=C5)O)O4)O)CC6CC6,
JVTAAEKCZFNVCJ,ok,177802130,CC(C(=O)O)O,
JWAHBTQSSMYISL,ok,124935891,CC(=O)C1(CCC2C1(CCC3=C4CCC(=O)C=C4CCC23)C)C,
JWBOIMRXGHLCPP,ok,153701260,C1=CC=C(C(=C1)C(C2=CC=C(C=C2)Cl)C(Cl)Cl)Cl,
JWCSIUVGFCSJCK,ok,133634260,CN1C(=NN=N1)SCC2=C(N3C(C(C3=O)(NC(=O)C(C4=CC=C(C=C4)O)C(=O)O)OC)OC2)C(=O)O,
JWDYCNIAQWPBHD,ok,172677163,CC1=CC=CC=C1OCC(CO)O,
JWHAUXFOSRPERK,ok,177746996,CCCNCC(COC1=CC=CC=C1C(=O)CCC2=CC=CC=C2)O,
JWHYSEDOYMYMNM,ok,11476297,CCOC(COC1=CC=C(C=C1)C(F)(F)F)CSC2=CC(=C(C=C2)OCC(=O)O)C,
JWJOTENAMICLJG,ok,171391585,CC12CCC3C(C1CCC2C(=O)NC4=C(C=CC(=C4)C(F)(F)F)C(F)(F)F)CCC5C3(C=CC(=O)N5)C,
JWNPDZNEKVCWMY,ok,143402137,CCOC1=C(C=C2C(=C1)N=CC(=C2NC3=CC(=C(C=C3)OCC4=CC=CC=N4)Cl)C#N)NC(=O)C=CC[NH+](C)C,
JWPGJSVJDAJRLW,ok,118753350,C1CN(CC2=CC=CC=C21)C(=N)N,
JWUBBDSIWDLEOM,ok,177784326,CC(CCCC(C)(C)O)C1CCC2C1(CCCC2=CC=C3CC(CCC3=C)O)C,
JWZZKOKVBUJMES,ok,177529898,CC(C)NCC(C1=CC(=C(C=C1)O)O)O,
JXEHXYFSIOYTAH,ok,134964952,CCCC(C)CC(CC(=O)O)[NH3+],
JXLYSJRDGCGARV,ok,169827699,CCC1(CC2CC(C3=C(CCN(C2)C1)C4=CC=CC=C4N3)(C5=C(C=C6C(=C5)C78CCN9C7C(C=CC9)(C(C(C8N6C)(C(=O)OC)O)OC(=O)C)CC)OC)C(=O)OC)O,
JXSJBGJIGXNWCI,ok,178186203,CCOC(=O)CC(C(=O)OCC)SP(=S)(OC)OC,
JXTAALBWJQJLGN,ok,67421423,CC(C)C(OC(=O)C(C)C)OC(=O)NCC(CC(=O)O)C1=CC=C(C=C1)Cl,
JXZZEXZZKAWDSP,ok,102060082,C1CN(CCC1NC(=O)C2=CC=CC=C2)CCC3=C[NH2+]C4=CC=CC=C43,
JYGLAHSAISAEAL,ok,168476631,C1=CC=C(C=C1)C(C2=CC=CC=C2)C(=O)C3C(=O)C4=CC=CC=C4C3=O,
JYGXADMDTFJGBT,ok,177352601,CC12CCC(=O)C=C1CCC3C2C(CC4(C3CCC4(C(=O)C[OH2+])O)C)O,
JYIKNQVWKBUSNH,ok,175674300,CCC(C)CC(C)CCCCCCCCC(=O)NC1CC(C(NC(=O)C2C(CCN2C(=O)C(NC(=O)C(NC(=O)C3CC(CN3C(=O)C(NC1=O)C(C)O)O)C(C(C4=CC=C(C=C4)O)O)O)C(CCN)O)O)NCCN)O,
JYILPERKVHXLNF,ok,172012329,CC12CCC3C(C1CCC2(C#C)O)CCC4=CC(CCC34)O,
JYSJVJJVLNYRKL,ok,178271023,CC(C)CC1C(=NC(C(=NC(C(=NC(CCCCCC(=O)OCC(C(=NC(C(=N1)O)CC(=N)O)O)N)C(=NC(C(C)C)C(=NC(CC(C)C)C(=NCC(=NC(CCCCN)C(=NC(CC(C)C)C(=NC(CO)C(=NC(CCC(=N)O)C(=NC(CCC(=O)O)C(=NC(CC(C)C)C(=NC(CC2=CN=CN2)C(=NC(CCCCN)C(=NC(CC(C)C)C(=NC(CCC(=N)O)C(=NC(C(C)O)C(=NC(CC3=CC=C(C=C3)O)C(=O)N4CCCC4C(=NC(CCCNC(=N)N)C(=NC(C(C)O)C(=NC(CC(=O)O)C(=NC(C(C)C)C(=NCC(=NC(C)C(=NCC(=NC(C(C)O)C(=O)N5CCCC5C(=N)O)O)O)O)O)O)O)O)O)O)O)O)O)O)O)O)O)O)O)O)O)O)O)O)O)C(C)O)O)CO)O,
JYTNQNCOQXFQPK,ok,178325965,CC1CCN(CCN1C(=O)C2=C(C=CC(=C2)C)N3N=CC=N3)C4=NC5=C(O4)C=CC(=C5)Cl,
JZCPYUJPEARBJL,ok,169446177,CC1=C(N(N=C1C(=O)NN2CCCCC2)C3=C(C=C(C=C3)Cl)Cl)C4=CC=C(C=C4)Cl,
JZFPYUNJRRFVQU,ok,178856381,C1=CC(=CC(=C1)NC2=C(C=CC=N2)C(=O)O)C(F)(F)F,
JZQKKSLKJUAGIC,ok,138402705,CC(C)NCC(COC1=CC=CC2=C1C=CN2)O,
JZRWCGZRTZMZEH,ok,177451631,CC1=C(SC=[N+]1CC2=CN=C(N=C2N)C)CCO,
JZUFKLXOESDKRF,ok,171922024,C1NC2=CC(=C(C=C2S(=O)(=O)N1)S(=O)(=O)[NH3+])Cl,
KAAZGXDPUNNEFN,ok,16351,CN1CCN(CC1)C2=NC3=CC=CC=C3SC4=C2C=C(C=C4)Cl,
KANJSNBRCNMZMV,ok,177447616,COC1C(C(C(C(O1)COS(=O)(=O)O)OC2C(C(C(C(O2)C(=O)O)OC3C(C(C(C(O3)COS(=O)(=O)O)OC4C(C(C(C(O4)C(=O)O)OC5C(C(C(C(O5)COS(=O)(=O)O)O)O)NS(=O)(=O)O)O)O)OS(=O)(=O)O)NS(=O)(=O)O)O)OS(=O)(=O)O)O)NS(=O)(=O)O,
KAQKFAOMNZTLHT,ok,173583769,CCCCCC(C=CC1C(CC2C1CC(=CCCCC(=O)O)O2)O)O,
KASDHRXLYQOAKZ,ok,178247786,CCC1C=C(CC(CC(C2C(CC(C(O2)(C(=O)C(=O)N3CCCCC3C(=O)OC(C(C(CC1=O)O)C)C(=CC4CCC(C(C4)OC)Cl)C)O)C)OC)OC)C)C,
KAVGMUDTWQVPDF,ok,9638,C(C(C(F)(F)F)(F)F)(C(F)(F)F)(F)F,
KBAFPSLPKGSANY,ok,76973954,CCN(CC)CCOC(=O)C(CC1CCCO1)CC2=CC=CC3=CC=CC=C32,
KBOPZPXVLCULAV,ok,166603946,C1=CC(=C(C=C1N)C(=O)O)O,
KBQCEQAXHPIRTF,ok,131634760,CC1=C2C(=NN1C)CSCC3=NN(C(=C3)CSC4=CC5=CC=CC=C5C(=C4)OCCCC6=C(N(C7=C6C=CC(=C27)Cl)C)C(=O)O)C,
KBUZBQVCBVDWKX,ok,163321871,CCOCCN1C2=CC=CC=C2N=C1N3CCCN(CC3)C,
KCFYEAOKVJSACF,ok,162641757,CCOC(=O)C1=C(N(C2=CC(=C(C(=C21)CN(C)C)O)Br)C)CSC3=CC=CC=C3,
KCJJINQANFZSAM,ok,177675218,CCC1C(C=C(C=CC(=O)C(CC(C(C(C(CC(=O)O1)OC(=O)C)C)OC2C(C(C(C(O2)C)OC3CC(C(C(O3)C)OC(=O)CC(C)C)(C)O)N(C)C)O)CC=O)C)C)COC4C(C(C(C(O4)C)O)OC)OC,
KCLANYCVBBTKTO,ok,4935,CCCOC1=C(C=C(C=C1)C(=O)OCCN(CC)CC)N,
KCXVZYZYPLLWCC,ok,173165358,[H+].[H+].[H+].[H+].C(CN(CC(=O)[O-])CC(=O)[O-])N(CC(=O)[O-])CC(=O)[O-],
KCZCIYZKSLLNNH,ok,177352946,CC12CCC3C(C1CCC2[OH2+])CCC4=C(C(=O)CCC34C)Cl,
KDGFLJKFZUIJMX,ok,177836643,CCC1=CC2=C(C=C1N3CCC(CC3)N4CCOCC4)C(C5=C(C2=O)C6=C(N5)C=C(C=C6)C#N)(C)C,
KDJOAYSYCXTQGG,ok,61804,O[Si](O)(O)O[Si](O)(O)O,
KDLLNMRYZGUVMA,ok,153711281,CC12CCC3C(C1CC(C2O)F)CCC4=C3C=CC(=C4)O,
KDLRVYVGXIQJDK,ok,154453692,CCCC1CC(N(C1)C)C(=O)NC(C2C(C(C(C(O2)SC)O)O)O)C(C)Cl,
KDPNLRQZHDJRFU,ok,71752101,C1CN=C(N1)NC2=C(C=CC=C2Br)F,
KDYFGRWQOYBRFD,ok,173239856,[H+].C(CC(=O)[O-])C(=O)O,
KEDYTOTWMPBSLG,ok,172108636,CC(C(=O)N1C2CCCC2CC1C(=O)O)NC(CCC3=CC=CC=C3)C(=O)O,
KEIPNCCJPRMIAX,ok,134817220,COC1=CC(=CC(=C1)C#CC2=NN(C3=NC=NC(=C23)N)C4CCN(C4)C(=O)C=C)OC,
KEJXLQUPYHWCNM,ok,169446505,CCCOC(=O)CC1=CC(=C(C=C1)OCC(=O)N(CC)CC)OC,
KFQYTPMOWPVWEJ,ok,175714842,CCCN(CCC1=CC=CS1)C2CCC3=C(C2)C=CC=C3O,
KFUDFIMHDRJVLV,ok,171319335,C1C(C(C(C1O)SCC(COC2=CC(=CC=C2)Cl)O)CC=CCCCC(=O)O)O,
KGFYHTZWPPHNLQ,ok,177833513,C1COCC(=O)N1C2=CC=C(C=C2)N3CC(OC3=O)CNC(=O)C4=CC=C(S4)Cl,
KGKJZEKQJQQOTD,ok,72135,CCCC(C)C1(C(=O)NC(=O)NC1=O)C=C,
KHKDIUPVDIEHAH,ok,133543004,CC12CCC3C(C1CCC2OC(=O)CCC4CCCC4)CCC5=C(C(=O)CCC35)O,
KHLJKRBMZVNZOC,ok,59084699,CCC(C1=CC2=C(C=C1)C=C(C=C2)OC)C(C)(C)C(=O)O,
KHOITXIGCFIULA,ok,91927789,CC(=O)OC1=CC=C(C=C1)C(C2=CC=C(C=C2)OC(=O)C)C3=CC=CC=N3,
KHPKQFYUPIUARC,ok,46214838,CC1=CC(=C(C=C1)NC2=C(C=CC=C2Cl)F)CC(=O)O,
KIHYPELVXPAIDH,ok,172989398,CCC1=C(C=CC(=C1)C(=NOCC2=CC(=C(C=C2)C3CCCCC3)C(F)(F)F)C)CN4CC(C4)C(=O)O,
KIQQMECNKUGGKA,ok,172956183,CCC12CCC3C(C1CCC2(C#C)OC(=O)C)CCC4=CC(=NO)CCC34,
KJADKKWYZYXHBB,ok,169447224,CC1(OC2COC3(C(C2O1)OC(O3)(C)C)COS(=O)(=O)N)C,
KJAMZCVTJDTESW,ok,71264,CCOC(=O)NC1=CC2=C(CCC3=CC=CC=C3N2C(=O)CN(C)C)C=C1,
KJEBULYHNRNJTE,ok,169436465,CC1=C(C(C(=C(N1)C)C(=O)OCC=CC2=CC=CC=C2)C3=CC(=CC=C3)[N+](=O)[O-])C(=O)OCCOC,
KJFBVJALEQWJBS,ok,176488248,CC(C)NC1=NC2=CC(=C(C=C2N1C3C(C(C(O3)CO)O)O)Cl)Cl,
KJFMBFZCATUALV,ok,4764,C1=CC=C2C(=C1)C(=O)OC2(C3=CC=C(C=C3)O)C4=CC=C(C=C4)O,
KJHKTHWMRKYKJE,ok,171391297,CC1=C(C(=CC=C1)C)OCC(=O)NC(CC2=CC=CC=C2)C(CC(CC3=CC=CC=C3)NC(=O)C(C(C)C)N4CCCNC4=O)O,
KJLLKLRVCJAFRY,ok,76970728,CCC(C)C(C)C1NC2=CC(=C(C=C2S(=O)(=O)N1)S(=O)(=O)N)Cl,
KJONHKAYOJNZEC,ok,76974319,C1C(=O)NC2=C(C=C(C=C2)[N+](=O)[O-])C(=N1)C3=CC=CC=C3,
KJPRLNWUNMBNBZ,ok,175705545,C1=CC=C(C=C1)C=CC=O,
KJQFBVYMGADDTQ,ok,42580107,CCCCS(=N)(=O)CCC(C(=O)[O-])[NH3+],
KKGQTZUTZRNORY,ok,175989040,CCCCCCCCC1=CC=C(C=C1)CCC(CO)(CO)N,
KKHPNPMTPORSQE,ok,38988830,CC(C1=CC=CC=C1)(C2=CC=C(C=C2)Cl)OCCN(C)C,
KKKDZZRICRFGSD,ok,176135931,C1=CC=C(C=C1)CN2C=CN=C2,
KKZJGLLVHKMTCM,ok,45039947,C1=CC(=C2C(=C1NCCNCCO)C(=O)C3=C(C=CC(=C3C2=O)O)O)NCCNCCO,
KLBQZWRITKRQQV,ok,76974806,CN1CCCCC1CCN2C3=CC=CC=C3SC4=C2C=C(C=C4)SC,
KLDXJTOLSGUMSJ,ok,169442666,C1C(C2C(O1)C(CO2)O)O,
KLPWJLBORRMFGK,ok,46782391,CCC1=C(NC2=C1C(=O)C(CC2)CN3CCOCC3)C,
KLZOTDOJMRMLDX,ok,177696265,CCC(CC)(CCCOC(C)C1CCC2C1(CCCC2=CC=C3CC(CC(C3=C)O)O)C)O,
KLZWOWYOHUKJIG,ok,178877966,CCOC(=O)C(CCC1=CC=CC=C1)NC(C)C(=O)N2C(CN(C2=O)C)C(=O)O,
KMIPKYQIOVAHOP,ok,29975654,CC1=C(SC=N1)C=CC2=C(N3C(C(C3=O)NC(=O)C(=NOC)C4=CSC(=N4)N)SC2)C(=O)[O-],
KMSKQZKKOZQFFG,ok,171159778,CC1C(C(CC(O1)OC2CC(CC3=C2C(=C4C(=C3O)C(=O)C5=C(C4=O)C(=CC=C5)OC)O)(C(=O)CO)O)N)OC6CCCCO6,
KMZQAVXSMUKBPD,ok,92209857,C1CCN(CC1)CC2=CC(=NC=C2)OCC=CCNC(=O)CS(=O)CC3=CC=CO3,
KNAHARQHSZJURB,ok,164517226,CCCC1=CC(=O)NC(=S)N1,
KNHUKKLJHYUCFP,ok,162424476,CCOC(=O)C(C)(C)OC1=CC=C(C=C1)Cl,
KNWQLFOXPQZGPX,ok,174595916,[H+].CS(=O)(=O)F,
KOHIRBRYDXPAMZ,ok,171921285,C1CC2=C(C=CC(=C2)F)OC1C(CNCC(C3CCC4=C(O3)C=CC(=C4)F)O)O,
KORNTPPJEAJQIU,ok,172056721,CCNC(=O)N(CCCN(C)C)C(=O)C1CC2C(CC3=CNC4=CC=CC2=C34)N(C1)CC=C,
KPBZROQVTHLCDU,ok,171391581,CCCC(=O)OCOC(=O)C1=C(NC(=C(C1C2=C(C(=CC=C2)Cl)Cl)C(=O)OC)C)C,
KPJZHOPZRAFDTN,ok,102210537,CCC(CO)NC(=O)C1CN(C2CC3=CN(C4=CC=CC(=C34)C2=C1)C)C,
KPSRODZRAIWAKH,ok,92044432,CC(C)(C(=O)O)OC1=CC=C(C=C1)C2CC2(Cl)Cl,
KPVIXBKIJXZQJX,ok,178875768,CC1CCC23CCC(=O)C2C1(C(CC(C(C3C)O)(C)C=C)OC(=O)CSC4CCC(CC4O)N)C,
KPWSJANDNDDRMB,ok,139031870,C[N+](=C(NC1CCC(CC1)CCN2CCN(CC2)C3=C(C(=CC=C3)Cl)Cl)O)C,
KPYSYYIEGFHWSV,ok,178271553,C1=CC(=CC=C1C(CC(=O)O)C[NH3+])Cl,
KQKPFRSPSRPDEB,ok,101826528,CNS(=O)(=O)CC1=CC2=C(C=C1)NC=C2CCN(C)C,
KQNZDYYTLMIZCT,ok,177595019,CC1CCCC=CC2CC(CC2C(C=CC(=O)O1)O)O,
KQPKPCNLIDLUMF,ok,138402712,CCCC(C)C1(C(=O)NC(=O)NC1=O)CC=C,
KQXDHUJYNAXLNZ,ok,178411667,CCC(C1CCC(C(O1)C(C)C(C(C)C(=O)C(CC)C2C(CC(C3(O2)C=CC(C4(O3)CCC(O4)(C)C5CCC(C(O5)C)(CC)O)O)C)C)O)C)C(=O)O,
KQXKVJAGOJTNJS,ok,177747003,CC(C)(C)NCC(COC1=CC=CC=C1C2CCCC2)O,
KRKNYBCHXYNGOX,ok,159218794,C(C(=O)O)C(CC(=O)O)(C(=O)O)O,
KRMDCWKBEZIMAB,ok,76974222,CN(C)CCC=C1C2=CC=CC=C2CCC3=CC=CC=C31,
KRNAOFGYEFKHPB,ok,176486801,C1CC(C2=C(C=CC=N2)C(C1C3=C(C(=CC=C3)F)F)N)OC(=O)N4CCC(CC4)N5C6=C(NC5=O)N=CC=C6,
KRWMERLEINMZFT,ok,123132300,C1=CC=C(C=C1)COC2=C3C(=NC(=[NH+]2)N)N=CN3,
KSCFJBIXMNOVSH,ok,688352,CN1C2=C(C(=O)N(C1=O)C)N(C=N2)CC(CO)O,
KSEBMYQBYZTDHS,ok,176333631,COC1=C(C=CC(=C1)C=CC(=O)O)O,
KSGXQBZTULBEEQ,ok,178256875,CCCCCCOC(=O)N=C(C1=CC=C(C=C1)NCC2=NC3=C(N2C)C=CC(=C3)C(=O)N(CCC(=O)OCC)C4=CC=CC=N4)N,
KSMAGQUYOIHWFS,ok,102601277,CC(C1=NCCN1)OC2=C(C=CC=C2Cl)Cl,
KSUUMAWCGDNLFK,ok,76961142,CC(C)C(CC=C)C(=O)NC(=O)N,
KTDZCOWXCWUPEO,ok,4553,CS(=O)(=O)NC1=C(C=C(C=C1)[N+](=O)[O-])OC2CCCCC2,
KTEIFNKAUNYNJU,ok,177484917,CC(C1=C(C=CC(=C1Cl)F)Cl)OC2=C(N=CC(=C2)C3=CN(N=C3)C4CCNCC4)N,
KTHVBAZBLKXIHZ,ok,6921798,CC[NH+]1CCCC(C1)OC(=O)C(C2=CC=CC=C2)C3=CC=CC=C3,
KTUFNOKKBVMGRW,ok,135872838,CC1=C(C=C(C=C1)NC(=O)C2=CC=C(C=C2)CN3CCN(CC3)C)N=C4NC(=CC=N4)C5=CN=CC=C5,
KUCQYCKVKVOKAY,failed,,,no_cid
KULDXINYXFTXMO,ok,9454,CC1=C(C(=O)OC2=C1C=CC(=C2)OP(=O)(OCCCl)OCCCl)Cl,
KUVIULQEHSCUHY,ok,172874009,CCC(=O)OCC(=O)C1(C(CC2C1(CC(C3(C2CCC4=CC(=O)C=CC43C)Cl)O)C)C)OC(=O)CC,
KUZYSQSABONDME,ok,172873546,CCC1(CC2CC(C3=C(CCN(C2)C1)C4=CC=CC=C4N3)(C5=C(C=C6C(=C5)C78CCN9C7C(C=CC9)(C(C(C8N6C)(C(=NN=C(O)OCCSSCC(C(=O)O)N=C(C(CC(=O)O)N=C(C(CC(=O)O)N=C(C(CCCNC(=N)N)N=C(C(CC(=O)O)N=C(CCC(C(=O)O)NC(=O)C1=CC=C(C=C1)NCC1=CN=C2C(=N1)C(=NC(=N)N2)O)O)O)O)O)O)O)O)O)CC)OC)C(=O)OC)O,
KVJXBPDAXMEYOA,ok,172653273,CC12CCC3C(C1CCC2O)CCC45C3(CC(=C(C4O5)O)C#N)C,
KVTPRMVXYZKLIG,ok,171378511,CC1C2C=CC3(CO3)C(O2)(OC1C(C)C=C(C)C=CC(=C4C(=O)C(N(C4=O)C5CCC(C(O5)C)O)C(C)C(=O)NC)O)C,
KVWDHTXUZHCGIO,ok,136464838,CC1=CC2=C(S1)NC3=CC=CC=C3N=C2N4CCN(CC4)C,
KWBTZIFLQYYPTH,ok,72138,CC1=CC(=C(C=C1)NC2=NCCN2)Cl,
KWGRBVOPPLSCSI,ok,172403583,CC(C(C1=CC=CC=C1)O)NC,
KWIUHFFTVRNATP,ok,71776458,C[N+](C)(C)CC(=O)O,
KWMLJOLKUYYJFJ,ok,171726795,C(C(C(C(C(C(C(=O)O)O)O)O)O)O)O,
KWTSXDURSIMDCE,ok,177079364,CC(CC1=CC=CC=C1)N,
KWTWDQCKEHXFFR,ok,169446705,CCC(C1=CC(=CC=C1)O)C(C)CN(C)C,
KXGCNMMJRFDFNR,ok,177835125,CC1C(=O)NC2CSSCC3C(=O)NC(C(=O)NC(C(=O)NC(CSSCC(NC(=O)CNC(=O)C(NC2=O)C(C)O)C(=O)NC(CC4=CC=C(C=C4)O)C(=O)O)C(=O)NC(CSSCC(C(=O)N3)N)C(=O)NC(C(=O)N5CCCC5C(=O)N1)CC(=O)N)CC6=CC=C(C=C6)O)CCC(=O)O,
KXGVEGMKQFWNSR,ok,177839498,CC(CCC(=O)O)C1CCC2C1(C(CC3C2CCC4C3(CCC(C4)O)C)O)C,
KXNPVXPOPUZYGB,ok,163285264,CC1CCN(C(C1)C(=O)O)C(=O)C(CCCN=C(N)N)NS(=O)(=O)C2=CC=CC3=C2NCC(C3)C,
KXRZBTAEDBELFD,ok,9047,COC1=NC=CN=C1NS(=O)(=O)C2=CC=C(C=C2)N,
KXSAIQPPGSSNKX,ok,148293253,C1C(OC2=C(O1)C=C(C=C2)Cl)CNS(=O)(=O)[NH3+],
KYCBWEZLKCTALM,ok,29083,C1C2=CC=CC=C2OC(=O)N1CC(=O)N,
KYGZCKSPAKDVKC,ok,46782642,CCN1C=C(C(=O)C2=CC3=C(C=C21)OCO3)C(=O)O,
KYHQZNGJUGFTGR,ok,158961,CC(CN1C=NC2=C1C(=O)N(C(=O)N2C)C)O,
KYQZWONCHDNPDP,ok,163729840,C1=CC(=CC=C1C2=COC3=C(C2=O)C=CC(=C3)OC4C(C(C(C(O4)CO)O)O)O)O,
KYRVNWMVYQXFEU,ok,4122,COC(=O)NC1=NC2=C(N1)C=C(C=C2)C(=O)C3=CC=CS3,
KYWCWBXGRWWINE,ok,4814,COC1=C(C=C(C=C1)C(=O)NCC2=CN=CC=C2)C(=O)NCC3=CN=CC=C3,
KYXDNECMRLFQMZ,ok,213053,COC1=C(C=C(C=C1)C2=C(N=CN2C3=CC=C(C=C3)S(=O)(=O)N)Cl)F,
KYYIDSXMWOZKMP,ok,156667036,CN(C)CC(C1=CC=C(C=C1)O)C2(CCCCC2)O,
KZUIYQJTUIACIG,ok,133686893,CC1=CC2C(CCC3(C2CCC3(C(=O)C)O)C)C4C1=CC(=O)CC4,
LAHDERDHXJFFJU,ok,168012446,CCC1C2CC3C4C5(CC(C2C5OC(=O)CCl)N3C1O)C6=CC=CC=C6N4C,
LBERVHLCXUMDOT,ok,171036128,CCCCCCCCCC(=O)OC1CCC2C1(CCC3C2CCC4=CC(=O)CCC34C)C,
LBGFKUUHOPIEMA,ok,178916279,CCCCCCCCCCCCCCCC(=O)NC1=NC(=O)N(C=C1)C2C(C(C(O2)CO)O)C#N,
LBHIOVVIQHSOQN,ok,155697781,C1=CC(=C[NH+]=C1)C(=O)NCCO[N+](=O)[O-],
LBHLFPGPEGDCJG,ok,148312332,CC1=CC(=NC2=C1C(=C(C=C2NC(C)CCC[NH3+])OC)OC3=CC=CC(=C3)C(F)(F)F)OC,
LBXHRAWDUMTPSE,ok,71314942,CC1CCCC(N1NC(=O)C2=CC(=C(C=C2)Cl)S(=O)(=O)N)C,
LCAAMXMULMCKLJ,ok,4126995,C[NH+](C)CCN1C(=O)C2=CC=CC=C2C(=N1)CC3=CC=CC=C3,
LCAHPIFLPICNRW,ok,45029744,CN1CCC23CC(CCC2(C1CC4=C3C(=C(C=C4)OC)OC)O)O,
LCDDAGSJHKEABN,ok,171381756,CC(C)(C)OCC1C(=O)NCCN1C(=O)CC(CC2=CC(=C(C=C2F)F)F)N,
LCTZPQRFOZKZNK,ok,6127,C[N+]1(CCC(=C(C2=CC=CC=C2)C3=CC=CC=C3)CC1)C,
LDCRTTXIJACKKU,ok,177830843,COC(=O)C=CC(=O)OC,
LDCYZAJDBXYCGN,ok,178969748,C1=CC2=C(C=C1O)C(=CN2)CC(C(=O)O)N,
LDEKQSIMHVQZJK,ok,177832801,CC(C)OC(=O)C(C)NP(=O)(COC(C)CN1C=NC2=C(N=CN=C21)N)OC3=CC=CC=C3,
LDMWSLGGVTVJPG,ok,4199,CC1=CC(=NN=C1NCCN2CCOCC2)C3=CC=CC=C3,
LDXDSHIEDAPSSA,ok,172418903,C1CC2=C(CC1NS(=O)(=O)C3=CC=C(C=C3)F)C4=CC=CC=C4N2CCC(=O)O,
LDXSPUSKBDTEKA,ok,72106,C1COCCN1CCOC(=O)C2=C(N=CC=C2)NC3=CC=CC(=C3)C(F)(F)F,
LDXYBEHACFJIEL,ok,162641754,CC1=NN2C=C(C=NC2=C1)C(=O)NCC(C)(C)NCC(=O)N3CCCC3C#N,
LEBVLXFERQHONN,ok,177623616,CCCCN1CCCCC1C(=O)NC2=C(C=CC=C2C)C,
LEHFPXVYPMWYQD,ok,169441107,CC1CC2C3CC(C4=CC(=O)C=CC4(C3(C(CC2(C1(C(=O)CCl)O)C)O)F)C)F,
LEHOTFFKMJEONL,ok,159325467,C12=C(NC(=O)N1)NC(=O)NC2=O,
LEQAKWQJCITZNK,ok,134694187,CC(=O)NC1CCC2=CC(=C(C(=C2C3=CC=C(C(=O)C=C13)SC)OC)OC)OC4C(C(C(C(O4)CO)O)O)O,
LERNTVKEWCAPOY,ok,163322435,C[N+]1(C2CC(CC1C3C2O3)OC(=O)C(C4=CC=CS4)(C5=CC=CS5)O)C,
LEROTMJVBFSIMP,ok,76963478,CCC(C)C(C)(COC(=O)N)COC(=O)N,
LEZWWPYKPKIXLL,ok,162412936,C1=CC(=CC=C1COC(CN2C=CN=C2)C3=C(C=C(C=C3)Cl)Cl)Cl,
LFQSCWFLJHTTHZ,ok,176197891,CCO,
LGGHDPFKSSRQNS,ok,169446708,COC1=C(C=C2CN(CCC2=C1)CCC3=CC=C(C=C3)NC(=O)C4=CC(=C(C=C4NC(=O)C5=CC6=CC=CC=C6N=C5)OC)OC)OC,
LGYTZKPVOAIUKX,ok,3824,CC(=O)CCC1C(=O)N(N(C1=O)C2=CC=CC=C2)C3=CC=CC=C3,
LGZKGOGODCLQHG,ok,9895264,COC1=C(C=C(C=C1)CC(C2=CC(=C(C(=C2)OC)OC)OC)O)O,
LHHCSNFAOIFYRV,ok,148344444,CC1(C2C1C(N(C2)C(=O)C(C(C)(C)C)NC(=O)NC(C)(C)C)C(=O)NC(CC3CCC3)C(=O)C(=O)[NH3+])C,
LIENCHBZNNMNKG,ok,177836342,CC1(C2C1C(N(C2)C(=O)C(C(C)(C)C)NC(=O)C(F)(F)F)C(=O)NC(CC3CCNC3=O)C#N)C,
LIOLIMKSCNQPLV,ok,91971812,CNC(=O)C1=C(C=C(C=C1)C2=NN3C(=CN=C3N=C2)CC4=CC5=C(C=C4)N=CC=C5)F,
LIRCDOVJWUGTMW,ok,92402792,C1=CC(=CC=C1C(C(COC(=O)CCC(=O)O)NC(=O)C(Cl)Cl)O)[N+](=O)[O-],
LIRYPHYGHXZJBZ,ok,163321876,CC1=C2C(=C(N(C1=O)C)NC3=C(C=C(C=C3)I)F)C(=O)N(C(=O)N2C4=CC=CC(=C4)NC(=O)C)C5CC5,
LJBBMCNHIUJBDU,ok,76958671,CC1(C2=CC=CC=C2C(O1)(CCCNC)C3=CC=CC=C3)C,
LJJFNFYPZOHRHM,ok,130600,CC(C)(C[N+]#[C-])OC,
LJOQGZACKSYWCH,ok,174432729,CCC1CN2CCC1CC2C(C3=C4C=C(C=CC4=NC=C3)OC)O,
LJROKJGQSPMTKB,ok,169437529,C1=CC=NC(=C1)C(C2=CC=C(C=C2)O)C3=CC=C(C=C3)O,
LJVAJPDWBABPEJ,ok,173721432,CCC1C2(C(C(C(=O)C(CC(C(C(C(=O)C(C(=O)O1)C)C)OC3C(C(CC(O3)C)N(C)C)O)(C)OC)C)C)N(C(=O)O2)CCCCN4C=C(N=C4)C5=CN=CC=C5)C,
LKAJKIOFIWVMDJ,ok,177455366,CC12CCC3C(C1CCC2(C)O)CCC4C3(CC5=C(C4)NN=C5)C,
LKCWBDHBTVXHDL,ok,177829645,C1C(C(C(C(C1NC(=O)C(CCN)O)OC2C(C(C(C(O2)CO)O)N)O)O)OC3C(C(C(C(O3)CN)O)O)O)N,
LKJPYSCBVHEWIU,ok,119057331,CC(CS(=O)(=O)C1=CC=C(C=C1)F)(C(=O)NC2=CC(=C(C=C2)C#N)C(F)(F)F)O,
LKYQLAWMNBFNJT,ok,50909859,CCOC(=O)C1(CC[NH+](CC1)CCC2=CC=C(C=C2)[NH3+])C3=CC=CC=C3,
LLDXOPKUNJTIRF,ok,169446499,C1=CC(=CC(=C1)C(=O)O)C2=CC(=CC=C2)NCCNCC(C3=CC(=CC=C3)Cl)O,
LLJFMFZYVVLQKT,ok,51380831,CC1(C2=C(C=C(C=C2)OC)C(=O)N(C1=O)CCC3=CC=C(C=C3)S(=O)(=O)NC(=NC4CCCCC4)[O-])C,
LLPOLZWFYMWNKH,ok,177843005,CN1CCC23C4C1CC5=C2C(=C(C=C5)OC)OC3C(=O)CC4,
LLXISKGBWFTGEI,ok,46189839,CN(C(=O)N1C(SC(=N1)C2=C(C=CC(=C2)F)F)(CCCN)C3=CC=CC=C3)OC,
LMBWSYZSUOEYSN,ok,101383307,CC[NH+](CC)C(=S)S,
LMEKQMALGUDUQG,ok,145700559,C[N+]1=CNC(=C1SC2=[NH+]C=[NH+]C3=C2NC=N3)[N+](=O)[O-],
LMJSLTNSBFUCMU,ok,6604229,C1=C2C(=CC(=C1Cl)S(=O)(=O)N)S(=O)(=O)NC(N2)C(Cl)Cl,
LMNZTLDVJIUSHT,ok,124202442,COP(=S)(OC)SCN1C(=O)C2=CC=CC=C2C1=O,
LMOINURANNBYCM,ok,71749975,CC(C)NCC(C1=CC(=CC(=C1)O)O)O,
LMXOHSDXUQEUSF,ok,177116271,C1=NC(=C2C(=N1)N(C=N2)C3C(C(C(O3)CC(CCC(C(=O)O)N)N)O)O)N,
LNEPOXFFQSENCJ,ok,164516830,C1CN(CCC1(C2=CC=C(C=C2)Cl)O)CCCC(=O)C3=CC=C(C=C3)F,
LNHWXBUNXOXMRL,ok,124300596,CCC1(C2=C(COC1=O)C(=O)N3CC4=C(C5=CC=CC=C5N=C4C3=C2)CCNC(C)C)O,
LNNWVNGFPYWNQE,ok,76974346,CN1CCC23C4C1CC5=C2C(=C(C=C5)O)OC3CCC4,
LNPDTQAFDNKSHK,ok,148378011,CC1=C(C(=NO1)C2=CC=CC=C2)C3=CC=C(C=C3)S(=O)(=O)[NH3+],
LOBCDGHHHHGHFA,ok,2987927,CCOC(=O)C1=C(NC(=S)NC1C2=CC(=CC=C2)O)C,
LOMMPXLFBTZENJ,ok,176489103,CS(=O)(=O)C1=C2C(C(C(C2=C(C=C1)OC3=CC(=CC(=C3)C#N)F)F)F)O,
LORDFXWUHHSAQU,ok,172653306,CCC(COC(=O)C1=CC(=C(C(=C1)OC)OC)OC)(C2=CC=CC=C2)N(C)C,
LOSIULRWFAEMFL,ok,176322859,C1C=NC2=C1C(=O)NC(=N2)N,
LOUPRKONTZGTKE,ok,14852841,COC1=CC2=C(C=CN=C2C=C1)C(C3CC4CCN3CC4C=C)O,
LOVMMUBRQUFEAH,ok,175151347,C1C(C(C(C1O)CC=CCCCC(=O)OCCCCO[N+](=O)[O-])CCC(CCC2=CC=CC=C2)O)O,
LPAUOXUZGSBGDU,ok,89972430,CCCN=C1N(C(=O)C(=CC2=CC(=C(C=C2)OCC(CO)O)Cl)S1)C3=CC=CC=C3C,
LPLVUJXQOOQHMX,ok,178876791,CC1(C2CCC3(C(C2(CCC1OC4C(C(C(C(O4)C(=O)O)O)O)OC5C(C(C(C(O5)C(=O)O)O)O)O)C)C(=O)C=C6C3(CCC7(C6CC(CC7)(C)C(=O)O)C)C)C)C,
LPMXVESGRSUGHW,ok,178556809,CC1C(C(C(C(O1)OC2CC(C3(C4C(CCC3(C2)O)C5(CCC(C5(CC4O)C)C6=CC(=O)OC6)O)CO)O)O)O)O,
LPQZKKCYTLCDGQ,ok,140649846,CC1(C(N2C(S1(=O)=O)CC2=O)C(=O)[O-])CN3C=CN=N3,
LPUNEQQTZOWCNO,ok,177784325,CC1C=CC=C(C(=O)NC2=C(C(=C3C(=C2O)C(=C(C4=C3C(=O)C(O4)(OC=CC(C(C(C(C(C(C1O)C)O)C)O)C)OC)C)C)O)O)C=NN5CCN(CC5)C6CCCC6)C,
LPXQRXLUHJKZIE,ok,135412366,C12=NNN=C1[NH+]=C(NC2=O)N,
LQBVNQSMGBZMKD,ok,171381324,CC1(CCC(=C(C1)C2=CC=C(C=C2)Cl)CN3CCN(CC3)C4=CC(=C(C=C4)C(=O)NS(=O)(=O)C5=CC(=C(C=C5)NCC6CCOCC6)[N+](=O)[O-])OC7=CN=C8C(=C7)C=CN8)C,
LQCLVBQBTUVCEQ,ok,177838107,CC1CC(C(C(O1)OC2C(CC3(CO3)C(=O)C(C(C(C(OC(=O)C(C(C2C)OC4CC(C(C(O4)C)OC(=O)C)OC)C)C)C)OC(=O)C)C)C)OC(=O)C)N(C)C,
LQIPDFIUPOYMPR,ok,118559024,CCCCCCCCCC=CC=CC(=O)NCC(=O)NC1C(C(C(OC1C(CO)O)NC2=NC=NC3=C2NC=N3)O)O,
LQOLIRLGBULYKD,ok,168314258,CC1=C(C(=NO1)C2=CC=CC=C2Cl)C(=O)NC3C4N(C3=O)C(C(S4)(C)C)C(=O)O,
LQQIVYSCPWCSSD,ok,121225366,C1CN(CCC1C2(CCC(=O)NC2=O)C3=CC=CC=C3)CC4=CC=CC=C4,
LRCXRAABFLIVAI,ok,44631760,C1=CC(=CC(=C1)O)C(C[NH3+])O,
LRFVTYWOQMYALW,ok,178848956,C1=NC2=C(N1)C(=O)NC(=O)N2,
LRJOMUJRLNCICJ,ok,176519921,CC(=O)OCC(=O)C1(CCC2C1(CC(C3C2CCC4=CC(=O)C=CC34C)O)C)O,
LRLWXBHFPGSUOX,ok,177523726,CCC(CC)(C=CCC(C)C1=CCC2C1(CCCC2=CC=C3CC(CC(C3=C)F)O)C)O,
LRMJAFKKJLRDLE,ok,55285,C1CN(CCN1CCCC2(OCCO2)C3=CC=CC=C3)C(C4=CC=CC=C4)C5=CC=CC=C5,
LSLYOANBFKQKPT,ok,177747040,CC(CC1=CC=C(C=C1)O)NCC(C2=CC(=CC(=C2)O)O)O,
LSQZJLSUYDQPKJ,ok,175675647,CC1(C(N2C(S1)C(C2=O)NC(=O)C(C3=CC=C(C=C3)O)N)C(=O)O)C,
LTMHDMANZUZIPE,ok,178773043,CC1C(C(CC(O1)OC2C(OC(CC2O)OC3C(OC(CC3O)OC4CCC5(C(C4)CCC6C5CC(C7(C6(CCC7C8=CC(=O)OC8)O)C)O)C)C)C)O)O,
LTVDFSLWFKLJDQ,ok,145987901,CC1=C(C(=O)C(=C(C1=O)C)CCC(C)(CCCC(C)CCCC(C)CCCC(C)C)O)C,
LTXREWYXXSTFRX,ok,177835328,CC#CCN1C2=C(N=C1N3CCCC(C3)N)N(C(=O)N(C2=O)CC4=NC5=CC=CC=C5C(=N4)C)C,
LUALIOATIOESLM,ok,71751521,C1CN(CCC1O)CCCN2C3=CC=CC=C3SC4=C2C=C(C=C4)C#N,
LUKBXSAWLPMMSZ,ok,176052599,C1=CC(=CC=C1C=CC2=CC(=CC(=C2)O)O)O,
LUKZNWIVRBCLON,ok,148414859,CC(C)C(=O)OCC(=O)C12C(CC3C1(CC(C4C3CCC5=CC(=O)C=CC45C)O)C)OC(O2)C6CCCCC6,
LUMAEVHDZXIGEP,ok,92161804,CC(CC1=CC2=C(C=C1)OCO2)NCC(C3=CC(=C(C=C3)O)O)O,
LUMKNAVTFCDUIE,ok,177746995,C1=CC=C(C=C1)C(=C(C2=CC=CC=C2)C3=CC=C(C=C3)OCCO)CCCl,
LUZRJRNZXALNLM,ok,172677474,CC1(C(=O)N2C(C(=O)N3CCCC3C2(O1)O)CC4=CC=CC=C4)NC(=O)C5CC6C(CC7=CNC8=CC=CC6=C78)N(C5)C,
LVASCWIMLIKXLA,ok,169441110,C1CC(C(NC1)CC(=O)CN2C=NC3=CC(=C(C=C3C2=O)Cl)Br)O,
LVLLALCJVJNGQQ,ok,177423021,CCC(CC)(C=CC=CC(C)C1CCC2C1(CCCC2=CC=C3CC(CC(C3=C)O)O)C)O,
LVRLSYPNFFBYCZ,ok,156450061,C1CC(N2C(C1)SCCC(C2=O)NC(=O)C(CC3=CC=CC=C3)S)C(=O)O,
LVWZTYCIRDMTEY,ok,139164986,CC1=[N+](N(C(=C1N(C)CS(=O)(=O)O)O)C2=CC=CC=C2)C,
LVXJQMNHJWSHET,ok,131708998,COC1=C(C=C2C(=C1)N=CN=C2NC3=CC(=C(C=C3)F)Cl)NC(=O)C=CCN4CCCCC4,
LVYLCBNXHHHPSB,ok,6880,C1=CC=C(C(=C1)C(=O)OCCO)O,
LVZWSLJZHVFIQJ,ok,174415414,[H+].C1CC1,
LVZYXEALRXBLJZ,ok,155886088,CCCCCCCCCCCCCCCC(=O)NCC(COP(=S)(O)OCC1C(CC(O1)N2C=C(C(=O)NC2=O)C)NP(=S)(O)OCC3C(CC(O3)N4C=NC5=C(N=CN=C54)N)NP(=S)(O)OCC6C(CC(O6)N7C=NC8=C7N=C(NC8=O)N)NP(=S)(O)OCC9C(CC(O9)N1C=NC2=C1N=C(NC2=O)N)NP(=S)(O)OCC1C(CC(O1)N1C=NC2=C1N=C(NC2=O)N)NP(=S)(O)OCC1C(CC(O1)N1C=C(C(=O)NC1=O)C)NP(=S)(O)OCC1C(CC(O1)N1C=C(C(=O)NC1=O)C)NP(=S)(O)OCC1C(CC(O1)N1C=NC2=C(N=CN=C21)N)NP(=S)(O)OCC1C(CC(O1)N1C=NC2=C1N=C(NC2=O)N)NP(=S)(O)OCC1C(CC(O1)N1C=NC2=C(N=CN=C21)N)NP(=S)(O)OCC1C(CC(O1)N1C=CC(=NC1=O)N)NP(=S)(O)OCC1C(CC(O1)N1C=NC2=C(N=CN=C21)N)NP(=S)(O)OCC1C(CC(O1)N1C=NC2=C(N=CN=C21)N)N)O,
LWAFSWPYPHEXKX,ok,71314573,CC(C)(C)NCC(COC1=CC=CC2=C1CCC(=O)N2)O,
LWRDQHOZTAOILO,ok,139118495,C1CCCC(CC1)[NH2+]C(P(=O)(O)O)P(=O)(O)[O-],
LXBIFEVIBLOUGU,ok,175474820,C1C(C(C(C(N1)CO)O)O)O,
LXFOLMYKSYSZQS,ok,144720245,CC(C)N(CC1C(C(C(O1)N2C=NC3=C(N=CN=C32)N)O)O)C4CC(C4)CCC5=NC6=C(N5)C=C(C=C6)C(C)(C)C,
LXIKEPCNDFVJKC,failed,,,no_cid
LXMSZDCAJNLERA,ok,175684175,CC(=O)SC1CC2=CC(=O)CCC2(C3C1C4CCC5(C4(CC3)C)CCC(=O)O5)C,
LXNHXLLTXMVWPM,ok,71772260,CC1=NC=C(C(=C1O)CO)CO,
LZCOQTDXKCNBEE,ok,156484202,C[N+]1(C2CC(CC1C3C2O3)OC(=O)C(CO)C4=CC=CC=C4)C,
LZFZMUMEGBBDTC,ok,146158685,CC(C(=O)N1CCCC1C(=O)O)NC(CCC2=CC=CC=C2)C(=O)O,
LZNWYQJJBLGYLT,ok,132470930,CN1C(=C(C2=C(S1(=O)=O)C=CS2)O)C(=O)NC3=CC=CC=N3,
LZPZPHGJDAGEJZ,ok,178247787,CNC(=O)C1=CN(N=C1)C2=NC(=C3C(=N2)N(C=N3)C4C(C(C(O4)CO)O)O)N,
MADRIHWFJGRSBP,ok,177457875,C1CC2=CC=CC=C2N(C(=O)C1NC(CCC3=CC=CC=C3)C(=O)O)CC(=O)O,
MAEIEVLCKWDQJH,ok,177747023,CCCCNC1=C(C(=CC(=C1)C(=O)O)S(=O)(=O)N)OC2=CC=CC=C2,
MAFMQEKGGFWBAB,ok,46780662,CCCCNC1=CC=C(C=C1)C(=O)OCCOCCOCCOCCOCCOCCOCCOCCOCCOC,
MAUCONCHVWBMHK,ok,178874479,CN(C)CC1=C(OC2=CC=CC=C21)C(=O)NCCOC3=CC=C(C=C3)C(=O)NO,
MBBCVAKAJPKAKM,ok,163322374,C1CN(CCC1NC(=O)C2=CC=CC=C2C3=CC=C(C=C3)C(F)(F)F)CCCCC4(C5=CC=CC=C5C6=CC=CC=C64)C(=O)NCC(F)(F)F,
MBGGBVCUIVRRBF,ok,40467239,C1=CC=C(C=C1)N2C(=O)C(C(=O)N2C3=CC=CC=C3)CCS(=O)C4=CC=CC=C4,
MBMBGCFOFBJSGT,ok,177696452,CCC=CCC=CCC=CCC=CCC=CCC=CCCC(=O)O,
MBUVEWMHONZEQD,ok,71313552,CN1CCCC(CC1)N2C(=O)C3=CC=CC=C3C(=N2)CC4=CC=C(C=C4)Cl,
MBWXNTAXLNYFJB,ok,162999945,CC1=C(C(=O)C2=CC=CC=C2C1=O)CC=C(C)CCCC(C)CCCC(C)CCCC(C)C,
MCAHWIHFGHIESP,ok,139064463,O[Se](=O)O,
MCGSCOLBFJQGHM,ok,165339447,C1CC1NC2=C3C(=NC(=N2)N)[N+](=CN3)C4CC(C=C4)CO,
MCIACXAZCBVDEE,ok,178245885,CCOC1=CC=C(C=C1)CC2=C(C=CC(=C2)C34C(C(C(C(O3)(CO4)CO)O)O)O)Cl,
MCJGNVYPOGVAJF,ok,174923422,[H+].C1=CC2=C(C(=C1)O)N=CC=C2,
MCMMCRYPQBNCPH,ok,168013651,CC1(C(C(=O)NCC(=O)NC(C(=O)NC(C(SS1)(C)C)C(=O)O)CC2=CC=CC=C2)NC(=O)C(CC3=CC=C(C=C3)O)N)C,
MCYCODJKXUJSAT,ok,172547206,CCSC1=C(C=C(C(=C1)OC)CC(C)N)OC,
MDKGKXOCJGEUJW,ok,177746936,CC(C1=CC=C(C=C1)C(=O)C2=CC=CS2)C(=O)O,
MDLAAYDRRZXJIF,ok,91971775,C1CN(CCC1(C2=CC(=C(C=C2)Cl)C(F)(F)F)O)CCCC(C3=CC=C(C=C3)F)C4=CC=C(C=C4)F,
MDSQOJYHHZBZKA,ok,92131095,CCOC(=O)C(CC1=CC=C(C=C1)C2=CC(=NC(=N2)N)OC(C3=C(C=C(C=C3)Cl)N4C=CC(=N4)C)C(F)(F)F)N,
MECHNRXZTMCUDQ,ok,177835357,CC(C)C(C)C=CC(C)C1CCC2C1(CCCC2=CC=C3CC(CCC3=C)O)C,
MEFKEPWMEQBLKI,ok,177828897,C[S+](CCC(C(=O)O)N)CC1C(C(C(O1)N2C=NC3=C(N=CN=C32)N)O)O,
METKIMKYRPQLGS,ok,177747015,CC(C)NCC(COC1=CC=C(C=C1)CC(=O)N)O,
METQSPRSQINEEU,ok,163320117,CC12CCC(=O)C=C1C3CC3C4C2CCC5(C4C6CC6C57CCC(=O)O7)C,
MEUCPCLKGZSHTA,ok,177836763,CC(C)CC(C(=O)NC(CCCCNC(C)C)C(=O)N1CCCC1C(=O)NC(C)C(=O)N)NC(=O)C(CC2=CC=C(C=C2)NC(=O)N)NC(=O)C(CC3=CC=C(C=C3)NC(=O)C4CC(=O)NC(=O)N4)NC(=O)C(CO)NC(=O)C(CC5=CN=CC=C5)NC(=O)C(CC6=CC=C(C=C6)Cl)NC(=O)C(CC7=CC8=CC=CC=C8C=C7)NC(=O)C,
MEZLKOACVSPNER,ok,169437528,CC(CC1=CC=CC=C1)N(C)CC#C,
MFBMYAOAMQLLPK,ok,168322446,CCC(=O)OC1(CCC2C1(CC(C3C2CCC4=CC(=O)CCC34C)O)C)C(=O)COC(=O)C,
MFDFERRIHVXMIY,ok,131709126,CCN(CC)CCOC(=O)C1=CC=C(C=C1)N,
MFFMDFFZMYYVKS,ok,152773755,C1C[N+]2=C(CN1C(=O)CC(CC3=CC(=C(C=C3F)F)F)N)NN=C2C(F)(F)F,
MFOCDFTXLCYLKU,ok,133686998,CC1C(OCCN1C)C2=CC=CC=C2,
MFWNKCLOYSRHCJ,ok,169490811,CN1C2CCCC1CC(C2)NC(=O)C3=NN(C4=CC=CC=C43)C,
MFYSYFVPBJMHGN,ok,177838070,CC12CCC(=O)C=C1CCC3C2C(=O)CC4(C3CCC4(C(=O)CO)O)C,
MFZOSKPPVCIFMT,ok,76974323,C#CCN1C(=O)CN=C(C2=C1C=CC(=C2)Cl)C3=CC=CC=C3,
MGNNYOODZCAHBA,ok,172012122,CC1CC2C3CC(C4=CC(=O)C=CC4(C3(C(CC2(C1(C(=O)SCF)O)C)O)F)C)F,
MGQRRMONVLMKJL,ok,163064403,CC1C(C(C(C(O1)OC2C(OC(C(C2(C)O)O)C)OC3=CC=CC4=C3C5=C6C7=C(C=CC(=C7C(=O)O5)C)OC(=O)C6=C4O)N)OC)O,
MGSRCZKZVOBKFT,ok,177942382,CC1=CC(=C(C=C1)C(C)C)O,
MHAJPDPJQMAIIY,ok,140676596,OO,
MHIGBKBJSQVXNH,failed,,,no_cid
MHPZZZZLAQGTHT,ok,54158,CC1=CC(=C(C(=C1NC(=O)CN(CC(=O)O)CC(=O)O)C)Br)C,
MHWLWQUZZRMNGJ,ok,139097676,CCN1C=C(C(=O)C2=C1[NH+]=C(C=C2)C)C(=O)O,
MIJFNYMSCFYZNY,ok,137316197,CCCC1=CN(C2=C1N=C(NC2=O)C3=C(C=CC(=C3)S(=O)(=O)N4CCN(CC4)CCO)OCCC)CC,
MINDHVHHQZYEEK,ok,178878317,CC(C1C(O1)CC2COC(C(C2O)O)CC(=CC(=O)OCCCCCCCCC(=O)O)C)C(C)O,
MIQPIUSUKVNLNT,ok,131708780,CC1=CC=C(C=C1)C(=O)C2=CC(=C(C(=C2)O)O)[N+](=O)[O-],
MIRHIEAGDGUXKL,ok,9661,C#CCC1(CCCCC1)OC(=O)N,
MITFXPHMIHQXPI,ok,131699034,CC(C1=CC2=C(C=C1)OC(=N2)C3=CC=C(C=C3)Cl)C(=O)O,
MIWWSGDADVMLTG,ok,56851283,CN1C(=CN=C1COC2=CC=C(C=C2)SC)[N+](=O)[O-],
MIZMDSVSLSIMSC,ok,177678940,CC(C)C1C(=O)OC(C(=O)N(C(C(=O)OC(C(=O)N(C(C(=O)OC(C(=O)N1C)C(C)C)C(C)C)C)C(C)C)C(C)C)C)C(C)C,
MJFJKKXQDNNUJF,ok,169444007,CN1CCCC(C1)CC2C3=CC=CC=C3SC4=CC=CC=C24,
MJIHNNLFOKEZEW,ok,136652595,CC1=C(C=CN=C1CS(=O)C2=NC3=CC=CC=C3N2)OCC(F)(F)F,
MJJALKDDGIKVBE,ok,163774674,CC(C)(C)C1=CC=C(C=C1)C(=[OH+])CCCN2CCC(CC2)OC(C3=CC=CC=C3)C4=CC=CC=C4,
MJQUEDHRCUIRLF,ok,178869825,CCCC=CC=CC(=O)OC1C(=CC(=O)OC)CC2CC(OC(=O)CC(CC3CC(C(C(O3)(CC4CC(=CC(=O)OC)CC(O4)C=CC(C1(O2)O)(C)C)O)(C)C)OC(=O)C)O)C(C)O,
MJRPHRMGEKCADU,ok,168312359,CN1CCC23C(C1)C(CC(=O)N2)C4=C(O3)C=CC(=C4)Cl,
MJUVRTYWUMPBTR,ok,173640840,CC(C)(CO)C1=CC2=CC(=C(C=C2N1CC(CO)O)F)NC(=O)C3(CC3)C4=CC5=C(C=C4)OC(O5)(F)F,
MJVAVZPDRWSRRC,ok,171380932,CC1=CC(=O)C2=CC=CC=C2C1=O,
MKELYWOVSPVORM,ok,71307002,CCC1(C(=O)NC(=O)NC1=O)C2=CC3CCC(C3)C2,
MKJIEFSOBYUXJB,ok,170997460,CC(C)CC1CN2CCC3=CC(=C(C=C3C2CC1=O)OC)OC,
MKKYBZZTJQGVCD,ok,176487380,C1CC(C(OC1CN)OC2C(CC(C(C2O)OC3C(C(C(C(O3)CO)O)N)O)NC(=O)C(CCN)O)N)N,
MKMPWKUAHLTIBJ,ok,169445079,CS(=O)(=O)N1C=C2CN(CC2=N1)C3CC(C(OC3)C4=C(C=CC(=C4)F)F)N,
MKPDWECBUAZOHP,ok,171042382,CC1CC2C3CC(C4=CC(=O)C=CC4(C3C(CC2(C1(C(=O)CO)O)C)O)C)F,
MKPLKVHSHYCHOC,ok,162641960,CC(C)OC(=O)CCCC=CCC1C(CC(C1C=CC(COC2=CC=CC(=C2)C(F)(F)F)O)O)O,
MKUXAQIIEYXACX,ok,140656980,C1=NC2=C(N1COCCO)N=C(N=C2[O-])N,
MKXKFYHWDHIYRV,ok,177555877,CC(C)C(=O)NC1=CC(=C(C=C1)[N+](=O)[O-])C(F)(F)F,
MKXZASYAUGDDCJ,ok,175895558,CN1CCC23CCCCC2C1CC4=C3C=C(C=C4)OC,
MLBVMOWEQCZNCC,ok,154532927,CC(C)CN(CC(C(CC1=CC=CC=C1)NC(=O)OC2CCOC2)OP(=O)(O)[O-])S(=O)(=O)C3=CC=C(C=C3)N,
MLDQJTXFUGDVEO,ok,143452348,CNC(=O)C1=[NH+]C=CC(=C1)OC2=CC=C(C=C2)NC(=O)NC3=CC(=C(C=C3)Cl)C(F)(F)F,
MLFKVJCWGUZWNV,ok,90657278,C(C(C(=O)[O-])[NH3+])N(N=O)O,
MLKXDPUZXIRXEP,ok,164888826,CC1=C(C2=C(C1=CC3=CC=C(C=C3)S(=O)C)C=CC(=C2)F)CC(=O)O,
MLSQGNCUYAMAHD,ok,178269196,CC1(CC1)S(=O)(=O)NC(=O)C2(CC2C(F)F)NC(=O)C3CC4CN3C(=O)C(NC(=O)OC5CCCC5OCC=CC(C6=NC7=CC=CC=C7N=C6O4)(F)F)C(C)(C)C,
MLYYVTUWGNIJIB,ok,133634306,CC1=NN=C(S1)SCC2=C(N3C(C(C3=O)NC(=O)CN4C=NN=N4)SC2)C(=O)O,
MNDBXUUTURYVHR,ok,178874000,C1CC1COC2=C(C=CC(=C2)C(=O)NC3=C(C=NC=C3Cl)Cl)OC(F)F,
MNIPYSSQXLZQLJ,ok,177834496,C1=CC=C(C(=C1)CC(=O)OCC(=O)O)NC2=C(C=CC=C2Cl)Cl,
MNJVRJDLRVPLFE,ok,169440330,CC1=NC=C(C=C1)C2=C(C=C(C=N2)Cl)C3=CC=C(C=C3)S(=O)(=O)C,
MNSQDVCVWNXBFQ,ok,21788,C1CCC(CC1)C2(CCCCC2)C(=O)OCCN3CCCCC3,
MOTJMGVDPWRKOC,ok,178245919,CCCCN(CCCC)C(=O)CN1CC(C(C1C2=CC=C(C=C2)OC)C(=O)O)C3=CC4=C(C=C3)OCO4,
MOVRKLZUVNCBIP,ok,162667060,CC(=O)OCC(=O)C1(CCC2C1(CC(=O)C3C2CCC4=CC(=O)C=CC34C)C)O,
MOYGZHXDRJNJEP,ok,119057346,CC(C)(C)C1=CC=C(C=C1)CN2CCN(CC2)C(C3=CC=CC=C3)C4=CC=C(C=C4)Cl,
MOYKHGMNXAOIAT,ok,133688603,C1C(C2C(O1)C(CO2)O[N+](=O)[O-])O[N+](=O)[O-],
MPBVHIBUJCELCL,ok,171921333,CCCCCN(C)CCC(O)(P(=O)(O)O)P(=O)(O)O,
MPGBPFMOOXKQRX,ok,162640450,CC(C)NCC(COC1=CC=CC2=C1C=CC2)O,
MQJKPEGWNLWLTK,ok,139244685,C1=CC(=CC=C1[NH3+])S(=O)(=O)C2=CC=C(C=C2)[NH3+],
MQLRYUCJDNBWMV,ok,12799850,CC1=C(N2C(C(C2=O)NC(=O)C(=NOC)C3=CSC(=N3)N)SC1)C(=O)O,
MQOBSOSZFYZQOK,ok,131708940,CC(C)(C(=O)O)OC1=CC=C(C=C1)C(=O)C2=CC=C(C=C2)Cl,
MQQNFDZXWVTQEH,ok,176478371,C1=CC(=CC=C1C(=O)OC2=CC3=C(C=C2)C=C(C=C3)C(=N)N)N=C(N)N,
MQTOSJVFKKJCRP,ok,178253660,CCC1C(C(C(N(CC(CC(C(C(C(C(C(=O)O1)C)OC2CC(C(C(O2)C)O)(C)OC)C)OC3C(C(CC(O3)C)N(C)C)O)(C)O)C)C)C)O)(C)O,
MQZIGYBFDRPAKN,ok,177784439,CC1=C(C(CC(C1=O)O)(C)C)C=CC(=CC=CC(=CC=CC=C(C)C=CC=C(C)C=CC2=C(C(=O)C(CC2(C)C)O)C)C)C,
MRBDMNSDAVCSSF,ok,177747046,CC1=CC=C(C=C1)N(CC2=NCCN2)C3=CC(=CC=C3)O,
MREBEPTUUMTTIA,ok,9571004,CN1CCN(CC1)CCCCN2C(=O)CN(C2=O)N=CC3=CC=C(O3)C4=CC=C(C=C4)Cl,
MRWQRJMESRRJJB,ok,159654961,CCCCCCN1C(=O)C2=C(N=CN2C)N(C1=O)C,
MRWXACSTFXYYMV,ok,169433161,C1=C2C(=NC=N1)N(C=N2)C3C(C(C(O3)CO)O)O,
MSHZHSPISPJWHW,ok,92257843,CC(=CCC1C(O1)(C)C2C(C(CCC23CO3)OC(=O)NC(=O)CCl)OC)C,
MSPRUJDUTKRMLM,ok,65709,CCN(CC)CCN1C2=CC=CC=C2N=C(C1=O)CC3=CC=C(C=C3)OC,
MSTNYGQPCMXVAQ,ok,162507939,C1C(NC2=C(N1)N=C(NC2=O)N)CNC3=CC=C(C=C3)C(=O)NC(CCC(=O)[O-])C(=O)O,
MSWZFWKMSRAUBD,ok,176375486,C(C1C(C(C(C(O1)O)N)O)O)O,
MSYKRHVOOPPJKU,ok,178877786,CCCC1CC(=O)N(C1)C(CC)C(=O)N,
MSYUMPGNGDNTIQ,ok,44445687,CC(CN1CCN(CC1)CCOCCO)CN2C3=CC=CC=C3SC4=CC=CC=C42,
MTCUAOILFDZKCO,ok,2968,C[N+](C)(C)CCCCCCCCCC[N+](C)(C)C,
MTMZZIPTQITGCY,ok,146158678,CC12CC(C3C(C1CCC2(C#C)O)CCC4=C3C=CC(=C4)O)OC,
MTZBBNMLMNBNJL,ok,131699038,CC1=C(C(=CC=C1)C)NC(=O)C2=CC(=C(C=C2O)Cl)S(=O)(=O)N,
MUBZPKHOEPUJKR,ok,173323775,[H+].C(=O)(C(=O)[O-])O,
MUCZHBLJLSDCSD,ok,5936,CC(C)OP(=O)(OC(C)C)F,
MUGXRYIUWFITCP,ok,124652777,CC1=NC(=NC=C1OCC2(CC2C(=O)NC3=NC=C(C=C3)F)C4=CC(=CC=C4)F)C,
MUMGGOZAMZWBJJ,ok,151132319,CC12CCC3C(C1CCC2O)CCC4=CC(=O)CCC34C,
MUQNGPZZQDCDFT,ok,144532400,CC1(OC2CC3C4CCC5=CC(=O)CCC5(C4(C(CC3(C2(O1)C(=O)CCl)C)O)F)C)C,
MUQUYTSLDVKIOF,ok,172438594,C=CC[N+]12CCC34C1CC(C(=CCO)C2)C5=CN6C7C(=CN(C53)C8=CC=CC=C48)C9CC1C7(CC[N+]1(CC9=CCO)CC=C)C1=CC=CC=C16,
MUTBJZVSRNUIHA,ok,10309899,C1CN(CCN1C2=NC=C(C=N2)C(=O)NO)S(=O)(=O)C3=CC4=CC=CC=C4C=C3,
MUXFZBHBYYYLTH,ok,163322539,CC(C1=CC2=C(C=C1)SC3=CC=CC=C3C(=O)C2)C(=O)O,
MVDXXGIBARMXSA,ok,159680631,C1CC2=C(C=CC(=C2)CC3C(=O)N=C(S3)[O-])OC1CC4=CC=CC=C4,
MVFGUOIZUNYYSO,ok,163322490,CCCNC(C)C(=O)NC1=CC=CC=C1C,
MVGSNCBCUWPVDA,ok,178875934,CC1=C(C2=C(C1=CC3=CC=C(C=C3)S(=O)(=O)C)C=CC(=C2)F)CC(=O)O,
MVGWUTBTXDYMND,ok,176488702,C1CCC(C1)C2=C(C=C(C=C2)COC3=CC4=C(C=C3)NC5=C4CCC5CC(=O)O)C(F)(F)F,
MVMQESMQSYOVGV,ok,169438721,CC(C1=CC=CC=N1)C2=C(CC3=CC=CC=C32)CCN(C)C,
MVQVNTPHUGQQHK,ok,175832432,C1=CC(=CN=C1)CO,
MVRHVFSOIWFBTE,ok,168007096,CC1CC(N(C1)C2=C(C=CC(=N2)N3C=CC(=N3)OCC(C)(C)C(F)(F)F)C(=O)NS(=O)(=O)C4=CN(N=C4C)C)(C)C,
MVWVFYHBGMAFLY,ok,57607875,C1CN(CCN1CCC2=C(C=C3C(=C2)CC(=O)N3)Cl)C4=NSC5=CC=CC=C54,
MWKYMZXCGYXLPL,ok,172009742,CCC(=O)N1CCC(C1)NC2=NC=NC3=C2CN(CC3)C4=CC(=C(N=C4)OC)C(F)(F)F,
MWLSOWXNZPKENC,ok,171391642,CC(C1=CC2=CC=CC=C2S1)N(C(=O)N)O,
MWQCHHACWWAQLJ,ok,76974324,C1CC1CN2C(=O)CN=C(C3=C2C=CC(=C3)Cl)C4=CC=CC=C4,
MWTBKTRZPHJQLH,ok,71313027,CN1CCC(=C2C3=CC=CC=C3CCN4C2=NC=C4C=O)CC1,
MWUXSHHQAYIFBG,ok,71310107,[N]=O,
MXAYKZJJDUDWDS,ok,175703803,B(C(CC(C)C)NC(=O)CNC(=O)C1=C(C=CC(=C1)Cl)Cl)(O)O,
MXFWWQICDIZSOA,ok,57369388,CC(C)(C)NCC(COC1=CC=C(C=C1)NC(=O)NC2CCCCC2)O,
MXHODDGKGSGCDI,ok,71317253,C1CCN(C1)CCN(CC2=CC=CC=C2)C3=CC=CC=C3,
MXJWRABVEGLYDG,ok,2466,CCCCOC1=CC=C(C=C1)CC(=O)NO,
MXPOCMVWFLDDLZ,ok,101847922,CN1C(=C(C2=C1C(=O)C=C(C2=O)N3CC3)CO)C=CCO,
MXUNKHLAEDCYJL,ok,13753599,CC1=CC(=CC=C1)N2CC(OC2=O)CO,
MXWHMTNPTTVWDM,ok,176528393,CC(=NNC(=N)N)C=NN=C(N)N,
MXXWOMGUGJBKIW,ok,171034090,C1CCN(CC1)C(=O)C=CC=CC2=CC3=C(C=C2)OCO3,
MXYUKLILVYORSK,ok,89060558,CN1C(CCCC1CC(=O)C2=CC=CC=C2)CC(C3=CC=CC=C3)O,
MYEJFUXQJGHEQK,ok,172873990,CC1C(C(C(C(O1)OC2CCC3(C4CCC5(C(CCC5(C4CCC3=C2)O)C6=COC(=O)C=C6)C)C)O)O)O,
MYMLCRQRXFRQGP,ok,177693288,CC(=CCCC(=CCCC(=CCSP(=O)(O)OP(=O)(O)O)C)C)C,
MYPYJXKWCTUITO,ok,178878988,CC1C(C(CC(O1)OC2C(C(C(OC2OC3=C4C=C5C=C3OC6=C(C=C(C=C6)C(C(C(=O)NC(C(=O)NC5C(=O)NC7C8=CC(=C(C=C8)O)C9=C(C=C(C=C9O)O)C(NC(=O)C(C(C1=CC(=C(O4)C=C1)Cl)O)NC7=O)C(=O)O)CC(=O)N)NC(=O)C(CC(C)C)NC)O)Cl)CO)O)O)(C)N)O,
MYSWGUAQZAJSOK,ok,177841439,C1CC1N2C=C(C(=O)C3=CC(=C(C=C32)N4CCNCC4)F)C(=O)O,
MYWUZJCMWCOHBA,ok,176101761,CC(CC1=CC=CC=C1)NC,
MYYIMZRZXIQBGI,ok,172873985,CC12CC(C3C(C1CCC2(C(=O)CO)O)CC(C4=CC(=O)C=CC34C)F)O,
MZBLZLWXUBZHSL,ok,177802141,CCC1C2CN(C1C(=O)NC3(CC3C(F)F)C(=O)NS(=O)(=O)C4(CC4)C)C(=O)C(NC(=O)OC5CC5CCCCC(C6=NC7=C(C=C(C=C7)OC)N=C6O2)(F)F)C(C)(C)C,
MZOITCJKGUIQEI,ok,11961293,CC(C)C1=NC2=C(C=CC=C2N1)C(=O)NCC3CCN(CC3)CC4CCN(CC4)C(=O)OC,
NASXCEITKQITLD,ok,71316782,C1=CC=C2C(=C1)C(=O)C(C2=O)C3=CC=C(C=C3)F,
NAUWTFJOPJWYOT,ok,56927922,C1C[NH+](CC[NH+]1CCCC2=CC=CC=C2)CCOC(C3=CC=C(C=C3)F)C4=CC=C(C=C4)F,
NAVMQTYZDKMPEU,ok,170653108,CC1=CC2=C(C=C1C(=C)C3=CC=C(C=C3)C(=O)O)C(CCC2(C)C)(C)C,
NBGABHGMJVIVBW,ok,178875552,CC1=C(C=CC2=C1N=C(N2)C3(CCCN3C(=O)C4=C(C=CC(=C4)OC)N5N=CC=N5)C)Cl,
NBIIXXVUZAFLBC,ok,177723195,OP(=O)(O)O,
NBOMNTLFRHMDEZ,ok,135532928,C1=CC=C(C(=C1)C(=O)O)[S-],
NBPVNGWRLGHULH,ok,163320816,CCC(CC)C(=O)OCOC(=O)C1=C(SC2N1C(=O)C2C(C)O)SC3CCS(=O)C3,
NBQKINXMPLXUET,ok,46782770,C1=CC=C(C=C1)CCCCOC2=CC=C(C=C2)C(=O)NC3=CC=CC4=C3OC(=CC4=O)C5=NNN=N5,
NBQNWMBBSKPBAY,ok,6604448,CC(=O)N(CC(CN(C1=C(C(=C(C(=C1I)C(=O)NCC(CO)O)I)C(=O)NCC(CO)O)I)C(=O)C)O)C2=C(C(=C(C(=C2I)C(=O)NCC(CO)O)I)C(=O)NCC(CO)O)I,
NBRBXGKOEOGLOI,ok,163323564,CC(C)(C)C1=CC(=CC(=C1OC)C2=CC3=C(C=C2)C=C(C=C3)NS(=O)(=O)C)N4C=CC(=O)NC4=O,
NCDNCNXCDXHOMX,ok,177926840,CC(C)C1=NC(=CS1)CN(C)C(=O)NC(C(C)C)C(=O)NC(CC2=CC=CC=C2)CC(C(CC3=CC=CC=C3)NC(=O)OCC4=CN=CS4)O,
NCEXYHBECQHGNR,ok,137184395,C1=CC=NC(=C1)NS(=O)(=O)C2=CC=C(C=C2)N=NC3=CC(=C(C=C3)O)C(=O)O,
NCNFDKWULDWJDS,ok,142137237,CC1=NC=CN1CC2CCC3=C(C2=O)C4=CC=CC5=C4[NH+]3CCC5,
NCNRHFGMJRPRSK,ok,169433993,C1=CC=C(C=C1)NS(=O)(=O)C2=CC=CC(=C2)C=CC(=O)NO,
NCUCGYYHUFIYNU,ok,29935069,CC1=C(C(C(=C(N1)C)C(=O)OCC(=O)C)C2=CC=CC=C2[N+](=O)[O-])C(=O)OC,
NCWZOASIUQVOFA,ok,91448965,CNC1=CC=C(C=C1)C=CC2=CC=C(C=C2)OCCOCCOCCF,
NCXMLFZGDNKEPB,ok,456862,CC1CC=CC=CC=CC=CC(CC2C(C(CC(O2)(CC(CC3C(O3)C=CC(=O)O1)O)O)O)C(=O)O)OC4C(C(C(C(O4)C)O)N)O,
NDAUXUAQIAJITI,ok,175932033,CC(C)(C)NCC(C1=CC(=C(C=C1)O)CO)O,
NDAYQJDHGXTBJL,ok,170843003,CC(C)CC(C(=NC(C)C(=NC(C(C)C)C(=NC(C(C)C)C(=NC(C(C)C)C(=NC(CC1=CNC2=CC=CC=C21)C(=NC(CC(C)C)C(=NC(CC3=CNC4=CC=CC=C43)C(=NC(CC(C)C)C(=NC(CC5=CNC6=CC=CC=C65)C(=NC(CC(C)C)C(=NC(CC7=CNC8=CC=CC=C87)C(=NCCO)O)O)O)O)O)O)O)O)O)O)O)O)N=C(CN=C(C(C(C)C)N=CO)O)O,
NDCUAPJVLWFHHB,ok,175767266,C1CC(N2CC1N(C2=O)OS(=O)(=O)O)C(=O)N,
NDDAHWYSQHTHNT,ok,171922006,CC1CC2=CC=CC=C2N1NC(=O)C3=CC(=C(C=C3)Cl)S(=O)(=O)[NH3+],
NDTSRXAMMQDVSW,ok,2343,C1=CC=C(C=C1)CSCC2=NS(=O)(=O)C3=CC(=C(C=C3N2)Cl)S(=O)(=O)N,
NDTYTMIUWGWIMO,ok,178416991,CC(=C)C1CCC(=CC1)CO,
NEGYEDYHPHMHGK,ok,168499401,CC(CC1=CC=C(C=C1)OC)N,
NEJVQQBBTRFOHB,ok,162898178,COC1=C(C=CC(=C1)C=CC(=O)CC(=O)C=CC2=CC(=C(C=C2)OS(=O)(=O)[O-])OC)O,
NEMGRZFTLSKBAP,ok,169446650,CC(C(=O)N)NCC1=CC=C(C=C1)OCC2=CC(=CC=C2)F,
NEMLPWNINZELKP,ok,76957899,CC[N+](C)(CC)CCOC(=O)C(C1CCCC1)(C2=CC=CS2)O,
NENBAISIHCWPKP,ok,71314921,C1=CC(=C(C=C1S(=O)(=O)N)S(=O)(=O)N)Cl,
NEQYWYXGTJDAKR,ok,172990513,CC(C1=CC2=C(C=CC(=C2)Cl)NC1=O)NC3=CC=C(N(C3=O)C)C#N,
NETZHAKZCGBWSS,ok,12898402,C1CC(C1)CN2CCC34C5C(CCC3(C2CC6=C4C(=C(C=C6)O)O5)O)O,
NFACJZMKEDPNKN,ok,124202788,COP(=O)(C(C(Cl)(Cl)Cl)O)OC,
NFBAXHOPROOJAW,ok,164682141,C1=CC=C(C=C1)C2C(=O)C3=CC=CC=C3C2=O,
NFDFQCUYFHCNBW,ok,171714076,CC=C(C1=CC=C(C=C1)O)C(=CC)C2=CC=C(C=C2)O,
NFIXBCVWIPOYCD,ok,168006862,CCN(CC)CCOC1=CC=C(C=C1)CC2=CC=CC=C2,
NFLWUMRGJYTJIN,ok,178245528,C1CC(N(C1)C(=O)C2CSSCCC(=O)NC(C(=O)NC(C(=O)NC(C(=O)NC(C(=O)N2)CC(=O)N)CCC(=O)N)CC3=CC=CC=C3)CC4=CC=C(C=C4)O)C(=O)NC(CCCN=C(N)N)C(=O)NCC(=O)N,
NGBBVGZWCFBOGO,ok,168744413,CC(CC1=CC2=C(C=C1)OCO2)N,
NGBFQHCMQULJNZ,ok,143445987,CC1=CC(=CC=C1)NC2=C(C=[NH+]C=C2)S(=O)(=O)NC(=O)NC(C)C,
NGGMYCMLYOUNGM,ok,173514648,CC(=CCC1C(O1)(C)C2C(C(CCC23CO3)OC(=O)C=CC=CC=CC=CC(=O)O)OC)C,
NGHTXZCKLWZPGK,ok,162424475,CC1=C(C(=CC=C1)C)NC(=O)CN2CCCC2=O,
NGKZFDYBISXGGS,ok,71315454,CNCCC1=CC(=C(C=C1)O)O,
NGOGFTYYXHNFQH,ok,25271908,C1C[NH2+]CCN(C1)S(=O)(=O)C2=CC=CC3=C2C=CN=C3,
NHTGHBARYWONDQ,ok,169443960,CC(CC1=CC=C(C=C1)O)(C(=O)O)N,
NHTKGYOMICWFQZ,ok,173786043,CC(C(=O)OCC1=CC=CC=C1)NP(=O)(OCC2C(C(C(O2)N3C=CC(=NC3=O)N)(F)F)O)OC4=CC=CC=C4,
NHUHCSRWZMLRLA,ok,131668473,CC1=C(ON=C1C)NS(=O)(=O)C2=CC=C(C=C2)N,
NHXLMOGPVYXJNR,ok,177423651,CC(C1C(=O)NC(C(=O)NC(C(=O)NC(C(=O)NC(CSSCC(C(=O)NC(C(=O)NC(C(=O)NC(C(=O)NC(C(=O)NC(C(=O)NC(C(=O)N1)CCCCN)CC2=CNC3=CC=CC=C32)CC4=CC=CC=C4)CC5=CC=CC=C5)CC(=O)N)CCCCN)NC(=O)CNC(=O)C(C)N)C(=O)O)CO)C(C)O)CC6=CC=CC=C6)O,
NHZLNPMOSADWGC,ok,71752254,C1=CC=C2C(=C1)N=CC(=N2)NS(=O)(=O)C3=CC=C(C=C3)N,
NICJCIQSJJKZAH,ok,169442531,CC1=C(C2=C(C3(CC3)C(C(=O)C2=C1)(C)O)C)CO,
NIJJYAXOARWZEE,ok,176647846,CCCC(CCC)C(=O)[O-],
NIVZHWNOUVJHKV,ok,2368,CNC(=NC)NCC1=CC=CC=C1,
NJAGGYXZTILBMJ,ok,5487713,CC1=C(N(C2=CC=CC=[N+]12)N=NN3C4=CC=CC=[N+]4C(=C3C5=CC=CC=C5)C)C6=CC=CC=C6,
NJBFOOCLYDNZJN,ok,139024263,C1CN(CCN1C(=O)CCBr)C(=O)CCBr,
NJCJBUHJQLFDSW,ok,171395185,CN1CCN(CC1)C2=C(C=C3C4=C2SCCN4C=C(C3=O)C(=O)O)F,
NJDRXTDGYFKORP,ok,145624267,CC1C2=C(C[NH2+]1)C=C(C=C2)C3=C(C4=C(C=C3)C(=O)C(=CN4C5CC5)C(=O)O)OC(F)F,
NJDUWAXIURWWLN,ok,70846,C1=CC=C2C(=C1)C(=O)C(C2=O)C3=CC=C(C=C3)Cl,
NJMYODHXAKYRHW,ok,178186338,C1CN(CCN1CCC=C2C3=CC=CC=C3SC4=C2C=C(C=C4)C(F)(F)F)CCO,
NKANXQFJJICGDU,ok,16056487,CCC(=C(C1=CC=CC=C1)C2=CC=C(C=C2)OCCN(C)C)C3=CC=CC=C3,
NKHAVTQWNUWKEO,ok,177830844,COC(=O)C=CC(=O)O,
NLOOMWLTUVBWAW,ok,86308754,CC(=O)OCOC(=O)C1C(SC2N1C(=O)C2NC(=O)CC3=CC=CC=C3)(C)C,
NLPRAJRHRHZCQQ,ok,163809006,C1CC2C(CC1N2)C3=CN=C(C=C3)Cl,
NLVFBUXFDBBNBW,ok,176612034,C1C(C(C(C(C1N)OC2C(C(C(C(O2)CO)O)N)O)O)OC3C(CC(C(O3)CN)O)N)N,
NLYNIRQVMRLPIQ,ok,171669725,CCOC1C(C2CCC(C3C24C(O1)OC(CC3)(OO4)C)C)C,
NMCHYWGKBADVMK,ok,168475412,CC(CC1=CC=CC=C1)NCCN2C=NC3=C2C(=O)N(C(=O)N3C)C,
NMDYYWFGPIMTKO,ok,178858684,CCC12C=CCN3C1C4(CC3)C(C(C2OC(=O)C)(C(=O)OC)O)N(C5=CC(=C(C=C45)C6(CC7CC(CN(C7)CC8=C6NC9=CC=CC=C89)C(C)(F)F)C(=O)OC)OC)C,
NMKSAYKQLCHXDK,ok,38988561,CC(C1=CC=CC=C1)[NH2+]CCC(C2=CC=CC=C2)C3=CC=CC=C3,
NMUSYJAQQFHJEW,ok,174839629,[H+].C1=NC(=NC(=O)N1C2C(C(C(O2)CO)O)O)N,
NNACHAUCXXVJSP,ok,172676756,C1CCN(CC1)CCCOCCCC2=CC=C(C=C2)Cl,
NNAIYOXJNVGUOM,ok,156613062,CCNC(=O)N1CC[NH+](CC1)CCCC(C2=CC=C(C=C2)F)C3=CC=C(C=C3)F,
NNJPGOLRFBJNIW,ok,133687951,CNC1CCC2=CC(=C(C(=C2C3=CC=C(C(=O)C=C13)OC)OC)OC)OC,
NNJVILVZKWQKPM,ok,156612435,CCN(CC)CC(=O)NC1=C(C=CC=C1C)C,
NNQIJOYQWYKBOW,ok,154414678,CC1=C(N2C(C(C2=O)NC(=O)CCCC(C(=O)O)N)SC1)C(=O)O,
NNULBSISHYWZJU,ok,177833817,CON=C(C1=CSC(=N1)N)C(=O)NC2C3N(C2=O)C(=CCS3)C(=O)O,
NNYBQONXHNTVIJ,ok,164888819,CCC1=C2C(=CC=C1)C3=C(N2)C(OCC3)(CC)CC(=O)O,
NOCJXYPHIIZEHN,ok,71312428,CN1CCN(CC1)C2=C(C=C3C(=C2)N(C=C(C3=O)C(=O)O)C4=CC=C(C=C4)F)F,
NOIIUHRQUVNIDD,ok,4472,C1=CC=C(C=C1)CNC(=O)CCNNC(=O)C2=CC=NC=C2,
NONJJLVGHLVQQM,ok,177747027,CC(C(=O)NC1C2N(C1=O)C(C(S2)(C)C)C(=O)O)OC3=CC=CC=C3,
NOOCSNJCXJYGPE,ok,16212207,CC1=C(C=CC=C1NC2=C(C=CC=N2)C(=O)O)C(F)(F)F,
NOOLISFMXDJSKH,ok,176910943,CC1CCC(C(C1)O)C(C)C,
NOSIYYJFMPDDSA,ok,71312308,CC(=O)C1=CC2=C(C=C1)SC3=CC=CC=C3N2CCCN(C)C,
NOTGFIUVDGNKRI,ok,44560065,C1=NC(=C(N1C2C(C(C(O2)COP(=O)(O)O)O)O)N)C(=O)N,
NOTIQUSPUUHHEH,ok,134694147,CCC(=O)OC1CCC2C1(CCC3C2CCC4C3(CC(C(=O)C4)C)C)C,
NOYPYLRCIDNJJB,ok,46241952,CC1=C(C=CC2=C1C(=NC(=N2)N)N)CNC3=CC(=C(C(=C3)OC)OC)OC,
NOZIJMHMKORZBA,ok,176484507,CCCCCCOC(C)C1=CC=CC(=C1OC)C2=CSC(=N2)NC(=O)C3=CC(=C(C(=C3)Cl)C=C(C)C(=O)O)Cl,
NPAGDVCDWIYMMC,ok,177352943,CC12CCC3C(C1CCC2[OH2+])CCC4=CC(=O)CCC34,
NPEYATQABYMBPM,ok,5311267,O[Si](=O)O[Si](O)(O)O[Si](=O)O,
NPGNOVNWUSPMDP,ok,171391632,CC1(C(N2C(S1)C(C2=O)N=CN3CCCCCC3)C(=O)OCOC(=O)C(C)(C)C)C,
NPPQSCRMBWNHMW,ok,117065149,CCCC(C)(COC(=O)N)COC(=O)N,
NPRHVSBSZMAEIN,ok,169447341,CC[N+](CC)(CC)CCC(C1CCCCC1)(C2=CC=CC=C2)O,
NPTIPEQJIDTVKR,ok,135043321,C1CC2CN3CCNCC4=C3C(=CC=C4)C2C1,
NPUKDXXFDDZOKR,ok,176049695,CCOC(=O)C1=CN=CN1C(C)C2=CC=CC=C2,
NPYPAHLBTDXSSS,ok,156022698,[K+],
NQDJXKOVJZTUJA,ok,76973571,CC1=C2C(=NC=C1)N(C3=C(C=CC=N3)C(=O)N2)C4CC4,
NQHNLNLJPDMBFN,ok,169445011,CCCCCCCCOC1=CC=CC=C1C(=O)NC2=CC=C(C=C2)C(=O)OCC[N+](C)(CC)CC,
NQPDXQQQCQDHHW,ok,163322540,CSC1=NC2=CC(=C(C=C2N1)Cl)OC3=C(C(=CC=C3)Cl)Cl,
NQTRBZXDWMDXAQ,ok,6967852,C1=CC=C(C(=C1)C2=NC(C(=O)NC3=C2C=C(C=C3)Br)OC(=O)CCC(=O)[O-])Cl,
NRUKOCRGYNPUPR,ok,177832799,COC1=CC(=CC(=C1O)OC)C2C3C(COC3=O)C(C4=CC5=C(C=C24)OCO5)OC6C(C(C7C(O6)COC(O7)C8=CC=CS8)O)O,
NSFFHOGKXHRQEW,ok,177926836,CCC(C)C1C(=O)NC(C(=O)NC(=C)C(=O)NC(C(=O)NC23CCC(=NC2C4=CSC(=N4)C(C(OC(=O)C5=NC6=C(C=CC(C6O)N1)C(=C5)C(C)O)C)NC(=O)C7=CSC(=N7)C(NC(=O)C8CSC(=N8)C(=CC)NC(=O)C(NC(=O)C9=CSC3=N9)C(C)O)C(C)(C(C)O)O)C1=NC(=CS1)C(=O)NC(=C)C(=O)NC(=C)C(=O)N)C)C,
NSKGQURZWSPSBC,ok,165378036,C1C(C(C(C(C1N)OC2C(C(C(C(O2)CN)O)O)N)OC3C(C(C(O3)CO)O)O)O)N,
NSMXQKNUPPXBRG,ok,160591050,CC(CCCCN1C(=O)C2=C(N=CN2C)N(C1=O)C)O,
NSPHQWLKCGGCQR,ok,177832135,CC1C(=O)NC2CSSCC(C(=O)NC(C(=O)NC(C(=O)NC(CSSCC(NC(=O)CNC(=O)C(NC2=O)C(C)O)C(=O)NC(CC(C)C)C(=O)O)C(=O)NC(C(=O)NC(C(=O)NC(C(=O)N1)C(C)C)CC(=O)N)C(C)C)CC(C)C)CCC(=O)O)NC(=O)C(CCC(=O)O)NC(=O)C(CC(=O)O)NC(=O)C(CC(=O)N)N,
NSQNZEUFHPTJME,ok,142160320,C1=CC(=CC=C1C2=[N+](NC(=C2)C(F)(F)F)C3=CC=C(C=C3)S(=O)(=O)N)Cl,
NSQSAUGJQHDYNO,ok,163321990,CCN(C1CCOCC1)C2=CC(=CC(=C2C)C(=O)NCC3=C(C=C(NC3=O)C)C)C4=CC=C(C=C4)CN5CCOCC5,
NSTRIRCPWQHTIA,ok,176483030,CCC(C)C1C(=O)NC(C(=O)NC(C(=O)NC(CSCCCC(=O)NC(C(=O)N1)CC2=CC=C(C=C2)OC)C(=O)N3CCCC3C(=O)NC(CC(C)C)C(=O)NCC(=O)N)CC(=O)N)CCC(=O)N,
NSVFSAJIGAJDMR,ok,24848255,CC1=C(C(C(=C(N1)C)P2(=O)OCC(CO2)(C)C)C3=CC(=CC=C3)[N+](=O)[O-])C(=O)OCC[NH+](CC4=CC=CC=C4)C5=CC=CC=C5,
NTAHMPNXQOYXSX,ok,177506966,CCC(C(=O)NCC=CC=C(C)C(C(C)C1C(C(C(O1)C=CC=CC=C(C)C(=O)C2=C(C=CN(C2=O)C)O)O)O)OC)C3(C(C(C(C(O3)C=CC=CC)(C)C)O)O)O,
NTHPAPBPFQJABD,ok,163322175,CN1C=C(C2=CC=CC=C21)C(=O)C3CCC4=C(C3)NC=N4,
NTHXOOBQLCIOLC,ok,151255919,CC(=O)N(CC(CO)O)C1=C(C(=C(C(=C1I)C(=O)NCC(CO)O)I)C(=O)NCC(CO)O)I,
NTJOBXMMWNYJFB,ok,102210539,CCN1CCCC1CNC(=O)C2=CC(=C(C=C2OC)[NH3+])S(=O)(=O)CC,
NTTOTNSKUYCDAV,failed,,,no_cid
NTYJJOPFIAHURM,ok,177410928,C1=C(N=CN1)CCN,
NUKYPUAOHBNCPY,ok,176305773,C1=CN=CC=C1N,
NULMGOSOSZBEQL,ok,141629265,CCOC(=O)C(CC1=CC(=C(C=C1)O)O)N,
NUNIWXHYABYXKF,ok,162642033,CN(C)CCOC(C1=CC=CC=C1)C2=CC=C(C=C2)Br,
NVKAWKQGWWIWPM,ok,178668342,CC12CCC(=O)CC1CCC3C2CCC4(C3CCC4O)C,
NVOYVOBDTVTBDX,ok,146170510,CC[N+]1(C2CC(CC1C3C2O3)OC(=O)C(CO)C4=CC=CC=C4)C,
NVSWJKWHLUTHLP,ok,134518168,CC(CC1(C2=C(CCC3=C1C=CC(=C3)C(=O)N(C)C)C=C(C=C2)C(=O)N(C)C)C4=NNN=N4)NCC(=O)N5CCCC5C#N,
NWFOBODUYTUMNC,ok,171378440,CCC(CCC(C)C1CCC2C1(CCCC2=CC=C3CC(CC(C3=C)O)O)C)C(C)C,
NWGGKKGAFZIVBJ,ok,68723,C1CN(CCN1CCOC(=O)C2=CC=CC=C2NC3=C4C=CC(=CC4=NC=C3)C(F)(F)F)C5=CC=CC(=C5)C(F)(F)F,
NWIBSHFKIJFRCO,ok,176519915,CC1=C(C(=O)C2=C(C1=O)N3CC4C(C3(C2COC(=O)N)OC)N4)N,
NWIUTZDMDHAVTP,ok,177747004,CC(C)NCC(COC1=CC=C(C=C1)CCOCC2CC2)O,
NXFQHRVNIOXGAQ,ok,138396160,C1C(=O)NC(=O)N1N=CC2=CC=C(O2)[N+](=O)[O-],
NXQGEDVQXVTCDA,ok,16071605,CN(C)CCCOC1=CC2=C(NN=C2C=C1)S(=O)(=O)C3=CC=CC4=CC=CC=C43,
NXQKSXLFSAEQCZ,ok,168007103,CC1CN(CCN1C2=NC(=O)N(C3=NC(=C(C=C32)F)C4=C(C=CC=C4F)O)C5=C(C=CN=C5C(C)C)C)C(=O)C=C,
NXWGWUVGUSFQJC,ok,163824037,CC1=CC2=C(N1)C=CC=C2OCC(C[NH2+]C(C)C)O,
NYKCGQQJNVPOLU,ok,146160026,CN(C1CCC2(CCCO2)CC1N3CCCC3)C(=O)CC4=CC(=C(C=C4)Cl)Cl,
NYMGNSNKLVNMIA,ok,162641981,CC(C)NNC(=O)C1=CC=NC=C1,
NYNZQNWKBKUAII,ok,156673888,C1CC(N(C1)C2=NC3=C(C=NN3C=C2)NC(=O)N4CCC(C4)O)C5=C(C=CC(=C5)F)F,
NYPYHUZRZVSYKL,ok,78442304,C1=C(C=C(C(=C1I)O)I)CC(C(=O)[O-])[NH3+],
NZASCBIBXNPDMH,ok,4994,CCC1(C(=O)C=CNC1=O)CC,
NZCRJKRKKOLAOJ,ok,177696984,CC1C=CC=C(C(=O)NC2=C(C3=C(C4=C(C(=C3O)C)OC(C4=O)(OC=CC(C(C(C(C(C(C1O)C)O)C)OC(=O)C)C)OC)C)C5=C2N6C=CC(=CC6=N5)C)O)C,
NZDASSHFKWDBBU,ok,139030235,CC1(C(N2C(S1)C(C2=O)NC(=O)C(C3=CC=CC=C3)C(=O)OC4=CC=CC=C4)C(=O)[O-])C,
NZHGWWWHIYHZNX,ok,175399601,COC1=C(C=C(C=C1)C=CC(=O)NC2=CC=CC=C2C(=O)O)OC,
NZLBHDRPUJLHCE,ok,169433677,CCN(CC)CCCN(C1CC2=CC=CC=C2C1)C3=CC=CC=C3,
NZLPWFTXPYJYSS,ok,148723043,C1CC(CCC1OP(=O)([O-])OCC(CN(CCN(CC(=O)O)CC(=O)[O-])CC(=O)O)N(CC(=O)[O-])CC(=O)[O-])(C2=CC=CC=C2)C3=CC=CC=C3,
NZUPCNDJBJXXRF,ok,162641933,CC(C[N+](C)(C)C)OC(=O)N,
NZWOPGCLSHLLPA,ok,177468720,CC(C[N+](C)(C)C)OC(=O)C,
NZXKDOXHBHYTKP,ok,162394212,CCC#CC(C)C1(C(=O)NC(=O)N(C1=O)C)CC=C,
OABRYNHZQBZDMG,ok,156758070,COC1=CC(=CC(=C1OC)C(=O)NCC2CCCN2CC=C)CCCF,
OBATZBGFDSVCJD,ok,175674826,CC1C(C(CC(O1)OC2CCC3(C(C2)CCC4C3CC(C5(C4(CCC5C6=CC(=O)OC6)O)C)O)C)O)OC7CC(C(C(O7)C)OC8CC(C(C(O8)C)OC9C(C(C(C(O9)CO)O)O)O)O)O,
OBKXEAXTFZPCHS,ok,153701212,C1=CC=C(C=C1)CCCC(=O)O,
OBMJQRLIQQTJLR,ok,175821932,CC1C(C(CC(O1)OC2CC(CC3=C2C(=C4C(=C3O)C(=O)C5=C(C4=O)C(=CC=C5)OC)O)(C(=NNC(=O)CCCCCN6C(=O)C=CC6=O)CO)O)N)O,
OBMNJSNZOWALQB,ok,173665697,CC(C)(C)C1C(=O)N2CC(CC2C(=O)NC3(CC3C=C)C(=O)NS(=O)(=O)C4CC4)OC5=NC6=C(C=CC(=C6)OC)N=C5CCCCCC7CC7OC(=O)N1,
OBSYBRPAKCASQB,ok,172432063,CC(=O)OC1CC(C2(CCC3C(=O)OC(CC3(C2C1=O)C)C4=COC=C4)C)C(=O)OC,
OBWASQILIWPZMG,ok,178246481,C1COCC1OC2=CC=C(C=C2)CC3=C(C=CC(=C3)C4C(C(C(C(O4)CO)O)O)O)Cl,
OCAPBUJLXMYKEJ,ok,177679261,C1=CC=C(C=C1)C2=CC=C(C=C2)C(C3=CC=CC=C3)N4C=CN=C4,
OCJYIGYOJCODJL,ok,135239545,CC1=CC(=CC=C1)CN2CCN(CC2)C(C3=CC=CC=C3)C4=CC=C(C=C4)Cl,
OCSOHUROTFFTFO,ok,76962037,C1=CC=C(C=C1)C(COC(=O)N)O,
OCUJLLGVOUDECM,ok,169438204,CC(C)(C)C(=O)OC1=C(C=C(C=C1)C(CNC)O)OC(=O)C(C)(C)C,
OCUKPFWNSAAHRP,ok,175763310,CC1(CCCN2C1C3=C(CC2)C4=CC=CC=C4O3)COC,
ODAIHABQVKJNIY,ok,29918933,CCCC(C(=O)O)NC(C)C(=O)N1C2CCCCC2CC1C(=O)O,
ODFHGIPNGIAMDK,ok,172012333,CC1(C(N2C(S1)C(C2=O)NC(=O)C(C3=CC=CC=C3)N=[N+]=[N-])C(=O)[O-])C,
ODKNJVUHOIMIIZ,ok,172419966,C1C(C(OC1N2C=C(C(=O)NC2=O)F)CO)O,
ODOISJJCWUVNDJ,ok,97038454,CS(=O)(=O)OCC(C(C(C(COS(=O)(=O)C)O)O)O)O,
ODQWQRRAPPTVAG,ok,171381874,CN(C)CCC=C1C2=CC=CC=C2COC3=CC=CC=C31,
ODZFJAXAEXQSKL,ok,177842785,CC(C)C(C)(C=CC(C)C1CCC2C1(CCCC2=CC=C3CC(CC(C3=C)O)O)C)O,
OEBRKCOSUFCWJD,ok,175898881,COP(=O)(OC)OC=C(Cl)Cl,
OEHAYUOVELTAPG,ok,71494886,CC(CC1=CC=CC=C1OC)NC,
OEHFRZLKGRKFAS,ok,65679,CN1C2=C(C3=CC=CC=C3S1(=O)=O)OC(=O)N(C2=O)C4=CC=CC=N4,
OEIYJWYTUDFZBH,ok,129010651,C1=CC=C(C=C1)COCC(C(=O)[O-])N(CCN(CCN(CC(=O)O)CC(=O)[O-])CC(=O)[O-])CC(=O)O,
OEKWJQXRCDYSHL,ok,156588218,CCCSC1=NC(=C2C(=N1)N(N=N2)C3CC(C(C3O)O)OCCO)NC4CC4C5=CC(=C(C=C5)F)F,
OELFLUMRDSZNSF,ok,89062617,CC(C)C1CCC(CC1)C(=O)NC(CC2=CC=CC=C2)C(=O)O,
OEXHQOGQTVQTAT,ok,177833510,CC(C)[N+]1(C2CCC1CC(C2)OC(=O)C(CO)C3=CC=CC=C3)C,
OEYIOHPDSNJKLS,ok,177911758,C[N+](C)(C)CCO,
OFBIFZUFASYYRE,ok,176723260,CCOC(=O)C1=C2CN(C(=O)C3=C(N2C=N1)C=CC(=C3)F)C,
OFCNXPDARWKPPY,ok,178876731,C1=NNC2=C1C(=O)NC=N2,
OFDNQWIFNXBECV,ok,171546000,CCC(C)C(C(CC(=O)N1CCCC1C(C(C)C(=O)NC(CC2=CC=CC=C2)C3=NC=CS3)OC)OC)N(C)C(=O)C(C(C)C)NC(=O)C(C(C)C)N(C)C,
OFEZSBMBBKLLBJ,ok,176531241,C1C(OC(C1O)N2C=NC3=C2N=CNC3=N)CO,
OFHCOWSQAMBJIW,ok,178248330,CC(C)CCCC(C)C1CCC2C1(CCCC2=CC=C3CC(CC(C3=C)O)O)C,
OFPXSFXSNFPTHF,ok,164888816,C1=CC=C(C=C1)C2=C(OC(=N2)CCC(=O)O)C3=CC=CC=C3,
OFVLGDICTFRJMM,failed,,,no_cid
OFYVIGTWSQPCLF,ok,98048538,CC1=CC=C(C=C1)C23CC2CNC3,
OFZCIYFFPZCNJE,ok,123700327,CCCC(C)(COC(=O)N)COC(=O)NC(C)C,
OFZJKCQENFPZBH,ok,171380912,C1CCC(CC1)N2CCN(CC2)C3=C(N=C(S3)NC(=O)C4=CC(=C(N=C4)N5CCC(CC5)C(=O)O)Cl)C6=CC(=CS6)Cl,
OGAKLTJNUQRZJU,ok,6973656,C1CC[NH+](CC1)CCCC(C2=CC=CC=C2)(C3=CC=CC=C3)O,
OGDVEMNWJVYAJL,ok,168356056,CCOC1=C2C3=C(CC4C5C3(CCN4C)C(O2)C(C=C5)O)C=C1,
OGHNVEJMJSYVRP,ok,169435750,COC1=CC=CC=C1OCCNCC(COC2=CC=CC3=C2C4=CC=CC=C4N3)O,
OGJPXUAPXNRGGI,ok,12053227,CCN1C=C(C(=O)C2=CC(=C(C=C21)N3CC[NH2+]CC3)F)C(=O)O,
OGPWIDANBSLJPC,ok,172874006,CC1CC2C3CC(C4=CC(=O)C=CC4(C3(C(CC2(C1C(=O)CO)C)O)F)C)F,
OGQICQVSFDPSEI,ok,169446751,CCOC(=O)C1=CN=C(C=C1)C#CC2=CC3=C(C=C2)SCCC3(C)C,
OGSBUKJUDHAQEA,ok,129629412,C#CCC(CC1=CN=C2C(=N1)C(=NC(=N2)N)N)C3=CC=C(C=C3)C(=O)NC(CCC(=O)O)C(=O)O,
OGSPWJRAVKPPFI,ok,136700193,C(CC(O)(P(=O)(O)O)P(=O)([O-])[O-])CN,
OGWKCGZFUXNPDA,ok,176763275,CCC1(CC2CC(C3=C(CCN(C2)C1)C4=CC=CC=C4N3)(C5=C(C=C6C(=C5)C78CCN9C7C(C=CC9)(C(C(C8N6C=O)(C(=O)OC)O)OC(=O)C)CC)OC)C(=O)OC)O,
OHKOGUYZJXTSFX,ok,171319511,CC1(C(N2C(S1)C(C2=O)NC(=O)C(C3=CSC=C3)C(=O)[O-])C(=O)[O-])C,
OHRURASPPZQGQM,ok,173068921,CC=C1C(=O)NC(C(=O)OC2CC(=O)NC(C(=O)NC(CSSCCC=C2)C(=O)N1)C(C)C)C(C)C,
OHXPGWPVLFPUSM,ok,178470491,CC(CCC(=O)O)C1CCC2C1(C(=O)CC3C2C(=O)CC4C3(CCC(=O)C4)C)C,
OIGNJSKKLXVSLS,ok,175674760,CC12CC(C3C(C1CCC2(C(=O)CO)O)CCC4=CC(=O)C=CC34C)O,
OIJXLIIMXHRJJH,ok,171035639,CC(C)(C1CC23CCC1(C4C25CCN(C3CC6=C5C(=C(C=C6)O)O4)CC7CC7)OC)O,
OINNEUNVOZHBOX,ok,177784391,CC(=CCCC(=CCCC(=CCCC(=CCOP(=O)(O)OP(=O)(O)O)C)C)C)C,
OIPILFWXSMYKGL,ok,177501169,CC(=O)OCC[N+](C)(C)C,
OIRCOABEOLEUMC,ok,176447260,CCC(C)C(C(=O)N1CCCC1C(=NC(CCC(=O)O)C(=NC(CCC(=O)O)C(=NC(CC2=CC=C(C=C2)O)C(=NC(CC(C)C)C(=O)O)O)O)O)O)N=C(C(CCC(=O)O)N=C(C(CCC(=O)O)N=C(C(CC3=CC=CC=C3)N=C(C(CC(=O)O)N=C(CN=C(C(CC(=N)O)N=C(CN=C(CN=C(CN=C(CN=C(C4CCCN4C(=O)C(CCCNC(=N)N)N=C(C5CCCN5C(=O)C(CC6=CC=CC=C6)N)O)O)O)O)O)O)O)O)O)O)O)O,
OIRDTQYFTABQOQ,ok,178185882,C1=NC(=C2C(=N1)N(C=N2)C3C(C(C(O3)CO)O)O)N,
OJFSXZCBGQGRNV,ok,45038550,CN(C)CCOC(C1=CC=C(C=C1)Cl)C2=CC=CC=N2,
OJLOPKGSLYJEMD,ok,12816578,CCCCC(C)(CC=CC1C(CC(=O)C1CCCCCCC(=O)OC)O)O,
OJMMVQQUTAEWLP,ok,178882619,CCCC1CC(N(C1)C)C(=O)NC(C2C(C(C(C(O2)SC)O)O)O)C(C)O,
OJZYRQPMEIEQFC,ok,177556736,CCCCC(C)CC(C=CC1C(CC(=O)C1CCCCC=CC(=O)O)O)O,
OKBVVJOGVLARMR,ok,124930437,C=CC1=C(N2C(C(C2=O)NC(=O)C(=NOCC(=O)O)C3=CSC(=N3)N)SC1)C(=O)O,
OKHAOBQKCCIRLO,ok,172653181,CC1=CC2C(CCC3(C2CC(=C)C3(C(=O)C)O)C)C4(C1=CC(=O)CC4)C,
OKJCFMUGMSVJBG,ok,171036675,CC12CCC3C(C1CCC2O)CCC4C3(C=CC(=O)C4)C,
OKJIRPAQVSHGFK,ok,170555166,CC(=O)NCC(=O)O,
OLAHOMJCDNXHFI,ok,177747021,CC(C)NCCN(C1=CC2=NC(=CN=C2C=C1)C3=CN(N=C3)C)C4=CC(=CC(=C4)OC)OC,
OLBCVFGFOZPWHH,ok,121465768,CC(C)C1=C(C(=CC=C1)C(C)C)O,
OLBWFRRUHYQABZ,ok,169435729,C1=CC=C(C(=C1)C(COC(=O)N)O)Cl,
OLNTVTPDXPETLC,ok,175168719,C1=CC(=CC=C1C2C(C(=O)N2C3=CC=C(C=C3)F)CCC(C4=CC=C(C=C4)F)O)O,
OLVCFLKTBJRLHI,ok,151347697,CN1C(=NN=N1)SCC2=C(N3C(C(C3=O)NC(=O)C(C4=CC=CC=C4)O)SC2)C(=O)O,
OMFXVFTZEKFJBZ,ok,51403806,CC12CCC(=O)C=C1CCC3C2C(CC4(C3CCC4C(=O)CO)C)O,
OMHBPUNFVFNHJK,ok,24763398,CC[N+](CC)(CCN=C(C(=NCC[N+](CC)(CC)CC1=CC=CC=C1Cl)[O-])[O-])CC2=CC=CC=C2Cl,
OMOMUFTZPTXCHP,ok,50924538,CCCC(CCC)C(=O)N,
OMZCMEYTWSXEPZ,ok,156414,C=CC(=O)NC1=C(C=C2C(=C1)C(=NC=N2)NC3=CC(=C(C=C3)F)Cl)OCCCN4CCOCC4,
ONIQOQHATWINJY,ok,162640796,COC1=CC2=C(C=CN=C2C=C1OC)OC3=CC=C(C=C3)NC(=O)C4(CC4)C(=O)NC5=CC=C(C=C5)F,
ONKUMRGIYFNPJW,ok,177829473,CC(=O)OC1CCC2C3CCC4(C(C3CCC2=C1)CCC4(C#C)OC(=O)C)C,
ONNOFKFOZAJDHT,ok,38988248,C1CC2=CC=CC=C2C(C3=CC=CC=C31)[NH2+]CCCCCCC(=O)[O-],
ONUMZHGUFYIKPM,ok,178253497,CCCCCCCCCCNCCNC1(CC(OC(C1O)C)OC2C(C(C(OC2OC3=C4C=C5C=C3OC6=C(C=C(C=C6)C(C(C(=O)NC(C(=O)NC5C(=O)NC7C8=CC(=C(C=C8)O)C9=C(C(=C(C=C9C(NC(=O)C(C(C1=CC(=C(O4)C=C1)Cl)O)NC7=O)C(=O)O)O)CNCP(=O)(O)O)O)CC(=O)N)NC(=O)C(CC(C)C)NC)O)Cl)CO)O)O)C,
ONWXNHPOAGOMTG,ok,5362,CCCCC1(C(=O)N(N(C1=O)C2=CC=CC=C2)C3=CC=CC=C3)COC(=O)CCC(=O)O,
OOBHFESNSZDWIU,ok,171323384,CC1C(OCCN1)C2=CC=CC=C2,
OOGJQPCLVADCPB,ok,163322471,CC1=CC(=C(C=C1)O)C(CCN(C(C)C)C(C)C)C2=CC=CC=C2,
OOUGLTULBSNHNF,ok,121320596,C1=CC=C(C(=C1)C2=NC(=NO2)C3=CC(=CC=C3)C(=O)O)F,
OPAHEYNNJWPQPX,ok,133687085,CC(C1=NC(=CS1)C2=CC=C(C=C2)C#N)C(CN3C=NC=N3)(C4=C(C=C(C=C4)F)F)O,
OPGSFDUODIJJGF,ok,177670676,CC1C=CC=CC=CC=CC=CC=CC=CC(CC(C(C(CC(=O)CC(CC(CC(CC(=O)CCCC(=O)CC(=O)OC1C(C)CC(C)C(CC(=O)C2=CC=C(C=C2)N)O)O)O)O)O)C(=O)O)O)OC3C(C(C(C(O3)C)O)N)O,
OPNPQXLQERQBBV,ok,6488,CCC(CC)(C(=O)NC(=O)N)Br,
OPYGFNJSCUDTBT,ok,127256290,CC1(C(N2C(S1)C(C2=O)NC(=O)C(C3=CC=CC=C3)N)C(=O)OCOC(=O)C4C(S(=O)(=O)C5N4C(=O)C5)(C)C)C,
OQDPVLVUJFGPGQ,ok,12804974,C1CN(CCN1CC2=CC3=C(C=C2)OCO3)C4=NC=CC=N4,
OQJBSDFFQWMKBQ,ok,71749638,CC(CN1C2=CC=CC=C2SC3=C1N=CC=C3)N(C)C,
OQJFBUOFGHPMSR,ok,60114244,C1=CC=NC(=C1)C(=O)C2=CN[N+]3=C(C=CN=C23)C4=CC=NC=C4,
ORFOPKXBNMVMKC,ok,176477249,CC(C)(C(=O)O)ON=C(C1=CSC(=N1)N)C(=O)NC2C3N(C2=O)C(=C(CS3)C[N+]4=CC=CC=C4)C(=O)[O-],
ORNBQBCIOKFOEO,ok,176777033,CC(=O)C1CCC2C1(CCC3C2CC=C4C3(CCC(C4)O)C)C,
OROAFUQRIXKEMV,ok,171042529,CCCCC1=NC=C(N1CC2=CC=C(C=C2)C(=O)O)C=C(CC3=CC=CS3)C(=O)O,
OROGSEYTTFOCAN,ok,176064444,CN1CCC23C4C1CC5=C2C(=C(C=C5)OC)OC3C(C=C4)O,
ORXDSIPBTFAEKJ,failed,,,no_cid
ORYDPOVDJJZGHQ,ok,136236424,C1=CC=C2C(=C1)[N+](=C(N=[N+]2[O-])N)[O-],
OSFCMRGOZNQUSW,ok,44475082,COC1=CC=CC2=C1NC3=C(C2=O)C=CC=C3C(=O)NC4=CC=C(C=C4)CCN5CCC6=CC(=C(C=C6C5)OC)OC,
OSVMTWJCGUFAOD,ok,172012980,CC12CCC(=O)C(=C1CCC3C2CCC4(C3CCC4=O)C)O,
OSWPMRLSEDHDFF,ok,177637119,COC(=O)C1=CC=CC=C1O,
OTBXOEAOVRKTNQ,ok,165435995,C1C2=C(C=CC(=C2Cl)Cl)N=C3N1CC(=O)N3,
OTVAEFIXJLOWRX,ok,171700735,CS(=O)(=O)C1=CC=C(C=C1)C(C(CO)NC(=O)C(Cl)Cl)O,
OUDSBRTVNLOZBN,ok,71752604,CC1=CC=C(C=C1)S(=O)(=O)NC(=O)NN2CCCCCC2,
OUGIDAPQYNCXRA,ok,2361,C1=CC=C(C=C1)C2=CC(=O)C3=C(O2)C=CC4=CC=CC=C43,
OUJTZYPIHDYQMC,ok,169433097,CC1=CC(=NC(=N1)OC(C(=O)O)C(C2=CC=CC=C2)(C3=CC=CC=C3)OC)C,
OUKYUETWWIPKQR,ok,173003015,CN1CCN(CC1)CCOC2=CC3=C(C(=C2)OC4CCOCC4)C(=NC=N3)NC5=C(C=CC6=C5OCO6)Cl,
OUPXSLGGCPUZJJ,ok,171351140,CC(C)CC(C(=O)NC(CCS(=O)(=O)C)C(=O)N)NC(=O)CN(C)C(=O)C(CC1=CC=CC=C1)NC(=O)C(CC2=CC=CC=C2)NC(=O)C(CCC(=O)N)NC(=O)C(CCC(=O)N)NC(=O)C3CCCN3C(=O)C(CCCCN)NC(=O)C4CCCN4C(=O)C(CCCN=C(N)N)N,
OUZWUKMCLIBBOG,ok,148838179,CCOC1=CC2=C(C=C1)N=C(S2)S(=O)(=O)[NH3+],
OVAHZPTYWMWNKO,ok,162930116,CCCCCCC(=O)OC1CCC2C1(CCC3C2CCC4=C3C=CC(=C4)OC(=O)CCCCCC)C,
OVBPIULPVIDEAO,ok,178068326,C1=CC(=CC=C1C(=O)NC(CCC(=O)O)C(=O)O)NCC2=CN=C3C(=N2)C(=O)NC(=N3)N,
OVCDSSHSILBFBN,ok,46780375,CCN(CC)CC1=C(C=CC(=C1)NC2=C3C=CC(=CC3=NC=C2)Cl)O,
OWBFCJROIKNMGD,ok,169446196,COC1=C(C=C(C=C1)CS(=O)(=O)C=CC2=C(C=C(C=C2OC)OC)OC)NCC(=O)O,
OWQUZNMMYNAXSL,ok,3668575,C[NH+]1CCC(CC1)OC(C2=CC=CC=C2)C3=CC=CC=C3,
OWWLUIWOFHMHOQ,ok,168322468,CC(=O)OC1CC2CCC3C(C2(CC1N4CC[N+](CC4)(C)C)C)CCC5(C3CC(C5OC(=O)C)N6CC[N+](CC6)(C)C)C,
OWYLAEYXIQKAOL,ok,76974400,COC1=CC(=C(C(=C1)OC)C(=O)CCCN2CCCC2)OC,
OXLZNBCNGJWPRV,ok,40468032,C1=CC(=C(C=C1C(CNCCCCCCNCC(C2=CC(=C(C=C2)O)O)O)O)O)O,
OYPPVKRFBIWMSX,ok,162640723,CN(C)CC=C(C1=CC=C(C=C1)Br)C2=CN=CC=C2,
OYPRJOBELJOOCE,ok,175671110,[Ca],
OYTKINVCDFNREN,ok,178969744,C1=CN=CC(=C1N)N,
OYVAGSVQBOHSSS,ok,178336357,CC1=C(N=C(N=C1N)C(CC(=O)N)NCC(C(=O)N)N)C(=O)NC(C(C2=CN=CN2)OC3C(C(C(C(O3)CO)O)O)OC4C(C(C(C(O4)CO)O)OC(=O)N)O)C(=O)NC(C)C(C(C)C(=O)NC(C(C)O)C(=O)NCCC5=NC(=CS5)C6=NC(=CS6)C(=O)NCCC[S+](C)C)O,
OYYDSUSKLWTMMQ,ok,129009608,C1CC[N+]2(C1)C3CCC2CC(C3)OC(=O)C(C4=CC=CC=C4)(C5=CC=CC=C5)O,
OZLPUNFFCJDMJD,ok,3450,CC[N+](CC)(CC)CCOC1=C(C(=CC=C1)OCC[N+](CC)(CC)CC)OCC[N+](CC)(CC)CC,
OZOMQRBLCMDCEG,ok,168310559,C1C(=O)NC(=O)N1N=CC2=CC=C(O2)C3=CC=C(C=C3)[N+](=O)[O-],
OZVBMTJYIDMWIL,ok,178856370,CC(C)CC1C(=O)N2CCCC2C3(N1C(=O)C(O3)(C(C)C)NC(=O)C4CN(C5CC6=C(NC7=CC=CC(=C67)C5=C4)Br)C)O,
OZWKMVRBQXNZKK,ok,172653240,C1CN2C(=CC=C2C(=O)C3=CC=CC=C3)C1C(=O)O,
OZYUPQUCAUTOBP,ok,169442899,C=CCN1CCC23CCCCC2C1CC4=C3C=C(C=C4)O,
PAEBIVWUMLRPSK,ok,177282079,CSCCNC1=C2C(=NC(=N1)SCCC(F)(F)F)N(C=N2)C3C(C(C(O3)COP(=O)([O-])OP(=O)(C(P(=O)([O-])[O-])(Cl)Cl)[O-])O)O,
PAFZNILMFXTMIY,ok,178856585,C1CCC(CC1)N,
PAJBBDCZSMDSFL,ok,3084726,C1=CC=C(C=C1)C2(C(=O)N(C(=O)N2)CCCC(C(=O)O)N)C3=CC=CC=C3,
PAJMKGZZBBTTOY,ok,52204037,CCCCCC(CCC1C(CC2C1CC3=C(C2)C(=CC=C3)OCC(=O)O)O)O,
PANKHBYNKQNAHN,ok,177784744,CC(=CC=CC=C(C)C=CC=C(C)C(=O)O)C=CC=C(C)C(=O)O,
PAYRUJLWNCNPSJ,ok,174458644,[H+].C1=CC=C(C=C1)N,
PAZJSJFMUHDSTF,ok,162642031,CC(C)NCC(COC1=CC=CC=C1CC=C)O,
PAZQYDJGLKSCSI,ok,10518,CCC1(C(=O)NC(=O)NC1=O)C2=CCCCCC2,
PBAPPPCECJKMCM,ok,119057342,C1=CC=C(C=C1)C(CNCCC2=CC=C(C=C2)NC(=O)CC3=CSC(=N3)N)O,
PBBGSZCBWVPOOL,ok,177352832,CCC(C1=CC=C(C=C1)[OH2+])C(CC)C2=CC=C(C=C2)O,
PBCZSGKMGDDXIJ,ok,166890143,CC12C(C(CC(O1)N3C4=CC=CC=C4C5=C6C(=C7C8=CC=CC=C8N2C7=C53)C(NC6=O)O)NC)OC,
PBHFNBQPZCRWQP,ok,169445790,CC12CCN(C1N(C3=C2C=C(C=C3)OC(=O)NC4=CC=CC=C4)C)C,
PBJUNZJWGZTSKL,ok,171391638,CC1=C(SC=C1)C(=CCCN2CCCC(C2)C(=O)O)C3=C(C=CS3)C,
PBKZPPIHUVSDNM,ok,172874698,CC12CCC(=O)C=C1C=CC3C2CCC4(C3CCC4(CCC(=O)O)O)C,
PBMSWVPMRUJMPE,ok,6992036,C1=CC=C(C(=C1)C(=O)NC2=CC=C(C=C2)S(=O)(=O)NC3=NC=CS3)C(=O)[O-],
PBUNVLRHZGSROC,ok,178878892,CC(C)CC1C(=O)N2CCCC2C3(N1C(=O)C(O3)(C(C)C)NC(=O)C4CC5C(CC6=CNC7=CC=CC5=C67)N(C4)C)O,
PBUUPFTVAPUWDE,ok,146160946,C1COP(=O)(NC1SCCS(=O)(=O)[O-])N(CCCl)CCCl,
PCHKPVIQAHNQLW,ok,175741918,C1CC(CNC1)C2=CC=C(C=C2)N3C=C4C=CC=C(C4=N3)C(=O)N,
PCJFRMOEZQQSAX,ok,57131607,CC12CCC3C4CCC(=CC4=CCC3C1CCC2(C#C)O)OC5CCCC5,
PCLITLDOTJTVDJ,ok,169436591,CC1=C(SC=N1)CCCl,
PCOBBVZJEWWZFR,ok,145676311,CCOC(=O)[NH2+]C1=C(C=C(C=C1)NCC2=CC=C(C=C2)F)N,
PCSWXVJAIHCTMO,ok,172653217,CC1=[N+](C2=CC=CC=C2C(=C1)N)CCCCCCCCCC[N+]3=C(C=C(C4=CC=CC=C43)N)C,
PCZOHLXUXFIOCF,ok,171666769,CCC(C)C(=O)OC1CC(C=C2C1C(C(C=C2)C)CCC3CC(CC(=O)O3)O)C,
PDGKHKMBHVFCMG,ok,177747006,CN1CCN(CC1)C2=CN=C(C=C2)NC3=NC=C4C=C5C(=O)NCC6(N5C4=N3)CCCCC6,
PDMMFKSKQVNJMI,ok,172990146,CCC(=O)OC1CCC2C1(CCC3C2CCC4=CC(=O)CCC34C)C,
PDRGHUMCVRDZLQ,ok,178874270,CC12CCC3=C(C1CCC2=O)C=CC4=C3C=CC(=C4)O,
PDWUPXJEEYOOTR,ok,151437836,C1=CC(=CC(=C1)I)CN=C(N)N,
PDYOTUCJOLELJU,ok,40467243,C[N+]1(CC(CC(=C(C2=CC=CS2)C3=CC=CS3)C1)OC)C,
PEDCQBHIVMGVHV,ok,175862201,C(C(CO)O)O,
PEMUGDMSUDYLHU,ok,165173784,CN1CCCC1COC2=NC3=C(CCN(C3)C4=CC=CC5=C4C(=CC=C5)Cl)C(=N2)N6CCN(C(C6)CC#N)C(=O)C(=C)F,
PENDGIOBPJLVBT,ok,171713819,CCC1C2(C(C(C(=O)C(CC(C(C(C(=O)C(C(=O)O1)C)C)OC3C(C(CC(O3)C)N(C)C)O)(C)OCC=CC4=CC5=CC=CC=C5N=C4)C)C)NC(=O)O2)C,
PEPMWUSGRKINHX,ok,142963369,CC1=CC(=O)C=C2C1(C3CCC4(C(C3CC2)CCC4=O)C)C,
PEUIVMLYMKXUBF,ok,46936307,CC(C(=O)NC(C)C(=O)O)NC(=O)C(CCC1=C(NC(SC1)C(C(=O)O)NC(=O)CC2=CC=CC=C2)C(=O)O)NC(=O)CCC(C(=O)O)NC(=O)C,
PEZPMAYDXJQYRV,ok,163863966,C1=CC(=C2C(=C1NCC[NH3+])C(=O)C3=C(C2=O)C=NC=C3)NCCN,
PFENFDGYVLAFBR,ok,5480,CCOC(=O)C1=C(SC2=C1CCN(C2)CC3=CC=CC=C3)N,
PFGVNLZDWRZPJW,ok,58620366,CC(C(CC1=CC(=CC=C1)C(=N)N)C(=O)OC)NC(=O)C2=CC=C(C=C2)C3=CC=[N+](C=C3)[O-],
PFGWGEPQIUAZME,ok,122173040,CC(C)C(C(=O)NC(CC1=CC=C(C=C1)O)C(=O)NC(C(C)C)C(=O)NC(CC2=CN=CN2)C(=O)N3CCCC3C(=O)NC(C)C(=O)O)NC(=O)C(CCCN=C(N)N)NC(=O)CNC,
PFNFFQXMRSDOHW,ok,175903723,C(CCNCCCN)CNCCCN,
PFOLLRNADZZWEX,ok,172435371,CCOC(=O)OC(C)OC(=O)C1C(SC2N1C(=O)C2NC(=O)C(C3=CC=CC=C3)N)(C)C,
PGBHMTALBVVCIT,ok,177833767,C1C(C(C(C(C1N)OC2C(C(C(C(O2)CN)O)O)N)OC3C(C(C(O3)CO)OC4C(C(C(C(O4)CN)O)O)N)O)O)N,
PGKXDIMONUAMFR,ok,25256630,CC(=O)NC1(CCN(CC1)CCC(CN(C)C(=O)C2=CC=CC=C2)C3=CC(=C(C=C3)Cl)Cl)C4=CC=CC=C4,
PGTVWKLGGCQMBR,ok,176777048,CC(=O)C1CCC2C1(CCC3C2CCC4C3(CCC(C4)(C)O)C)C,
PHEZJEYUWHETKO,ok,172676749,CC1=C(C2=C(C=CC(=C2)F)N=C1C3=CC=C(C=C3)C4=CC=CC=C4F)C(=O)O,
PHIQHXFUZVPYII,ok,177502611,C[N+](C)(C)CC(CC(=O)[O-])O,
PHLBKPHSAVXXEF,ok,71775997,C1CN(CC[NH+]1CCCN2C(=O)N3C=CC=CC3=N2)C4=CC(=CC=C4)Cl,
PHMBVCPLDPDESM,ok,165367997,CN1C2CCC1C(C(C2)O)C(=O)O,
PHOZOHFUXHPOCK,ok,153701002,CCC1C(=O)NC2(S1)CCN(CC2)C,
PHPUXYRXPHEJDF,ok,8269,CC(=O)OC1=CC=C(C=C1)C2(C3=CC=CC=C3NC2=O)C4=CC=C(C=C4)OC(=O)C,
PHTMLLGDZBZXMW,ok,21917770,CCN1C2CCC1CC(C2)OC(C3=CC=CC=C3)C4=CC=CC=C4,
PHTUQLWOUWZIMZ,ok,175675646,CN(C)CCC=C1C2=CC=CC=C2CSC3=CC=CC=C31,
PHVGLTMQBUFIQQ,ok,45040131,CNCCC=C1C2=CC=CC=C2CCC3=CC=CC=C31,
PHWBOXQYWZNQIN,ok,169447148,C1CN(CC2=C1SC=C2)CC3=CC=CC=C3Cl,
PHWXUGHIIBDVKD,ok,76973626,CC1=CC2=C(C=C1CC(=O)C3=C(C=CS3)S(=O)(=O)NC4=C(C(=NO4)C)Cl)OCO2,
PHXJVRSECIGDHY,ok,177747053,CC1=C(C=C(C=C1)C(=O)NC2=CC(=C(C=C2)CN3CCN(CC3)C)C(F)(F)F)C#CC4=CN=C5N4N=CC=C5,
PIBARDGJJAGJAJ,ok,138626523,CC1=NC=C(C=N1)C2=CC3=C(C=C2)N(N=C3C(=O)C)CC(=O)N4CC(CC4C(=O)NC5=NC(=CC=C5)Br)F,
PIDANAQULIKBQS,ok,176519899,CC1CC2C3CCC4=CC(=O)C=CC4(C3C(=O)CC2(C1(C(=O)CO)O)C)C,
PIDFDZJZLOTZTM,ok,169445080,CC(C)C(C(=O)N1CCCC1C(=O)NC2=CC=C(C=C2)C3CCC(N3C4=CC=C(C=C4)C(C)(C)C)C5=CC=C(C=C5)NC(=O)C6CCCN6C(=O)C(C(C)C)NC(=O)OC)NC(=O)OC,
PIDSZXPFGCURGN,ok,20405925,CC(C1=CC(=C(C=C1)N2CC=CC2)Cl)C(=O)[O-],
PIEUQSKUWLMALL,ok,176481328,CCCCCOC1=CC=C(C=C1)C2=CC(=NO2)C3=CC=C(C=C3)C(=O)NC4CC(C(NC(=O)C5C(C(CN5C(=O)C(NC(=O)C(NC(=O)C6CC(CN6C(=O)C(NC4=O)C(C)O)O)C(C(C7=CC(=C(C=C7)O)OS(=O)(=O)O)O)O)C(CC(=O)N)O)C)O)O)O,
PIJVFDBKTWXHHD,ok,146159232,CC12CCN(C1N(C3=C2C=C(C=C3)OC(=O)NC)C)C,
PIQCTGMSNWUMAF,ok,137248092,CN1CCN(CC1)C2=CC3=C(C=C2)N=C(N3)C4=C(C5=C(C=CC=C5F)NC4=O)N,
PIWKPBJCKXDKJR,ok,12877514,C(C(F)(F)F)(OC(F)F)Cl,
PJBFVWGQFLYWCB,ok,98055949,CCCN1C2=C(C(=O)N(C1=O)CCC)NC(=N2)C34CC5CC(C3)CC4C5,
PJDFLNIOAUIZSL,ok,119090946,C=CC(CCC(=O)O)N,
PJMPHNIQZUBGLI,ok,89108271,CCC(=O)N(C1CCN(CC1)CCC2=CC=CC=C2)C3=CC=CC=C3,
PJSFRIWCGOHTNF,ok,71752229,COC1=C(N=CN=C1OC)NS(=O)(=O)C2=CC=C(C=C2)N,
PJVWKTKQMONHTI,ok,177472038,CC(=O)CC(C1=CC=CC=C1)C2=C(C3=CC=CC=C3OC2=O)O,
PJWPNDMDCLXCOM,ok,40479658,CN1CCCCC1CCC2=CC=CC=C2NC(=O)C3=CC=C(C=C3)OC,
PKVRCIRHQMSYJX,ok,173965140,CC1=CC2=C(C3C4C5C6=C(C(=C7C(=C6C(N4C(C(C2)N3C)O)COC(=O)C8(CS5)C9=CC(=C(C=C9CCN8)O)OC)OCO7)C)OC(=O)C)C(=C1OC)O,
PKWDZWYVIHVNKS,ok,163871097,C1=CC=C(C(=C1)C[OH+]C2=CC3=C(C=C2)C=C(C=C3)CC4C(=O)NC(=O)S4)F,
PLDUPXSUYLZYBN,ok,177746993,C1CN(CCN1CCCN2C3=CC=CC=C3SC4=C2C=C(C=C4)C(F)(F)F)CCO,
PLHJCIYEEKOWNM,ok,159324,CN1C=NC=C1C(C2=CC=C(C=C2)Cl)(C3=CC4=C(C=C3)N(C(=O)C=C4C5=CC(=CC=C5)Cl)C)N,
PLHJDBGFXBMTGZ,ok,57369497,C1COC(=O)N1N=CC2=CC=C(O2)[N+](=O)[O-],
PLIGPBGDXASWPX,ok,21722,CN(C)CCCN1C2=C(CCCCCC2)C3=CC=CC=C31,
PLIUCYCUYQIBDZ,ok,168300445,CC1=C(C(CCC1=O)(C)C)C=CC(=CC=CC(=CCO)C)C,
PLIVFNIUGLLCEK,ok,53312106,COC1=C(C=C2C(=C1)N=CN=C2NC3=CC=CC(=C3)C#C)OCCCCCCC(=O)NO,
PMATZTZNYRCHOR,ok,178255745,CCC1C(=O)N(CC(=O)N(C(C(=O)NC(C(=O)N(C(C(=O)NC(C(=O)NC(C(=O)N(C(C(=O)N(C(C(=O)N(C(C(=O)N(C(C(=O)N1)C(C(C)CC=CC)O)C)C(C)C)C)CC(C)C)C)CC(C)C)C)C)C)CC(C)C)C)C(C)C)CC(C)C)C)C,
PMKMNTBZJOXTJW,ok,46861612,C1CN(CCN1CCCCOC2=CC3=C(C=C2)OCC(=O)N3)C4=C(C(=CC=C4)Cl)Cl,
PMOWTIHVNWZYFI,ok,172677261,C1=CC=C(C(=C1)C=CC(=O)O)O,
PMRYVIKBURPHAH,ok,138396084,CN1C=CNC1=S,
PMTSPAGBAFCORP,ok,168318627,CC1C(C(C(C(O1)OC2CCC3(C(C2)CCC4C3CCC5(C4(CCC5C6=CC(=O)OC6)O)C)C=O)O)OC)O,
PMXMIIMHBWHSKN,ok,131708763,CC1=C(C(=O)N2CCCC(C2=N1)O)CCN3CCC(CC3)C4=NOC5=C4C=CC(=C5)F,
PNCPYILNMDWPEY,ok,177746997,CC(CC1=CC2=C(C(=C1)C(=O)N)N(CC2)CCCO)NCCOC3=CC=CC=C3OCC(F)(F)F,
PNUZDKCDAWUEGK,ok,172653284,C1CC12CN(CC2N)C3=C(C=C4C(=C3Cl)N(C=C(C4=O)C(=O)O)C5CC5F)F,
PNVJTZOFSHSLTO,ok,124202466,CC1=C(C=CC(=C1)OP(=S)(OC)OC)SC,
PNVNVHUZROJLTJ,ok,172677155,CN(C)CC(C1=CC=C(C=C1)OC)C2(CCCCC2)O,
PNXBXCRWXNESOV,ok,685814,C1=CC=C(C=C1)CC2=CC(=O)NC(=S)N2,
POGQSBRIGCQNEG,ok,171714225,C1=CC(=C(C(=C1)F)CN2C=C(N=N2)C(=O)N)F,
POJWUDADGALRAB,ok,170899105,C1(C(=O)NC(=O)N1)NC(=O)N,
POPFMWWJOGLOIF,ok,129359786,CC1(OC2CC3C4CC(C5=CC(=O)CCC5(C4C(CC3(C2(O1)C(=O)CO)C)O)C)F)C,
POZRVZJJTULAOH,ok,164643750,CC12CCC3C(C1CCC2(C#C)O)CCC4=CC5=C(CC34C)C=NO5,
PPEKGEBBBBNZKS,ok,173789423,C1CN2C(=N)N(C(C3C2(C1(O)O)NC(=N3)N)COC(=O)N)O,
PPRRDFIXUUSXRA,ok,162641877,C1CN(CCN1CCN2C3=CC=CC=C3NC2=O)C4=CC=CC(=C4)C(F)(F)F,
PPSNFPASKFYPMN,ok,134133647,CC1C2=NN=C(N2CCN1C(=O)C3=CC=C(C=C3)F)C4=NC(=NS4)C,
PPTYJKAXVCCBDU,ok,169490875,CN1C(=O)CN=C(C2=C1C=CC(=C2)[N+](=O)[O-])C3=CC=CC=C3F,
PPYHLSBUTAPNGT,ok,169544439,CC(C)CCC(=O)OC1CCC2C1(CCC3C2CCC4=CC(=O)CCC34C)C,
PQCAUHUKTBHUSA,ok,1893,C1=CC2=C(C(=C1)[N+](=O)[O-])NN=C2,
PQJQFLNBMSCUSH,failed,,,no_cid
PQLXHQMOHUQAKB,ok,162642448,CCCCCCCCCCCCCCCCOP(=O)(O)OCC[N+](C)(C)C,
PQSUYGKTWSAVDQ,ok,177728113,CC12CCC(=O)C=C1CCC3C2C(CC4(C3CCC4C(=O)CO)C=O)O,
PQXGNJKJMFUPPM,ok,172676768,CCN(CC)CCC(=O)N1C2=CC=CC=C2SC3=C1C=C(C=C3)NC(=O)OCC,
PQXKDMSYBGKCJA,ok,171380218,C1CCC(C(C1)CN2CCN(CC2)C3=NSC4=CC=CC=C43)CN5C(=O)C6C7CCC(C7)C6C5=O,
PRFXRIUZNKLRHM,ok,171042625,CCCCCC(C=CC1=C(C(=O)CC1)CC=CCCCC(=O)O)O,
PRMWGUBFXWROHD,ok,169442804,C1=CC=C(C=C1)N2C=C(C=C(C2=O)C3=CC=CC=C3C#N)C4=CC=CC=N4,
PROQIPRRNZUXQM,ok,175979927,CC12CCC3C(C1CC(C2O)O)CCC4=C3C=CC(=C4)O,
PSGAAPLEWMOORI,ok,177831075,CC1CC2C(CCC3(C2CCC3(C(=O)C)OC(=O)C)C)C4(C1=CC(=O)CC4)C,
PSIFNNKUMBGKDQ,ok,178876101,CCCCC1=NC(=C(N1CC2=CC=C(C=C2)C3=CC=CC=C3C4=NNN=N4)CO)Cl,
PTFCDOFLOPIGGS,ok,23496415,[H+].[H+].[Zn+2],
PTGXAUBQBSGPKF,ok,68750524,CC(CCC1=CC=CC=C1)NC(C)C(C2=CC=C(C=C2)O)O,
PTKSEFOSCHHMPD,ok,45359029,COC1=CC(=C(C=C1)OC)C(CNC(=O)CN)O,
PTOAARAWEBMLNO,ok,178247923,C1C(C(OC1N2C=NC3=C(N=C(N=C32)Cl)N)CO)O,
PTOIAAWZLUQTIO,ok,153697827,CCC(=O)NCC1CC1C2=C3CCOC3=CC=C2,
PTOJVMZPWPAXER,ok,142163530,COC(=O)CCC=C=CCC1C(C(CC1=O)O)C=CC(COC2=CC=CC=C2)O,
PTQMMNYJKCSPET,ok,177124122,CC1CC2=CC(=O)CCC2C3C1C4CCC(C4(CC3)C)(C)O,
PTQXTEKSNBVPQJ,ok,169433783,CC(C)C1=C(C(=CC=C1)C(C)C)OS(=O)(=O)NC(=O)CC2=C(C=C(C=C2C(C)C)C(C)C)C(C)C,
PTRATZCAGVBFIQ,ok,178529502,CC1=CN=C(C=C1)C2=NC=C(C=C2)C,
PTVXYACXDYZNID,ok,101982710,CCCCCCC(=O)OC1CCC2C1(CCC3C2CCC4=CC(=NNC(=O)C(C5=CC=CC=C5)(C6=CC=CC=C6)O)CCC34C)C,
PTXGHCGBYMQQIG,ok,76965948,CCCN(CCC)C(=O)C(CCC(=O)OCCCN1CCN(CC1)CCOC(=O)CC2=C(N(C3=C2C=C(C=C3)OC)C(=O)C4=CC=C(C=C4)Cl)C)NC(=O)C5=CC=CC=C5,
PUAQLLVFLMYYJJ,ok,169435786,CC(C(=O)C1=CC=CC=C1)N,
PUDHBTGHUJUUFI,ok,178877747,CC(C)C1C(=O)NC(CSSCC(C(=O)NC(C(=O)NC(C(=O)NC(C(=O)N1)CCCCN)CC2=CNC3=CC=CC=C32)CC4=CC=C(C=C4)O)NC(=O)C(CC5=CC6=CC=CC=C6C=C5)N)C(=O)NC(C(C)O)C(=O)N,
PUFQVTATUTYEAL,ok,131667292,CCCCOC1=NC2=CC=CC=C2C(=C1)C(=O)[NH2+]CCN(CC)CC,
PUKBOVABABRILL,ok,156681853,CC1=C(C(=CC=C1)F)C(=O)N2CCCC(C2C3=CC=C(C=C3)[NH2+]C4CCCC4)C(=O)NC5=CC(=C(C=C5)C)C(F)(F)F,
PURKAOJPTOLRMP,ok,162779398,CC(C)(C)C1=CC(=C(C=C1NC(=O)C2=CNC3=CC=CC=C3C2=O)O)C(C)(C)C,
PUWHHWCHAVXSIG,ok,73951930,CC1CC2C3CC(C4=CC(=O)C=CC4(C3C(CC2(C1C(=O)C(=O)O)C)O)C)F,
PUXBGTOOZJQSKH,ok,169435743,CC(C1=CC2=C(C=C1)C3=C(N2)C=CC(=C3)Cl)C(=O)O,
PVHLMTREZMEJCG,ok,178860007,CCC(C)C(C(=O)NC(CC1=CN=CN1)C(=O)N2CCCC2C(=O)O)NC(=O)C(CC3=CC=C(C=C3)O)NC(=O)C(C(C)C)NC(=O)C(CCCN=C(N)N)NC(=O)C(CC(=O)O)N,
PVHUJELLJLJGLN,ok,169490867,CCOC(=O)C1=C(NC(=C(C1C2=CC(=CC=C2)[N+](=O)[O-])C(=O)OC)C)C,
PVLJETXTTWAYEW,ok,171394896,CN(C1CCN(CC1)C2=NC3=CC=CC=C3N2CC4=CC=C(C=C4)F)C5=NC=CC(=O)N5,
PVNIIMVLHYAWGP,ok,160321444,C1=CC(=CN=C1)C(=O)O,
PVXVWWANJIWJOO,ok,171439703,CCNC(C)CC1=CC2=C(C=C1)OCO2,
PWACSDKDOHSSQD,ok,173525110,CC1=CC=C(C=C1)C(=CCN2CCCC2)C3=CC=CC(=N3)C=CC(=O)O,
PWAJCNITSBZRBL,ok,76974311,CC1=CC(=O)N2CC(=O)N(C3=C(C2(O1)C4=CC=CC=C4)C=C(C=C3)Cl)C,
PWAUCHMQEXVFJR,ok,171152409,CC1=CC(=O)C(=CN1)C(=O)NC(C2=CC=C(C=C2)O)C(=O)NC3C4N(C3=O)C(=C(CS4)CSC5=NN=NN5C)C(=O)[O-],
PWEGQJCIAMJJHC,ok,62871,CCCCCCC(=O)OCCN1CCN(CC1)CCCN2C3=CC=CC=C3SC4=C2C=C(C=C4)Cl,
PWHROYKAGRUWDQ,ok,100472,C1=CC=C(C=C1)C2=CC=C(C=C2)CC(=O)NC3=CC=CC=N3,
PWKSKIMOESPYIA,ok,175860904,CC(=O)NC(CS)C(=O)O,
PWNMXPDKBYZCOO,ok,71751862,CC1N2C3=CC(=C(C=C3C(=O)C(=C2S1)C(=O)O)F)N4CCN(CC4)CC5=C(OC(=O)O5)C,
PWVXXGRKLHYWKM,ok,76974280,CN1CCCC1CC2=CNC3=C2C=C(C=C3)CCS(=O)(=O)C4=CC=CC=C4,
PWWVAXIEGOYWEE,ok,123373504,CC(CN1C2=CC=CC=C2SC3=CC=CC=C31)N(C)C,
PWYYWQHXAPXYMF,ok,156022708,[Sr+2],
PWZUUYSISTUNDW,ok,171395316,CC12CCC3C(C1CCC2(C#C)O)CCC4=C3C=CC(=C4)OC5CCCC5,
PXBVEXGRHZFEOF,ok,76974299,CN1C2=C(C=C(C=C2)Cl)C(=NC(C1=O)OC(=O)N(C)C)C3=CC=CC=C3,
PXGPLTODNUVGFL,ok,177842742,CCCCCC(C=CC1C(CC(C1CC=CCCCC(=O)O)O)O)O,
PXQPEWDEAKTCGB,ok,169445089,C1=C(NC(=O)NC1=O)C(=O)O,
PXSOHRWMIRDKMP,ok,6235,C1CN1C2=CC(=O)C(=C(C2=O)N3CC3)N4CC4,
PXUIZULXJVRBPC,ok,12831243,C1CCN2C(C1)NC(=O)C23CCN(CC3)CCCN4C5=CC=CC=C5CCC6=C4C=C(C=C6)Cl,
PXWLVJLKJGVOKE,ok,102602335,CC1=C(C(=O)N(N1C)C2=CC=CC=C2)C(C)C,
PYAOPMWCFSVFOT,ok,135445058,C1=NNC2=C1C(=S)N=CN2,
PYGWGZALEOIKDF,ok,71316697,CC1=CC(=CC(=C1OC2=NC(=NC(=C2Br)N)NC3=CC=C(C=C3)C#N)C)C#N,
PYNXFZCZUAOOQC,ok,176481343,CCOC(=O)C(C)CC(CC1=CC=C(C=C1)C2=CC=CC=C2)NC(=O)CCC(=O)O,
PYZRQGJRPPTADH,ok,175894537,C1=CC(=C(C(=C1)Cl)Cl)C2=C(N=C(N=N2)N)N,
PZBCKZWLPGJMAO,failed,,,no_cid
PZDJSXWIQXZUBJ,failed,,,no_cid
PZMAHNDJABQWGS,ok,139025981,C1CN2CCC1C(C2)C(C3=CC=CC=C3)(C4=CC=CC=C4)O,
PZRHRDRVRGEVNW,ok,171381504,CC1=C(C=C(C(=O)N1)C#N)C2=CC=NC=C2,
QADHLRWLCPCEKT,ok,154292003,CC12CCC3C(C1CCC2O)CC=C4C3(CCC(C4)O)C,
QADPYRIHXKWUSV,ok,177087748,CCN1CCN(CC1)C2=CC=C(C=C2)NC3=CC(=NC=N3)N(C)C(=O)NC4=C(C(=CC(=C4Cl)OC)OC)Cl,
QAGYKUNXZHXKMR,ok,171391604,CC1=C(C=CC=C1O)C(=O)NC(CSC2=CC=CC=C2)C(CN3CC4CCCCC4CC3C(=O)NC(C)(C)C)O,
QAOWNCQODCNURD,ok,175080503,[H+].[H+].[H+].[H+].[H+].[H+].OS(=O)(=O)O,
QAXBVGVYDCAVLV,ok,131698936,CCNC1(CCCCC1=O)C2=CC=CS2,
QBKSWRVVCFFDOT,ok,169450451,CC1=CC2=C(C(=C(C(=C2C(C)C)O)O)C=O)C(=C1C3=C(C4=C(C=C3C)C(=C(C(=C4C=O)O)O)C(C)C)O)O,
QBPFLULOKWLNNW,ok,169438484,C1=CC2=C(C(=C1)O)C(=O)C3=C(C2=O)C=CC=C3O,
QCGUSIANLFXSGE,ok,171381470,CN1N=C(N=N1)C2=NC=C(C=C2)C3=C(C=C(C=C3)N4CC(OC4=O)COP(=O)(O)O)F,
QCHFTSOMWOSFHM,ok,171391631,CCC1C(COC1=O)CC2=CN=CN2C,
QCTBMLYLENLHLA,ok,140689906,C1=CC(=CC=C1C[NH3+])C(=O)O,
QCZAWDGAVJMPTA,ok,151563666,CC(C(F)(F)F)NC1=NC(=NC(=N1)C2=NC(=CC=C2)Cl)NC(C)C(F)(F)F,
QDGZDCVAUDNJFG,ok,173824154,C=C1C(CC(C1CO)O)N2C=NC3=C2N=C(NC3=O)N,
QDIYJDPBMZUZEH,ok,145925688,C[N+]1(CCCCC1)CCC(C2=CC=CC=C2)(C3=CC=CC=C3)C(=O)N,
QDLHCMPXEPAAMD,ok,162901958,CC(=O)OC1CC2(C(CCC2=O)C3=C1C4(C(OC(=O)C5=COC(=C54)C3=O)COC)C)C,
QDMRNLRJDHCHLB,ok,86304582,B1(OC(C(O1)C(CO)O)C(CO)O)C(CC(C)C)NC(=O)C(CC2=CC=CC=C2)NC(=O)C3=NC=CN=C3,
QDUIJCOKQCCXQY,ok,175667412,CON=C(C1=NSC(=N1)N)C(=O)NC2C3N(C2=O)C(=C(CS3)C[N+]4=C5C=CC=NN5C=C4)C(=O)[O-],
QEFAQIPZVLVERP,ok,71750946,C1=CC=C(C=C1)C(=O)C2=CC=CC(=C2N)CC(=O)N,
QERUYFVNIOLCHV,ok,51701,CCOC(=O)C1=C(NC(=C(C1C2=CC=CC3=NON=C32)C(=O)OCC)C)C,
QEVHRUUCFGRFIF,ok,162945065,COC1C(CC2CN3CCC4=C(C3CC2C1C(=O)OC)NC5=C4C=CC(=C5)OC)OC(=O)C6=CC(=C(C(=C6)OC)OC)OC,
QFFCYTLOTYIJMR,ok,171395679,CCC(=O)C1(CCC2C1(CCC3=C4CCC(=O)C=C4CCC23)C)C,
QFFGVLORLPOAEC,ok,162641120,C1CCN(CC(C1)N)C2=C(C=C3C(=C2Cl)N(C=C(C3=O)C(=O)O)C4CC4)F,
QFJCIRLUMZQUOT,ok,178916375,CC1CCC2CC(C(=CC=CC=CC(CC(C(=O)C(C(C(=CC(C(=O)CC(OC(=O)C3CCCCN3C(=O)C(=O)C1(O2)O)C(C)CC4CCC(C(C4)OC)O)C)C)O)OC)C)C)C)OC,
QFLNTQDOVCLQKW,ok,169446761,CC(C(F)(F)F)(C(F)(F)F)OC(=O)C1=CC=C(C=C1)CC2=C(C3=CC=CC=C3OC2=O)O,
QFLZIWVSQDZLNW,ok,68953,C1=CC=C(C=C1)C2C(=O)C3=C(C2=O)C=C(C=C3)Br,
QFNHIDANIVGXPE,ok,178874361,CC1=CC(=CC(=C1CC(C(=O)N(CC2=CC(=C(C=C2)OC)C(=O)O)C(C)C3=NC=C(N3)C4=CC=CC=C4)N)C)C(=O)N,
QFWPJPIVLCBXFJ,ok,169441057,COCCOC1=CN=C(N=C1)NS(=O)(=O)C2=CC=CC=C2,
QGJUIPDUBHWZPV,ok,177832493,C1C2CC2N(C1C#N)C(=O)C(C34CC5CC(C3)CC(C5)(C4)O)N,
QGJZLNKBHJESQX,ok,176519930,CC(=C)C1CCC2(C1C3CCC4C5(CCC(C(C5CCC4(C3(CC2)C)C)(C)C)O)C)C(=O)O,
QGPKADBNRMWEQR,ok,169436564,C1CC1N2C=C(C(=O)C3=CC(=C(C(=C32)Cl)N4CCC(C4)N)F)C(=O)O,
QGZKDVFQNNGYKY,ok,174841632,N,
QGZYDVAGYRLSKP,ok,53340666,C1=CC=C(C=C1)N(C2=CC=CC=C2)C3=NC=C(C=N3)C(=O)NCCCCCCC(=O)NO,
QHADVLVFMKEIIP,ok,44603533,CC1=CC=C(C(=O)N1C2=CC=C(C=C2)F)C(=O)NC3=CC(=C(C=C3)OC4=C(C=C5C(=C4)C=NN5C)C6=CNN=C6)F,
QHGUCRYDKWKLMG,ok,121284558,[H+].C1=CC(=CC=C1C(CN)O)O,
QHMBSVQNZZTUGM,ok,178520803,CCCCCC1=CC(=C(C(=C1)[O-])C2C=C(CCC2C(=C)C)C)[O-],
QHZQILHUJDRDAI,ok,10250709,CCCCOCC(CN1C(=O)C(C(=O)NC1=O)(CC)C2=CC=CC=C2)OC(=O)N,
QIALRBLEEWJACW,ok,171391497,CC(=O)OC1CC2=CC=CC=C2N(C3=CC=CC=C13)C(=O)N,
QIHLUZAFSSMXHQ,ok,68778,CC(C)(C)N1CCC(CC1)(C2=CC=CC=C2)C3=CC=CC=C3,
QIPQASLPWJVQMH,ok,171714073,CC1CN(CC(N1)C)C2=C(C3=C(C(=C2F)F)C(=O)C(=CN3C4CC4)C(=O)O)F,
QIQNNBXHAYSQRY,ok,140975790,CN1C2CCC1C(C(C2)O)C(=O)OC,
QIQXTHQIDYTFRH,ok,176053809,CCCCCCCCCCCCCCCCCC(=O)O,
QIVBCDIJIAJPQS,ok,178969749,C1=CC=C2C(=C1)C(=CN2)CC(C(=O)O)N,
QIVUCLWGARAQIO,ok,177834218,CC1C(CC(C(=O)N1CC(F)(F)F)NC(=O)C2=CC3=C(CC4(C3)C5=C(NC4=O)N=CC=C5)N=C2)C6=C(C=CC(=C6F)F)F,
QJFSABGVXDWMIW,ok,169433898,CCOC1=NC2=CC=CC(=C2N1CC3=CC=C(C=C3)C4=CC=CC=C4C5=NOC(=O)N5)C(=O)OCC6=C(OC(=O)O6)C,
QJJXYPPXXYFBGM,ok,178877585,CC1CC(C2C(CC(C(O2)(C(=O)C(=O)N3CCCCC3C(=O)OC(C(C(CC(=O)C(C=C(C1)C)CC=C)O)C)C(=CC4CCC(C(C4)OC)O)C)O)C)OC)OC,
QJMCKEPOKRERLN,ok,3045,C1=CC(=C(C=C1C(=O)NO)O)O,
QKDCLUARMDUUKN,ok,129407509,CCC1=C(N=C(C(=N1)C(=O)N)NC2=CC=C(C=C2)N3CCC(CC3)N4CCN(CC4)C)OC5CCN(C5)C(=O)C=C,
QKDHBVNJCZBTMR,ok,171395231,CC1CN(CCN1)C2=C(C=C3C(=C2)N(C=C(C3=O)C(=O)O)C4=C(C=C(C=C4)F)F)F,
QKDRXGFQVGOQKS,ok,178877378,CCOC1=CC=C(C=C1)CC2=C(C=CC(=C2)C3C(C(C(C(O3)SC)O)O)O)Cl,
QKIQJNNDIWGVEH,ok,134991021,C1=CC(=C(C(=C1)Cl)C=NN=C(N)NO)Cl,
QKLSCPPJEVXONT,ok,19596,CC1=NC(=CC(=N1)OC)NS(=O)(=O)C2=CC=C(C=C2)N,
QLFZZSKTJWDQOS,ok,177407823,CC1C=CC=C2COC3C2(C(C=C(C3O)C)C(=O)OC4CC(CC=C(C1OC5CC(C(C(O5)C)OC6CC(C(C(O6)C)O)OC)OC)C)OC7(C4)C=CC(C(O7)C8CCCCC8)C)O,
QLIIKPVHVRXHRI,ok,176479895,CC1CC2C3CCC4=CC(=O)C=CC4(C3(C(CC2(C1(C(=O)CCl)O)C)O)Cl)C,
QLTVVOATEHFXLT,ok,76968745,CCN(CC(C)O)C1=NN=C(C=C1)NNC(=O)OCC,
QLUWQAFDTNAYPN,ok,164664130,CN1CCN(C=N1)C2=C(C=C(C=C2)N3CC(OC3=O)CO)F,
QLYKJCMUNUWAGO,ok,163903559,CC(C(CC1=CC=C(C=C1)Cl)C2=CC=CC(=C2)C#N)NC(=O)C(C)(C)OC3=NC=C(C=C3)C(F)(F)F,
QMBJSIBWORFWQT,ok,177843306,CC(=O)C1(CCC2C1(CCC3C2C=C(C4=CC(=O)CCC34C)Cl)C)OC(=O)C,
QMNFFXRFOJIOKZ,ok,92044373,CC1(N=C(N=C(N1C2=CC=C(C=C2)Cl)N)N)C,
QNEXFJFTGQBXBJ,ok,162641603,CC(COC1=CC=CC=C1)NN,
QNMGHBMGNRQPNL,ok,36109,CN(C)CC(OC1=CC=CC=C1)OC2=CC=CC=C2,
QNQZBKQEIFTHFZ,ok,76973338,CCCCCN(CCCOC)C(=O)C(CCC(=O)O)NC(=O)C1=CC(=C(C=C1)Cl)Cl,
QNXUUBBKHBYRFW,ok,169544780,CC(=O)OCC(=O)C12C(CC3C1(CC(C4(C3CC(=C5C4(CCC(=C5)OCCCl)C)C=O)F)O)C)OC(O2)(C)C,
QNZCBYKSOIHPEH,ok,144761329,COC1=CC=C(C=C1)N2C3=C(CC[NH+](C3=O)C4=CC=C(C=C4)N5CCCCC5=O)C(=N2)C(=O)N,
QOBGWWQAMAPULA,ok,164889490,CC1(C2CCC1(C(C2)(C3=CC=CC=C3)OCCN(C)C)C)C,
QOIGKGMMAGJZNZ,ok,163321939,CC1(CC(=O)N(C(=O)C1)CCCCN2CCN(CC2)C3=NC=CC=N3)C,
QOVTVIYTBRHADL,ok,71312577,C1=C(C(=CC(=C1N)S(=O)(=O)N)S(=O)(=O)N)C(=C(Cl)Cl)Cl,
QOYHHIBFXOOADH,ok,91971778,C1CN(CCC12C(=O)NCN2C3=CC=CC=C3)CCCC(C4=CC=C(C=C4)F)C5=CC=C(C=C5)F,
QPCDCPDFJACHGM,ok,176446069,C(CN(CC(=O)O)CC(=O)O)N(CCN(CC(=O)O)CC(=O)O)CC(=O)O,
QPCVHQBVMYCJOM,ok,131708830,CCCOC(C1=CC=CC=C1)(C2=CC=CC=C2)C(=O)OC3CCN(CC3)C,
QPFYXYFORQJZEC,ok,135768014,C1=CC=C(C=C1)N=NC2=C([NH+]=C(C=C2)N)N,
QPGGEKPRGVJKQB,ok,163285698,CN1C2=CC=CC=C2C(=O)N(C3=CC=CC=C31)CCN(C)C,
QPPBRPIAZZHUNT,ok,71312514,CC1=NC(=NC=C1)NS(=O)(=O)C2=CC=C(C=C2)N,
QPUVKSKJCNGSGT,ok,10286834,CCCOC(=O)CC1=CC(=C(C=C1)OCC(=O)N(CC)CC)OCC,
QQBDLJCYGRGAKP,ok,171391624,C1=CC(=C(C=C1N=NC2=CC(=C(C=C2)O)C(=O)O)C(=O)O)O,
QQHMKNYGKVVGCZ,ok,169447162,C1CC(=N)N(C1)CC2=C(C(=O)NC(=O)N2)Cl,
QQJLHRRUATVHED,ok,91898401,C1CCC2=C(C1)C=CC=C2[NH2+]C3=NCCN3,
QQLKULDARVNMAL,ok,73296636,C#CC1=CC(=CC=C1)NC2=NC=NC3=CC4=C(C=C32)OCCOCCOCCO4,
QQOMYEQLWQJRKK,ok,137699864,CCCC(=O)N(C1CCN(CC1)CCC2=CC=CC=C2)C3=CC=CC=C3,
QRCJOCOSPZMDJY,ok,45040678,CCC(C)C(CC)C(=O)N,
QRGHOAATPOLDPF,ok,49857317,C1C2C(C2NCC3=NC4=C(C=C3)C=C(C=C4)F)CN1C5=NC=C(C=N5)C(=O)NO,
QRXWMOHMRWLFEY,ok,176052669,C1=CN=CC=C1C(=O)NN,
QRZAKQDHEVVFRX,ok,175961583,C1=CC=C(C=C1)C2=CC=C(C=C2)CC(=O)O,
QSLJIVKCVHQPLV,ok,172873956,CC12CCC3C(C1CCC2(C)O)CCC4C3(COC(=O)C4)C,
QSLMDECMDJKHMQ,ok,76974763,CNCCCC12CCC(C3=CC=CC=C31)C4=CC=CC=C24,
QSLUXQQUPXBIHH,ok,163911477,CCC(C)C1CCC2C1(CCCC2=CC=C3CC(C(=C)C(C3)O)O)C,
QSQQPMHPCBLLGX,ok,2377,CNCCCCOC1=CC=CC=C1CC2=CC=CC=C2,
QTBSBXVTEAMEQO,ok,153807964,CC(=O)O,
QTGAJCQTLIRCFL,ok,68865,CCN(CC)CC(=O)OC1=CC=C(C=C1)NC(=O)C,
QTGIAADRBBLJGA,ok,162641949,CCCNC(C)C(=O)NC1=C(SC=C1C)C(=O)OC,
QTQAWLPCGQOSGP,ok,178192935,CC1CC(C(C(C=C(C(C(C=CC=C(C(=O)NC2=CC(=O)C(=C(C1)C2=O)OC)C)OC)OC(=O)N)C)C)O)OC,
QTTRZHGPGKRAFB,ok,175434938,CCC(=O)C1(C(CC2C1(CC(C3C2CCC4=CC(=O)C=CC34C)O)C)C)C,
QUIJNHUBAXPXFS,ok,175707149,CN(C)CCC(C1=CC=CC2=CC=CC=C21)(C(C3=CC=CC=C3)C4=C(N=C5C=CC(=CC5=C4)Br)OC)O,
QVDSEJDULKLHCG,ok,176077498,CN(C)CCC1=CNC2=C1C(=CC=C2)OP(=O)(O)O,
QVFWZNCVPCJQOP,ok,38988691,CC(CC(C)(C)O)OC(C(Cl)(Cl)Cl)O,
QVNNONOFASOXQV,ok,169433682,CC(C)C1=C(C(=CC=C1)C(C)C)OCOP(=O)(O)O,
QVVOZYKELHAIPX,ok,138988141,C[N+]1(C2CC(CC1C3C2O3)OC(=O)C(CO)C4=CC=CC=C4)CC5CC5,
QVYRGXJJSLMXQH,ok,89062506,CC1=CC=CC=C1C(C2=CC=CC=C2)OCCN(C)C,
QWAXKHKRTORLEM,ok,171380565,CC(C)(C)NC(=O)C1CC2CCCCC2CN1CC(C(CC3=CC=CC=C3)NC(=O)C(CC(=O)N)NC(=O)C4=NC5=CC=CC=C5C=C4)O,
QWCJHSGMANYXCW,ok,154790027,C1=CC=C(C=C1)N2C(=CC=N2)NS(=O)(=O)C3=CC=C(C=C3)N,
QWCRAEMEVRGPNT,ok,45038479,C1CCC2(C1)CC(=O)N(C(=O)C2)CCCCN3CCN(CC3)C4=NC=CC=N4,
QWEWGXUTRTXFRF,ok,163915884,C1CN(CC1(F)F)C(=O)C2CC(CN2)N3CCN(CC3)C4=NC=CC=N4,
QWGDMFLQWFTERH,ok,46780378,C1CN(CCN1)C2=NC3=CC=CC=C3OC4=C2C=C(C=C4)Cl,
QWNDOCKIKKQJNN,ok,10457387,C1COCCC1CCNCC2=CC(=C(C=C2)OC3=NC=C(C=C3)C(=O)N)F,
QXAITBQSYVNQDR,ok,177805749,CC1=CC(=C(C=C1)N=CN(C)C=NC2=C(C=C(C=C2)C)C)C,
QXHHHPZILQDDPS,ok,51377208,C1=CC(=C(C=C1Cl)Cl)C(C[N+]2=CNC=C2)OCC3=C(SC=C3)Cl,
QXKHYNVANLEOEG,ok,102061416,COC1=C2C(=CC3=C1OC=C3)C=CC(=O)O2,
QXLPXWSKPNOQLE,ok,1384046,CCC(C)(C#C)O,
QXRSDHAAWVKZLJ,ok,177476706,CC1CCCC2(C(O2)CC(OC(=O)CC(C(C(=O)C(C1O)C)(C)C)O)C(=CC3=CSC(=N3)C)C)C,
QXWYKJLNLSIPIN,ok,149113857,C1=CC(=C(C=C1C(C(C(=O)O)[NH3+])O)O)O,
QXWZQTURMXZVHJ,ok,162641751,CC(C)N(CCCCOCC(=O)NS(=O)(=O)C)C1=CN=C(C(=N1)C2=CC=CC=C2)C3=CC=CC=C3,
QYIYFLOTGYLRGG,ok,171379628,C1C(=C(N2C(S1)C(C2=O)NC(=O)C(C3=CC=CC=C3)N)C(=O)O)Cl,
QYKIQEUNHZKYBP,ok,173050020,C=COC=C,
QYPPJABKJHAVHS,ok,176009855,C(CCN=C(N)N)CN,
QYQDKDWGWDOFFU,ok,139025791,CN(C)CCN1C(=NN=N1)SCC2=C(N3C(C(C3=O)NC(=O)CC4=CSC(=N4)N)SC2)C(=O)O,
QYSGYZVSCZSLHT,ok,6432,C(C(F)(F)F)(C(F)(F)F)(F)F,
QYSPLQLAKJAUJT,ok,173425656,CN1C(=C(C2=CC=CC=C2S1(=O)=O)O)C(=O)[NH2+]C3=CC=CC=N3,
QYSXJUFSXHHAJI,ok,178247780,CC(C)CCCC(C)C1CCC2C1(CCCC2=CC=C3CC(CCC3=C)O)C,
QZAYGJVTTNCVMB,ok,176025833,C1=CC2=C(C=C1O)C(=CN2)CCN,
QZFHIXARHDBPBY,ok,169447703,COC(=O)NC1=C(N=C(N=C1N)C2=NN(C3=C2C=C(C=N3)F)CC4=CC=CC=C4F)N,
QZIQORUGXBPDSU,ok,46781948,C[N+](C)(CCCN1C2=CC=CC=C2CCC3=CC=CC=C31)[O-],
QZUDBNBUXVUHMW,ok,138396110,CN1CCN(CC1)C2=NC3=C(C=CC(=C3)Cl)NC4=CC=CC=C42,
QZVCTJOXCFMACW,ok,177747052,CC(COC1=CC=CC=C1)N(CCCl)CC2=CC=CC=C2,
QZVNQOLPLYWLHQ,ok,169434046,CC1=C(C(C(=C(N1)C)C(=O)OC2CCCN(C2)CC3=CC=CC=C3)C4=CC(=CC=C4)[N+](=O)[O-])C(=O)OC,
QZZUEBNBZAPZLX,ok,169442441,CCC1=C(C=C2CC(CC2=C1)NCC(C3=C4C=CC(=O)NC4=C(C=C3)O)O)CC,
RAFOHKSPUDGZPR,ok,20056937,CCC=C(C)C1(C(=O)NC(=O)N=C1[O-])CC,
RAGOYPUPXAKGKH,ok,178451310,CCC(C(C)O)N1C(=O)N(C=N1)C2=CC=C(C=C2)N3CCN(CC3)C4=CC=C(C=C4)OCC5CC(OC5)(C[N+]6=CN=CN6)C7=C(C=C(C=C7)F)F,
RAHBGWKEPAQNFF,ok,11667893,CC1(CNC2=C1C=CC(=C2)NC(=O)C3=C(N=CC=C3)NCC4=CC=NC=C4)C,
RAPZEAPATHNIPO,ok,146156248,CC1=C(C(=O)N2CCCCC2=N1)CCN3CCC(CC3)C4=NOC5=C4C=CC(=C5)F,
RBBWCVQDXDFISW,ok,35455,CC(=CCC1C(=O)N(N(C1=O)C2=CC=CC=C2)C3=CC=CC=C3)C,
RBOXVHNMENFORY,ok,175732927,CN1CCC23C4C1CC5=C2C(=C(C=C5)OC)OC3C(CC4)O,
RBQOQRRFDPXAGN,ok,46782790,CCCN1C=NC2=C1C(=O)N(C(=O)N2C)CCCCC(=O)C,
RBTBFTRPCNLSDE,ok,131674191,CN(C)C1=CC2=C(C=C1)N=C3C=CC(=[N+](C)C)C=C3S2,
RCIMBBZXSXFZBV,ok,178856373,CCN1C=C(C(=O)C2=CN=C(N=C21)N3CCCC3)C(=O)O,
RCINICONZNJXQF,ok,129627423,CC1=C2C(C(=O)C3(C(CC4C(C3C(C(C2(C)C)(CC1OC(=O)C(C(C5=CC=CC=C5)NC(=O)C6=CC=CC=C6)O)O)OC(=O)C7=CC=CC=C7)(CO4)OC(=O)C)O)C)OC(=O)C,
RCKMWOKWVGPNJF,ok,71316050,CCN(CC)C(=O)N1CCN(CC1)C,
RDJGLLICXDHJDY,ok,177747041,CC(C1=CC(=CC=C1)OC2=CC=CC=C2)C(=O)O,
RDJQCOBTKKAQAH,ok,67685598,CCOC(=O)COC1=CC2=C(CCC(C2)NCC(C3=CC(=CC=C3)Cl)O)C=C1,
RDLPVSKMFDYCOR,ok,6398647,CC1=C(N2C(C(C2=O)NC(=O)C(C3=CCC=CC3)N)SC1)C(=O)O,
RDMOROXKXONCAL,ok,122130702,COC1=C(N2C(C(C2=O)NC(=O)C(C3=CCC=CC3)N)SC1)C(=O)O,
RDOIQAHITMMDAJ,ok,138396149,CN(C)C(=O)C(CCN1CCC(CC1)(C2=CC=C(C=C2)Cl)O)(C3=CC=CC=C3)C4=CC=CC=C4,
REFJWTPEDVJJIY,ok,175926081,C1=CC(=C(C=C1C2=C(C(=O)C3=C(C=C(C=C3O2)O)O)O)O)O,
RENRQMCACQEWFC,ok,178878848,CCOC1CCN(C(C1)C2=CC=C(C=C2)C(=O)O)CC3=C(C=C(C4=C3C=CN4)C)OC,
REOJLIXKJWXUGB,ok,76964464,CCCCC1C(=O)NN(C1=O)C2=CC=CC=C2,
REOZWEGFPHTFEI,ok,168312224,CCCC1=CC(=C(C(=C1)O)C2C=C(CCC2C(=C)C)C)O,
REQCZEXYDRLIBE,ok,171391896,CCN(CC)CCNC(=O)C1=CC=C(C=C1)N,
RERZNCLIYCABFS,ok,176301415,CC1=NCCC2=C1NC3=C2C=CC(=C3)OC,
REYFJDPCWQRWAA,ok,5257187,C1C[NH+]=C(N1)CN(CC2=CC=CC=C2)C3=CC=CC=C3,
RFDAIACWWDREDC,ok,43835049,CC(CCC(=O)NCC(=O)O)C1CCC2C1(C(CC3C2C(CC4C3(CCC(C4)O)C)O)O)C,
RFHAOTPXVQNOHP,ok,162405900,C1=CC(=C(C=C1F)F)C(CN2C=NC=N2)(CN3C=NC=N3)O,
RFKMCNOHBTXSMU,ok,100958119,COC(C(Cl)Cl)(F)F,
RFWZESUMWJKKRN,ok,25271781,CC1=CC=CC=C1N2CC[NH+](CC2)CCC3=NN=C4N3CCCC4,
RGCVKNLCSQQDEP,ok,177747036,C1CN(CCN1CCCN2C3=CC=CC=C3SC4=C2C=C(C=C4)Cl)CCO,
RGHNJXZEOKUKBD,ok,178256831,C(C(C(C(C(C(=O)O)O)O)O)O)O,
RGLYKWWBQGJZGM,ok,177828513,CCC(=C(CC)C1=CC=C(C=C1)O)C2=CC=C(C=C2)O,
RGVPOXRFEPSFGH,ok,172653252,COC1=CC(=CC(=C1OC)OC)CC2C3=CC(=C(C=C3CCN2)O)O,
RGZSQWQPBWRIAQ,ok,171382525,CC1=CCC(CC1)C(C)(CCC=C(C)C)O,
RHAXSHUQNIEUEY,ok,139053440,CC1=CC(=[N+](N1)C2=NC(=CC(=N2)OC)C)OC,
RHDJRPPFURBGLQ,ok,71315843,CC1=C(C(=CC=C1)CC2=CN=CN2)C,
RHGKLRLOHDJJDR,ok,178269419,C(CC(C(=O)O)N)CNC(=O)N,
RHLJLALHBZGAFM,ok,51375273,CCCC(=O)N1CCCN(CC1)C2=NC3=CC(=C(C=C3C(=[NH+]2)N)OC)OC,
RHMXXJGYXNZAPX,ok,71316319,CC1=CC2=C(C(=C1)O)C(=O)C3=C(C2=O)C=C(C=C3O)O,
RHWKPHLQXYSBKR,ok,176520150,CC1CCOC2N1C(=O)C3=C(C(=O)C(=CN3C2)C(=O)NCC4=C(C=C(C=C4)F)F)O,
RHXHGRAEPCAFML,ok,155816368,CN(C)C(=O)C1=CC2=CN=C(N=C2N1C3CCCC3)NC4=NC=C(C=C4)N5CCNCC5,
RIDRXGOBXZLKHZ,ok,171703428,CCC(C)C1C(=O)NC(C(=O)NC(C(=O)NC(C(=O)NC(C(=O)NC(C(=O)NC(C(=O)NC(C(=O)NC(C(=O)NC(C(=O)N2CCCC2C(=O)N3CCCC3C(=O)NC(C(=O)NC(C(=O)N1)CC4=CNC5=CC=CC=C54)C(C)O)CO)C)CCN)CCN)CC6=CNC7=CC=CC=C76)CCN)CCN)CCCN)CCN,
RIJLVEAXPNLDTC,ok,156588996,C1CC1C(=O)NC2=NN3C(=N2)C=CC=C3C4=CC=C(C=C4)CN5CCS(=O)(=O)CC5,
RIKMMFOAQPJVMX,ok,172400871,CC1=CNN=C1,
RINBGYCKMGDWPY,ok,171381819,C1=C2C(=CC(=C1Cl)S(=O)(=O)N)S(=O)(=O)NC(N2)CSCC(F)(F)F,
RITAVMQDGBJQJZ,ok,177747062,CNC(=O)C1=CC=CC=C1SC2=CC3=C(C=C2)C(=NN3)C=CC4=CC=CC=N4,
RJCWBNBKOKFWNY,ok,176519992,CC1(CCC2(CCC3(C(C2C1)C(=O)C=C4C3(CCC5C4(C=C(C(=O)C5(C)C)C#N)C)C)C)NC(=O)C(C)(F)F)C,
RJKFOVLPORLFTN,ok,12303993,CC(=O)C1CCC2C1(CCC3C2CCC4=CC(=O)CCC34C)C,
RJMIEHBSYVWVIN,ok,46781961,CC(C1=CC=C(C=C1)N2CC3=CC=CC=C3C2=O)C(=O)O,
RJMUSRYZPJIFPJ,ok,162682116,C1=CC(=C(C=C1[N+](=O)[O-])Cl)NC(=O)C2=C(C=CC(=C2)Cl)[O-],
RJQXTJLFIWVMTO,ok,172897610,CC1(C(N2C(S1)C(C2=O)NC(=O)C3=C(C=CC=C3OC)OC)C(=O)O)C,
RJURFGZVJUQBHK,ok,174274731,CC1C(C(=O)NC(C(=O)N2CCCC2C(=O)N(CC(=O)N(C(C(=O)O1)C(C)C)C)C)C(C)C)NC(=O)C3=C4C(=C(C=C3)C)OC5=C(C(=O)C(=C(C5=N4)C(=O)NC6C(OC(=O)C(N(C(=O)CN(C(=O)C7CCCN7C(=O)C(NC6=O)C(C)C)C)C)C(C)C)C)N)C,
RKEWSXXUOLRFBX,ok,59842646,CC(C)COC1=CC=C(C=C1)CNC(=O)N(CC2=CC=C(C=C2)F)C3CCN(CC3)C,
RKHQGWMMUURILY,ok,163199153,CC1CC2C3C=C(C4=CC5=C(CC4(C3C(CC2(C1(C(=O)COC(=O)C)O)C)O)C)C=NN5C6=CC=CC=C6)C,
RKLNONIVDFXQRX,ok,163322559,C1CN(CCC1(C2=CC=C(C=C2)Br)O)CCCC(=O)C3=CC=C(C=C3)F,
RKUNBYITZUJHSG,ok,177834625,CN1C2CCC1CC(C2)OC(=O)C(CO)C3=CC=CC=C3,
RKWGIWYCVPQPMF,ok,51380890,CCCN=C(NS(=O)(=O)C1=CC=C(C=C1)Cl)[O-],
RLAWWYSOJDYHDC,ok,71771787,C1CC(N(C1)C(=O)C(CCCCN)NC(CCC2=CC=CC=C2)C(=O)O)C(=O)O,
RLCLASQCAPXVLM,ok,172990443,CC(C)N1C(=O)C=C(NC1=O)NC(C)C2=CC=CC=C2,
RLLPVAHGXHCWKJ,ok,177747051,CC1(C(C1C(=O)OCC2=CC(=CC=C2)OC3=CC=CC=C3)C=C(Cl)Cl)C,
RLWRMIYXDPXIEX,ok,76959461,CC(C1=CC(=C(C=C1)Cl)Cl)N2C(=O)CC(=N2)N,
RMAQACBXLXPBSY,ok,175896963,O[Si](O)(O)O,
RMEDXOLNCUSCGS,ok,177836742,C1CN(CC=C1N2C3=CC=CC=C3NC2=O)CCCC(=O)C4=CC=C(C=C4)F,
RMHMFHUVIITRHF,ok,101593680,CN1CCN(CC1)CC(=O)N2C3=CC=CC=C3C(=O)NC4=C2N=CC=C4,
RMMXLENWKUUMAY,ok,177475923,CCCC1=NC2=C(N1CC3=CC=C(C=C3)C4=CC=CC=C4C(=O)O)C=C(C=C2C)C5=NC6=CC=CC=C6N5C,
RMMXTBMQSGEXHJ,ok,145996740,CC1=C(C(=O)N(N1C)C2=CC=CC=C2)N(C)C,
RMRCNWBMXRMIRW,ok,166596686,CC1=CC2=C(C=C1C)[N+](=CN2)C3C(C(C(O3)CO)OP(=O)(O)OC(C)CNC(=O)CCC4(C(C5C6(C(C(C(=N6)C(=C7C(C(C(=CC8=NC(=C(C4=N5)C)C(C8(C)C)CCC(=N)[O-])N7)CCC(=N)[O-])(C)CC(=O)N)C)CCC(=N)[O-])(C)CC(=O)N)C)CC(=O)N)C)O.[C]#N.[Co+2],
RMRJXGBAOAMLHD,ok,178913020,CC(C)(C)C(C)(C1CC23CCC1(C4C25CCN(C3CC6=C5C(=C(C=C6)O)O4)CC7CC7)OC)O,
RMTYNAPTNBJHQI,ok,169440953,CC1=CC=C(C=C1)S(=O)(=O)NC(=O)NC2C3CCC(C2O)(C3(C)C)C,
RMUCZJUITONUFY,ok,156588987,C1=CC=C(C=C1)CCNN,
RMWVZGDJPAKBDE,ok,163322531,CC(=O)OC1=C(C=CC(=C1)C(F)(F)F)C(=O)O,
RNFNDJAIBTYOQL,ok,169447317,C(C(Cl)(Cl)Cl)(O)O,
RNLQIBCLLYYYFJ,ok,3698,C1=CN=CC=C1C2=CNC(=O)C(=C2)N,
RNOAOAWBMHREKO,ok,177747031,C=CC(=O)N1CCC(CC1)C2CCNC3=C(C(=NN23)C4=CC=C(C=C4)OC5=CC=CC=C5)C(=O)N,
ROBVIMPUHSLWNV,ok,156612438,CCC1(CCC(=O)NC1=O)C2=CC=C(C=C2)N,
RONZAEMNMFQXRA,ok,145925645,CN1CCN2C(C1)C3=CC=CC=C3CC4=C2N=CC=C4,
ROYOYTLGDLIGBX,ok,169440512,CN1C(=O)CN=C(C2=C1C=CC(=C2)Cl)C3=CC=CC=C3F,
RPBAFSBGYDKNRG,ok,141540522,CC1(C(N2C(S1)C(C2=O)NC(=O)C(C3=CCC=CC3)N)C(=O)O)C,
RPJPZDVUUKWPGT,ok,173868002,CCC1C(=O)N(CC(=O)N(C(C(=O)NC(C(=O)N(C(C(=O)NC(C(=O)NC(C(=O)N(C(C(=O)N(C(C(=O)N(C(C(=O)N(C(C(=O)N1)C(C(C)CC=CC)O)C)C(C)C)C)CC(C)C)C)CC(C)C)C)C)C)CC(C)C)C)C(C)C)C(C)CC)C)C,
RPLCPCMSCLEKRS,ok,176520151,CCC12CC(=C)C3C(C1CCC2(C#C)O)CCC4=CCCCC34,
RPTUSVTUFVMDQK,ok,171714227,C1=CC=C2C(=C1)C=NNC2=NN,
RPYWXZCFYPVCNQ,ok,141944469,COC1=CC(=C(C=C1)C=C2CCC[NH+]=C2C3=C[NH+]=CC=C3)OC,
RQTOOFIXOKYGAN,ok,58994257,CCCC1=C2C(=CC3=C1OC(=CC3=O)C(=O)O)C(=O)C=C(N2CC)C(=O)[O-],
RQXCLMGKHJWMOA,ok,163322578,C1CCN(CC1)CCC(C2=CC=CC=C2)(C3=CC=CC=C3)O,
RQZAXGRLVPAYTJ,ok,176519898,CC1=CC2C(CCC3(C2CCC3(C(=O)C)OC(=O)C)C)C4(C1=CC(=O)CC4)C,
RRGUKTPIGVIEKM,ok,87439647,C1CCC(CC1)N2C(=NN=N2)CCCCOC3=CC4=C(C=C3)NC(=O)CC4,
RRJHESVQVSRQEX,failed,,,no_cid
RRMJMHOQSALEJJ,ok,164702727,CN(C)CC1=CN(N=C1C2=CC=CC=C2)C3=NC(=NC=C3)NC4=C(C=C(C(=C4)NC(=O)C=C)N5CCOCC5)OC,
RRRUXBQSQLKHEL,ok,154575,COC1=C(C=C(C=C1)C(=O)NC2=C(C=NC=C2Cl)Cl)OC3CCCC3,
RRYMAQUWDLIUPV,ok,164517223,CC(=O)OCC1=C(N2C(C(C2=O)NC(=O)CC#N)SC1)C(=O)O,
RSEPBGGWRJCQGY,ok,162641966,CCCCC(=O)OC1CCC2C1(CCC3C2CCC4=C3C=CC(=C4)O)C,
RSHAOIXHUHAZPM,failed,,,no_cid
RSIHSRDYCUFFLA,ok,172990072,CC12CCC3C(C1CCC2O)CCC4=CC(=O)C=CC34C,
RSJCLODJSVZNQA,ok,54283350,CCOCC=CC1=CC=C(C=C1)C2=NC(=C(N2)C3=CC=C(C=C3)NC(C)C)C4=CC=C(C=C4)NC(C)C,
RSKQGBFMNPDPLR,ok,76956129,CC(CCN1CCN(CC1)C2=CC=C(C=C2)F)NC(=O)C3=CN=CC=C3,
RSWOJTICKMKTER,ok,169442659,CC(C1=NC(=CS1)C2=CC=C(C=C2)C#N)C(CN3C=[N+](C=N3)C(C)OC(=O)N(C)C4=C(C=CC=N4)COC(=O)CNC)(C5=C(C=CC(=C5)F)F)O,
RTGDFNSFWBGLEC,ok,71434261,CC1=C2COC(=O)C2=C(C(=C1OC)CC=C(C)CCC(=O)OCCN3CCOCC3)O,
RTHCYVBBDHJXIQ,ok,177636530,CNCCC(C1=CC=CC=C1)OC2=CC=C(C=C2)C(F)(F)F,
RTKIYFITIVXBLE,ok,162942975,CC(C=C(C)C=CC(=O)NO)C(=O)C1=CC=C(C=C1)N(C)C,
RTXOFQZKPXMALH,ok,171158844,C=CC1=C(N2C(C(C2=O)NC(=O)C(=NO)C3=CSC(=N3)N)SC1)C(=O)O,
RTZKZFJDLAIYFH,ok,129888493,CCOCC,
RUDATBOHQWOJDD,ok,178443946,CC(CCC(=O)O)C1CCC2C1(CCC3C2C(CC4C3(CCC(C4)O)C)O)C,
RUEYEZADQJCKGV,ok,151779050,C1CCC(CC1)N2C(=O)C(C(=O)N(C2=O)C3CCCCC3)C(=O)NCC(=O)O,
RUJBDQSFYCKFAA,ok,76974808,CCC1C(=NN=C(C2=CC(=C(C=C12)OC)OC)C3=CC(=C(C=C3)OC)OC)C,
RUOKEQAAGRXIBM,ok,140583360,C#CC[NH2+]C1CCC2=CC=CC=C12,
RUZYUOTYCVRMRZ,ok,131709038,COC1=C(C=C2C(=C1)C(=NC(=N2)N3CCN(CC3)C(=O)C4COC5=CC=CC=C5O4)N)OC,
RVFGKBWWUQOIOU,ok,23392970,CCC1(C2=C(COC1=O)C(=O)N3CC4=C(C5=CC6=C(C=C5N=C4C3=C2)OCCO6)CN7CCN(CC7)C)O,
RVOLLAQWKVFTGE,ok,177513442,C[N+]1=CC=CC(=C1)OC(=O)N(C)C,
RWHUEXWOYVBUCI,ok,177678988,CC(C)CC(C(=O)NC(CCCN=C(N)N)C(=O)N1CCCC1C(=O)NCC(=O)N)NC(=O)C(CC2=CC3=CC=CC=C3C=C2)NC(=O)C(CC4=CC=C(C=C4)O)NC(=O)C(CO)NC(=O)C(CC5=CNC6=CC=CC=C65)NC(=O)C(CC7=CN=CN7)NC(=O)C8CCC(=O)N8,
RWMKKWXZFRMVPB,ok,21954835,[H+].[Si+4],
RWTNPBWLLIMQHL,ok,171391639,CC(C)(C1=CC=C(C=C1)C(CCCN2CCC(CC2)C(C3=CC=CC=C3)(C4=CC=CC=C4)O)O)C(=O)O,
RWVUEZAROXKXRT,ok,171320147,CC1CC(C(OC1C2CC(C(O2)C3(CCC(O3)C4(CCC5(O4)CC(C(C(O5)C(C)C6C(C(C(C(O6)(CC(=O)[O-])O)C)OC)OC)C)O)C)C)OC7CC(C(C(O7)C)OC)OC)(C)O)C,
RWWYLEGWBNMMLJ,ok,177834663,CCC(CC)COC(=O)C(C)NP(=O)(OCC1C(C(C(O1)(C#N)C2=CC=C3N2N=CN=C3N)O)O)OC4=CC=CC=C4,
RWZVPVOZTJJMNU,ok,5966,CN(CCCCCCCCCCN(C)C(=O)OC1=CC=CC(=C1)[N+](C)(C)C)C(=O)OC2=CC=CC(=C2)[N+](C)(C)C,
RXOIEVSUURELPG,ok,135564833,CCN=C1NC(=O)C(O1)C2=CC=CC=C2,
RXPRRQLKFXBCSJ,ok,169440349,CCC12CCCN3C1C4=C(CC3)C5=CC=CC=C5N4C(C2)(C(=O)OC)O,
RXQCGGRTAILOIN,ok,134856192,CC(C)(CC1=CC=CC=C1)NC,
RXRGZNYSEHTMHC,ok,138106997,C1C(OC(O1)CO)N2C=CC(=NC2=O)N,
RXWNCPJZOCPEPQ,ok,177678906,CN(C)C1=NC=NC2=C1N=CN2C3C(C(C(O3)CO)NC(=O)C(CC4=CC=C(C=C4)OC)N)O,
RXZBMPWDPOLZGW,ok,177857542,CCC1C(C(C(C(=NOCOCCOC)C(CC(C(C(C(C(C(=O)O1)C)OC2CC(C(C(O2)C)O)(C)OC)C)OC3C(C(CC(O3)C)N(C)C)O)(C)O)C)C)O)(C)O,
RYBJORHCUPVNMB,ok,13935776,C1=CC=C(C=C1)CCNCCCCCCNCCC2=CC(=C(C=C2)O)O,
RYGMFSIKBFXOCR,ok,175671289,[Cu],
RYIDHLJADOKWFM,ok,172653263,C1CC1CN2CCC34CC(=O)CCC3(C2CC5=C4C(=C(C=C5)C(=O)N)O)O,
RYIGNEOBDRVTHA,ok,71314819,CN1C2=C(C(=O)N(C1=O)C)NC(=N2)Cl,
RYJXBGGBZJGVQF,ok,139597006,[H+].COC1=CC(=CC(=C1OC)C(=O)NCC2CCCN2CC=C)S(=O)(=O)N,
RYMZZMVNJRMUDD,ok,178186269,CCC(C)(C)C(=O)OC1CC(C=C2C1C(C(C=C2)C)CCC3CC(CC(=O)O3)O)C,
RYOOHIUJEJZCFT,ok,169435604,CCN(CC)CCNC(C1=CC=CC=C1)C(=O)OCCC(C)C,
RYQOGSFEJBUZBX,ok,94280,CC1(C2=CC=CC=C2N(C3=CC=CC=C31)CCCN(C)C)C,
RYQOILLJDKPETL,ok,36688256,CCCCCCOC(=O)CCC(=O)C[NH3+],
RYYVLZVUVIJVGH,ok,172407147,CN1C=NC2=C1C(=O)N(C(=O)N2C)C,
RZEKVGVHFLEQIL,ok,177832431,CC1=CC=C(C=C1)C2=CC(=NN2C3=CC=C(C=C3)S(=O)(=O)N)C(F)(F)F,
RZESKRXOCXWCFX,ok,102397064,CN=C(CN(CCN(CCN(CC(=NC)[O-])CC(=O)O)CC(=O)[O-])CC(=O)O)[O-],
RZJQGNCSTQAWON,ok,131698438,CS(=O)(=O)C1=CC=C(C=C1)C2=C(C(=O)OC2)C3=CC=CC=C3,
RZPAKFUAFGMUPI,ok,177495959,CC1CC(C(C(O1)OC2C(CC3(CO3)C(=O)C(C(C(C(OC(=O)C(C(C2C)OC4CC(C(C(O4)C)O)OC)C)C)C)O)C)C)O)N(C)C,
RZQNBTMGBODDSK,ok,24868272,CCOC(=O)C(CS)NCCNC(CS)C(=O)OCC,
RZTAMFZIAATZDJ,ok,177828671,CCOC(=O)C1=C(NC(=C(C1C2=C(C(=CC=C2)Cl)Cl)C(=O)OC)C)C,
RZVAJINKPMORJF,ok,177515616,CC(=O)NC1=CC=C(C=C1)O,
SAADBVWGJQAEFS,ok,169440549,CCN(CC)CCN1C(=O)CN=C(C2=C1C=CC(=C2)Cl)C3=CC=CC=C3F,
SADQVAVFGNTEOD,ok,40490985,C1C[NH2+]CCC1CCC2=CNC3=CC=CC=C32,
SAPNXPWPAUFAJU,ok,46782071,CN(CCCN1C2=CC=CC=C2CCC3=CC=CC=C31)CC(=O)C4=CC=C(C=C4)Cl,
SBDNJUWAMKYJOX,ok,164516784,CC1=C(C(=C(C=C1)Cl)NC2=CC=CC=C2C(=O)O)Cl,
SBFXHXZNBNFPHV,ok,172013097,CCC(C)C1C(=O)N2CCCC2C3(N1C(=O)C(O3)(C(C)C)NC(=O)C4CC5C(CC6=CNC7=CC=CC5=C67)N(C4)C)O,
SBJKKFFYIZUCET,ok,176241261,C(C(C1C(=O)C(=O)C(=O)O1)O)O,
SBNKFTQSBPKMBZ,ok,76974749,CCOC1=CC=CC=C1C(=O)N,
SBUJHOSQTJFQJX,ok,177831203,C1C(C(C(C(C1N)OC2C(C(C(C(O2)CN)O)O)O)O)OC3C(C(C(C(O3)CO)O)N)O)N,
SCKYRAXSEDYPSA,ok,131708857,CC1=CC(=O)N(C(=C1)C2CCCCC2)O,
SDEAXTCZPQIFQM,ok,51039094,CC1=C(C=CC(=C1)NC2=NC=NC3=C2C=C(C=C3)NC4=NC(CO4)(C)C)OC5=CC6=NC=NN6C=C5,
SDUQYLNIPVEERB,ok,178878749,C1=CN(C(=O)N=C1N)C2C(C(C(O2)CO)O)(F)F,
SEALOBQTUQIVGU,ok,140386741,CC(C)C1C(=O)N2CCCC2C3(N1C(=O)C(O3)(C(C)C)NC(=O)C4CC5C(CC6=CNC7=CC=CC5=C67)N(C4)C)O,
SEBFKMXJBCUCAI,ok,178293463,COC1=C(C=CC(=C1)C2C(OC3=C(O2)C=C(C=C3)C4C(C(=O)C5=C(C=C(C=C5O4)O)O)O)CO)O,
SEBMTIQKRHYNIT,ok,19861,CN1CCC(=C2C3=CC=CC=C3CCC4=C2N=CC=C4)CC1,
SECKRCOLJRRGGV,ok,136961182,CCCC1=NC(=C2N1N=C(NC2=O)C3=C(C=CC(=C3)S(=O)(=O)N4CCN(CC4)CC)OCC)C,
SEEPANYCNGTZFQ,ok,153640184,C1=CN=C(N=C1)NS(=O)(=O)C2=CC=C(C=C2)[NH3+],
SEERZIQQUAZTOL,ok,124349205,CC(C)C1=C(C(=C(C(=N1)C(C)C)COC)C2=CC=C(C=C2)F)C=CC(CC(CC(=O)O)O)O,
SEQDDYPDSLOBDC,ok,138402766,CN1C2=C(C=C(C=C2)Cl)C(=NC(C1=O)O)C3=CC=CC=C3,
SETFNECMODOHTO,ok,216468,C1=CC2=C(C(=C1)NS(=O)(=O)C3=CC=C(C=C3)S(=O)(=O)N)NC=C2Cl,
SEVCTUCCZYBJER,ok,170996942,CCOC(=O)C[N+]1(CCC(C1)OC(=O)C(C2CCCC2)(C3=CC=CC=C3)O)C,
SFLSHLFXELFNJZ,ok,178938196,C1=CC(=C(C=C1C(CN)O)O)O,
SFNSLLSYNZWZQG,ok,174192810,CN1CCC(CC1C2=NC3=CC=CC=C3N2)NC(=O)NC4=CC=C(C=C4)C#N,
SFYAXIFVXBKRPK,ok,146839936,C1=CC=C(C=C1)C(COCCCCCCNCC(C2=C3C=CC(=O)NC3=C(C=C2)O)O)(F)F,
SGDBTWWWUNNDEQ,ok,163959312,C1=CC(=CC=C1CC(C(=O)[OH2+])N)N(CCCl)CCCl,
SGEGOXDYSFKCPT,ok,175981958,C1CN(CCN1CCCCC2=CNC3=C2C=C(C=C3)C#N)C4=CC5=C(C=C4)OC(=C5)C(=O)N,
SGOIRFVFHAKUTI,ok,169446777,CC(CN1C=NC2=C(N=CN=C21)N)OCP(=O)(O)O,
SGOOQMRIPALTEL,ok,54676478,CN1C2=CC=CC=C2C(=C(C1=O)C(=O)N(C)C3=CC=CC=C3)O,
SGRUZFCHLOFYHZ,ok,124426238,C1=CC(=CC=C1C(C(CO)NC(=O)CN=[N+]=[N-])O)[N+](=O)[O-],
SGTNSNPWRIOYBX,ok,164670202,CC(C)C(CCCN(C)CCC1=CC(=C(C=C1)OC)OC)(C#N)C2=CC(=C(C=C2)OC)OC,
SGUAFYQXFOLMHL,ok,169442811,CC(CCC1=CC=CC=C1)NCC(C2=CC(=C(C=C2)O)C(=O)N)O,
SGUKUZOVHSFKPH,ok,174069805,CCCCCC(C=CC1C2CC(C1CC=CCCCC(=O)O)OO2)OO,
SGXXNSQHWDMGGP,ok,131704615,CNC(=C[N+](=O)[O-])NCCSCC1=CSC(=N1)CN(C)C,
SHGAZHPCJJPHSC,ok,177794323,CC1=C(C(CCC1)(C)C)C=CC(=CC=CC(=CC(=O)O)C)C,
SHHKQEUPHAENFK,ok,24871316,CC1=C(C(=O)C(=C(C1=O)N2CC2)C(COC(=O)N)OC)N3CC3,
SHKXZIQNFMOPBS,ok,175547937,CCCCCCCCCCCCCCCCCCCC(=O)NC1CCC2(C(C1)CC(C3C2CC(C4(C3CCC4C(C)CCC(=O)O)C)O)O)C,
SHXWCVYOXRDMCX,ok,171439687,CC(CC1=CC2=C(C=C1)OCO2)NC,
SIDLZWOQUZRBRU,ok,40467203,CCC1(C(=O)C(CNC1=O)C)CC,
SIFNOOUKXBRGGB,ok,178069008,CCNCCC1=CC=C(C=C1)CN(CC)C2=C(C=CC(=C2)OC)C3CCC4=C(C3)C=CC(=C4)O,
SIGSNYAYBSJATD,ok,10630,CCN1C(=O)C(OC1=O)(C)C,
SIGSPDASOTUPFS,ok,169440926,CCC12CCC3C(C1C=CC2(C#C)O)CCC4=CC(=O)CCC34,
SIOXPEMLGUPBBT,ok,162453445,C1=CC=[NH+]C(=C1)C(=O)O,
SJDACOMXKWHBOW,ok,162642055,C1=CC=C2C(=C1)C(C(=O)N2)(C3=CC=C(C=C3)O)C4=CC=C(C=C4)O,
SJOXEWUZWQYCGL,ok,92460923,CC1CCC(C(C1)OC(=O)C2=CC=CC=C2O)C(C)C,
SJVQHLPISAIATJ,ok,175723857,CC(C1=CC2=C(C(=CC=C2)Cl)C(=O)N1C3=CC=CC=C3)NC4=NC=NC5=C4NC=N5,
SJZRECIVHVDYJC,ok,177843749,C(CC(=O)[O-])CO,
SKIVFJLNDNKQPD,ok,172994424,CC(=O)NS(=O)(=O)C1=CC=C(C=C1)N,
SKTFQHRVFFOHTQ,ok,11808,CN1C2=C(C(=O)N(C1=O)C)NC(=N2)Br,
SKVLYVHULOWXTD,ok,5315,C1=CC(=CC=C1NC(=O)CCC(=O)O)S(=O)(=O)NC2=NC=CS2,
SKYSRIRYMSLOIN,ok,25271646,CN(C)CCOC(=O)C(C1=CC=CC=C1)C2(CCCC2)O,
SKZKKFZAGNVIMN,ok,177910101,C1=CC=C(C(=C1)C(=O)N)O,
SLAYUXIURFNXPG,ok,122130298,C1C(=C(N2C(S1)C(C2=O)NC(=O)CC3=CC=CC=C3CN)C(=O)O)CSC4=NN=NN4CC(=O)O,
SLFGIOIONGJGRT,ok,49849604,CC(CN1C2=CC=CC=C2SC3=C1C=C(C=C3)C#N)CN(C)C,
SLRCCWJSBJZJBV,ok,173668637,C1CCN2CC3CC(C2C1)CN4C3CCCC4,
SLVCCRYLKTYUQP,ok,56841872,CC(C(=O)C1(CCC2C1(CC(C3(C2CCC4=CC(=O)C=CC43C)F)O)C)O)O,
SLVMESMUVMCQIY,ok,139025854,CN1CCCCC1CCN2C3=CC=CC=C3SC4=C2C=C(C=C4)S(=O)C,
SLWGJZPKHAXZQL,ok,6526,CCC(C)(CC)OC(=O)N,
SLYDYLLJUXFULK,ok,219095,CC(C)OC(=O)C1=NC=C2C(=C1COC)C3=C(N2)C=CC=C3OC4=CC=C(C=C4)Cl,
SMANXXCATUTDDT,ok,173556786,C1CN(CCN1CC=CC2=CC=CC=C2)C(C3=CC=C(C=C3)F)C4=CC=C(C=C4)F,
SMNOERSLNYGGOU,ok,139024803,CC1(CCCO1)CN(C)S(=O)(=O)C2=CC(=C(C=C2)Cl)S(=O)(=O)N,
SMOBCLHAZXOKDQ,ok,121301826,C1CC(N2CC1N(C2=O)OS(=O)(=O)[O-])C(=O)NC3CC[NH2+]CC3,
SMSRCGPDNDCXFR,ok,168322435,CCN1CCN(C(=O)C1=O)C(=O)NC(C(C)O)C(=O)NC2(C3N(C2=O)C(=C(CS3)CSC4=NN=NN4C)C(=O)[O-])OC,
SMTCDPMWINUUKC,ok,172652830,CCC(C)CCC=CC=CC(=O)NC(C(C)C(=O)O)C(=O)NC1C(NC(=O)C2CC(CN2C(=O)C(NC(=O)C(NC(=O)CNC(=O)C(NC(=O)C(NC(=O)C(NC(=O)C(NC1=O)C(C)C)CCCCN)C(C(=O)O)O)CC(=O)O)C(C)C(=O)O)C(C)C)C)C,
SMTZFNFIKUPEJC,ok,71752048,CC(=O)OCC(=O)NCCCOC1=CC=CC(=C1)CN2CCCCC2,
SNBUBQHDYVFSQF,ok,171382771,CN1C(=NN=N1)SCC2=C(N3C(C(C3=O)(NC(=O)CSCC#N)OC)SC2)C(=O)O,
SNFOERUNNSHUGP,ok,92328087,C(C(C(CO[N+](=O)[O-])O[N+](=O)[O-])O[N+](=O)[O-])O[N+](=O)[O-],
SNICXCGAKADSCV,ok,176349302,CN1CCCC1C2=CN=CC=C2,
SNIOPGDIGTZGOP,ok,129010184,C(C(CO[N+](=O)[O-])O[N+](=O)[O-])O[N+](=O)[O-],
SNKZJIOFVMKAOJ,ok,172813708,C(CN)CS(=O)(=O)O,
SNPLKNRPJHDVJA,ok,169445318,CC(C)(CO)C(C(=O)NCCCO)O,
SNPPWIUOZRMYNY,ok,176729140,CC(C(=O)C1=CC(=CC=C1)Cl)NC(C)(C)C,
SOLUWJRYJLAZCX,ok,174165821,C1CC2CC1N3C(O2)CN4C=C(C(=O)C(=C4C3=O)O)C(=O)NCC5=C(C=C(C=C5F)F)F,
SONNWYBIRXJNDC,ok,177747039,CNCC(C1=CC(=CC=C1)O)O,
SOROUYSPFADXSN,ok,141540518,CC1(C(N2C(S1)C(C2=O)NC(=O)C(C3=CC=CC=C3)N)C(=O)OC4C5=CC=CC=C5C(=O)O4)C,
SOYKEARSMXGVTM,ok,131708765,CN(C)CCC(C1=CC=C(C=C1)Cl)C2=CC=CC=N2,
SPFYMRJSYKOXGV,ok,144861878,CC[NH+]1CCN(CC1)C2=C(C=C3C(=C2)N(C=C(C3=O)C(=O)O)C4CC4)F,
SPIUTQOUKAMGCX,ok,163322533,CC1=C(OC2=C(C1=O)C=CC=C2C(=O)OCCN3CCCCC3)C4=CC=CC=C4,
SPMVMDHWKHCIDT,ok,171379171,CC1=CC(=NO1)NC(=O)NC2=C(C=C(C=C2)OC3=C4C=C(C(=CC4=NC=C3)OC)OC)Cl,
SPWZXWDPAWDKQE,ok,58138094,CC(=O)NC1=CC(=CC=C1)N2CCN(CC2)CCCCNS(=O)(=O)CC3CCCCC3,
SQGZFRITSMYKRH,ok,146875606,CC12CCC3C(C1CCC2=O)CC=C4C3(CCC(=O)C4)C,
SQKXYSGRELMAAU,ok,169442396,CC1=NC=CN1CCC(C2=CC=CC=C2)(C3=CC=CC=C3)C(=O)N,
SQUNAWUMZGQQJD,ok,87824931,CCC1=CC=C(C=C1)C(=O)C(C)CN2CCCCC2,
SQVIAVUSQAWMKL,ok,177747044,CCNCC(C1=CC(=CC=C1)O)O,
SQYNKIJPMDEDEG,ok,31264,CC1OC(OC(O1)C)C,
SRPNQDXRVRCTNK,ok,68888,CC(C)(C)C(=O)NCCCC(=O)O,
SRPXSILJHWNFMK,ok,172990114,C1CC(C2=CC=CC=C2C1C3=CC(=C(C=C3)Cl)Cl)N,
SRQKTCXJCCHINN,ok,172934582,CSCC1CN(C(=O)O1)N=CC2=CC=C(O2)[N+](=O)[O-],
SRVJKTDHMYAMHA,ok,9568512,CC(=O)NC1=CC=C(C=C1)C=NNC(=S)N,
SRZNHPXWXCNNDU,ok,169435825,CN1C(=NN=N1)SCC2=C(N3C(C(C3=O)(NC(=O)C4SC(=C(C(=O)N)C(=O)O)S4)OC)SC2)C(=O)O,
SSEBTPPFLLCUMN,ok,45038472,CCC1=CC=CC2=C1OC(=C2)C(CNC(C)(C)C)O,
SSOLNOMRVKKSON,ok,27073389,CC(C)[NH+]=C(N)N=C(N)NC1=CC=C(C=C1)Cl,
SSQPWTVBQMWLSZ,ok,178246599,CCC=CCC=CCC=CCC=CCC=CCCCC(=O)OCC,
STDBAQMTJLUMFW,ok,71314330,CCCCC1(C(=O)NC(=O)NC1=O)CC,
STECJAGHUSJQJN,ok,177828298,CN1C2CC(CC1C3C2O3)OC(=O)C(CO)C4=CC=CC=C4,
STJMRWALKKWQGH,ok,177831258,CC(C)(C)NCC(C1=CC(=C(C(=C1)Cl)N)Cl)O,
STQGQHZAVUOBTE,ok,42052108,CC1C(C(CC(O1)OC2CC(CC3=C2C(=C4C(=C3O)C(=O)C5=C(C4=O)C(=CC=C5)OC)O)(C(=O)C)O)[NH3+])O,
STUWGJZDJHPWGZ,ok,175852176,CC1=C(SC(=N1)NC(=O)N2CCCC2C(=O)N)C3=CC(=NC=C3)C(C)(C)C(F)(F)F,
STZYTFJPGGDRJD,ok,176519871,CC1CCC23CCC(=O)C2C1(C(CC(C(C3C)O)(C)C=C)OC(=O)CSC4CC5CCC(C4)N5C)C,
SUBDBMMJDZJVOS,ok,163322431,CC1=CN=C(C(=C1OC)C)CS(=O)C2=NC3=C(N2)C=C(C=C3)OC,
SUFPWYYDCOKDLL,ok,176364242,CC1=CC(=C(N1C)C(=O)C(=O)NC2=CC=C(C=C2)N3CCN(CC3)C4=NC=C(C=N4)F)C5=CC=CC=C5,
SUJUHGSWHZTSEU,ok,178856197,CCCC1(CC(=C(C(=O)O1)C(CC)C2=CC(=CC=C2)NS(=O)(=O)C3=NC=C(C=C3)C(F)(F)F)O)CCC4=CC=CC=C4,
SUPKOOSCJHTBAH,ok,101899920,C1=NC(=C2C(=N1)N(C=N2)CCOCP(=O)([O-])[O-])N,
SUPVGFZUWFMATN,ok,162330978,CC(C)[NH2+]CCCN1C2=NC=NC(=C2N=C1SC3=C(C=C4C(=C3)OCO4)I)N,
SUVMJBTUFCVSAD,ok,11389813,CS(=O)CCCCN=C=S,
SUYRLXYYZQTJHF,ok,172885177,CCN(CC)CCS(=O)(=O)C1CCN2C1C(=O)OC(C(C=CC(=O)NCC=CC(=CC(CC(=O)CC3=NC(=CO3)C2=O)O)C)C)C(C)C,
SVJMLYUFVDMUHP,ok,6918097,CC1=C(C(C(=C(N1)C)C(=O)OCCCN2CCC(CC2)(C3=CC=CC=C3)C4=CC=CC=C4)C5=CC(=CC=C5)[N+](=O)[O-])C(=O)OC,
SVUOLADPCWQTTE,ok,175930615,C1=CC=C2C(=C1)C=CC=NN2,
SVYCRJXQZUCUND,ok,177829036,CC1CC2C3CCC(C3(CC(=O)C2C4(C1=CC(=O)C=C4)C)C)(C(=O)CO)O,
SWHNZGMQMGFQGW,ok,156758052,CC1=NC(=C(C(=N1)N2CCN3CCOCC3C2)F)NNC(=O)C(CC4CCCC4)CN(C=O)O,
SWMDAPWAQQTBOG,ok,153658718,CC1=NN(C=N1)C2=NC=C(C3=C2N(C=C3C(=O)C(=O)N4CCN(CC4)C(=O)C5=CC=CC=C5)COP(=O)([OH2+])O)OC,
SWRUZBWLEWHWRI,ok,169436939,C1CCN(CC1)CCC(C2CCCC2)(C3=CC=CC=C3)O,
SXNJFOWDRLKDSF,ok,169447706,CCC1C(=O)N(C2=CN=C(N=C2N1C(C)C)NC3=C(C=C(C=C3)C(=O)NC4CCC(CC4)N5CCN(CC5)CC6CC6)OC)C,
SXYIRMFQILZOAM,ok,13320686,CC1CCC2C(C(OC3C24C1CCC(O3)(OO4)C)OC)C,
SYJXFKPQNSDJLI,ok,176485070,C1C(C(C(C(C1N)OC2C(C(C(C(O2)CN)O)O)N)O)O)N,
SYLKGLMBLAAGSC,ok,172437017,C1C(=C(N2C(S1)C(C2=O)NC(=O)C(C3=CC=CC=C3)S(=O)(=O)[O-])C(=O)O)C[N+]4=CC=C(C=C4)C(=O)N,
SYOKIDBDQMKNDQ,ok,171666276,C1CC(N(C1)C(=O)CNC23CC4CC(C2)CC(C4)(C3)O)C#N,
SYTBZMRGLBWNTM,ok,171391594,CC(C1=CC(=C(C=C1)C2=CC=CC=C2)F)C(=O)O,
SZLZWPPUNLXJEA,ok,162988414,COC1C(CC2CN3CCC4=C(C3CC2C1C(=O)OC)NC5=C4C=CC(=C5)OC)OC(=O)C=CC6=CC(=C(C(=C6)OC)OC)OC,
SZMJVTADHFNAIS,ok,177253548,C1=CC(=CN=C1)C=CC(=O)NCC2=CC=C(C=C2)C(=O)NC3=C(C=C(C=C3)F)N,
SZQIFWWUIBRPBZ,ok,12309785,CCN1C(=O)C(NC1=O)C2=CC=CC=C2,
TTWJBBZEZQICBI,ok,76973292,CCN(CC)CCNC(=O)C1=CC(=C(C=C1OC)N)Cl,
TTZHDVOVKQGIBA,ok,178184277,CC(C)OC(=O)C(C)NP(=O)(OCC1C(C(C(O1)N2C=CC(=O)NC2=O)(C)F)O)OC3=CC=CC=C3,
TULGGJGJQXESOO,ok,6450806,COC(=O)C1=CN=C2N1CCC3=CC=CC=C3C2=C4CCN(CC4)CCC5=CC=C(C=C5)OCC6=NC7=CC=CC=C7C=C6,
TURJYGRXEJIBGT,ok,168318410,CC1CCCC2C(N2CCOC(=O)OCCSSCC(C(=O)O)NC(=O)C(CC(=O)O)NC(=O)C(CCCN=C(N)N)NC(=O)C(CC(=O)O)NC(=O)CCC(C(=O)O)NC(=O)C3=CC=C(C=C3)NCC4=CN=C5C(=N4)C(=O)NC(=N5)N)CC(OC(=O)CC(C(C(=O)C(C1O)C)(C)C)O)C(=CC6=CSC(=N6)C)C,
TUYWTLTWNJOZNY,ok,71752433,CC(C)C1=CN=C(C=C1)S(=O)(=O)NC2=C(C(=NC(=N2)C3=CC(=NC=C3)C4=NNN=N4)OCCO)OC5=CC=CC=C5OC,
TUZYXOIXSAXUGO,ok,175018484,CCC(C)C(=O)OC1CC(C=C2C1C(C(C=C2)C)CCC(CC(CC(=O)O)O)O)O,
TVHAZVBUYQMHBC,ok,173509791,CCCCCCCC(=O)CCC1C(CC(C1CC=CCCCC(=O)O)O)O,
TVQZAMVBTVNYLA,ok,169445810,CC(C1=CC2=C(C=C1)OC3=C(C2)C=CC=N3)C(=O)O,
TVURRHSHRRELCG,ok,178520802,C1CNCC(C2=CC(=C(C(=C21)Cl)[O-])[O-])C3=CC=C(C=C3)[O-],
TVYLLZQTGLZFBW,ok,129318231,CN(C)CC1CCCCC1(C2=CC(=CC=C2)OC)O,
TVZGACDUOSZQKY,ok,177836692,C1=CC(=CC=C1C(=O)NC(CCC(=O)O)C(=O)O)NCC2=CN=C3C(=N2)C(=NC(=N3)N)N,
TWHZNAUBXFZMCA,ok,121225321,CC(C)N(CCNC(=O)C1=CSC(=N1)NC(=O)C2=CC(=C(C=C2O)OC)OC)C(C)C,
TWQYWUXBZHPIIV,ok,10253143,C1COCCC1CNC(=O)C2=CN=C(N=C2C(F)(F)F)NC3=C(C=C(C=C3)Cl)Cl,
TXCGAZHTZHNUAI,ok,138396021,CC(C)(C(=O)O)OC1=CC=C(C=C1)Cl,
TXEIIPDJKFWEEC,ok,178896134,C1=CC2=C(C=C1C(=O)O)OC(=N2)C3=CC(=CC(=C3)Cl)Cl,
TXUZVZSFRXZGTL,ok,163198988,CCC(=C(C1=CC=C(C=C1)O)C2=CC=C(C=C2)OCCN(C)C)C3=CC=CC=C3,
TYBHXIFFPVFXQW,ok,10317650,CC1=CC(=C(C=C1)OC2=CC=CC=C2C3=CSC(=N3)NC4=NCCCN4)C,
TYNLGDBUJLVSMA,ok,71315863,CC(=O)OC1=CC=CC2=C1C(=O)C3=C(C2=O)C=C(C=C3OC(=O)C)C(=O)O,
TYZROVQLWOKYKF,ok,163989114,CC(=O)NCC1C[NH+](C(=O)O1)C2=CC(=C(C=C2)N3CCOCC3)F,
TZBJGXHYKVUXJN,ok,175755297,C1=CC(=CC=C1C2=COC3=CC(=CC(=C3C2=O)O)O)O,
TZDUHAJSIBHXDL,ok,162641784,CC(C)C(=O)OC(C)OC(=O)NCC1(CCCCC1)CC(=O)O,
TZFNLOMSOLWIDK,ok,163989352,CC(CC1=CC(=C(C=C1)O)O)(C(=O)O)N[NH3+],
TZFWDZFKRBELIQ,ok,131708427,C1=CC2=C(C=C1Cl)NC(=O)O2,
TZIRZGBAFTZREM,ok,177802099,CCC(C)C(C(=O)NC(CC(C)C)C(=O)N1CCCC1C(=O)N2CCCC2C(=O)NC(C(C)O)C(=O)NC(CC(=O)N)C(=O)NC(C(C)C)C(=O)NCC(=O)NC(CO)C(=O)NC(CC(=O)N)C(=O)NC(C(C)O)C(=O)NC(CC3=CC=C(C=C3)O)C(=O)N)NC(=O)C4CCCN4C(=O)CNC(=O)C(CC5=CC=CC=C5)NC(=O)C(CC(=O)N)NC(=O)C(CC(=O)N)NC(=O)C(CO)NC(=O)C(CO)NC(=O)C(CC6=CN=CN6)NC(=O)C(C(C)C)NC(=O)C(CC(C)C)NC(=O)C(CC7=CC=CC=C7)NC(=O)C(CC(=O)N)NC(=O)C(C)NC(=O)C(CC(C)C)NC(=O)C(CCCNC(=N)N)NC(=O)C(CCC(=O)N)NC(=O)C(C(C)O)NC(=O)C(C)NC(=O)C8CSSCC(C(=O)NC(C(=O)NC(C(=O)NC(C(=O)NC(C(=O)N8)C(C)O)C)C(C)O)CC(=O)N)NC(=O)C(CCCCN)N,
TZRHLKRLEZJVIJ,ok,164517218,CCC(=O)NS(=O)(=O)C1=CC=C(C=C1)C2=C(ON=C2C3=CC=CC=C3)C,
TZRXHJWUDPFEEY,ok,6518,C(C(CO[N+](=O)[O-])(CO[N+](=O)[O-])CO[N+](=O)[O-])O[N+](=O)[O-],
TZXKOCQBRNJULO,ok,119057248,CC1=C(C(=O)C=CN1C)O,
UAMAIHOEGLEXSV,ok,11198924,CCCC1=C(N=CN2C1=NC(=N2)C)CN3C=CN=C3C4=C(C=CC=N4)F,
UAOCLDQAQNNEAX,ok,126515013,CCOC(=O)OCC1C(C(C(C(O1)OC2=NN(C(=C2CC3=CC=C(C=C3)OC(C)C)C)C(C)C)O)O)O,
UAUHEPXILIZYCU,ok,177842745,CCC[N+]12C3CC(C(C1O)CC)C4C2CC5(C3N(C6=CC=CC=C65)C)C4O,
UAUIUKWPKRJZJV,ok,169959639,CC1=CN=C(C=N1)C(=O)NC2CCCCCC=CC3CC3(NC(=O)C4CC(CN4C2=O)OC5=NC6=CC=CC=C6C7=CC=CC=C75)C(=O)NS(=O)(=O)C8CC8,
UAWXGRJVZSAUSZ,ok,165341699,CC1(CC2=C(C(=C(N2C1)CC(=O)O)C3=CC=C(C=C3)Cl)C4=CC=CC=C4)C,
UBPYILGKFZZVDX,ok,177746992,CN1CCN(CC1)CCCOC2=C(C=C3C(=C2)N=CC(=C3NC4=CC(=C(C=C4Cl)Cl)OC)C#N)OC,
UBQNRHZMVUUOMG,ok,172005783,C1=CC=C2C(=C1)C(=NO2)CS(=O)(=O)N,
UBVZQGOVTLIHLH,ok,136232987,C1=CN=CC=C1C2=NNC(=N2)C3=CC(=NC=C3)C#N,
UBWXUGDQUBIEIZ,ok,133688817,CC12CCC3C(C1CCC2OC(=O)CCC4=CC=CC=C4)CCC5=CC(=O)CCC35,
UBZPNQRBUOBBLN,ok,163192614,COC(=O)C(C1CCCCN1C(=O)OC[N+]2=CC=CC(=C2)C(=O)NC(CO)C(=O)[O-])C3=CC=CC=C3,
UCFGDBYHRUNTLO,ok,177494139,CCC1(C2=C(COC1=O)C(=O)N3CC4=CC5=C(C=CC(=C5C[NH+](C)C)[O-])N=C4C3=C2)O,
UCHDWCPVSPXUMX,ok,143861622,CC(C)(C1=CC=CC=C1CCC(C2=CC=CC(=C2)C=CC3=NC4=C(C=CC(=C4)Cl)C=C3)SCC5(CC5)CC(=O)O)O,
UCJGJABZCDBEDK,ok,50902420,CC1=C(N(C2=C1C=C(C=C2)O)CC3=CC=C(C=C3)OCCN4CCCCCC4)C5=CC=C(C=C5)O,
UCRHFBCYFMIWHC,ok,71772204,C1CN(CCN1CCCN2CCN(CC2)C3=C4C=CC(=CC4=[NH+]C=C3)Cl)C5=C6C=CC(=CC6=[NH+]C=C5)Cl,
UCSJYZPVAKXKNQ,ok,176547591,CC1C(C(C(O1)OC2C(C(C(C(C2O)O)NC(=N)N)O)N=C(N)N)OC3C(C(C(C(O3)CO)O)O)NC)(C=O)O,
UCTRAOBQFUDCSR,ok,169446506,C1=CC=C(C=C1)CC(COC(=O)N)N,
UCTWMZQNUQWSLP,ok,178938195,CNCC(C1=CC(=C(C=C1)O)O)O,
UCYXILDOFXGENE,ok,137349796,CN1C=[N+](C2=C1C(NC(N2)N)O)C,
UDIIBEDMEYAVNG,ok,177836138,CC1(COC(C(C1NC)O)OC2C(CC(C(C2O)OC3C(C(C(C(O3)CN)O)O)O)N)NC(=O)C(CN)O)O,
UDKABVSQKJNZBH,ok,172990071,CC1=CC2C(CCC3(C2CC(=C)C3(C(=O)C)OC(=O)C)C)C4(C1=CC(=O)CC4)C,
UDSFVOAUHKGBEK,ok,178248368,CCCCCCCCCCC(=O)OC1CCC2C1(CCC3C2CCC4=CC(=O)CCC34C)C,
UEEJHVSXFDXPFK,ok,175865841,C[NH+](C)CCO,
UEFHFKKWYKVLDC,failed,,,no_cid
UEJJHQNACJXSKW,ok,142962756,C1CC(=O)[NH2+]C(=O)C1N2C(=O)C3=CC=CC=C3C2=O,
UEMLYRZWLVXWRU,ok,3000579,C1=CC(=CC=C1N)S(=O)(=O)NC(=S)N,
UEQUQVLFIPOEMF,ok,45039931,CN1CCN2C(C1)C3=CC=CC=C3CC4=CC=CC=C42,
UFIVBRCCIRTJTN,ok,169438373,C1CN(CCC1(C2=CC=CC=C2)C(=O)O)CCC(C#N)(C3=CC=CC=C3)C4=CC=CC=C4,
UFLGIAIHIAPJJC,ok,162641473,CN(C)CCN(CC1=CC=CC=C1)C2=CC=CC=N2,
UFNVPOGXISZXJD,ok,178684228,CC1CC2CCC3C(=C)CC(O3)CCC45CC6C(O4)C7C(O6)C(O5)C8C(O7)CCC(O8)CC(=O)CC9C(CC(C1=C)O2)OC(C9OC)CC(CN)O,
UFPFGVNKHCLJJO,ok,177188297,CC(C(=O)NC(C1CCCCC1)C(=O)N2CCCC2C3=NC(=CS3)C(=O)C4=CC=C(C=C4)F)[NH2+]C,
UFSKUSARDNFIRC,ok,16678941,CC1=C(N=C(C=C1)NC(=O)C2(CC2)C3=CC4=C(C=C3)OC(O4)(F)F)C5=CC(=CC=C5)C(=O)O,
UFULAYFCSOUIOV,ok,173301674,[H+].C(CS)N,
UGFHIPBXIWJXNA,ok,76956378,C1=CC(=CC(=C1)Cl)C(C2=CC3=C(C=C2)N=CN3)N4C=CN=C4,
UGJMXCAKCUNAIE,ok,162641874,C1CCC(CC1)(CC(=O)O)CN,
UGQMRVRMYYASKQ,ok,175850477,C1=NC2=C(C(=O)N1)N=CN2C3C(C(C(O3)CO)O)O,
UHDGCWIWMRVCDJ,ok,177892952,C1=CN(C(=O)NC1=N)C2C(C(C(O2)CO)O)O,
UHIXWHUVLCAJQL,ok,137890989,CC(C(CN1C=NC=N1)(C2=C(C=C(C=C2)F)F)O)N3C=NC4=C(C3=O)C=CC(=C4)Cl,
UHLOVGKIEARANS,ok,169447495,C1CC2CC1C3C2CN(C3)NC(=O)C4=CC(=C(C=C4)Cl)S(=O)(=O)N,
UHQGCIIQUZBJAE,ok,169439893,CC12CCC3C(C1CC(C2O)O)CCC4=C3C=CC(=C4)OC,
UHRBTBZOWWGKMK,ok,124303469,COC1(C2N(C1=O)C(=C(CO2)CSC3=NN=NN3CCO)C(=O)O)NC(=O)CSC(F)F,
UHSKFQJFRQCDBE,ok,71752104,CCCN(CCC)CCC1=C2CC(=O)NC2=CC=C1,
UHTHHESEBZOYNR,ok,169447744,CN1CCC(CC1)COC2=C(C=C3C(=C2)N=CN=C3NC4=C(C=C(C=C4)Br)F)OC,
UHUMRJKDOOEQIG,ok,38988162,C[N+]1(CCCCC1COC(=O)C(C2=CC=CC=C2)(C3=CC=CC=C3)O)C,
UIAGMCDKSXEBJQ,ok,91971923,CC1=C(C(C(=C(N1)C)C(=O)OC(C)C)C2=CC(=CC=C2)[N+](=O)[O-])C(=O)OCCOC,
UIARLYUEJFELEN,ok,172873885,CC12C(CC(O1)N3C4=CC=CC=C4C5=C6C(=C7C8=CC=CC=C8N2C7=C53)CNC6=O)(CO)O,
UIEATEWHFDRYRU,ok,131708799,CC(C)COCC(CN(CC1=CC=CC=C1)C2=CC=CC=C2)N3CCCC3,
UIOFUWFRIANQPC,ok,137704826,CC1=C(C(=NO1)C2=C(C=CC=C2Cl)F)C(=O)NC3C4N(C3=O)C(C(S4)(C)C)C(=O)O,
UIQMVEYFGZJHCZ,ok,92845383,C=CCN1CCC23C4C1CC5=C2C(=C(C=C5)O)OC3C(C=C4)O,
UIRKNQLZZXALBI,ok,177530079,CC(C)C(CCC(C)C1CCC2C1(CCC3C2C(CC4C3(CCC(C4)NCCCNCCCCN)C)O)C)OS(=O)(=O)O,
UISARWKNNNHPGI,ok,86308116,CC(CC(C1=CC=CC=C1)C2=CC=CC=C2)[NH2+]C(C)(C)C,
UIVFUQKYVFCEKJ,ok,91518966,CCC1(C2=C(COC1=O)C(=O)N3CC4=C(C5=CC=CC=C5N=C4C3=C2)C=NOC(C)(C)C)O,
UJEWTUDSLQGTOA,ok,177747024,C1CCN(C1)C2=C(C(=CC(=C2)C(=O)O)S(=O)(=O)N)OC3=CC=CC=C3,
UJIDKYTZIQTXPM,ok,177832108,C1=CC=NC(=C1)C(C2=CC=C(C=C2)OS(=O)(=O)O)C3=CC=C(C=C3)OS(=O)(=O)O,
UJLAWZDWDVHWOW,ok,177747060,CC1CCN(CC1N(C)C2=NC=NC3=C2C=CN3)C(=O)CC#N,
UJSKUDDDPKGBJY,ok,92168300,CC(C(C1=CC=CC=C1)O)NCCN2C=NC3=C2C(=O)N(C(=O)N3C)C,
UJVDJAPJQWZRFR,ok,90014493,CC(C)(C(=O)NC(CC1=CNC2=CC=CC=C21)C(=O)NC(CC3=CNC4=CC=CC=C43)NC=O)N,
UJVLDDZCTMKXJK,ok,164002094,CC12CCC(=O)C=C1C=CC3C2CCC4(C3CCC45CCC(=O)O5)C,
UKTAZPQNNNJVKR,ok,171391647,C1C2CC3CC(CC1N3CC2=O)OC(=O)C4=CNC5=CC=CC=C54,
ULBNWNUHGJLQHO,ok,125036121,COC1C(CC2CN3CCC4=C(C3CC2C1C(=O)OC)NC5=C4C=C(C=C5)OC)OC(=O)C6=CC(=C(C(=C6)OC)OC)OC,
ULFRLSNUDGIQQP,ok,161123324,CN(C)CCC1=CNC2=C1C=C(C=C2)CN3C=NC=N3,
ULGZDMOVFRHVEP,ok,178253659,CCC1C(C(C(C(=O)C(CC(C(C(C(C(C(=O)O1)C)OC2CC(C(C(O2)C)O)(C)OC)C)OC3C(C(CC(O3)C)N(C)C)O)(C)O)C)C)O)(C)O,
ULRRHTDDELHNOW,failed,,,no_cid
ULSDMUVEXKOYBU,ok,173492476,CN(C)CCC1=CNC2=C1C=C(C=C2)CC3COC(=O)N3,
ULXXDDBFHOBEHA,ok,175025785,CN(C)CC=CC(=O)NC1=C(C=C2C(=C1)C(=NC=N2)NC3=CC(=C(C=C3)F)Cl)OC4CCOC4,
UMILHIMHKXVDGH,ok,76956174,C1C(O1)COCCOCCOCCOCC2CO2,
UMJJGDUYVQCBMC,ok,10586543,CCNCCCNCCCNCCCNCC,
UMKFEPPTGMDVMI,ok,173235067,C1CN(P(=O)(OC1)[NH+](CCCl)CCCl)CCCl,
UMSGKTJDUHERQW,ok,169434874,CC1=NN=C2N1C3=C(C=C(S3)Br)C(=NC2)C4=CC=CC=C4Cl,
UNAANXDKBXWMLN,ok,121215559,CC(C)CC(C1(CCC1)C2=CC=C(C=C2)Cl)N(C)C,
UNBRKDKAWYKMIV,ok,176800646,CCC(CO)NC(=O)C1CN(C2CC3=CNC4=CC=CC(=C34)C2=C1)C,
UNFWWIHTNXNPBV,ok,164773707,CC1CC(=O)C2(C(O1)OC3C(C(C(C(C3O2)NC)O)NC)O)O,
UNJFKXSSGBWRBZ,ok,131632451,C1C=C(N2C(S1)C(C2=O)NC(=O)C(=CCC(=O)O)C3=CSC(=N3)N)C(=O)O,
UNRHXEPDKXPRTM,ok,46782965,CCN1CCCC1CNC(=O)C2=C(C=CC(=C2)S(=O)(=O)CC)OC,
UOACKFBJUYNSLK,ok,174980805,CC12CCC3C(C1CCC2OC(=O)CCC4CCCC4)CCC5=C3C=CC(=C5)O,
UOCJDOLVGGIYIQ,ok,162640766,C1C(=C(N2C(S1)C(C2=O)NC(=O)C(C3=CC=C(C=C3)O)N)C(=O)O)CSC4=NNN=C4,
UOMQUZPKALKDCA,ok,161149599,C(CN(CC(=O)O)CC(=O)[O-])N(CC(=O)O)CC(=O)[O-].[Fe+3],
UORJNBVJVRLXMQ,ok,46780469,CC(C)C1(C(=O)NC(=O)NC1=O)CC=C,
UOWZUVNAGUAEQC,ok,169447432,C1=CC(=C(C=C1OC2=C(C=C(C=C2I)CC(=O)O)I)I)O,
UOZODPSAJZTQNH,ok,173719997,C1C(C(C(C(C1N)OC2C(C(C(C(O2)CO)O)O)N)OC3C(C(C(O3)CO)OC4C(C(C(C(O4)CN)O)O)N)O)O)N,
UPALIKSFLSVKIS,ok,50515,CN(C)CCN1C(=O)C2=CC=CC3=CC(=CC(=C32)C1=O)N,
UPNUIXSCZBYVBB,ok,177747025,CC1CN(CCC1(C)C2=CC(=CC=C2)O)CC(CC3=CC=CC=C3)C(=O)NCC(=O)O,
UPSPUYADGBWSHF,ok,46783103,CC1=CC=C(C=C1)C(=O)C2=CC=C(N2C)CC(=O)O,
UQCNKQCJZOAFTQ,ok,173522325,CN1CCC23C4C(=O)CCC2(C1CC5=C3C(=C(C=C5)O)O4)O,
UQLLWWBDSUHNEB,ok,90437951,CC(=O)OCC1=C(N2C(C(C2=O)NC(=O)CSC3=CC=NC=C3)SC1)C(=O)O,
UQZVCDCIMBLVNR,ok,134689669,CS(=O)(=O)NC(=O)CCCC=CCC1C(C(CC1=O)O)C=CC(COC2=CC=CC=C2)O,
UREBDLICKHMUKA,ok,171378938,CC1CC2C3CCC4=CC(=O)C=CC4(C3(C(CC2(C1(C(=O)CO)O)C)O)F)C,
URJHVPKUWOUENU,ok,25201680,C(C(=O)[O-])N(C=O)O,
URKOMYMAXPYINW,ok,76973255,C1CN(CCN1CCOCCO)C2=NC3=CC=CC=C3SC4=CC=CC=C42,
URMTUEWUIGOJBW,ok,152965890,C1CN(CC=C1C2=CC=CC=N2)CCCC[NH+]3C(=COC4=CC=CC=C4C3=O)Cl,
URWAJWIAIPFPJE,ok,173871471,CC1(COC(C(C1NC)O)OC2C(CC(C(C2O)OC3C(CC=C(O3)CN)N)N)N)O,
URWYQGVSPQJGGB,ok,66672792,COC1=CC(=C(C=C1CNCC(C2=C3C=CC(=O)NC3=C(C=C2)O)O)Cl)NC(=O)CCN4CCC(CC4)OC(=O)NC5=CC=CC=C5C6=CC=CC=C6,
USNINKBPBVKHHZ,ok,131704224,CC1(C(NC(S1)C(C(=O)OCC(C(=O)[O-])N)N=C(CC2=CC=CC=C2)[O-])C(=O)O)C,
USRHYDPUVLEVMC,ok,169437085,CN(C)C(CCOC1=CC=CC2=CC=CC=C21)C3=CC=CC=C3,
USSIQXCVUWKGNF,ok,169439386,CCC(=O)C(CC(C)N(C)C)(C1=CC=CC=C1)C2=CC=CC=C2,
USUZGMWDZDXMDG,ok,155923504,C1CC2=CNC=[N+]2C1C3=C(C=C(C=C3)C#N)F,
USZYSDMBJDPRIF,ok,176518839,CCC1(CC(C2=C(C3=C(C=C2C1C(=O)OC)C(=O)C4=C(C3=O)C(=CC=C4)O)O)OC5CC(C(C(O5)C)OC6CC(C(C(O6)C)OC7CCC(=O)C(O7)C)O)N(C)C)O,
UTEFBSAVJNEPTR,ok,71749834,CN1CCN(CC1)C=C2C(=O)N3C(=N2)CN=C(C4=C3C=CC(=C4)[N+](=O)[O-])C5=CC=CC=C5Cl,
UTNUDOFZCWSZMS,ok,76974209,CC(=C(C#N)C(=O)NC1=CC=C(C=C1)C(F)(F)F)O,
UUCMDZWCRNZCOY,ok,29088,C1=CC=C(C=C1)C2=C(OC(=N2)N(CCO)CCO)C3=CC=CC=C3,
UUMLTINZBQPNGF,ok,73416262,CC(=O)N(CC(CO)O)C1=C(C(=C(C(=C1I)C(=O)NCC(CO)O)I)C(=O)NCCO)I,
UUOJIACWOAYWEZ,ok,86308717,CC1=CC2=C(N1)C=CC=C2OCC(C[NH2+]C(C)(C)C)OC(=O)C3=CC=CC=C3,
UUQMNUMQCIQDMZ,ok,163322530,CNCCC1=CC=CC=N1,
UURAUHCOJAIIRQ,ok,177668736,CCN(CC)CCSCC(=O)OC1CC(C(C(C23CCC(C1(C2C(=O)CC3)C)C)C)O)(C)C=C,
UUSZLLQJYRSZIS,ok,177528331,CCC(C)C1C(CC(=O)OC(C(=O)C(C(=O)NC(C(=O)N2CCCC2C(=O)N(C(C(=O)OC(C(C(=O)N1)NC(=O)C(CC(C)C)N(C)C(=O)C3CCCN3C(=O)C(=O)C)C)CC4=CC=C(C=C4)OC)C)CC(C)C)C)C(C)C)O,
UUTKICFRNVKFRG,ok,131709071,C1CC(=O)NC1C(=O)N2CSCC2C(=O)O,
UUVIQYKKKBJYJT,ok,20055482,CS(=O)(=O)OCC(C(C(C(COS(=O)(=O)C)OS(=O)(=O)C)O)O)OS(=O)(=O)C,
UUVWYPNAQBNQJQ,ok,89055049,CN(C)C1=NC(=NC(=N1)N(C)C)N(C)C,
UUWFGEKEQSCSMB,ok,46936680,COC(=O)CC1=C(NC(SC1)C(C=O)NC(=O)CC2=CC=CS2)C(=O)O,
UUWJNBOCAPUTBK,ok,135698682,C[N+]1=CNC2=C1N=C(NC2=O)N,
UVAUYSRYXACKSC,ok,169436462,C1CC(C(=O)N2C(CCCN2C1)C(=O)O)NC(CCC3=CC=CC=C3)C(=O)O,
UVAZQQHAVMNMHE,ok,71751774,CCC(=O)OC1(CCN(CC1C)C)C2=CC=CC=C2,
UVKZSORBKUEBAZ,ok,57775464,CN1CCN(CC1)C(C2=CC=CC=C2)C3=CC=CC=C3,
UVOIBTBFPOZKGP,ok,171381178,CCC(=O)C1=CC2=C(C=C1)SC3=CC=CC=C3N2CC(C)N(C)C,
UVSMNLNDYGZFPF,ok,171391579,C1CC(=O)NC(=O)C1N2C(=O)C3=C(C2=O)C(=CC=C3)N,
UVTNFZQICZKOEM,ok,162423927,CC(C)N(CCC(C1=CC=CC=C1)(C2=CC=CC=N2)C(=O)N)C(C)C,
UWFYSQMTEOIJJG,ok,176519912,CC(=O)C1(CCC2C1(CCC3C2C=C(C4=CC(=O)C5CC5C34C)Cl)C)OC(=O)C,
UWKQSNNFCGGAFS,ok,171391294,CCC1=C2CN3C(=CC4=C(C3=O)COC(=O)C4(CC)O)C2=NC5=C1C=C(C=C5)OC(=O)N6CCC(CC6)N7CCCCC7,
UWWDHYUMIORJTA,ok,171391625,CCOC(=O)C(CCC1=CC=CC=C1)NC(C)C(=O)N2CC3=CC(=C(C=C3CC2C(=O)O)OC)OC,
UWYHMGVUTGAWSP,ok,177805748,CC1=C(C(=NO1)C2=CC=CC=C2)C(=O)NC3C4N(C3=O)C(C(S4)(C)C)C(=O)O,
UXIGWFXRQKWHHA,ok,170996933,CC(=O)NC1=C(C(=C(C(=C1I)C(=O)O)I)C(=O)NC)I,
UXIGZRQVLGFTOU,ok,172873513,CC(C)(C)S(=O)(=O)CC(CC1=CC=CC=C1)C(=O)NC(CC2=CN=CN2)C(=O)NC(CC3CCCCC3)C(C(C4CC4)O)O,
UXIPFQUBOVWAQW,ok,165343958,CN1CCCCC1CCC2=CC=CC=C2NC(=O)C=CC3=CC=CC=C3,
UXNXMBYCBRBRFD,ok,169434360,C1CC1CNC(C2=CC(=C(C=C2)F)NC(=O)C3=CC(=NN3C4=CC=CC(=C4)CN)C(F)(F)F)C5=CC=CC(=C5)C#N,
UXOWGYHJODZGMF,ok,169433043,CC(C)C(CC1=CC(=C(C=C1)OC)OCCCOC)CC(C(CC(C(C)C)C(=O)NCC(C)(C)C(=O)N)O)N,
UXXQOJXBIDBUAC,ok,143452342,CC(C)[OH+]C1=CC=C(C=C1)NC(=[OH+])N2CCN(CC2)C3=[NH+]C=NC4=CC(=C(C=C43)OC)OCCCN5CCCCC5,
UXYRZJKIQKRJCF,ok,152747804,CC1CC(=O)CC2C1(C3CCC4(C(C3CC2)CCC4O)C)C,
UYIFTLBWAOGQBI,ok,171042788,CC12CCC3C(C1CCC2O)CCC4=C3C=CC(=C4)OC(=O)C5=CC=CC=C5,
UYNVMODNBIQBMV,ok,142065266,CC(C(C1=CC=C(C=C1)O)O)N2CCC(CC2)CC3=CC=CC=C3,
UYQJCPNSAVWAFU,ok,170900004,C(C1C(C(C(C(O1)OC2C(OC(C(C2O)O)OC3C(OC(C(C3O)O)OC(C(CO)O)C(C(C=O)O)O)CO)CO)O)O)O)O,
UYTPUPDQBNUYGX,ok,177525204,C1=NC2=C(N1)N=C(NC2=O)N,
UYXAWHWODHRRMR,ok,161232221,CC1(C(=O)NC(=O)N(C1=O)C)C2=CCCCC2,
UZHSEJADLWPNLE,ok,167122378,C=CCN1CCC23C4C(=O)CCC2(C1CC5=C3C(=C(C=C5)O)O4)O,
UZVHFVZFNXBMQJ,ok,45038482,CC(C)CC1(C(=O)NC(=O)NC1=O)CC=C,
UZWDCWONPYILKI,ok,162641789,CCN1CCN(CC1)CC2=CN=C(C=C2)NC3=NC=C(C(=N3)C4=CC5=C(C(=C4)F)N=C(N5C(C)C)C)F,
VAARYSWULJUGST,ok,447077,CN1C2=NC(=NC=C2C=C(C1=O)C3=C(C=CC=C3Cl)Cl)NC4=CC(=CC=C4)SC,
VAAUVRVFOQPIGI,ok,171395306,CN1C(=NC(=O)C(=N1)[O-])SCC2=C(N3C(C(C3=O)NC(=O)C(=NOC)C4=CSC(=N4)N)SC2)C(=O)[O-],
VABCILAOYCMVPS,ok,126455953,CC(=O)CC(C1=CC=C(C=C1)[N+](=O)[O-])C2=C(C3=CC=CC=C3OC2=O)O,
VACCAVUAMIDAGB,ok,71312599,CC1=NN=C(S1)NS(=O)(=O)C2=CC=C(C=C2)N,
VAIOZOCLKVMIMN,ok,136910796,CN(C)CCON=C(C=CC1=CC=C(C=C1)O)C2=CC=CC=C2F,
VAJGULUVTFDTAS,ok,171713818,CN1C(=O)N(C(=O)C1(CO)C2=CC=CC=C2)C3=CC(=C(C=C3)C#N)C(F)(F)F,
VAOCPAMSLUNLGC,ok,140711668,CC1=NC=C([NH+]1CCO)[N+](=O)[O-],
VAYJWFGRGMQINH,failed,,,no_cid
VAYOSLLFUXYJDT,ok,177094422,CCN(CC)C(=O)C1CN(C2CC3=CNC4=CC=CC(=C34)C2=C1)C,
VBGLYOIFKLUMQG,ok,171771662,CCCCCC1=CC(=C2C(=C1)OC(C3=C2C=C(C=C3)C)(C)C)[OH2+],
VBHQKCBVWWUUKN,ok,88901204,COC1=C(C=C(C=C1)CCOC2CCCCC2N3CCC(C3)O)OC,
VCKUSRYTPJJLNI,ok,75635018,COC1=C(C=C2C(=C1)C(=[NH+]C(=N2)N3CCN(CC3)C(=O)C4CCCO4)N)OC,
VCMMXZQDRFWYSE,ok,10205,CC1=CC(=O)C2=C(C1=O)C=CC=C2O,
VDANGULDQQJODZ,ok,171379678,CCN(CC)CCOC(=O)C1=C(C=C(C=C1)N)Cl,
VDCDWNDTNSWDFJ,ok,3870203,C1=C(C=C(C(=C1[N+](=O)[O-])O)O)[N+](=O)[O-],
VDHAWDNDOKGFTD,ok,176638352,CC(C1=CC=CC2=CC=CC=C21)NCCCC3=CC(=CC=C3)C(F)(F)F,
VDTNNGKXZGSZIP,ok,9564,CCCCNC(=O)NS(=O)(=O)C1=CC=C(C=C1)N,
VDUWPHTZYNWKRN,ok,168355664,CCN1C2=CC3=C(C=C2C(=O)C(=N1)C(=O)O)OCO3,
VEGXETMJINRLTH,ok,175674193,CC1(COC(C(C1NC)O)OC2C(CC(C(C2O)OC3C(CCC(O3)CN)N)N)N)O,
VEQOALNAAJBPNY,ok,101418059,CC1=CC(=O)N(N1C)C2=CC=CC=C2,
VERWOWGGCGHDQE,ok,155551637,CC1=CC(=C(C=C1C2CCNCC2)OC(C)C)NC3=NC=C(C(=N3)NC4=CC=CC=C4S(=O)(=O)C(C)C)Cl,
VEXZGXHMUGYJMC,ok,174481298,[H+].Cl,
VFCRKLWBYMDAED,ok,178877676,CCCC(C(=O)NC1=CN(C=N1)C(C)(C)CNCC(C)(C)C)NC2CCC3=C(C2)C(=CC(=C3)F)F,
VFEDRRNHLBGPNN,ok,145864711,CC1=[NH+]C=C(C(=N1)N)CNC(=O)N(CCCl)N=O,
VFIZBHJTOHUOEK,ok,11084595,CCSC(=N)N,
VFKZTMPDYBFSTM,ok,167058000,C(C(C(C(C(CBr)O)O)O)O)Br,
VFLDPWHFBUODDF,ok,177831098,COC1=C(C=CC(=C1)C=CC(=O)CC(=O)C=CC2=CC(=C(C=C2)O)OC)O,
VGDDOIZXGFJDRC,ok,89119135,COC1CN(CCC1NC(=O)C2=CC(=C(C=C2OC)N)Cl)CCCCCC(=O)OC3CN4CCC3CC4,
VGGGPCQERPFHOB,ok,177836913,CC(C)CC(C(=O)O)NC(=O)C(C(CC1=CC=CC=C1)N)O,
VGKDLMBJGBXTGI,ok,171395193,CNC1CCC(C2=CC=CC=C12)C3=CC(=C(C=C3)Cl)Cl,
VGYFMXBACGZSIL,ok,177508046,C1CC1C2=NC3=CC=CC=C3C(=C2C=CC(CC(CC(=O)O)O)O)C4=CC=C(C=C4)F,
VGZSUPCWNCWDAN,ok,139025414,CC(=O)C1=CC=C(C=C1)S(=O)(=O)NC(=O)NC2CCCCC2,
VHFGEBVPHAGQPI,ok,176451542,CC1C(C(CC(O1)OC2C3C(=O)NC(C4=C(C(=CC(=C4)O)O)C5=C(C=CC(=C5)C(C(=O)N3)NC(=O)C6C7=CC(=C(C(=C7)OC8=C(C=C2C=C8)Cl)OC9C(C(C(C(O9)CO)O)O)OC1CC(C(C(O1)C)O)(C)NCC1=CC=C(C=C1)C1=CC=C(C=C1)Cl)OC1=C(C=C(C=C1)C(C(C(=O)NC(C(=O)N6)CC(=O)N)NC(=O)C(CC(C)C)NC)O)Cl)O)C(=O)O)(C)N)O,
VHFVKMTVMIZMIK,ok,172231010,C1CN(CCN1)C2=CC(=CC=C2)Cl,
VHGCDTVCOLNTBX,ok,131667598,CC1=CC=CC=C1OC(CCNC)C2=CC=CC=C2,
VHOGYURTWQBHIL,ok,177609786,CC1=C(C=NO1)C(=O)NC2=CC=C(C=C2)C(F)(F)F,
VHRSUDSXCMQTMA,ok,177834319,CC1CC2C3CCC(C3(CC(C2C4(C1=CC(=O)C=C4)C)O)C)(C(=O)CO)O,
VHVPQPYKVGDNFY,ok,175868859,CCC(C)N1C(=O)N(C=N1)C2=CC=C(C=C2)N3CCN(CC3)C4=CC=C(C=C4)OCC5COC(O5)(C[NH+]6C=NC=N6)C7=C(C=C(C=C7)Cl)Cl,
VHYCDWMUTMEGQY,ok,178874698,CC(C)NCC(COC1=CC=C(C=C1)COCCOC(C)C)O,
VHZXNQKVFDBFIK,ok,145705956,CC12CCCCC1=CCC3C2CCC4(C3CC(C4=O)F)C,
VIKNJXKGJWUCNN,ok,171042878,CC12CCC3C(C1CCC2(C#C)O)CCC4=CC(=O)CCC34,
VILCJCGEZXAXTO,ok,175929573,C(CNCCNCCN)N,
VIROVYVQCGLCII,ok,45038160,CCC1(C(=O)NC(=O)NC1=O)CCC(C)C,
VJGGHXVGBSZVMZ,ok,134715584,C1C(C(C(C1O)C=CC(COC2=CC(=CC=C2)Cl)O)CC=CCCCC(=O)O)O,
VJJPUSNTGOMMGY,ok,172372122,CC1OCC2C(O1)C(C(C(O2)OC3C4COC(=O)C4C(C5=CC6=C(C=C35)OCO6)C7=CC(=C(C(=C7)OC)O)OC)O)O,
VJXSSYDSOJBUAV,ok,11823611,CC1=C2C(=NC(=NC2=NC=C1CC3=C(C=CC(=C3)OC)OC)N)N,
VJYSBPDEJWLKKJ,ok,178874988,CC(C(C(=O)N1CCCC1C2=NC3=C(N2)C=C(C(=C3)F)C4CCC(N4C5=CC(=C(C(=C5)F)N6CCC(CC6)C7=CC=C(C=C7)F)F)C8=CC9=C(C=C8F)N=C(N9)C1CCCN1C(=O)C(C(C)OC)NC(=O)OC)NC(=O)OC)OC,
VJZITPJGSQKZMX,ok,163285361,CC(=O)C1(CC(C2=C(C1)C(=C3C(=C2O)C(=O)C4=CC=CC=C4C3=O)O)OC5CC(C(CO5)O)O)N,
VKHAHZOOUSRJNA,ok,170130266,CC#CC1(CCC2C1(CC(C3=C4CCC(=O)C=C4CCC23)C5=CC=C(C=C5)N(C)C)C)O,
VKQFCGNPDRICFG,ok,119057369,CC1=C(C(C(=C(N1)C)C(=O)OCC(C)C)C2=CC=CC=C2[N+](=O)[O-])C(=O)OC,
VKYKSIONXSXAKP,ok,71309860,C1N2CN3CN1CN(C2)C3,
VLCYCQAOQCDTCN,ok,175903831,C(CC(C(F)F)(C(=O)O)N)CN,
VLPIATFUUWWMKC,ok,163322473,CC1=C(C(=CC=C1)C)OCC(C)N,
VLTRZXGMWDSKGL,ok,157292571,OCl(=O)(=O)=O,
VLULRUCCHYVXOH,ok,171394412,CC1=CC=CC=C1CN2C(=O)C3=C(CCN(C3)CC4=CC=CC=C4)N5C2=NCC5,
VLYWMPOKSSWJAL,ok,129010200,COC1=NN=C(C=C1)NS(=O)(=O)C2=CC=C(C=C2)N,
VMIYHDSEFNYJSL,ok,76974295,C1C(=O)NC2=C(C=C(C=C2)Br)C(=N1)C3=CC=CC=N3,
VMMYRRFPMAGXNP,ok,97107222,CC1=CC(=C(C=C1OCC(=O)O)C)CCNC(C)C(C2=CC=C(C=C2)O)O,
VMWNQDUVQKEIOC,ok,171382519,CN1CCC2=C3C1CC4=C(C3=CC=C2)C(=C(C=C4)O)O,
VMXUWOKSQNHOCA,ok,177831364,CNC(=C[N+](=O)[O-])NCCSCC1=CC=C(O1)CN(C)C,
VMZMNAABQBOLAK,ok,177835254,C1C(CN2C1C(=O)NC(C(=O)NC(C(=O)NC(C(=O)NC(C(=O)NC(C2=O)CC3=CC=CC=C3)CC4=CC=C(C=C4)OCC5=CC=CC=C5)CCCCN)CC6=CNC7=CC=CC=C76)C8=CC=CC=C8)OC(=O)NCCN,
VMZUTJCNQWMAGF,ok,172874456,CCC1=CC2=C(S1)N3C(=NN=C3CN=C2C4=CC=CC=C4Cl)C,
VNFPBHJOKIVQEB,ok,171391655,C1=CC=C(C=C1)C(C2=CC=CC=C2)(C3=CC=CC=C3Cl)N4C=CN=C4,
VNLMRPAWAMPLNZ,ok,76968710,CC(CC1(C(=O)NC(=O)NC1=O)CC=C)O,
VOAZJEPQLGBXGO,ok,178875618,C1CNCC1N2CCC(=CC3=C(N4C(C(C4=O)NC(=O)C(=NO)C5=NSC(=N5)N)SC3)C(=O)O)C2=O,
VOBHXZCDAVEXEY,ok,178181493,CC(CC1=CC=CC=C1)NC(=O)C(CCCCN)N,
VOCBWIIFXDYGNZ,ok,172990153,CCCCCCC(=O)OC1CCC2C1(CCC3C2CCC4=CC(=O)CCC34C)C,
VOJLELRQLPENHL,ok,76967235,C1=CC=C(C(=C1)C2=NC(C(=O)N(C3=C2C=C(C=C3)Cl)CCO)O)F,
VOKSWYLNZZRQPF,ok,153697583,CC1C2CC3=C(C1(CCN2CC=C(C)C)C)C=C(C=C3)O,
VOVIALXJUBGFJZ,ok,176541416,CCCC1OC2CC3C4CCC5=CC(=O)C=CC5(C4C(CC3(C2(O1)C(=O)CO)C)O)C,
VOVZXURTCKPRDQ,ok,89904427,C1CN(CC1O)C2=C(C=C(C=N2)C(=O)NC3=CC=C(C=C3)OC(F)(F)Cl)C4=CC=NN4,
VOXZDWNPVJITMN,ok,152169553,CC12CCC3C(C1CCC2O)CCC4=C3C=CC(=C4)O,
VPGRYOFKCNULNK,ok,71773454,CC(=O)OCC(=O)C1CCC2C1(CCC3C2CCC4=CC(=O)CCC34C)C,
VPJXQGSRWJZDOB,ok,10313207,C[N+](C)(C)CCOC(=N)[O-],
VPMRSLWWUXNYRY,ok,146335650,CN1CCC23C4C1CC5=C2C(=C(C=C5)OC)OC3C(=CC4)OC(=O)C6=CC=CC=C6,
VPMWFZKOWULPGT,ok,169435966,C1CCC(CC1)N2CC3=CC(=C(C=C3C2=O)S(=O)(=O)N)Cl,
VPPJLAIAVCUEMN,ok,153709364,CC(=O)NC(COC)C(=O)NCC1=CC=CC=C1,
VQASKUSHBVDKGU,ok,162642041,CCC1(C(=O)N(C(=O)O1)C)C,
VQDBNKDJNJQRDG,ok,117065250,CC(C)(C)NCC(C1=NC(=C(C=C1)O)CO)O,
VQFKFAKEUMHBLV,ok,172946534,CCCCCCCCCCCCCCCCCCCCCCCCCC(=O)NC(COC1C(C(C(C(O1)CO)O)O)O)C(C(CCCCCCCCCCCCCC)O)O,
VQHSOMBJVWLPSR,ok,178256862,C(C1C(C(C(C(O1)OC(C(CO)O)C(C(CO)O)O)O)O)O)O,
VQJHOPSWBGJHQS,ok,24466,CC1=C(C(=NC(=N1)N)N)C2=CC(=C(C=C2)Cl)Cl,
VQKLRVZQQYVIJW,ok,10230,C1=CC=C2C(=C1)C(=NN=C2NN)NN,
VQODGRNSFPNSQE,ok,25796883,CC1CC2C3CCC4=CC(=O)C=CC4(C3(C(CC2(C1(C(=O)COP(=O)(O)O)O)C)O)F)C,
VQOXZBDYSJBXMA,ok,154731068,CC1C=CC=CCCC=CC=CC=CC=CC(CC2C(C(CC(O2)(CC(C(CCC(CC(CC(CC(=O)OC(C(C1O)C)C)O)O)O)O)O)O)O)C(=O)O)OC3C(C(C(C(O3)C)O)N)O,
VRBKIVRKKCLPHA,ok,177747037,CCC1=NN(C(=O)N1CCOC2=CC=CC=C2)CCCN3CCN(CC3)C4=CC(=CC=C4)Cl,
VRDIULHPQTYCLN,ok,139026237,CCCC1=NC=CC(=C1)C(=S)N,
VREFGVBLTWBCJP,ok,171380740,CC1=NN=C2N1C3=C(C=C(C=C3)Cl)C(=NC2)C4=CC=CC=C4,
VRQVVMDWGGWHTJ,ok,169442906,CC(CN1C2=CC=CC=C2SC3=C1C=C(C=C3)OC)CN(C)C,
VRTWBAAJJOHBQU,ok,156619614,CC(C)C(C(=O)N1CC2(CC2)CC1C3=NC=C(N3)C4=CC5=C(C=C4)C6=C(C5(F)F)C=C(C=C6)C7=CC8=C(C=C7)N=C(N8)C9C1CCC(C1)N9C(=O)C(C(C)C)NC(=O)OC)NC(=O)OC,
VRYMTAVOXVTQEF,ok,4260,CC1=CC(=C(C=C1OC(=O)C)C(C)C)OCCN(C)C,
VSCWAEJMTAWNJL,ok,173445015,[H+].[Al](Cl)(Cl)Cl,
VSJKWCGYPAHWDS,ok,176154989,CCC1(C2=C(COC1=O)C(=O)N3CC4=CC5=CC=CC=C5N=C4C3=C2)O,
VSNHCAURESNICA,ok,175715969,C(=O)(N)NO,
VSQQQLOSPVPRAZ,ok,173810583,C1C(C(OC1N2C=C(C(=O)NC2=O)C(F)(F)F)CO)O,
VSWBSWWIRNCQIJ,ok,171391291,CN1CC2C(C1)C3=C(C=CC(=C3)Cl)OC4=CC=CC=C24,
VSZGPKBBMSAYNT,ok,176481533,CCC(CC)OC1C=C(CC(C1NC(=O)C)N)C(=O)OCC,
VTLCNEGVSVJLDN,ok,137706183,CC1=NN=C(S1)SCC2=C(N3C(C(C3=O)NC(=O)CN4C=C(C(=O)C(=C4)Cl)Cl)SC2)C(=O)O,
VTLNPNNUIJHJQB,ok,55473,CN1C(=NC(=N1)CO)NCCCOC2=CC=CC(=C2)CN3CCCCC3,
VTLYFUHAOXGGBS,ok,173036378,[H+].[Fe+3],
VTMVHDZWSFQSQP,ok,172872907,CC12CCCCCC(C1N)CC3=C2C=C(C=C3)O,
VTRAEEWXHOVJFV,ok,71479812,CCCC1=NC(=C(N1CC2=CC=C(C=C2)C3=CC=CC=C3C4=NNN=N4)C(=O)O)C(C)(C)O,
VTTONGPRPXSUTJ,ok,166106952,CN(C)CCC1=CNC2=C1C=C(C=C2)O,
VTUSIVBDOCDNHS,ok,71316680,CCCN(CC)C(CC)C(=O)NC1=C(C=CC=C1C)C,
VTWKPILBIUBMDS,ok,78169317,CC12CC(C3(C(C1CC(C2(C(=O)CO)O)O)CC(C4=CC(=O)C=CC43C)F)Cl)Cl,
VUHJZBBCZGVNDZ,ok,124933000,CC(=O)C1(CCC2C1(CCC3C2C=C(C4=CC(=O)CCC34C)Cl)C)O,
VVIAGPKUTFNRDU,ok,169435581,C1C(N(C2=C(N1)N=C(NC2=O)N)C=O)CNC3=CC=C(C=C3)C(=O)NC(CCC(=O)O)C(=O)O,
VVJKKWFAADXIJK,ok,176227467,C=CCN,
VVNCNSJFMMFHPL,ok,171380480,CC(C)(C(C(=O)O)N)S,
VVOIQBFMTVCINR,ok,129320977,CC12CCC3C(C1CCC2C(=O)COC(=O)C(C)(C)C)CCC4=CC(=O)CCC34C,
VVUYEFBRTFASAH,ok,25273643,CC[NH+](CCN1C(=NC2=C1C(=O)N(C(=O)N2C)C)CC3=CC=CC=C3)CCO,
VVWYOYDLCMFIEM,ok,12491591,CC(C)[N+](C)(CCOC(=O)C1C2=CC=CC=C2OC3=CC=CC=C13)C(C)C,
VWAMTBXLZPEDQO,ok,171382696,CCCN1CC(C(C(C(OC(=O)C(C(C(C(C(CC1C)(C)O)OC2C(C(CC(O2)C)N(C)C)O)C)OC3CC(C(C(O3)C)O)(C)OC)C)CC)(C)O)O)C,
VWAUPFMBXBWEQY,ok,164669819,CC12C=CC3=C4CCC(=O)C=C4CCC3C1CCC2(CC=C)O,
VWEDZTZAXHMZIL,ok,177859985,COC1=CC(=C(C=C1CCNCC2=CC=CC=C2[O-])OC)C#N,
VWFCHDSQECPREK,ok,169436454,C1=CN(C(=O)N=C1N)CC(CO)OCP(=O)(O)O,
VWFJDQUYCIWHTN,ok,178339971,CC(=CCCC(=CCCC(=CCOP(=O)(O)OP(=O)(O)O)C)C)C,
VWLHWLSRQJQWRG,ok,71316303,CC[N+](C)(C)C1=CC(=CC=C1)O,
VWMJHAFYPMOMGF,ok,57569468,CC(C1=NC=C(S1)C(=O)NC2=NC=C(C(=C2)C(F)(F)F)Cl)NC(=O)C3=C(C(=NC=N3)N)Cl,
VWNWVCJGUMZDIU,ok,76960726,CC(CN1C2=CC=CC=C2SC3=C1C=C(C=C3)S(=O)(=O)N(C)C)N(C)C,
VWPOSFSPZNDTMJ,ok,172653314,CC(C)(C)NCC(COC1=CC=CC2=C1CC(C(C2)O)O)O,
VWQWXZAWFPZJDA,ok,124899244,CC12CCC(=O)C=C1CCC3C2C(CC4(C3CCC4(C(=O)COC(=O)CCC(=O)O)O)C)O,
VWUXBMIQPBEWFH,ok,177843197,CC12CCC3C(C1CCC2O)C(CC4=C3C=CC(=C4)O)CCCCCCCCCS(=O)CCCC(C(F)(F)F)(F)F,
VWVKUNOPTJGDOB,ok,173980022,CCC1=CC=C(C=C1)CC2=CC3=C(COC34C(C(C(C(O4)CO)O)O)O)C=C2,
VWVSBHGCDBMOOT,ok,173104120,CC1CC2C3CCC4=CC(=O)C=CC4(C3(C(CC2(C1C(=O)CO)C)O)F)C,
VWXRQYYUEIYXCZ,ok,176485827,CCC(C)C1C(=O)NC(C(=O)NC(C(=O)NC(CSSCCC(=O)NC(C(=O)N1)CC2=CC=C(C=C2)OCC)C(=O)N3CCCC3C(=O)NC(CCCN)C(=O)NCC(=O)N)CC(=O)N)C(C)O,
VWYQKFLLGRBICZ,ok,22379,CCCCNCC(=O)NC1=C(C=CC=C1Cl)C,
VXFJYXUZANRPDJ,ok,175386030,CCOC(=O)C(CCC1=CC=CC=C1)NC(C)C(=O)N2C3CCCCC3CC2C(=O)O,
VXIXUWQIVKSKSA,ok,129724011,C1=CC=C2C(=C1)C(=CC(=O)O2)O,
VXKHXGOKWPXYNA,ok,176545019,CC(C)CC(C(=O)NC(CCCN=C(N)N)C(=O)N1CCCC1C(=O)NCC(=O)N)NC(=O)C(CC2=CNC3=CC=CC=C32)NC(=O)C(CC4=CC=C(C=C4)O)NC(=O)C(CO)NC(=O)C(CC5=CNC6=CC=CC=C65)NC(=O)C(CC7=CN=CN7)NC(=O)C8CCC(=O)N8,
VXMOONUMYLCFJD,ok,89809161,CC1=C(C(C(=C(N1)C)C(=O)OC2CCN(C2)CC3=CC=CC=C3)C4=CC(=CC=C4)[N+](=O)[O-])C(=O)OC,
VXTWEDPZMSVFEF,ok,55279383,CC(CC1=CC=CC=C1)NN,
VYCMAAOURFJIHD,ok,44283454,CC(C)CC1C(=O)NC(C(=O)NC(C(=O)N2CCCC2C(=O)NC(C(=O)N1)C(C)C)CC(=O)O)CC3=CNC4=CC=CC=C43,
VYFYYTLLBUKUHU,ok,178938194,C1=CC(=C(C=C1CCN)O)O,
VYMDGNCVAMGZFE,ok,154735120,CCCCC1C(=O)N(N(C1=O)C2=CC=CC=C2)C3=CC=CC=C3,
VYPSYNLAJGMNEJ,ok,161435732,[H+].O=[Si]=O,
VYVKHNNGDFVQGA,ok,71749916,CCN(CCCCOC(=O)C1=CC(=C(C=C1)OC)OC)C(C)CC2=CC=C(C=C2)OC,
VYWWNRMSAPEJLS,ok,171360259,CCCC(=O)OC1C(OC(CC1(C)OC(=O)CC)OC2C(OC(C(C2N(C)C)O)OC3C(CC(C(C=CC=CCC(OC(=O)CC(C3OC)O)C)O)C)CC=O)C)C,
VYZAMTAEIAYCRO,ok,175671173,[Cr],
VZCCETWTMQHEPK,ok,175773101,CCCCCC=CCC=CCC=CCCCCC(=O)O,
VZCYOOQTPOCHFL,ok,177752501,C(=CC(=O)O)C(=O)O,
VZFRNCSOCOPNDB,ok,172990226,CC(C=CC=C(C)C1CNC(C1CC(=O)O)C(=O)O)C(=O)O,
VZJFGSRCJCXDSG,ok,12542053,C[N+](C)(C)CCCCCC[N+](C)(C)C,
VZWXXKDFACOXNT,ok,89767,CCCOCCOC(=O)C1=C(NC(=C(C1C2=CC(=CC=C2)[N+](=O)[O-])C(=O)OCCOCCC)C)C,
VZYCZNZBPPHOFY,ok,9429,CN1CCN(CC1)CCCN2C3=CC=CC=C3SC4=C2C=C(C=C4)S(=O)(=O)N(C)C,
VZZJRYRQSPEMTK,ok,169439858,CC1CN(CC(O1)C)C2=NC=C(C=C2)NC(=O)C3=CC=CC(=C3C)C4=CC=C(C=C4)OC(F)(F)F,
WAEXFXRVDQXREF,ok,169446564,C1=CC=C(C=C1)NC(=O)CCCCCCC(=O)NO,
WAOQONBSWFLFPE,ok,133687066,CCN1CCCC1CNC(=O)C2=C(C(=CC(=C2OC)Cl)Cl)O,
WAXQNWCZJDTGBU,ok,173856953,CC1=CC=CC=C1C2=CC(=NC=C2N(C)C(=O)C(C)(C)C3=CC(=CC(=C3)C(F)(F)F)C(F)(F)F)N4CC[NH+](CC4)C,
WBGKWQHBNHJJPZ,ok,176519879,CC1(OC2CC3C4CCC5=CC(=O)C=CC5(C4C(CC3(C2(O1)C(=O)CO)C)O)C)C,
WBPYTXDJUQJLPQ,ok,6540438,CCC1C(C=C(C=CC(=O)C(CC(C(C(C(CC(=O)O1)O)C)OC2C(C(C(C(O2)C)OC3CC(C(C(O3)C)O)(C)O)N(C)C)O)CC=O)C)C)COC4C(C(C(C(O4)C)O)OC)OC,
WBWWGRHZICKQGZ,ok,177860424,CC(CCC(=O)NCCS(=O)(=O)O)C1CCC2C1(C(CC3C2C(CC4C3(CCC(C4)O)C)O)O)C,
WBXPDJSOTKVWSJ,ok,153158725,C1=CC(=CC=C1CCC2=CNC3=C2C(=O)NC(=N3)N)C(=O)NC(CCC(=O)[OH2+])C(=O)O,
WCDWBPCFGJXFJZ,ok,11820603,C1=CN(C(=N1)[N+](=O)[O-])CC(=O)NCCO,
WCJFBSYALHQBSK,ok,164732642,CCC(=O)C(CC[NH+](C)C)(C1=CC=CC=C1)C2=CC=CC=C2,
WCWSTNLSLKSJPK,ok,165412821,CC1COC2N1C(=O)C3=C(C(=O)C(=CN3C2)C(=O)NCC4=C(C=C(C=C4)F)F)O,
WDDPHFBMKLOVOX,ok,177831616,C1=NC2=C(N=C(N=C2N1C3C(C(C(O3)CO)O)F)Cl)N,
WDEFBBTXULIOBB,ok,169442794,CCOC(=O)C1(CCC=CC1N(C)C)C2=CC=CC=C2,
WDENQIQQYWYTPO,ok,174992395,CC#CC(=O)N1CCCC1C2=NC(=C3N2C=CN=C3N)C4=CC=C(C=C4)C(=O)NC5=CC=CC=N5,
WDJHALXBUFZDSR,ok,175931754,CC(=O)CC(=O)O,
WDJUZGPOPHTGOT,ok,169438385,CC1C(C(CC(O1)OC2C(OC(CC2O)OC3C(OC(CC3O)OC4CCC5(C(C4)CCC6C5CCC7(C6(CCC7C8=CC(=O)OC8)O)C)C)C)C)O)O,
WDKXLLJDNUBYCY,ok,68555,CC(C)C(=O)OC1=C(C=C(C=C1)CCNC)OC(=O)C(C)C,
WDLRUFUQRNWCPK,ok,175979167,C1CN(CCN(CCN(CCN1CC(=O)O)CC(=O)O)CC(=O)O)CC(=O)O,
WDLWHQDACQUCJR,ok,154077424,CC=CC1=C(N2C(C(C2=O)NC(=O)C(C3=CC=C(C=C3)O)N)SC1)C(=O)O,
WDOGQTQEKVLZIJ,ok,153167555,COC1=C(C=C(C=C1)C=CC2=CC(=C(C(=C2)OC)OC)OC)OP(=O)([OH2+])O,
WDQPAMHFFCXSNU,ok,71314667,CC(C)N=C1C=C2C(=NC3=CC=CC=C3N2C4=CC=C(C=C4)Cl)C=C1NC5=CC=C(C=C5)Cl,
WDRYRZXSPDWGEB,ok,39562,C1=CC=C2C(=C1)C(=NN2CC3=C(C=C(C=C3)Cl)Cl)C(=O)O,
WDZCUPBHRAEYDL,ok,178878256,CC1C=CC=C(C(=O)NC2=C(C(=C3C(=C2O)C(=C(C4=C3C(=O)C(O4)(OC=CC(C(C(C(C(C(C1O)C)O)C)OC(=O)C)C)OC)C)C)O)O)C=NN5CCN(CC5)C6CCCC6)C,
WDZVGELJXXEGPV,ok,71309483,C1=CC(=C(C(=C1)Cl)C=NN=C(N)N)Cl,
WEAJZXNPAWBCOA,ok,175345112,COC1=C(C=C(C=C1)CNC2=NC(=NC=C2C(=O)NCC3=NC=CC=N3)N4CCCC4CO)Cl,
WEGJDERSZWOWIB,ok,14123494,CC(C)(C)CC(C)(C)C1=CC=C(C=C1)OCCOCCOCCOCCOCCOCCOCCOCCOCCOCCOCCOCCOCCOCCOCCOCCOCCOCCOCCOCCOCCOCCOCCOCCOCCOCCOCCOCCOCCOCCO,
WEQAYVWKMWHEJO,ok,6604211,CN1C(S(=O)(=O)CCC1=O)C2=CC=C(C=C2)Cl,
WEXRUCMBJFQVBZ,ok,21600132,CCCC(C)C1(C(=O)NC(=O)NC1=O)CC,
WEYVCQFUGFRXOM,ok,71751519,CN1CCN(CC1)CCCN2C3=CC=CC=C3SC4=CC=CC=C42,
WFNAKBGANONZEQ,ok,127027225,CN1CCN(CC1)C(C2=CC=CC=C2)C3=CC=C(C=C3)Cl,
WFPIAZLQTJBIFN,ok,177747005,C1CN(CCN1CCC=C2C3=CC=CC=C3SC4=C2C=C(C=C4)Cl)CCO,
WFPUBEDBBOGGIQ,ok,123920,C1CNCC2=C1C=CC(=C2Cl)Cl,
WFTSRDISOMSAQC,ok,44145373,CCN(CC)CCN1C2=C(C=CC(=C2)OC)C3=C1C4CC5C(CC(C(C5C(=O)OC)OC)OC(=O)C6=CC(=C(C(=C6)OC)OC)OC)CN4CC3,
WFWLQNSHRPWKFK,ok,155289334,C1CC(OC1)[N+]2=C(NC(=O)C(=C2)F)O,
WGFOBBZOWHGYQH,ok,178324337,CCCCC(C1(CCC2C(O1)CC(=O)C2CCCCCCC(=O)O)O)(F)F,
WGMASVSHOSNKMF,ok,76963952,CC(C)C1(C(=O)NC(=O)N(C1=O)C)CC(=C)Br,
WGRQANOPCQRCME,ok,171395235,CC1=NN(C(=C1)N2CCN(CC2)C3CC(NC3)C(=O)N4CCSC4)C5=CC=CC=C5,
WHBIGIKBNXZKFE,ok,76974720,CC(C)NC1=C(N=CC=C1)N2CCN(CC2)C(=O)C3=CC4=C(N3)C=CC(=C4)NS(=O)(=O)C,
WHQCHUCQKNIQEC,ok,164834608,CCC1=C(C2=CC=CC=C2O1)C(=O)C3=CC(=C(C(=C3)Br)O)Br,
WHRODDIHRRDWEW,ok,178186201,C(CSCC1C2C(C(C(O1)OC3C(OC(C(C3O)O)OC4C(OC(C(C4O)O)OC5C(OC(C(C5O)O)OC6C(OC(C(C6O)O)OC7C(OC(C(C7O)O)OC8C(OC(C(C8O)O)OC9C(OC(O2)C(C9O)O)CSCCC(=O)O)CSCCC(=O)O)CSCCC(=O)O)CSCCC(=O)O)CSCCC(=O)O)CSCCC(=O)O)CSCCC(=O)O)O)O)C(=O)O,
WHSOLWOTCHFFBK,ok,174219546,CCOC1=CC=C(C=C1)CC2=CC(=C(C=C2C)OC)C3C(C(C(C(S3)CO)O)O)O,
WHTVZRBIWZFKQO,ok,135530305,CCN(CC)CCCC(C)N=C1C=CNC2=C1C=CC(=C2)Cl,
WHWZLSFABNNENI,ok,171381079,C1C2C3=CC=CC=C3CC4=CC=CC=C4N2C(=N1)N,
WHXMKTBCFHIYNQ,ok,176468915,CC1CC(=O)NN=C1C2=CC=C(C=C2)NN=C(C#N)C#N,
WHZRCUIISKRTJL,ok,163199155,CCCCCC(=O)OCC(=O)C1C(CC2C1(CC(C3C2CC(C4=CC(=O)C=CC34C)F)O)C)C,
WIGIZIANZCJQQY,ok,171714228,CCC1=C(CN(C1=O)C(=O)NCCC2=CC=C(C=C2)S(=O)(=O)NC(=O)NC3CCC(CC3)C)C,
WIIZWVCIJKGZOK,ok,71776686,C1=CC(=CC=C1C(C(CO)NC(=O)C(Cl)Cl)O)[N+](=O)[O-],
WIJZXSAJMHAVGX,ok,166790128,C1CC(=O)N(C1C(=O)N(C2=CC(=CN=C2)F)C(C3=CC=CC=C3Cl)C(=O)NC4CC(C4)(F)F)C5=NC=CC(=C5)C#N,
WIKYUJGCLQQFNW,ok,177747032,CN1CCN(CC1)CCCN2C3=CC=CC=C3SC4=C2C=C(C=C4)Cl,
WINHZLLDWRZWRT,ok,170836376,CCN(CC)CCNC(=O)C1=C(NC(=C1C)C=C2C3=C(C=CC(=C3)F)NC2=O)C,
WIQRCHMSJFFONW,ok,117065172,C1=CC=C(C=C1)C(CCN)OC2=CC=C(C=C2)C(F)(F)F,
WJAJPNHVVFWKKL,ok,76973905,CC(C(C1=C(C=CC(=C1)OC)OC)O)N,
WJBLNOPPDWQMCH,ok,177834470,C=C1CCC2(C3CC4=C5C2(C1OC5=C(C=C4)O)CCN3CC6CC6)O,
WJCNZQLZVWNLKY,ok,177843845,C1=CC=C2C(=C1)NC(=N2)C3=CSC=N3,
WJFKNYWRSNBZNX,ok,174416034,[H+].C1=CC=C2C(=C1)NC3=CC=CC=C3S2,
WJOHZNCJWYWUJD,ok,176519922,CC(=O)OCC(=O)C12C(CC3C1(CC(C4(C3CC(C5=CC(=O)C=CC54C)F)F)O)C)OC(O2)(C)C,
WKEMJKQOLOHJLZ,ok,171391519,CN(C)CCC1=CNC2=C1C=C(C=C2)CS(=O)(=O)N3CCCC3,
WKGXYQFOCVYPAC,ok,164065096,C1=CC=C(C=C1)C(COC(=O)[NH3+])COC(=O)N,
WKRLQDKEXYKHJB,ok,144523347,CC12CCC3C(=CCC4=C3C=CC(=C4)O)C1CCC2=O,
WKSAUQYGYAYLPV,ok,45040307,CCC1=C(C(=NC(=N1)N)N)C2=CC=C(C=C2)Cl,
WKWOJBUWWZTUQV,ok,170996874,C[N+]1(C2CCC1CC(C2)OC(=O)C(C3=CC=CC=C3)O)C,
WLHQHAUOOXYABV,ok,168837553,CN1C(=C(C2=C(S1(=O)=O)C=C(S2)Cl)O)C(=O)NC3=CC=CC=[NH+]3,
WLJVXDMOQOGPHL,ok,170552549,C1=CC=C(C=C1)CC(=O)O,
WLOHNSSYAXHWNR,ok,178860141,CCC1C(C2C(C(C(CC(C(C(C(C(C(=O)O1)C)OC3CC(C(C(O3)C)O)(C)OC)C)OC4C(C(CC(O4)C)N(C)C)O)(C)O)C)NC(O2)COCCOC)C)(C)O,
WLWFNJKHKGIJNW,ok,6604215,CN1C(=O)CC(C1=O)C2=CC=CC=C2,
WMCMJIGLYZDKRN,ok,76961550,CN1C2=C(C(=O)N(C1=O)C)N(C=N2)CCNCC(C3=CC(=C(C=C3)O)O)O,
WMDSZGFJQKSLLH,ok,176487107,CC1(OCC(O1)COC(=O)CCC2=CC=C(C=C2)OCC(CNCCNC(=O)N3CCOCC3)O)C,
WMWTYOKRWGGJOA,ok,176519928,CCC(=O)OC1(C(CC2C1(CC(C3(C2CC(C4=CC(=O)C=CC43C)F)F)O)C)C)C(=O)SCF,
WNMJYKCGWZFFKR,ok,76973433,CN(CCCNC(=O)C1CCCO1)C2=NC3=CC(=C(C=C3C(=N2)N)OC)OC,
WNRZHQBJSXRYJK,ok,177679265,C1=CC(=CC=C1C(=O)C2=C(C=C(C=C2Cl)CN3C(=C(N=N3)C(=O)N)N)Cl)Cl,
WNTYBHLDCKXEOT,ok,17676,CC(=O)C1=CC2=C(C=C1)SC3=CC=CC=C3N2CCCN4CCN(CC4)CCO,
WOCXQMCIOTUMJV,ok,89105,C1CN1C2=C(C=C(C(=C2)C(=O)N)[N+](=O)[O-])[N+](=O)[O-],
WOFMFGQZHJDGCX,ok,176519923,CC1CC2C3CCC4=CC(=O)C=CC4(C3(C(CC2(C1(C(=O)CCl)OC(=O)C5=CC=CO5)C)O)Cl)C,
WOIIIUDZSOLAIW,ok,46937068,CC1=CC2=C(C=C1)N=C(N3N2C(=O)C(C3=O)CC=C)N(C)C,
WOIWWYDXDVSWAZ,ok,76521963,C1CCC(CC1)C2CC(N(C2)C(=O)CP(=O)(CCCCC3=CC=CC=C3)O)C(=O)[O-],
WONYMNWUJVKVII,ok,160565,C1=CC(=CC=C1O)OC2=C(C=C(C=C2I)CCC(=O)O)I,
WOSKHXYHFSIKNG,ok,171391539,COC1=CC2=NC=CC(=C2C=C1C(=O)N)OC3=CC(=C(C=C3)NC(=O)NC4CC4)Cl,
WOUOLAUOZXOLJQ,ok,162640456,CCOC(=O)C(CCC1=CC=CC=C1)NC(C)C(=O)N(CC(=O)O)C2CC3=CC=CC=C3C2,
WOVKYSAHUYNSMH,ok,175676285,C1C(C(OC1N2C=C(C(=O)NC2=O)Br)CO)O,
WOXKDUGGOYFFRN,ok,152298782,CN1CC(=O)N2C(C1=O)CC3=C(C2C4=CC5=C(C=C4)OCO5)NC6=CC=CC=C36,
WOZSCQDILHKSGG,ok,60871,CC(C)(C)C(=O)OCOP(=O)(COCCN1C=NC2=C(N=CN=C21)N)OCOC(=O)C(C)(C)C,
WPEWQEMJFLWMLV,ok,132532729,C1CCC(C1)(C#[NH+])C2=CC=C(C=C2)NC(=O)C3=C(N=CC=C3)NCC4=CC=NC=C4,
WPGGHFDDFPHPOB,ok,176476429,C1CCC2CN(CC2C1)C(=O)CC(CC3=CC=CC=C3)C(=O)[O-],
WPHKIQPVPYJNAX,ok,46207586,C1=CC(=CC(=C1)F)NC(=O)NC2=CC=C(C=C2)C3=CSC4=C3C(=NC=C4C5=CN(N=C5)CCO)N,
WPNHOHPRXXCPRA,ok,177696450,CC1C=CC=C2COC3C2(C(C=C(C3O)C)C(=O)OC4CC(CC=C(C1OC5CC(C(C(O5)C)OC6CC(C(C(O6)C)NC(=O)C)OC)OC)C)OC7(C4)C=CC(C(O7)C(C)C)C)O,
WPNJAUFVNXKLIM,ok,171391626,CC1=NC(=C(C(=N1)Cl)NC2=NCCN2)OC,
WPUKUEMZZRVAKZ,ok,76971740,CC[N+]1(CCCC(C1)OC(=O)C(C2=CC=CC=C2)(C3=CC=CC=C3)O)C,
WPVFJKSGQUFQAP,ok,169447633,CC(C)C(C(=O)OCC(CO)OCN1C=NC2=C1N=C(NC2=O)N)N,
WPVGKSBEZSOQJZ,ok,177692767,CC=C1C(=C2C=C3C(=CC)C(=C(N3)C=C4C(=C(C(=CC5=C(C(=C(N5)C=C1N2)C)CCC(=O)O)N4)CCC(=O)O)C)C)C,
WPYMKLBDIGXBTP,ok,161573567,C1=CC=C(C=C1)C(=O)O,
WQABCVAJNWAXTE,ok,3246063,C(C(CS)S)O,
WRCHFMBCVFFYEQ,ok,162641881,CN(C)CCC(C1=CC=CC=C1)(C2=CC=CC=C2Cl)O,
WREGKURFCTUGRC,ok,175979491,C1CC(OC1CO)N2C=CC(=NC2=O)N,
WRFHGDPIDHPWIQ,ok,172494999,CCCCC1=NC2(CCCC2)C(=O)N1CC3=CC(=C(C=C3)C4=CC=CC=C4S(=O)(=O)NC5=NOC(=C5C)C)COCC,
WRGOVNKNTPWHLZ,ok,76955980,C1=CC=C2C(=C1)C(=C(C(=O)O2)C(CC(C3=CC=C(C=C3)Cl)O)C4=CC=C(S4)Cl)O,
WRGVLTAWMNZWGT,ok,175689116,CCC(C)C(C(=O)NC(C)C(=O)NC(CC1=CNC2=CC=CC=C21)C(=O)NC(CC(C)C)C(=O)NC(C(C)C)C(=O)NC(CCCCN)C(=O)NC(C)(C)C(=O)NC(CCCN=C(N)N)C(=O)N)NC(=O)C(CC3=CC=CC=C3)NC(=O)C(CCC(=O)O)NC(=O)C(CCCCN)NC(=O)C(C)NC(=O)C(C)NC(=O)C(CCC(=O)N)NC(=O)CNC(=O)C(CCC(=O)O)NC(=O)C(CC(C)C)NC(=O)C(CC4=CC=C(C=C4)O)NC(=O)C(CO)NC(=O)C(CO)NC(=O)C(C(C)C)NC(=O)C(CC(=O)O)NC(=O)C(CO)NC(=O)C(C(C)O)NC(=O)C(CC5=CC=CC=C5)NC(=O)C(C(C)O)NC(=O)CNC(=O)C(CCC(=O)O)NC(=O)C(C)(C)NC(=O)C(CC6=CNC=N6)N,
WRUUGTRCQOWXEG,ok,171921330,C(CN)C(O)(P(=O)(O)O)P(=O)(O)O,
WRYZEGZNBYOMLE,ok,71653,C1=CC(=NN=C1C(=O)N)NN,
WSEQXVZVJXJVFP,ok,163321879,CN(C)CCCC1(C2=C(CO1)C=C(C=C2)C#N)C3=CC=C(C=C3)F,
WSNODXPBBALQOF,ok,177747042,CC(C)OC(=O)CCCC=CCC1C(CC(C1C=CC(COC2=CC=CC=C2)(F)F)O)O,
WSPOMRSOLSGNFJ,ok,131707615,CN(C)CCC=C1C2=CC=CC=C2SC3=C1C=C(C=C3)Cl,
WSVOMANDJDYYEY,ok,154825225,CC12CC(C3C(C1CC(=C)C2(C(=O)CO)O)CCC4=CC(=O)C=CC34C)O,
WTDGMHYYGNJEKQ,ok,71748809,CC(CC1=CC(=CC=C1)O)N,
WTDRDQBEARUVNC,ok,178938193,C1=CC(=C(C=C1CC(C(=O)O)N)O)O,
WTHRRGMBUAHGNI,ok,172652509,CCC1C(=O)N2CCCC2C(=O)N(C(C(=O)N3CC(C(=O)CC3C(=O)NC(C(=O)OC(C(C(=O)N1)NC(=O)C4=C(C=CC=N4)O)C)C5=CC=CC=C5)CSC6CN7CCC6CC7)CC8=CC=C(C=C8)N(C)C)C,
WTIJXIZOODAMJT,ok,102267548,CC1=CC=C(N1)C(=O)OC2C(C(OC(C2OC)(C)C)OC3=C(C4=C(C=C3)C(=C(C(=O)O4)NC(=O)C5=CNC(=C5C)C(=O)NC6=C(C7=C(C(=C(C=C7)OC8C(C(C(C(O8)(C)C)OC)OC(=O)C9=CC=C(N9)C)O)C)OC6=O)O)O)C)O,
WTQYWNWRJNXDEG,ok,177833411,CN1C2CC(CC1C(C2)O)OC(=O)C(CO)C3=CC=CC=C3,
WTYGAUXICFETTC,ok,76974290,CCC1(C(=O)NC(=O)NC1=O)C2=CCCCC2,
WUADCCWRTIWANL,ok,171380906,COC1=CC=C(C=C1)C2=COC3=CC(=CC(=C3C2=O)O)O,
WUBBRNOQWQTFEX,ok,176451896,C1=CC(=C(C=C1N)O)C(=O)O,
WUILNKCFCLNXOK,ok,66651976,CC(=CCCC(=CCCC(=CCSC1=CC=CC=C1C(=O)O)C)C)C,
WUTYZMFRCNBCHQ,ok,163285388,CC1OC2(CN3CCC2CC3)CS1,
WUWDLXZGHZSWQZ,ok,153701222,CC1=CC(=C(N1)C=C2C3=CC=CC=C3NC2=O)C,
WUZYKBABMWJHDL,ok,119057333,CC1=CC(=CN=C1)CN2CCC(=C3C4=C(CCC5=C3N=CC=C5)C=C(C=C4)Cl)CC2,
WVDDGKGOMKODPV,ok,175360883,C1=CC=C(C=C1)CO,
WVLAAKXASPCBGT,ok,76958838,CN1C2=C(C(=O)N(C1=O)C)N(C=N2)CCCNCC(C3=CC(=CC(=C3)O)O)O,
WVLHGCRWEHCIOT,ok,25271792,C1CN(CC[NH2+]1)C2=C3C(=CC=C2)OCCO3,
WVLHHLRVNDMIAR,ok,164078331,C1CC(C2=C(C1)C=CC=N2)N(CCCCN)CC3=NC4=CC=CC=C4N3,
WVLOADHCBXTIJK,ok,170688463,CN1CCC23C4C1CC5=C2C(=C(C=C5)[O-])OC3C(=O)CC4,
WVPSKSLAZQPAKQ,ok,178856299,C1C2C(C2N)CN1C3=C(C=C4C(=O)C(=CN(C4=N3)C5=C(C=C(C=C5)F)F)C(=O)O)F,
WVTKBKWTSCPRNU,ok,172990236,CN1CCC2=CC(=C3C=C2C1CC4=CC=C(C=C4)OC5=C(C=CC(=C5)CC6C7=C(O3)C(=C(C=C7CCN6C)OC)OC)OC)OC,
WVUNYSQLFKLYNI,ok,92401434,CCOC1=C(C=C2C(=C1)N=CC(=C2NC3=CC(=C(C=C3)F)Cl)C#N)NC(=O)C=CCN(C)C,
WVVSZNPYNCNODU,ok,177699399,CC(CO)NC(=O)C1CN(C2CC3=CNC4=CC=CC(=C34)C2=C1)C,
WVXNSAVVKYZVOE,ok,88876718,CC(C)(C)C1=NN(C(=C1)NC(=O)NC2=C(C=C(C=C2)OC3=CC(=NC=C3)C(=O)NC)F)C4=CC5=C(C=C4)N=CC=C5,
WVYADZUPLLSGPU,ok,164078879,C1=CC=C(C(=C1)C(=O)OC2=CC=CC=C2C(=O)O)[OH2+],
WWGZXRYELYWJBD,ok,36131,CCCCN(CCN(CC)CC)C(=O)C1=CC=CC2=CC=CC=C21,
WWJZWCUNLNYYAU,ok,129318222,COP(=S)(OC)OC1=CC=C(C=C1)SC2=CC=C(C=C2)OP(=S)(OC)OC,
WWKQZIMLZGFMEC,ok,12130217,O[Si]1(O[Si](O[Si](O1)(O)O)(O)O)O,
WWNUCVSRRUDYPP,ok,177829595,CCOC1=CC2=C(C=C1)N=C(N2)SCCN3CCOCC3,
WWSWYXNVCBLWNZ,ok,173511092,C1C(C(C(C1O)C=CC(COC2=CC=CC(=C2)C(F)(F)F)O)CC=CCCCC(=O)O)O,
WWYNJERNGUHSAO,ok,172012331,CCC12CCC3C(C1CCC2(C#C)O)CCC4=CC(=O)CCC34,
WWZKQHOCKIZLMA,ok,153702168,CCCCCCCC(=O)O,
WXCXUHSOUPDCQV,ok,76974210,CC1(C(=O)N(C(=S)N1C2=CC(=C(C=C2)C(=O)NC)F)C3=CC(=C(C=C3)C#N)C(F)(F)F)C,
WXFIGDLSSYIKKV,ok,177747047,CC(C(C1=CC(=CC=C1)O)O)N,
WXJFKKQWPMNTIM,ok,177679362,CCCCCCCCCCCCCCCCOCCCOP(=O)(COC(CN1C=CC(=NC1=O)N)CO)O,
WXNXCEHXYPACJF,ok,177124018,CC(C)CC(C(=O)O)NC(=O)C,
WXURHACBFYSXBI,ok,177834871,CC1CC2C3CC(C4=CC(=O)C=CC4(C3(C(CC2(C1(C(=O)CO)O)C)O)F)C)F,
WXXSNCNJFUAIDG,ok,171689462,CN(C1=C(N=C(N=C1N)C2=NN(C3=C2C=CC=N3)CC4=CC=CC=C4F)N)C(=O)OC,
WXZMFSXDPGVJKK,ok,175726110,C(C(CO)(CO)CO)O,
WYCLKVQLVUQKNZ,ok,76974309,C1C(=O)N(C2=C(C=C(C=C2)Cl)C(=N1)C3=CC=CC=C3)CC(F)(F)F,
WYDUSKDSKCASEF,ok,172677165,C1CCC(CC1)C(CCN2CCCC2)(C3=CC=CC=C3)O,
WYMSBXTXOHUIGT,ok,124203197,CCOP(=O)(OCC)OC1=CC=C(C=C1)[N+](=O)[O-],
WYQFJHHDOKWSHR,ok,176486226,CCC1CN(CC1C2=CN=C3N2C4=C(NC=C4)N=C3)C(=O)NCC(F)(F)F,
WYQPLTPSGFELIB,ok,164082206,CCCC(=O)OC1(CCC2C1(CC(C3(C2CC(C4=CC(=O)C=CC43C)F)F)O)C)C(=O)COC(=O)C,
WYUSVOMTXWRGEK,ok,13121683,COCC1=C(N2C(C(C2=O)NC(=O)C(=NOC)C3=CSC(=N3)N)SC1)C(=O)O,
WYWHKKSPHMUBEB,ok,156593677,C1=NC2=C(N1)C(=S)N=C(N2)N,
WYWIFABBXFUGLM,ok,118985527,CC1=CC(=C(C(=C1CC2=NCC[NH2+]2)C)O)C(C)(C)C,
WZBNEZWCNKUOSM,ok,133053827,C1=CC=C(C=C1)NC(=O)C=CC2=C(NC3=C2C(=CC(=C3)Cl)Cl)C(=O)[O-],
WZDGZWOAQTVYBX,ok,168317486,CC1CC2=C(CCC(=O)C2)C3C1C4CCC(C4(CC3)C)(C#C)O,
WZGBZLHGOVJDET,ok,4514,CCN(CC)CC1=NC=CN1C2=C(C=C(C=C2)[N+](=O)[O-])C(=O)C3=CC=CC=C3Cl,
WZHCOOQXZCIUNC,ok,178247957,CC1CC(CC(C1)(C)C)OC(=O)C(C2=CC=CC=C2)O,
WZHJKEUHNJHDLS,ok,177626024,CN1CC(CC2C1CC3=CN(C4=CC=CC2=C34)C)CNC(=O)OCC5=CC=CC=C5,
WZOZEZRFJCJXNZ,ok,133687814,COC1(C2N(C1=O)C(=C(CS2)COC(=O)N)C(=O)O)NC(=O)CC3=CC=CS3,
WZPBZJONDBGPKJ,ok,168314821,CC1C(C(=O)N1S(=O)(=O)O)NC(=O)C(=NOC(C)(C)C(=O)O)C2=CSC(=N2)N,
WZRCQWQRFZITDX,ok,176489186,C1CNC(C2=CC(=C(C=C21)O)O)CC3=CC=C(C=C3)O,
WZXHSWVDAYOFPE,ok,450965,COC1=CC(=C2C(=C1)C=C(O2)C3CCNCC3)Br,
XADCESSVHJOZHK,ok,71749926,CCOC(=O)C1(CCN(CC1)C)C2=CC=CC=C2,
XAGFODPZIPBFFR,ok,175671010,[Al],
XAGMUUZPGZWTRP,ok,131668276,CC1COC2=C3N1C=C(C(=O)C3=CC(=C2C4(CC4)N)F)C(=O)O,
XATZHCXBMKRRDO,failed,,,no_cid
XAUDJQYHKZQPEU,ok,177926744,C1C(C(OC1[N+]2=CN=C(NC2=O)N)CO)O,
XAXMYHMKTCNRRZ,ok,76972913,C1=CC=C(C(=C1)C2=NC(C(=O)N(C3=C2C=C(C=C3)Cl)CCC#N)O)F,
XAYAKDZVINDZGB,ok,154730695,CC1C=CCC(=CCC(OC(=O)CC(C(C(=O)C(C1O)C)(C)C)O)C(=CC2=CSC(=N2)C)C)C,
XAYGBKHKBBXDAK,ok,172990487,C1CC1CN2CCN(CC2)C(=O)C3=CC=C(C=C3)NS(=O)(=O)C4=CC=CC5=C4N=CC=C5,
XBBDACCLCFWBSI,ok,141629264,COC(=O)C(CC1=CC(=C(C=C1)O)O)N,
XBEDAMVJWVPVDS,ok,65599,CC(=O)CCCCN1C=NC2=C1C(=O)N(C(=O)N2C)C,
XBHBWNFJWIASRO,ok,122130238,C1CN(CCN1)C2=C(C=C3C(=C2)N(C=C(C3=O)C(=O)O)C4=CC=C(C=C4)F)F,
XBJBPGROQZJDOJ,ok,164517228,CN1CCN(CC1)C2=C(C=C3C(=C2F)N(C=C(C3=O)C(=O)O)CCF)F,
XBMIVRRWGCYBTQ,ok,145512551,CCC(C(CC(C)N(C)C)(C1=CC=CC=C1)C2=CC=CC=C2)OC(=O)C,
XBPZXDSZHPDXQU,ok,287180,CCN1C=C(C(=O)C2=C1C=C(C=C2)C3=CC=NC=C3)C(=O)O,
XCGSFFUVFURLIX,ok,174798300,[H+].CC1(C(=O)N2C(C(=O)N3CCCC3C2(O1)O)CC4=CC=CC=C4)NC(=O)C5CN(C6CC7=CNC8=CC=CC(=C78)C6=C5)C,
XCGYUJZMCCFSRP,ok,74441087,CC(C)[NH2+]CC1CCC2=CC(=C(C=C2N1)[N+](=O)[O-])CO,
XCPGHVQEEXUHNC,ok,177747054,COC1=C(C=CC(=C1)NS(=O)(=O)C)NC2=C3C=CC=CC3=NC4=CC=CC=C42,
XCTYLCDETUVOIP,ok,169447061,CCSC1=CC2=C(C=C1)SC3=CC=CC=C3N2CCCN4CCN(CC4)C,
XCWPUUGSGHNIDZ,ok,68658379,[H+].CC1=C(C2=CC(=C(C=C2N1)OC)OC)CCN3CCN(CC3)C4=CC=CC=C4,
XDAOLTSRNUSPPH,ok,154731498,CC1(CN2C=C(N=C2O1)[N+](=O)[O-])COC3=CC=C(C=C3)N4CCC(CC4)OC5=CC=C(C=C5)OC(F)(F)F,
XDDJGVMJFWAHJX,ok,76974301,C1=CC=C(C=C1)C2=NC(C(=O)NC3=C2C=C(C=C3)Cl)C(=O)O,
XDHNQDDQEHDUTM,ok,170999728,CC1CC(=CC=CC(C(OC(=O)C(=CC(=CC(C1O)C)C)OC)C(C)C(C(C)C2(CC(C(C(O2)C(C)C)C)O)O)O)OC)C,
XDRYMKDFEDOLFX,ok,169445444,C1=CC(=CC=C1C(=N)N)OCCCCCOC2=CC=C(C=C2)C(=N)N,
XDSSPSLGNGIIHP,ok,45266674,C[Se]CC(C(=O)[O-])[NH3+],
XDXDZDZNSLXDNA,ok,161683841,CC1C(C(CC(O1)OC2CC(CC3=C2C(=C4C(=C3O)C(=O)C5=CC=CC=C5C4=O)O)(C(=O)C)O)N)O,
XDXWLKQMMKQXPV,ok,25235611,CC1=C(C=C(C=C1)N2C(=O)C(=NNC3=CC=CC(=C3O)C4=CC(=CC=C4)C(=O)O)C(=N2)C)C,
XDZKBRJLTGRPSS,ok,171395311,CC1=C(SC(=N1)SCC2=C(N3C(C(C3=O)NC(=O)C(=NOC)C4=CSC(=N4)N)SC2)C(=O)O)CC(=O)O,
XEDHVZKDSYZQBF,ok,172990664,CN1CCC(CC1)C(=O)C2=NC(=CC=C2)NC(=O)C3=C(C=C(C=C3F)F)F,
XEDONBRPTABQFB,ok,55223,C1=CC(=C(C(=C1)OCC2=CC=C(C=C2)C(=O)O)C=O)O,
XEEQGYMUWCZPDN,ok,169443161,C1CCNC(C1)C(C2=CC(=NC3=C2C=CC=C3C(F)(F)F)C(F)(F)F)O,
XEEYBQQBJWHFJM,ok,175671223,[Fe],
XEYBRNLFEZDVAW,ok,154166399,CCCCCC(C=CC1C(CC(=O)C1CC=CCCCC(=O)O)O)O,
XFALPSLJIHVRKE,ok,155680516,CN1N=C(N=N1)C2=NC=C(C=C2)C3=C(C=C(C=C3)N4CC(OC4=O)CO)F,
XFCLJVABOIYOMF,ok,169447236,CN(C)CCOC1=CC=C(C=C1)C(=C(CCCl)C2=CC=CC=C2)C3=CC=CC=C3,
XFDJYSQDBULQSI,ok,163321952,CCN1CC(C(C1=O)(C2=CC=CC=C2)C3=CC=CC=C3)CCN4CCOCC4,
XFILPEOLDIKJHX,ok,171053283,CC(C)CC(C(CSC1=CC=CS1)C(=O)NO)C(=O)NC(CC2=CC=CC=C2)C(=O)NC,
XFLBOEMFLGLWFF,ok,172013983,CC1C(=O)NC2CSSCCC=CC(CC(=O)N1)OC(=O)CC(C(NC2=O)C(C)C)O,
XFYDIVBRZNQMJC,ok,44539519,C1CN=C(N1)NC2=C(C=CC3=NSN=C32)Cl,
XGALLCVXEZPNRQ,ok,175829044,COC1=C(C=C2C(=C1)N=CN=C2NC3=CC(=C(C=C3)F)Cl)OCCCN4CCOCC4,
XGGHHHBGPSNXFE,ok,657202,CCCC(CCC)C(=O)OC1CC2CCC(C1)[N+]2(C)C,
XGOYIMQSIKSOBS,ok,45381634,CC1=C(C2=C(C=C1)C(=O)C3=CC=CC(=C3O2)CC(=O)O)C,
XHCADAYNFIFUHF,ok,162944040,C1=CC(=O)OC2=CC(=C(C=C21)OC3C(C(C(C(O3)CO)O)O)O)O,
XHOJAWVAWFHGHL,ok,42884,CC(C)N1CCC(CC1)N(C2=CC=C(C=C2)Cl)C(=O)CC3=CC=CC=C3,
XHOLNRLADUSQLD,ok,173640815,CN(C)C(=N)C1=CC=C(C=C1)C(=O)NC2=C(C=C(C=C2)OC)C(=O)NC3=NC=C(C=C3)Cl,
XHVAWZZCDCWGBK,ok,172845130,C(C1C(C(C(C(O1)[S-])O)O)O)O.[Au+],
XHWRWCSCBDLOLM,ok,136234046,CC1=C(C2=C(C=C1)N=C(NC2=O)N)SC3=CC=NC=C3,
XIHXRRMCNSMUET,ok,71835,C1=CC(=C(C(=C1)Cl)OCCNN=C(N)N)Cl,
XIIOFHFUYBLOLW,ok,156760510,CC(C)(COC1=CN2C(=C(C=N2)C#N)C(=C1)C3=CN=C(C=C3)N4CC5CC(C4)N5CC6=CN=C(C=C6)OC)O,
XILVEPYQJIOVNB,ok,71316691,C1=CC=C(C(=C1)C(=O)OCCOCCO)NC2=CC=CC(=C2)C(F)(F)F,
XIQVNETUBQGFHX,ok,171391616,CCN(CC)CC#CCOC(=O)C(C1CCCCC1)(C2=CC=CC=C2)O,
XIRGHRXBGGPPKY,ok,171042232,CC1C(C(CC(O1)OC2C(OC3(CC2O)OC4C(OC(CC4(O3)C)OC5C(C(OC(C5OC)C)OC6C(OC(C(C6O)OC)OC7C(C8C(CO7)OC9(O8)C1C(C(C(O9)C)(C(=O)C)O)OCO1)OC(=O)C(C)C)COC)O)C)C)O)OC(=O)C1=C(C(=C(C(=C1OC)Cl)O)Cl)C,
XIURVHNZVLADCM,ok,141887859,CC(=O)OCC1=C(N2C(C(C2=O)NC(=O)CC3=CC=CS3)[SH+]C1)C(=O)O,
XIUUSFJTJXFNGH,ok,172990390,CN1C2C(N(C1=O)C)N(C(=O)N2C)C,
XJGVXQDUIWGIRW,ok,131698947,CN1CCN(CC1)C2=NC3=CC=CC=C3OC4=C2C=C(C=C4)Cl,
XJHSMFDIQHVMCY,ok,146170515,C(C(C(=O)[O-])[S-])C(=O)O.[Au+],
XJSFLOJWULLJQS,ok,177833692,CC1CC=CC=CC(C(CC(C(C(C(CC(=O)O1)OC(=O)C)OC)OC2C(C(C(C(O2)C)OC3CC(C(C(O3)C)OC(=O)CC(C)C)(C)O)N(C)C)O)CC=O)C)O,
XKFPYPQQHFEXRZ,ok,3759,CC1=CC(=NO1)C(=O)NNCC2=CC=CC=C2,
XKLMZUWKNUAPSZ,ok,145050904,CC1=C(C(=CC=C1)C)NC(=O)CN2CC[NH+](CC2)CC(COC3=CC=CC=C3OC)O,
XKLZIVIOZDNKEQ,ok,129631779,CC1=C(C(=O)NC(=O)N1)C=CC(=O)NC(CO)CS(=O)CSC,
XKTFQMCPGMTBMD,ok,155293399,CC(C)C=CC=CC(C)C1=NC(=CS1)C2=NC(=CS2)C=CC(C(C)C(=CC(=O)N)OC)OC,
XLCNVWUKICLURR,ok,24999143,C1CC2(CCC1C3=CC=C(C=C3)OCCN4CCOCC4)OC5(C6CC7CC(C6)CC5C7)OO2,
XLFWDASMENKTKL,ok,132935831,CCOC(=NC1=C[N+](=NO1)N2CCOCC2)[O-],
XLMALTXPSGQGBX,ok,129318235,CCC(=O)OC(CC1=CC=CC=C1)(C2=CC=CC=C2)C(C)CN(C)C,
XLOMVQKBTHCTTD,ok,173416253,[H+].O=[Zn],
XLOMZPUITCYLMJ,ok,71752509,CCCC(C)C1(C(=O)NC(=S)NC1=O)CC=C,
XLOQNFNTQIRSOX,ok,162641886,CC(CN1C2=CC=CC=C2SC3=C1C=C(C=C3)C(=O)C)N(C)C,
XLYOFNOQVPJJNP,ok,174863167,O,
XMAYWYJOQHXEEK,ok,170836395,CC(=O)N1CCN(CC1)C2=CC=C(C=C2)OCC3COC(O3)(CN4C=CN=C4)C5=C(C=C(C=C5)Cl)Cl,
XMBWDFGMSWQBCA,ok,174894234,[H+].[H+].I,
XMSXOLDPMGMWTH,ok,164098851,CN1C2=C(C=CC(=C2)OC)N=C1COC3=CC=C(C=C3)CC4C(=O)[NH+]=C(S4)O,
XMVJITFPVVRMHC,ok,12793837,C1=CC(=C(C=C1[As](=O)([O-])[O-])[N+](=O)[O-])O,
XMXHEBAFVSFQEX,ok,131668282,CC(=O)C1=CC(=C(C=C1)OCCCN2CCC(CC2)C3=NOC4=C3C=CC(=C4)F)OC,
XNKCCCKFOQNXKV,ok,173716460,COCCOCCOCCOCCOCCOCCOCCOC1CCC2(C3CC4=C5C2(C1OC5=C(C=C4)O)CCN3CC=C)O,
XNKLLVCARDGLGL,ok,163335322,CC1=CN(C(=O)NC1=O)C2C=CC(O2)CO,
XNMYNYSCEJBRPZ,ok,21221970,CCCCC1=CC2=CC=CC=C2C(=N1)OCC[NH+](C)C,
XNSAINXGIQZQOO,ok,149249181,C1CC(N(C1)C(=O)C(CC2=CN=CN2)NC(=O)C3CCC(=O)N3)C(=O)[NH3+],
XNWFRZJHXBZDAG,ok,161762874,COCCO,
XOEUHCONYHZURQ,ok,171360938,CCC1C(C(C(C(=O)C(CC(C(C(C(C(C(=O)O1)C)OC2CC(C(C(O2)C)O)(C)OC)C)OC3C(C(CC(O3)C)N(C)C)O)(C)O)(C)F)C)O)(C)O,
XOFYZVNMUHMLCC,ok,149255715,CC12CC(=O)C3C(C1CCC2(C(=O)CO)O)CCC4=CC(=O)C=CC34C,
XOKJUSAYZUAMGJ,ok,162967177,C1=C(C2=C(N=CN=C2N1C3C(C(C(O3)CO)O)O)N)C#N,
XOZIUKBZLSUILX,ok,12041744,CC1CCCC(=CCC(OC(=O)CC(C(C(=O)C(C1O)C)(C)C)O)C(=CC2=CSC(=N2)C)C)C,
XPCFTKFZXHTYIP,ok,174707759,CCOC(=O)C(CCC1=CC=CC=C1)NC2CCC3=CC=CC=C3N(C2=O)CC(=O)O,
XPCTZQVDEJYUGT,ok,131667865,CC1=C(C(=O)C=CO1)O,
XPFRXWCVYUEORT,ok,4753,C1=CC=C(C=C1)CC(=O)NC(=O)N,
XPOQHMRABVBWPR,ok,169439673,C1CC1C#CC2(C3=C(C=CC(=C3)Cl)NC(=O)O2)C(F)(F)F,
XPPKVPWEQAFLFU,ok,175758887,OP(=O)(O)OP(=O)(O)O,
XPSQPHWEGNHMSK,ok,163322586,CNC1CCC2=C(C1)C3=C(N2)C=CC(=C3)C(=O)N,
XPYBSIWDXQFNMH,ok,171390708,C(C(C(C(C(=O)COP(=O)(O)O)O)O)O)OP(=O)(O)O,
XPYLKZZOBVLVHB,ok,101927305,CCN(CC)CC(C)OC(=O)C1CCCCC1(C2CCCCC2)O,
XQCGNURMLWFQJR,ok,163005126,CC1C(C(CC(O1)OC2CCC3(C4CCC5(C(CCC5(C4CCC3(C2)O)O)C6=CC(=O)OC6)C)C=O)OC)O,
XQLWNAFCTODIRK,ok,59378514,CC(C)C(CCCN(C)CCC1=CC(=C(C=C1)OC)OC)(C#N)C2=CC(=C(C(=C2)OC)OC)OC,
XQSPYNMVSIKCOC,ok,169439735,C1C(OC(S1)CO)N2C=C(C(=NC2=O)N)F,
XQYZDYMELSJDRZ,ok,174864723,[H+].COC1=C(C=C(C=C1)CC2=NC=CC3=CC(=C(C=C32)OC)OC)OC,
XRASPMIURGNCCH,ok,178324355,C1=CN(C=N1)CC(O)(P(=O)(O)O)P(=O)([O-])[O-],
XRECTZIEBJDKEO,ok,171391588,C1=NC(=O)NC(=C1F)N,
XRVDGNKRPOAQTN,ok,177830018,CC(C)OC1=C(C=C(C=C1)C2=NC(=NO2)C3=C4CCC(C4=CC=C3)NCCO)C#N,
XRVJPLDTMUSSDE,ok,8281,CC(=CC(=O)NS(=O)(=O)C1=CC=C(C=C1)N)C,
XRWSZZJLZRKHHD,ok,166451436,CC(C)(C)C(C(=O)N1CC(CC1C(=O)NC2(CC2C=C)C(=O)NS(=O)(=O)C3CC3)OC4=NC=C(C5=C4C=C(C=C5)Cl)OC)NC(=O)OC(C)(C)C,
XSBSKEQEUFOSDD,ok,5850,C[N+]1(CCCC1)CCCCC[N+]2(CCCC2)C,
XSCGXQMFQXDFCW,ok,117065259,CN(C)CCCN1C2=CC=CC=C2SC3=C1C=C(C=C3)C(F)(F)F,
XSDQTOBWRPYKKA,ok,90659822,[H+].C1(=C(N=C(C(=N1)Cl)N)N)C(=O)N=C(N)N,
XSEUMFJMFFMCIU,ok,178856158,CCCCNC(=N)N=C(N)N,
XSFJVAJPIHIPKU,ok,176061200,CC1(OC2CC3C4CC(C5=CC(=O)C=CC5(C4C(CC3(C2(O1)C(=O)CO)C)O)C)F)C,
XSTXAVWGXDQKEL,ok,174990401,[H+].C(=C(Cl)Cl)Cl,
XSVMFMHYUFZWBK,ok,171391644,CCN(C)C(=O)OC1=CC=CC(=C1)C(C)N(C)C,
XTKDAFGWCDAMPY,ok,15443,C1CN(CCN1CCCC(=O)C2=CC=C(C=C2)F)C3=CC=CC=N3,
XTKLTGBKIDQGQL,ok,56949517,CC1=C(C=CC=C1C(F)(F)F)CN2C(=NC3=C(C=C(C=C32)N4CCOCC4)C(=O)O)C,
XTNGUQKDFGDXSJ,ok,177678984,CC1=C(C=C(C=C1)C2C(C(C(C(O2)CO)O)O)O)CC3=CC=C(S3)C4=CC=C(C=C4)F,
XTTZERNUQAFMOF,ok,119081220,CC1CNCCC2=C1C=C(C=C2)Cl,
XTULMSXFIHGYFS,ok,177323721,CC1CC2C3CC(C4=CC(=O)C=CC4(C3(C(CC2(C1(C(=O)SCF)OC(=O)C5=CC=CO5)C)O)F)C)F,
XUBOMFCQGDBHNK,ok,171391595,CC1CN(CCN1)C2=C(C=C3C(=C2OC)N(C=C(C3=O)C(=O)O)C4CC4)F,
XUFQPHANEAPEMJ,ok,155890785,C1=C(N=C(S1)N=C(N)N)CSCCC(=NS(=O)(=O)N)N,
XUIIKFGFIJCVMT,ok,176481220,C1=C(C=C(C(=C1I)OC2=CC(=C(C(=C2)I)O)I)I)CC(C(=O)O)N,
XUKUURHRXDUEBC,ok,168317476,CC(C)C1=C(C(=C(N1CCC(CC(CC(=O)O)O)O)C2=CC=C(C=C2)F)C3=CC=CC=C3)C(=O)NC4=CC=CC=C4,
XUZMWHLSFXCVMG,ok,162641766,CCS(=O)(=O)N1CC(C1)(CC#N)N2C=C(C=N2)C3=C4C=CNC4=NC=N3,
XVGOZDAJGBALKS,ok,145925696,CCN1CCN(CC1)C2=NC3=C(CCCCCC3)C(=C2)C4=CC=C(C=C4)F,
XVQUOJBERHHONY,ok,76974515,CC(CCC=C(C)C)NC,
XVUQHFRQHBLHQD,ok,172418906,C1=CC=C(C=C1)N2C=C(C(=N2)C3=CC=C(C=C3)Cl)CC(=O)O,
XWLUWCNOOVRFPX,ok,177860092,C1=CC=C(C=C1)C2(C(=O)N(C(=N2)[O-])COP(=O)(O)[O-])C3=CC=CC=C3,
XWNBGDJPEXZSQM,ok,162540637,CC1=C(C=CC(=C1)F)C2CC(CCN2C(=O)N(C)C(C)C3=CC(=CC(=C3)C(F)(F)F)C(F)(F)F)N4CCN5C(C4)CCC5=O,
XWTYSIMOBUGWOL,ok,119090983,CC(C)(C)NCC(C1=CC(=CC(=C1)O)O)O,
XWXYUMMDTVBTOU,ok,50924370,CC1(C(=O)N(C(=O)N1)C2=CC(=C(C=C2)[N+](=O)[O-])C(F)(F)F)C,
XXEPPPIWZFICOJ,ok,76974149,CCN(CC)C(C)C(=O)C1=CC=CC=C1,
XXIFVOHLGBURIG,ok,171036726,CC1CC2C3CCC4=CC(=O)C=CC4(C3(C(=O)CC2(C1(C(=O)CCl)O)C)F)C,
XXJWYDDUDKYVKI,ok,87632133,CC1=CC2=C(N1)C=CC(=C2F)OC3=NC=NC4=CC(=C(C=C43)OC)OCCCN5CCCC5,
XXPANQJNYNUNES,ok,57369359,CN1CC(C2=C(C1)C(=CC=C2)N)C3=CC=CC=C3,
XXRVYAFBUDSLJX,ok,65777,CC(C)(C(=O)OCCOC(=O)C1=CN=CC=C1)OC2=CC=C(C=C2)Cl,
XXSMGPRMXLTPCZ,ok,171394724,CCN(CCCC(C)NC1=C2C=CC(=CC2=NC=C1)Cl)CCO,
XXVROGAVTTXONC,ok,139597934,[H+].CC(CC1=CC=CC=C1)NCCCCl,
XXYTXQGCRQLRHA,ok,169443210,CC1=C(C=C(C=C1)S(=O)(=O)NC(=O)NC2CCCCC2)N,
XYCMOTOFHFTUIU,ok,86308681,CC(C)(C)[NH2+]CC(COC1=C(C=CC(=C1)Cl)Cl)O,
XYFPWWZEPKGCCK,ok,177746991,C=CC(=O)N1CCCC(C1)N2C3=NC=NC(=C3C(=N2)C4=CC=C(C=C4)OC5=CC=CC=C5)N,
XYKWNRUXCOIMFZ,ok,59757,CN(C(=O)CCC1=NN(C(=C1)C2=CC=C(C=C2)Cl)C3=CC=C(C=C3)OC)O,
XYLJNLCSTIOKRM,ok,101826594,C1CN=C(N1)NC2=C(C3=NC=CN=C3C=C2)Br,
XZAFZXJXZHRNAQ,ok,134694627,CNC1CN(CC1OC)C2=NC3=C(C=C2)C(=O)C(=CN3C4=NC=CS4)C(=O)O,
XZBJVIQXJHGUBE,ok,162641205,CC1CC2C3CC(C4=CC(=O)C=CC4(C3C(CC2(C1C(=O)COC(=O)C(C)(C)C)C)O)C)F,
XZEUAXYWNKYKPL,ok,71314638,CC1(C(C(C2=C(O1)C=C(C=C2)OC)C3=CC=C(C=C3)OCCN4CCCC4)C5=CC=CC=C5)C,
XZKVIDLLLOUTSS,failed,,,no_cid
XZNUGFQTQHRASN,ok,177837449,CNC1C(C2C(CC(C(O2)OC3C(CC(C(C3O)O)N)N)N)OC1OC4C(C(C(C(O4)CO)N)O)O)O,
XZWYZXLIPXDOLR,ok,176534005,CN(C)C(=NC(=N)N)N,
XZXHXSATPCNXJR,ok,118423624,CN1CCN(CC1)CC(=O)N(C)C2=CC=C(C=C2)NC(=C3C4=C(C=C(C=C4)C(=O)OC)NC3=O)C5=CC=CC=C5,
YAKWPXVTIGTRJH,ok,76972923,CCOP(=O)(C(C)NC(=O)N(CCCl)N=O)OCC,
YALNUENQHAQXEA,ok,143961855,CC[NH+](CC)CC1=CC2=C(C=C1)C=C(C=C2)COC(=O)NC3=CC=C(C=C3)C(=O)NO,
YANGEESWIGIKOP,ok,67549193,C1CCCN(CC1)CCCOC2=CC=C(C=C2)CCCCN3CCCC3CN4C(=O)C5=CC=CC=C5C(=N4)CC6=CC=C(C=C6)Cl,
YAORIDZYZDUZCM,ok,121225239,C1CC1C2=CC=CC=C2OCC3=NCCN3,
YAPQBXQYLJRXSA,ok,145865401,CN1C=NC2=C1C(=O)NC(=O)N2C,
YARKMNAWFIMDKV,ok,86308148,C1=CC=C(C(=C1)C#N)OCC(C[NH2+]CCNC(=O)CC2=CC=C(C=C2)O)O,
YASAKCUCGLMORW,ok,143937529,CN(CC[OH+]C1=CC=C(C=C1)CC2C(=O)NC(=O)S2)C3=CC=CC=N3,
YBAWYTYNMZWMMJ,ok,59526590,C1=CC(=CC(=C1)OCC(C(F)F)(F)F)C[NH2+]CCC2=CNC3=C2C=CC(=C3)F,
YBBLVLTVTVSKRW,ok,76973896,CC(C)(C#N)C1=CC(=CC(=C1)CN2C=NC=N2)C(C)(C)C#N,
YBCNXCRZPWQOBR,ok,175667578,CCCC[N+]1(C2CC(CC1C3C2O3)OC(=O)C(CO)C4=CC=CC=C4)C,
YBGZDTIWKVFICR,ok,169445000,CCCCC(CC)COC(=O)C=CC1=CC=C(C=C1)OC,
YBSJFWOBGCMAKL,ok,163321855,CN1C2=C(C=C(C=C2)C(=O)N(CCC(=O)O)C3=CC=CC=N3)N=C1CNC4=CC=C(C=C4)C(=N)N,
YCHYFHOSGQABSW,ok,69769077,CCCCCCC(C)(C)C1=CC(=C2C3CC(=CCC3C(OC2=C1)(C)C)C(=O)O)O,
YCOYDOIWSSHVCK,ok,143452344,C1=CC=C2C(=C1)C(=NN=C2[NH2+]C3=CC=C(C=C3)Cl)CC4=CC=NC=C4,
YCPOZVAOBBQLRI,ok,139817710,CS(=O)(=O)OCC(C(COS(=O)(=O)C)O)O,
YDDMIZRDDREKEP,ok,175673138,CC1=CC2=C(C3C4C5C6=C(C(=C7C(=C6C(N4C(C(C2)N3C)O)COC(=O)C8(CS5)C9=C(CCN8)C2=C(N9)C=CC(=C2)OC)OCO7)C)OC(=O)C)C(=C1OC)O,
YDSDEBIZUNNPOB,ok,169435727,CCC(=O)N(C1=CC=CC=C1)C2(CCN(CC2)CCC3=CC=CC=C3)C(=O)OC,
YECBIJXISLIIDS,ok,25271828,C[NH+](C)CCN(CC1=CC=C(C=C1)OC)C2=CC=CC=[NH+]2,
YEEZWCHGZNKEEK,ok,163322445,CC1=CC=CC=C1S(=O)(=O)NC(=O)C2=CC(=C(C=C2)CC3=CN(C4=C3C=C(C=C4)NC(=O)OC5CCCC5)C)OC,
YEHCICAEULNIGD,ok,141553022,CCCN1CC(CC2C1CC3=CNC4=CC=CC2=C34)CSC,
YELGFTGWJGBAQU,ok,137700516,CC1=CC=C(C=C1)C(=O)C(C)NC,
YEZNLOUZAIOMLT,ok,76974678,CC1=C(C=CC=C1Cl)NC2=CC=CC=C2C(=O)O,
YFAGHNZHGGCZAX,ok,71966248,CC1=C(C(=NO1)C2=C(C=CC=C2Cl)Cl)C(=O)NC3C4N(C3=O)C(C(S4)(C)C)C(=O)[O-],
YFGHCGITMMYXAQ,ok,149346931,C1=CC=C(C=C1)C(C2=CC=CC=C2)S(=O)CC(=O)[NH3+],
YFKDCGWIINMRQY,ok,145763715,CCN(CC)C1=CC=C(C=C1)C(=C2C=CC(=[N+](CC)CC)C=C2)C3=C(C=CC(=C3)S(=O)(=O)[O-])S(=O)(=O)O,
YFRBKEVUUCQYOW,ok,9976892,C1CC(C1)N2CCC3=C(CC2)C=C(C=C3)OC4=NC=C(C=C4)N5CCCC5=O,
YFUAYKVMQVBSNG,ok,138393940,COC1=C(C=CC(=C1Cl)N)C(=O)NC2CCN3CCCC2C3,
YGSDEFSMJLZEOE,ok,175688488,C1=CC=C(C(=C1)C(=O)O)O,
YGYBFMRFXNDIPO,ok,59047924,C1CC2=CC=CC=C2OC1CNCCCCN3C(=O)C4=CC=CC=C4S3(=O)=O,
YHXISWVBGDMDLQ,ok,14454411,C1COCCN1CCNC(=O)C2=CC=C(C=C2)Cl,
YIBOMRUWOWDFLG,ok,171713814,CC1=CC(=CC(=C1NC2=NC(=NC=C2)NC3=CC=C(C=C3)C#N)C)C=CC#N,
YIMYDTCOUQIDMT,ok,155291372,COC(=O)C=CC(=O)OCCN1C(=O)CCC1=O,
YIQPUIGJQJDJOS,ok,149364899,C1C[NH2+]CCNCCCN(CCNC1)CC2=CC=C(C=C2)CN3CCCNCCNCCCNCC3,
YJDYDFNKCBANTM,ok,177567506,CC=CCC(C)C(=O)C1C(=O)NC(C(=O)N(CC(=O)N(C(C(=O)NC(C(=O)N(C(C(=O)NC(C(=O)NC(C(=O)N(C(C(=O)N(C(C(=O)N(C(C(=O)N1C)C(C)C)C)CC(C)C)C)CC(C)C)C)C)C)CC(C)C)C)C(C)C)CC(C)C)C)C)C(C)C,
YJQPYGGHQPGBLI,ok,173862280,CC1=C(C=CC2=C1OC(=O)C(=C2O)NC(=O)C3=CC(=C(C=C3)O)CC=C(C)C)OC4C(C(C(C(O4)(C)C)OC)OC(=O)N)O,
YJQZYXCXBBCEAQ,ok,169446091,CC(CCC1=CC=C(C=C1)O)NCC(C2=CC=C(C=C2)O)O,
YJYPHIXNFHFHND,ok,175780384,CC(=O)NCCC1=CC=CC2=C1C=C(C=C2)OC,
YKGYIDJEEQRWQH,ok,57667306,CCOC(=O)C1=CC=C(C=C1)OC(=O)CCCCCN=C(N)N,
YKPUWZUDDOIDPM,ok,177449976,CC(C)C=CCCCCC(=O)NCC1=CC(=C(C=C1)O)OC,
YLCXGBZIZBEVPZ,ok,175883833,CN1CCN=C(C2=C1C=CC(=C2)Cl)C3=CC=CC=C3,
YLJREFDVOIBQDA,ok,178306414,C1CCC2=NC3=CC=CC=C3C(=C2C1)N,
YLRFCQOZQXIBAB,ok,169543670,CC12CCC(=O)C=C1CCC3C2(C(CC4(C3CCC4(C)O)C)O)F,
YLUSMKAJIQOXPV,ok,169442522,C1CCC2=C(C1)C(=C3CCCC3=N2)N,
YLXDSYKOBKBWJQ,ok,165437284,CCC(=O)NCCC1CCC2=C1C3=C(C=C2)OCC3,
YMARZQAQMVYCKC,ok,164129014,CC(C)CN(CC(C(CC1=CC=CC=C1)NC(=O)OC2CC[OH+]C2)O)S(=O)(=O)C3=CC=C(C=C3)N,
YMBXTVYHTMGZDW,ok,175982059,CC(C1=CC=C(C=C1)CC2CCCC2=O)C(=O)O,
YMDXZJFXQJVXBF,ok,171382703,CC1C(O1)P(=O)(O)O,
YMHOBZXQZVXHBM,ok,172144632,COC1=CC(=C(C=C1CCN)OC)Br,
YMILRBLJDGKUDX,ok,72941569,C(C(C(C(C(C(=O)[O-])O)O)O)O)O.[OH-].[OH-].[Al+3],
YMTINGFKWWXKFG,ok,162424486,CC(C)OC(=O)C(C)(C)OC1=CC=C(C=C1)C(=O)C2=CC=C(C=C2)Cl,
YMTMADLUXIRMGX,ok,172012391,CC1CC2C3CC(C4=CC(=O)C=CC4(C3(C(CC2(C1C(=O)CO)C)O)Cl)C)F,
YNDIAUKFXKEXSV,ok,168300462,CNC1=CC=C(C=C1)C=CC2=CN=C(C=C2)OCCOCCOCCF,
YNDMEEULGSTYJT,ok,21120894,C1=CC(=C(C=C1CC(C(=O)O)N)O)OP(=O)([O-])[O-],
YNNUSGIPVFPVBX,ok,166723998,CC(C1=CC=CC=C1)(C2=CC=C(C=C2)Cl)OCCC3CCCN3C,
YNVGQYHLRCDXFQ,ok,124921742,CC12CCC3C(C1CCC2(C#C)O)CCC4=CCCCC34,
YNZFUWZUGRBMHL,ok,9417,C1CN(CCN1CCCN2C3=CC=CC=C3C=CC4=CC=CC=C42)CCO,
YNZXWQJZEDLQEG,ok,71752797,CC(C)(COC(=O)N1CCN(CC1)C2=NC3=C(C(=C(C=C3C(=N2)N)OC)OC)OC)O,
YONOBYIBNBCDSJ,ok,132706,CCCCC1=NN(C(=N1)CCCC)CC2=CN=C(C=C2)C3=CC=CC=C3C4=NNN=N4,
YOSHYTLCDANDAN,ok,162338624,CCCCC1=NC2(CCCC2)C(=O)[NH+]1CC3=CC=C(C=C3)C4=CC=CC=C4C5=NNN=N5,
YOZBGTLTNGAVFU,ok,177747013,CC1=C2C=C(C=CC2=C(C(=N1)C(=O)NCC(=O)O)O)OC3=CC=CC=C3,
YOZNUFWCRFCGIH,ok,75031587,CC1=CC2=C(C=C1C)N(C=N2)C3C(C(C(O3)CO)OP(=O)([O-])OC(C)CNC(=O)CCC4(C(C5C6(C(C(C(=N6)C(=C7C(C(C(=N7)C=C8C(C(C(=N8)C(=C4[N-]5)C)CCC(=O)N)(C)C)CCC(=O)N)(C)CC(=O)N)C)CCC(=O)N)(C)CC(=O)N)C)CC(=O)N)C)O.[OH-].[Co+3],
YPBATNHYBCGSSN,ok,177678884,CC1(C(N2C(S1)C(C2=O)NC(=O)C(C3=CC=CC=C3)NC(=O)N4CCN(C4=O)S(=O)(=O)C)C(=O)O)C,
YPCRNBPOUVJVMU,ok,146012767,C(C1C(C(C(C(O1)OC(C(CO)O)C(C(C(=O)[O-])O)O)O)O)O)O.C(C(C(C(C(C(=O)[O-])O)O)O)O)O.[Ca+2],
YPELFRMCRYSPKZ,ok,87549045,CCOC1=CC(=C(C=C1C(=O)NCC2CN(CCO2)CC3=CC=C(C=C3)F)Cl)N,
YPHDIMUXXABSSO,ok,67414182,CC(C)(CC1=CC=CC(=C1)CC(=O)NCC2=CC(=CC=C2)C3=CC=C(C=C3)O)NCC(C4=CC(=C(C=C4)O)NS(=O)(=O)C)O,
YPZVAYHNBBHPTO,ok,172873931,CC12CC(C3C(C1CCC2(C(=O)OCCl)O)CCC4=CC(=O)C=CC34C)O,
YQEZLKZALYSWHR,ok,178856038,CNC1(CCCCC1=O)C2=CC=CC=C2Cl,
YQNWZWMKLDQSAC,ok,175962823,CC1=CC(=C(C=C1)SC2=CC=CC=C2N3CCNCC3)C,
YQUVCSBJEUQKSH,ok,171391832,C1=CC(=C(C=C1C(=O)O)O)O,
YQXCVAGCMNFUMQ,ok,142959648,CC(C)C1=C(N(C(=N1)COC(=O)N)CC2=CC=[NH+]C=C2)SC3=CC(=CC(=C3)Cl)Cl,
YQYUWUKDEVZFDB,ok,162733861,CC(CC1=CC2=C(C(=C1)OC)OCO2)N,
YRCWQPVGYLYSOX,ok,139062793,C[NH2+]CC(C1=CC=C(C=C1)[O-])O,
YREYEVIYCVEVJK,ok,131708972,CC1=C(C=CN=C1CS(=O)C2=NC3=CC=CC=C3N2)OCCCOC,
YREYLAVBNPACJM,ok,49849891,CC(C)(C)NCC(C1=CC=CC=C1Cl)O,
YSAUAVHXTIETRK,ok,6914280,CN1CCCN=C1C=CC2=CC=CS2,
YSEXMKHXIOCEJA,ok,169444661,CN1CC(CC2(C1CC3=CN(C4=CC=CC2=C34)C)OC)COC(=O)C5=CC(=CN=C5)Br,
YSGASDXSLKIKOD,ok,10754520,CC(CC1=CC=CC=C1)(C2=CC=CC=C2)NC(=O)CN,
YSGQGNQWBLYHPE,ok,172874010,CC1CC2=CC(=O)CCC2C3C1C4CCC(C4(CC3)C)O,
YSXKPIUOCJLQIE,ok,176001393,C1CCN(CC1)CCC(C2CC3CC2C=C3)(C4=CC=CC=C4)O,
YTAOBBFIOAEMLL,ok,178246585,C1C(SC(=C(C#N)N2C=CN=C2)S1)C3=C(C=C(C=C3)Cl)Cl,
YTFHCXIPDIHOIA,ok,169445311,CC1(CCC(C2=C1C=C(C(=C2)C=CC3=CC=C(C=C3)C(=O)O)CN4C=CC=N4)(C)C)C,
YTGJWQPHMWSCST,ok,45040535,CC(C(=O)NCC(=O)O)S,
YTJIBEDMAQUYSZ,ok,154825275,CC12CC(C3C(C1CCC2(C(=O)CO)O)C=C(C4=CC(=O)C=CC34C)Cl)O,
YTKUWDBFDASYHO,ok,177070640,CN1C2=C(C=C(C=C2)N(CCCl)CCCl)N=C1CCCC(=O)[OH2+],
YTRMTPPVNRALON,ok,4349638,C1=CC=C(C=C1)C2=NC3=CC=CC=C3C(=C2)C(=O)[O-],
YUGCAAVRZWBXEQ,ok,129627300,CC1=C(CC(CC1)O)C=CC2=CCCC3(C2CCC3C(C)CCCC(C)C)C,
YVHXHNGGPURVOS,ok,146158134,CC12CC(C3(C(C1CC(=C)C2(C(=O)CO)O)CCC4=CC(=O)C=CC43C)F)O,
YVPYQUNUQOZFHG,ok,46780135,CC(=O)NC1=C(C(=C(C(=C1I)C(=O)O)I)NC(=O)C)I,
YVUQSNJEYSNKRX,ok,145925659,C1CN(CCC1N2C3=CC=CC=C3NC2=O)CCCC(C4=CC=C(C=C4)F)C5=CC=C(C=C5)F,
YWDBSCORAARPPF,ok,131698592,CC12CCC(=O)C=C1CCC3C2C(CC4(C3CCC4(C(=O)CS)O)C)O,
YWGDOWXRIALTES,ok,169434390,C1CN(CCC1OC(C2=CC=C(C=C2)Cl)C3=CC=CC=N3)CCCC(=O)O,
YWPHCCPCQOJSGZ,ok,177747018,CCOC1=CC=CC=C1OCC2CNCCO2,
YWXYYJSYQOXTPL,ok,166783703,C1C(C2C(O1)C(CO2)O[N+](=O)[O-])O,
YXKTVDFXDRQTKV,ok,101602225,CC(CC1=CC=CC=C1)N(C)CC2=CC=CC=C2,
YXRDKMPIGHSVRX,ok,178878377,CC(=O)OC1C(CC2C1(CCC3C2CCC4C3(CC(C(C4)O)N5CCOCC5)C)C)[N+]6(CCCC6)CC=C,
YXSLJKQTIDHPOT,ok,171382492,C[N+]1(CCC2=CC(=C(C=C2C1CC3=CC(=C(C=C3)OC)OC)OC)OC)CCC(=O)OCCCCCOC(=O)CC[N+]4(CCC5=CC(=C(C=C5C4CC6=CC(=C(C=C6)OC)OC)OC)OC)C,
YYBOLPLTQDKXPM,ok,172638165,CC(C)(C(=O)[O-])SC1=C(C=NC=C1)C2=CC=C(C3=CC=CC=C32)C#N,
YYQRGCZGSFRBAM,ok,22764074,C(C(Cl)(Cl)Cl)OP(=O)([O-])[O-],
YYUAYBYLJSNDCX,ok,54677972,CC1=CC(=NO1)NC(=O)C2=C(C3=CC=CC=C3S(=O)(=O)N2C)O,
YZBAXVICWUUHGG,ok,72792478,C[N+](C)(CCNC1=C2C(=C(C=C1)NCC[N+](C)(C)[O-])C(=O)C3=C(C=CC(=C3C2=O)O)O)[O-],
YZFWTZACSRHJQD,ok,140869441,CC1(CCCCC1)COC2=CC=C(C=C2)CC3C(=O)NC(=O)S3,
YZMCKZRAOLZXAZ,ok,169446623,CC1=CC(=NC(=N1)C)NS(=O)(=O)C2=CC=C(C=C2)N,
YZXBAPSDXZZRGB,ok,178253657,CCCCCC=CCC=CCC=CCC=CCCCC(=O)O,
YZZCJYJBCUJISI,ok,66261,CCC(CO[N+](=O)[O-])(CO[N+](=O)[O-])CO[N+](=O)[O-],
ZADGGFKUEYIBJC,ok,155903708,CC1CCC(C(C1)OC(=O)C[N+](C)(C)CCCCCCCCCC[N+](C)(C)CC(=O)OC2CC(CCC2C(C)C)C)C(C)C,
ZAFYATHCZYHLPB,ok,123554304,CC1=CC=C(C=C1)C2=C(N3C=C(C=CC3=N2)C)CC(=O)N(C)C,
ZAIPMKNFIOOWCQ,ok,175675644,CC1=C(N2C(C(C2=O)NC(=O)C(C3=CC=CC=C3)N)SC1)C(=O)O,
ZAVGJDAFCZAWSZ,ok,3064778,C1CNCCN(C1)S(=O)(=O)C2=CC=CC3=C2C=CNC3=O,
ZBAWCYJPZGOFOT,ok,59989678,I[IH]I,
ZBBHBTPTTSWHBA,ok,172653193,CC1=C(C(C(=C(N1)C)C(=O)OCCN(C)CC2=CC=CC=C2)C3=CC(=CC=C3)[N+](=O)[O-])C(=O)OC,
ZBGXUVOIWDMMJE,ok,167455086,CCOC(=O)NC1CCC2C(C1)CC3C(C2C=CC4=NC=C(C=C4)C5=CC(=CC=C5)F)C(OC3=O)C,
ZBHXIWJRIFEVQY,ok,176480720,CON=C(C1=CSC(=N1)N)C(=O)NC2C3N(C2=O)C(=C(CS3)CSC(=O)C4=CC=CO4)C(=O)[O-],
ZBIAKUMOEKILTF,ok,3926,CC1=C(C(=CC=C1)C)NC(=O)CN2CCN(CC2)CCCC(C3=CC=C(C=C3)F)C4=CC=C(C=C4)F,
ZBMZVLHSJCTVON,ok,138402784,CC(C)NCC(C1=CC=C(C=C1)NS(=O)(=O)C)O,
ZBNZXTGUTAYRHI,ok,177747049,CC1=C(C(=CC=C1)Cl)NC(=O)C2=CN=C(S2)NC3=CC(=NC(=N3)C)N4CCN(CC4)CCO,
ZBPLOVFIXSTCRZ,ok,71314206,C1=CC(=C(C(=C1)C(=O)C2=CC=C(C=C2)Br)N)CC(=O)O,
ZBVKEHDGYSLCCC,ok,73346713,CC1=C(C(=O)C(=C(C1=O)C)C(CCCCCC(=O)O)C2=CC=CC=C2)C,
ZCCUWMICIWSJIX,ok,178877888,CCON=C(C1=NSC(=N1)NP(=O)(O)O)C(=O)NC2C3N(C2=O)C(=C(CS3)SC4=NC(=CS4)C5=CC=[N+](C=C5)C)C(=O)[O-],
ZCGNOVWYSGBHAU,ok,178245726,C1=C(N=C(C(=O)N1)C(=O)N)F,
ZCGOMHNNNFPNMX,ok,162641464,CC1CN(CCC1(C2=CC=CC=C2)C(=O)O)C3CCC(CC3)(C#N)C4=CC=C(C=C4)F,
ZCIGNRJZKPOIKD,ok,169436640,CC(C)C1=NC(=CS1)CN(C)C(=O)NC(CCN2CCOCC2)C(=O)NC(CCC(CC3=CC=CC=C3)NC(=O)OCC4=CN=CS4)CC5=CC=CC=C5,
ZCKAMNXUHHNZLN,ok,169436210,CC(C)(CC1=CC=C(C=C1)Cl)N,
ZCVAIGPGEINFCX,ok,5771671,C1CCCNC(CC1)CN=C(N)N,
ZCVAOQKBXKSDMS,ok,169433046,CC1=C(C(=O)CC1OC(=O)C2C(C2(C)C)C=C(C)C)CC=C,
ZCVMWBYGMWKGHF,ok,163322493,CN1CCC(=C2C3=C(C(=O)CC4=CC=CC=C42)SC=C3)CC1,
ZDIGNSYAACHWNL,ok,131667696,CN(C)CCC(C1=CC=C(C=C1)Br)C2=CC=CC=N2,
ZDLBNXXKDMLZMF,ok,121215546,CCOC1=CC(=C(C=C1C(=O)NC2CCN(CC2)CC3CCC=CC3)[N+](=O)[O-])N,
ZDXUKAKRHYTAKV,ok,163322538,CC1=C(C(C(=C(N1)C)C(=O)OC(C)(C)CN(C)CCC(C2=CC=CC=C2)C3=CC=CC=C3)C4=CC(=CC=C4)[N+](=O)[O-])C(=O)OC,
ZDZOTLJHXYCWBA,ok,177843227,CC1=C2C(C(=O)C3(C(CC4C(C3C(C(C2(C)C)(CC1OC(=O)C(C(C5=CC=CC=C5)NC(=O)OC(C)(C)C)O)O)OC(=O)C6=CC=CC=C6)(CO4)OC(=O)C)O)C)O,
ZEAJXCPGHPJVNP,ok,169444945,C1=CC=C(C=C1)C(CNC2=CC=CC=N2)O,
ZEHYJZXQEQOSON,ok,71316439,CCC(C=CCl)(C#C)O,
ZEKZLJVOYLTDKK,ok,74685900,CCN1C=C(C(=O)C2=CC(=C(C(=C21)F)N3CC[NH2+]C(C3)C)F)C(=O)[O-],
ZEMIJUDPLILVNQ,ok,141544373,CC1(C(N2C(S1)C(C2=O)NC(=O)C(C3=CC=CC=C3)N)C(=O)OCOC(=O)C(C)(C)C)C,
ZEUITGRIYCTCEM,ok,168429700,CNCCC(C1=CC=CS1)[OH+]C2=CC=CC3=CC=CC=C32,
ZEWQUBUPAILYHI,ok,177747035,CN1CCN(CC1)CCCN2C3=CC=CC=C3SC4=C2C=C(C=C4)C(F)(F)F,
ZEXGDYFACFXQPF,ok,131708448,CCC1=CC(=C(C=C1)NC2=C(C(=CC(=C2F)F)F)F)CC(=O)O,
ZFMITUMMTDLWHR,failed,,,no_cid
ZFXYFBGIUFBOJW,ok,173311888,C[NH+]1C(=O)C2=C(N=CN2)N(C1=O)C,
ZGUGWUXLJSTTMA,ok,122393488,CN(C)CCCN1C2=CC=CC=C2SC3=CC=CC=C31,
ZGXJTSGNIOSYLO,ok,175750316,C(CC(=O)O)C(=O)CN,
ZHKNLJLMDFQVHJ,ok,177836874,CCC(C(=O)O)OC1=CC=CC(=C1)CN(CCCOC2=CC=C(C=C2)OC)C3=NC4=CC=CC=C4O3,
ZHOWHMXTJFZXRB,ok,76960774,CNCC(C1=CC(=CC=C1)NS(=O)(=O)C)O,
ZHPMYDSXGRRERG,ok,149504370,CC1=CC(=CC(=C1)C2CCCN2CC3=CC=C(C=C3)OC4=C(C=C(C=C4)C(=N)[O-])F)C,
ZIAOVIPSKUPPQW,ok,86577537,CN1C(=NNC1=O)C[N+]2=C(C(=C(C=C2)C(F)(F)F)OC3=CC(=CC(=C3)C#N)Cl)O,
ZIXNZOBDFKSQTC,ok,76974739,C1COC2(N1CC(=O)NC3=C2C=C(C=C3)Cl)C4=CC=CC=C4Cl,
ZJAOAACCNHFJAH,ok,13376396,C(=O)(O)P(=O)(O)O,
ZJJXGWJIGJFDTL,ok,89082907,CC1=CN=C(C=N1)C(=O)NCCC2=CC=C(C=C2)S(=O)(=O)NC(=O)NC3CCCCC3,
ZJKNESGOIKRXQY,ok,53708,CC1=C(NC(=O)N1)C(=O)C2=CC=C(C=C2)SC,
ZJVFLBOZORBYFE,ok,131953213,CC(C)C1=NN2C=CC=CC2=C1C(=O)C(C)C,
ZKCUQUAJNFHDFR,ok,51371313,CC1=C(C(=CC(=N1)COP(=O)(O)O)CN(CCN(CC2=CC(=NC(=C2O)C)COP(=O)(O)O)CC(=O)O)CC(=O)O)O,
ZKCWITXZGWUJAV,ok,76957480,CC[N+]1(CCC(C1)OC(=O)C(C2=CC=CC=C2)(C3=CC=CC=C3)O)CC,
ZKFQEACEUNWPMT,ok,144218874,CC1=C(C(C(=C(N1)[NH3+])C(=O)OC2CN(C2)C(C3=CC=CC=C3)C4=CC=CC=C4)C5=CC(=CC=C5)[N+](=O)[O-])C(=O)OC(C)C,
ZKIAIYBUSXZPLP,ok,117855964,C1CN(CCN1CCCCOC2=CC3=C(C=C2)C=CC(=O)N3)C4=C5C=CSC5=CC=C4,
ZKLPARSLTMPFCP,ok,143979879,C1CN(CCN1CCOCC(=[OH+])O)C(C2=CC=CC=C2)C3=CC=C(C=C3)Cl,
ZKMNUMMKYBVTFN,ok,177625975,CCCN1CCCCC1C(=O)NC2=C(C=CC=C2C)C,
ZKUDBRCEOBOWLF,ok,178856396,CC1=CC(=NO1)C(=O)NCCC2=CC=C(C=C2)S(=O)(=O)NC(=O)NN3CCCCCC3,
ZLECMEJICSWJLT,failed,,,no_cid
ZLHZLMOSPGACSZ,ok,171391524,C1C(COC2=NC(=CN21)[N+](=O)[O-])OCC3=CC=C(C=C3)OC(F)(F)F,
ZLOMJLIQXBKNHU,ok,136630902,C1C(N(C2=C(N1)N=C(NC2=O)N)C=O)CNC3=CC=C(C=C3)C(=O)NC(CCC(=O)NC(CCC(=O)NC(CCC(=O)[O-])C(=O)[O-])C(=O)[O-])C(=O)[O-],
ZMCBYSBVJIMENC,ok,118796938,CCOC(=O)C1=CC(=CC=C1)[NH3+],
ZMNSRFNUONFLSP,ok,76972536,COC1=CC=CC=C1OCC2CNC(=O)O2,
ZNNLBTZKUZBEKO,ok,177834737,COC1=C(C=C(C=C1)Cl)C(=O)NCCC2=CC=C(C=C2)S(=O)(=O)NC(=O)NC3CCCCC3,
ZNOVTXRBGFNYRX,ok,176479191,CN1C(CNC2=C1C(=O)NC(=N2)N)CNC3=CC=C(C=C3)C(=O)NC(CCC(=O)O)C(=O)O,
ZNRGQMMCGHDTEI,ok,139031729,CN1C2CCC1CC(C2)OC(=O)C3=C[NH2+]C4=CC=CC=C43,
ZOBPZXTWZATXDG,ok,172403940,C1C(=O)NC(=O)S1,
ZOCKGBMQLCSHFP,ok,142425331,CCCCC(=O)OCC(=O)C1(CC(C2=C(C1)C(=C3C(=C2O)C(=O)C4=C(C3=O)C=CC=C4OC)O)OC5CC(C(C(O5)C)O)NC(=O)C(F)(F)F)O,
ZOEFCCMDUURGSE,ok,177697068,CC(C)C(C(=O)NCC(=O)NC(CCCCN)C(=O)NC(CCCCN)C(=O)NC(CCCNC(=N)N)C(=O)NC(CCCNC(=N)N)C(=O)N1CCCC1C(=O)NC(C(C)C)C(=O)NC(CCCCN)C(=O)NC(C(C)C)C(=O)NC(CC2=CC=C(C=C2)O)C(=O)N3CCCC3C(=O)O)NC(=O)C4CCCN4C(=O)C(CCCCN)NC(=O)CNC(=O)C(CC5=CNC6=CC=CC=C65)NC(=O)C(CCCNC(=N)N)NC(=O)C(CC7=CC=CC=C7)NC(=O)C(CC8=CN=CN8)NC(=O)C(CCC(=O)O)NC(=O)C(CCSC)NC(=O)C(CO)NC(=O)C(CC9=CC=C(C=C9)O)NC(=O)C(CO)N,
ZPAKPRAICRBAOD,ok,46781566,C1=CC=C(C=C1)C2=CC=C(C=C2)C(=O)CCC(=O)O,
ZPEIMTDSQAKGNT,ok,165352898,CN(C)CCCN1C2=CC=CC=C2SC3=C1C=C(C=C3)Cl,
ZPFXAOWNKLFJDN,ok,46780132,CCN(CCCC1=CC=CC=C1)CCCC2=CC=CC=C2,
ZPLQIPFOCGIIHV,ok,71317069,C1=C(C(=CNC1=O)Cl)O,
ZPMKQFOGINQDAM,ok,169433489,C[N+](C)(CCC=C1C2=CC=CC=C2CCC3=CC=CC=C31)[O-],
ZPMNHBXQOOVQJL,ok,168290924,COCCCN1CCC(CC1)NC(=O)C2=CC(=C(C3=C2OCC3)N)Cl,
ZPQPDBIHYCBNIG,ok,169433991,CC(C)NCC(COC1=CC=CC2=C1OC(=C2)C(=O)C)O,
ZPUCINDJVBIVPJ,ok,173815154,CN1C2CCC1C(C(C2)OC(=O)C3=CC=CC=C3)C(=O)OC,
ZPXSCAKFGYXMGA,ok,76974315,C1CN2C(=N1)C3=CC=CC=C3C2(C4=CC=C(C=C4)Cl)O,
ZQDWXGKKHFNSQK,ok,172653237,C1CN(CCN1CCOCCO)C(C2=CC=CC=C2)C3=CC=C(C=C3)Cl,
ZQHYKVKNPWDQSL,ok,171371323,CC1C2CC3=C(C1(CC[NH+]2CCC4=CC=CC=C4)C)C=C(C=C3)O,
ZQLDXCSTJFLRPY,ok,100945867,C[N+]1(CCC2=CC(=C(C=C2C1CC3=CC(=C(C(=C3)OC)OC)OC)OC)OC)CCCOC(=O)C(=CC(=O)OCCC[N+]4(CCC5=CC(=C(C=C5C4C6=CC(=C(C(=C6)OC)OC)OC)OC)OC)C)Cl,
ZQSIJRDFPHDXIC,ok,131869353,C1=CC(=CC=C1C2=COC3=C(C2=O)C=CC(=C3)O)O,
ZQTHOIGMSJMBLM,ok,171395933,CN(C)CC(=O)OCC(C(C(C(C(=O)O)O)O)O)O,
ZQTNQVWKHCQYLQ,ok,169439446,CCCCC1=C(C2=C(O1)C=CC(=C2)NS(=O)(=O)C)C(=O)C3=CC=C(C=C3)OCCCN(CCCC)CCCC,
ZQTVCQIJTREKSP,ok,71312436,CCC(=O)C1=CC2=C(C=C1)SC3=CC=CC=C3N2CCCN(C)C,
ZQZFYGIXNQKOAV,ok,162640872,CCC(=C(C1=CC=C(C=C1)OCCN(C)C)C2=CC(=CC=C2)O)C3=CC=CC=C3,
ZRALSGWEFCBTJO,ok,175725635,C(=N)(N)N,
ZRCVYEYHRGVLOC,ok,172921753,CON=C1CN(CC1CN)C2=C(C=C3C(=O)C(=CN(C3=N2)C4CC4)C(=O)O)F,
ZREIPSZUJIFJNP,ok,53629521,C1=CC=C(C(=C1)C(=O)[O-])[O-].[OH-].[Bi+3],
ZRIHAIZYIMGOAB,ok,45038481,CCC(C)C1(C(=O)NC(=O)NC1=O)CC,
ZRJBHWIHUMBLCN,ok,176891980,CC=C1C2CC3=C(C1(CC(=C2)C)N)C=CC(=O)N3,
ZROLHBHDLIHEMS,ok,176639622,CCCC1=CC(=C2C3C=C(CCC3C(OC2=C1)(C)C)C)O,
ZRVUJXDFFKFLMG,ok,89059951,CC1=CN=C(S1)NC(=O)C2=C(C3=CC=CC=C3S(=O)(=O)N2C)O,
ZRYHPQCHHOKSMD,ok,169441282,C[N+]1(CCN(CC1)CC(C2CCCCC2)(C3=CC=CC=C3)O)C,
ZSBOMTDTBDDKMP,ok,170780733,CN1C(=O)C=C(N(C1=O)CC2=CC=CC=C2C#N)N3CCCC(C3)N,
ZSCDBOWYZJWBIY,ok,76974736,CC(CN1C2=CC=CC=C2CCC3=CC=CC=C31)CN(C)C,
ZSDBFLMJVAGKOU,ok,146047201,C1=CC=C(C=C1)CCCC(=O)OCC(COC(=O)CCCC2=CC=CC=C2)OC(=O)CCCC3=CC=CC=C3,
ZSKVGTPCRGIANV,ok,92355708,CC(C1C2CC(=C(N2C1=O)C(=O)O)SCCN=CN)O,
ZSTKHSQDNIGFLM,ok,178266306,CN(C)CCC1=CNC2=C1C=C(C=C2)OC,
ZTVIKZXZYLEVOL,ok,169441407,CN1C2CCC1CC(C2)OC(=O)C(C3=CC=CC=C3)O,
ZTVQQQVZCWLTDF,ok,129893331,CCC(=O)N(C1=CC=CC=C1)C2(CCN(CC2)CCC(=O)OC)C(=O)OC,
ZTWZVMIYIIVABD,ok,5362417,COCCOCC(CC1(CCCC1)C(=O)NC2CCC(CC2)C(=O)O)C(=O)OC3=CC4=C(CCC4)C=C3,
ZUJMMGHIYSAEOU,ok,56842683,CC(CC(C1=CC=CC=C1)C2=C(C3=CC=CC=C3OC2=O)O)O,
ZUQBAQVRAURMCL,ok,165340128,C1C(CNC2=C1C(=O)NC(=N2)N)CCC3=CC=C(C=C3)C(=O)NC(CCC(=O)O)C(=O)O,
ZVGNESXIJDCBKN,ok,178348826,CCC1C=C(C(CC=CC=C(C(=O)OC(CC=C(C=C(C1OC2C(C(C(C(O2)(C)C)OC(=O)C(C)C)O)O)C)C)C(C)O)COC3C(C(C(C(O3)C)OC(=O)C4=C(C(=C(C(=C4O)Cl)O)Cl)CC)O)OC)O)C,
ZVHNDZWQTBEVRY,ok,172990442,C1COCCN1C2=CC=C(C=C2)NC3=NC=CC(=N3)C4=CC=C(C=C4)C(=O)NCC#N,
ZVLWUMPAHCEZAW,ok,171320105,CCCCCCCCCCCCCCCC(=O)OCC(COP(=O)([O-])OCCNC(=O)C(C)NC(=O)CCC(C(=O)N)NC(=O)C(C)NC(=O)C(C)OC(C(C=O)NC(=O)C)C(C(CO)O)O)OC(=O)CCCCCCCCCCCCCCC,
ZVNYJIZDIRKMBF,ok,5663,COC1=C(C=C(C=C1)C(=O)N2CCN(CC2)C3=CC4=C(C=C3)NC(=O)CC4)OC,
ZVTDLPBHTSMEJZ,ok,178856206,CC(C)(C)OC(=O)NC1CCCCCC=CC2CC2(NC(=O)C3CC(CN3C1=O)OC(=O)N4CC5=C(C4)C(=CC=C5)F)C(=O)NS(=O)(=O)C6CC6,
ZVYVPGLRVWUPMP,ok,177924665,CCC1(C2=C(COC1=O)C(=O)N3CC4=C5C(CCC6=C5C(=CC(=C6C)F)N=C4C3=C2)N)O,
ZWAOHEXOSAUJHY,ok,175827186,CC1C(C(C(O1)N2C=C(C(=O)NC2=O)F)O)O,
ZWPODSUQWXAZNC,ok,76965208,CN1C2CCC1CC(C2)OC3C4=CC=CC=C4CCC5=CC=CC=C35,
ZWPRRQZNBDYKLH,ok,169440909,C1CC(CN(C1=O)CC(CC(=O)N2CCC3=C(C2)N=C(N=C3C(F)(F)F)C(F)(F)F)N)(F)F,
ZXERDUOLZKYMJM,ok,177835090,CCC1C2CC(CCC2(C3CCC4(C(C3C1O)CCC4C(C)CCC(=O)O)C)C)O,
ZXIBCJHYVWYIKI,ok,173498065,CCOC(=O)CNC(C1CCCCC1)C(=O)N2CCC2C(=O)NCC3=CC=C(C=C3)C(=NO)N,
ZXNRTKGTQJPIJK,ok,11117496,COC1=CC=C(C=C1)C(=O)N2CCCC2=O,
ZXRVKCBLGJOCEE,ok,172865443,C1CNCC2=C1C(=O)NO2,
ZXSWTMLNIIZPET,ok,133688442,CC12CCC3C(C1CCC2(C)O)CCC4=CC(=O)CCC34,
ZXVNMYWKKDOREA,ok,164888827,CC1=C(N(C(=C1)CC(=O)O)C)C(=O)C2=CC=C(C=C2)Cl,
ZYEPZINLLPPBMI,ok,71751767,CC[N+]1(CCC(=C(C2=CC=CC=C2)C3=CC=CC=C3)C1C)CC,
ZYGHJZDHTFUPRJ,ok,176344352,C1=CC=C2C(=C1)C=CC(=O)O2,
ZYTXTXAMMDTYDQ,ok,176540300,CC1CC2C3CCC4=CC(=O)C=CC4(C3=CCC2(C1(C(=O)CO)O)C)C,
ZYVXHFWBYUDDBM,ok,175887772,CNC(=O)C1=CN=CC=C1,
ZZHLYYDVIOPZBE,ok,71752810,CC(CN1C2=CC=CC=C2SC3=CC=CC=C31)CN(C)C,
ZZKNRXZVGOYGJT,ok,168324571,C(C(C(=O)[O-])N=C(CP(=O)(O)O)[O-])C(=O)[O-],
ZZORFUFYDOWNEF,ok,164669663,COC1=NC(=NC(=C1)NS(=O)(=O)C2=CC=C(C=C2)N)OC,
ZZUFCTLCJUWOSV,ok,172653939,C1=COC(=C1)CNC2=CC(=C(C=C2C(=O)O)S(=O)(=O)[NH3+])Cl,
ZZVUWRFHKOJYTH,ok,146162158,CN(C)CCOC(C1=CC=CC=C1)C2=CC=CC=C2,
