run_id,train_seed,eval_seed,setting,tier,shot,method,event_type,drug_a,drug_b,y_true,y_pred,prob,uncertainty,evidence_0,evidence_1,checkpoint_sha256,eval_manifest_sha256,event_embedding_sha256,git_commit
eviddie-19940419-19940419,19940419,19940419,rare,test2,0,EviDDIE,the hypokalemic activities increase,DB00180,DB00808,1,1,0.50124431,0.90171486,0.1062381,0.11175785,56606b15d2b731af30344a33ca6a11986ff650ae53432c98fbcf22f64c67d7e6,e62f8a6f32803faa0a30e452fc6487a96ed8c9d9fca0ab49a588ea55f7a68cdf,b45bfe49a9c1a87a2c90e3878e8754a9819f8bde4717653d6fb44fa920ff1e90,6840be3
eviddie-19940419-19940419,19940419,19940419,rare,test2,0,EviDDIE,the hypokalemic activities increase,DB00436,DB00390,1,1,0.50101924,0.93789667,0.06404216,0.06838893,56606b15d2b731af30344a33ca6a11986ff650ae53432c98fbcf22f64c67d7e6,e62f8a6f32803faa0a30e452fc6487a96ed8c9d9fca0ab49a588ea55f7a68cdf,b45bfe49a9c1a87a2c90e3878e8754a9819f8bde4717653d6fb44fa920ff1e90,6840be3
eviddie-19940419-19940419,19940419,19940419,rare,test2,0,EviDDIE,the hypokalemic activities increase,DB01021,DB00390,1,1,0.50073147,0.96331269,0.036566,0.03960314,56606b15d2b731af30344a33ca6a11986ff650ae53432c98fbcf22f64c67d7e6,e62f8a6f32803faa0a30e452fc6487a96ed8c9d9fca0ab49a588ea55f7a68cdf,b45bfe49a9c1a87a2c90e3878e8754a9819f8bde4717653d6fb44fa920ff1e90,6840be3
eviddie-19940419-19940419,19940419,19940419,rare,test2,0,EviDDIE,the hypokalemic activities increase,DB00394,DB00808,1,1,0.50125867,0.88175279,0.1312499,0.13695969,56606b15d2b731af30344a33ca6a11986ff650ae53432c98fbcf22f64c67d7e6,e62f8a6f32803faa0a30e452fc6487a96ed8c9d9fca0ab49a588ea55f7a68cdf,b45bfe49a9c1a87a2c90e3878e8754a9819f8bde4717653d6fb44fa920ff1e90,6840be3
eviddie-19940419-19940419,19940419,19940419,rare,test2,0,EviDDIE,the hypokalemic activities increase,DB00397,DB00436,1,1,0.50124305,0.89929956,0.10921207,0.11474095,56606b15d2b731af30344a33ca6a11986ff650ae53432c98fbcf22f64c67d7e6,e62f8a6f32803faa0a30e452fc6487a96ed8c9d9fca0ab49a588ea55f7a68cdf,b45bfe49a9c1a87a2c90e3878e8754a9819f8bde4717653d6fb44fa920ff1e90,6840be3
eviddie-19940419-19940419,19940419,19940419,rare,test2,0,EviDDIE,the hypokalemic activities increase,DB00397,DB00808,1,1,0.50123787,0.90156847,0.10643195,0.11192408,56606b15d2b731af30344a33ca6a11986ff650ae53432c98fbcf22f64c67d7e6,e62f8a6f32803faa0a30e452fc6487a96ed8c9d9fca0ab49a588ea55f7a68cdf,b45bfe49a9c1a87a2c90e3878e8754a9819f8bde4717653d6fb44fa920ff1e90,6840be3
eviddie-19940419-19940419,19940419,19940419,rare,test2,0,EviDDIE,the hypokalemic activities increase,DB00397,DB01021,1,1,0.50096303,0.94408131,0.05719049,0.0612709,56606b15d2b731af30344a33ca6a11986ff650ae53432c98fbcf22f64c67d7e6,e62f8a6f32803faa0a30e452fc6487a96ed8c9d9fca0ab49a588ea55f7a68cdf,b45bfe49a9c1a87a2c90e3878e8754a9819f8bde4717653d6fb44fa920ff1e90,6840be3
eviddie-19940419-19940419,19940419,19940419,rare,test2,0,EviDDIE,the hypokalemic activities increase,DB00867,DB00436,1,1,0.50122625,0.90543389,0.10173406,0.10715152,56606b15d2b731af30344a33ca6a11986ff650ae53432c98fbcf22f64c67d7e6,e62f8a6f32803faa0a30e452fc6487a96ed8c9d9fca0ab49a588ea55f7a68cdf,b45bfe49a9c1a87a2c90e3878e8754a9819f8bde4717653d6fb44fa920ff1e90,6840be3
eviddie-19940419-19940419,19940419,19940419,rare,test2,0,EviDDIE,the hypokalemic activities increase,DB00938,DB00436,1,1,0.50123912,0.90267175,0.10507689,0.11056782,56606b15d2b731af30344a33ca6a11986ff650ae53432c98fbcf22f64c67d7e6,e62f8a6f32803faa0a30e452fc6487a96ed8c9d9fca0ab49a588ea55f7a68cdf,b45bfe49a9c1a87a2c90e3878e8754a9819f8bde4717653d6fb44fa920ff1e90,6840be3
eviddie-19940419-19940419,19940419,19940419,rare,test2,0,EviDDIE,the hypokalemic activities increase,DB00983,DB00436,1,1,0.50113291,0.92300528,0.08096259,0.08587216,56606b15d2b731af30344a33ca6a11986ff650ae53432c98fbcf22f64c67d7e6,e62f8a6f32803faa0a30e452fc6487a96ed8c9d9fca0ab49a588ea55f7a68cdf,b45bfe49a9c1a87a2c90e3878e8754a9819f8bde4717653d6fb44fa920ff1e90,6840be3
eviddie-19940419-19940419,19940419,19940419,rare,test2,0,EviDDIE,the hypokalemic activities increase,DB01064,DB00436,1,1,0.5010922,0.84321022,0.18335325,0.18853435,56606b15d2b731af30344a33ca6a11986ff650ae53432c98fbcf22f64c67d7e6,e62f8a6f32803faa0a30e452fc6487a96ed8c9d9fca0ab49a588ea55f7a68cdf,b45bfe49a9c1a87a2c90e3878e8754a9819f8bde4717653d6fb44fa920ff1e90,6840be3
eviddie-19940419-19940419,19940419,19940419,rare,test2,0,EviDDIE,the hypokalemic activities increase,DB01407,DB00436,1,1,0.50118369,0.86001527,0.16001721,0.16552269,56606b15d2b731af30344a33ca6a11986ff650ae53432c98fbcf22f64c67d7e6,e62f8a6f32803faa0a30e452fc6487a96ed8c9d9fca0ab49a588ea55f7a68cdf,b45bfe49a9c1a87a2c90e3878e8754a9819f8bde4717653d6fb44fa920ff1e90,6840be3
eviddie-19940419-19940419,19940419,19940419,rare,test2,0,EviDDIE,the hypokalemic activities increase,DB01408,DB00436,1,1,0.50124151,0.87559277,0.13924755,0.14491913,56606b15d2b731af30344a33ca6a11986ff650ae53432c98fbcf22f64c67d7e6,e62f8a6f32803faa0a30e452fc6487a96ed8c9d9fca0ab49a588ea55f7a68cdf,b45bfe49a9c1a87a2c90e3878e8754a9819f8bde4717653d6fb44fa920ff1e90,6840be3
eviddie-19940419-19940419,19940419,19940419,rare,test2,0,EviDDIE,the hypokalemic activities increase,DB05039,DB00436,1,1,0.50120527,0.86545682,0.15267384,0.15824454,56606b15d2b731af30344a33ca6a11986ff650ae53432c98fbcf22f64c67d7e6,e62f8a6f32803faa0a30e452fc6487a96ed8c9d9fca0ab49a588ea55f7a68cdf,b45bfe49a9c1a87a2c90e3878e8754a9819f8bde4717653d6fb44fa920ff1e90,6840be3
eviddie-19940419-19940419,19940419,19940419,rare,test2,0,EviDDIE,the hypokalemic activities increase,DB09080,DB00436,1,1,0.50109333,0.92854941,0.07459374,0.07930345,56606b15d2b731af30344a33ca6a11986ff650ae53432c98fbcf22f64c67d7e6,e62f8a6f32803faa0a30e452fc6487a96ed8c9d9fca0ab49a588ea55f7a68cdf,b45bfe49a9c1a87a2c90e3878e8754a9819f8bde4717653d6fb44fa920ff1e90,6840be3
eviddie-19940419-19940419,19940419,19940419,rare,test2,0,EviDDIE,the hypokalemic activities increase,DB00436,DB01396,1,1,0.50073898,0.96256834,0.03735183,0.04042266,56606b15d2b731af30344a33ca6a11986ff650ae53432c98fbcf22f64c67d7e6,e62f8a6f32803faa0a30e452fc6487a96ed8c9d9fca0ab49a588ea55f7a68cdf,b45bfe49a9c1a87a2c90e3878e8754a9819f8bde4717653d6fb44fa920ff1e90,6840be3
eviddie-19940419-19940419,19940419,19940419,rare,test2,0,EviDDIE,the hypokalemic activities increase,DB00443,DB00808,1,1,0.50120431,0.9113549,0.09462465,0.09991024,56606b15d2b731af30344a33ca6a11986ff650ae53432c98fbcf22f64c67d7e6,e62f8a6f32803faa0a30e452fc6487a96ed8c9d9fca0ab49a588ea55f7a68cdf,b45bfe49a9c1a87a2c90e3878e8754a9819f8bde4717653d6fb44fa920ff1e90,6840be3
eviddie-19940419-19940419,19940419,19940419,rare,test2,0,EviDDIE,the hypokalemic activities increase,DB00588,DB00808,1,1,0.50126231,0.89039034,0.12026756,0.12593828,56606b15d2b731af30344a33ca6a11986ff650ae53432c98fbcf22f64c67d7e6,e62f8a6f32803faa0a30e452fc6487a96ed8c9d9fca0ab49a588ea55f7a68cdf,b45bfe49a9c1a87a2c90e3878e8754a9819f8bde4717653d6fb44fa920ff1e90,6840be3
eviddie-19940419-19940419,19940419,19940419,rare,test2,0,EviDDIE,the hypokalemic activities increase,DB00591,DB00808,1,1,0.50126147,0.89120066,0.11925072,0.12491278,56606b15d2b731af30344a33ca6a11986ff650ae53432c98fbcf22f64c67d7e6,e62f8a6f32803faa0a30e452fc6487a96ed8c9d9fca0ab49a588ea55f7a68cdf,b45bfe49a9c1a87a2c90e3878e8754a9819f8bde4717653d6fb44fa920ff1e90,6840be3
eviddie-19940419-19940419,19940419,19940419,rare,test2,0,EviDDIE,the hypokalemic activities increase,DB00620,DB00808,1,1,0.50120199,0.91180128,0.09409364,0.09936673,56606b15d2b731af30344a33ca6a11986ff650ae53432c98fbcf22f64c67d7e6,e62f8a6f32803faa0a30e452fc6487a96ed8c9d9fca0ab49a588ea55f7a68cdf,b45bfe49a9c1a87a2c90e3878e8754a9819f8bde4717653d6fb44fa920ff1e90,6840be3
eviddie-19940419-19940419,19940419,19940419,rare,test2,0,EviDDIE,the hypokalemic activities increase,DB00635,DB00808,1,1,0.50125873,0.8932181,0.1167288,0.12236588,56606b15d2b731af30344a33ca6a11986ff650ae53432c98fbcf22f64c67d7e6,e62f8a6f32803faa0a30e452fc6487a96ed8c9d9fca0ab49a588ea55f7a68cdf,b45bfe49a9c1a87a2c90e3878e8754a9819f8bde4717653d6fb44fa920ff1e90,6840be3
eviddie-19940419-19940419,19940419,19940419,rare,test2,0,EviDDIE,the hypokalemic activities increase,DB00687,DB00808,1,1,0.50117105,0.85753524,0.16340157,0.16886406,56606b15d2b731af30344a33ca6a11986ff650ae53432c98fbcf22f64c67d7e6,e62f8a6f32803faa0a30e452fc6487a96ed8c9d9fca0ab49a588ea55f7a68cdf,b45bfe49a9c1a87a2c90e3878e8754a9819f8bde4717653d6fb44fa920ff1e90,6840be3
eviddie-19940419-19940419,19940419,19940419,rare,test2,0,EviDDIE,the hypokalemic activities increase,DB00741,DB00808,1,1,0.50126225,0.8868444,0.12474698,0.13044009,56606b15d2b731af30344a33ca6a11986ff650ae53432c98fbcf22f64c67d7e6,e62f8a6f32803faa0a30e452fc6487a96ed8c9d9fca0ab49a588ea55f7a68cdf,b45bfe49a9c1a87a2c90e3878e8754a9819f8bde4717653d6fb44fa920ff1e90,6840be3
eviddie-19940419-19940419,19940419,19940419,rare,test2,0,EviDDIE,the hypokalemic activities increase,DB00764,DB00808,1,1,0.50122535,0.87002909,0.14657012,0.15220363,56606b15d2b731af30344a33ca6a11986ff650ae53432c98fbcf22f64c67d7e6,e62f8a6f32803faa0a30e452fc6487a96ed8c9d9fca0ab49a588ea55f7a68cdf,b45bfe49a9c1a87a2c90e3878e8754a9819f8bde4717653d6fb44fa920ff1e90,6840be3
eviddie-19940419-19940419,19940419,19940419,rare,test2,0,EviDDIE,the hypokalemic activities increase,DB00860,DB00808,1,1,0.50123525,0.87333065,0.14221278,0.14787053,56606b15d2b731af30344a33ca6a11986ff650ae53432c98fbcf22f64c67d7e6,e62f8a6f32803faa0a30e452fc6487a96ed8c9d9fca0ab49a588ea55f7a68cdf,b45bfe49a9c1a87a2c90e3878e8754a9819f8bde4717653d6fb44fa920ff1e90,6840be3
eviddie-19940419-19940419,19940419,19940419,rare,test2,0,EviDDIE,the hypokalemic activities increase,DB00959,DB00808,1,1,0.50126404,0.88933539,0.12159235,0.12727788,56606b15d2b731af30344a33ca6a11986ff650ae53432c98fbcf22f64c67d7e6,e62f8a6f32803faa0a30e452fc6487a96ed8c9d9fca0ab49a588ea55f7a68cdf,b45bfe49a9c1a87a2c90e3878e8754a9819f8bde4717653d6fb44fa920ff1e90,6840be3
eviddie-19940419-19940419,19940419,19940419,rare,test2,0,EviDDIE,the hypokalemic activities increase,DB01108,DB00808,1,1,0.50105882,0.83760774,0.19134812,0.19640447,56606b15d2b731af30344a33ca6a11986ff650ae53432c98fbcf22f64c67d7e6,e62f8a6f32803faa0a30e452fc6487a96ed8c9d9fca0ab49a588ea55f7a68cdf,b45bfe49a9c1a87a2c90e3878e8754a9819f8bde4717653d6fb44fa920ff1e90,6840be3
eviddie-19940419-19940419,19940419,19940419,rare,test2,0,EviDDIE,the hypokalemic activities increase,DB01380,DB00808,1,1,0.50125217,0.88009149,0.13339981,0.13909107,56606b15d2b731af30344a33ca6a11986ff650ae53432c98fbcf22f64c67d7e6,e62f8a6f32803faa0a30e452fc6487a96ed8c9d9fca0ab49a588ea55f7a68cdf,b45bfe49a9c1a87a2c90e3878e8754a9819f8bde4717653d6fb44fa920ff1e90,6840be3
eviddie-19940419-19940419,19940419,19940419,rare,test2,0,EviDDIE,the hypokalemic activities increase,DB01384,DB00808,1,1,0.50114435,0.85224754,0.1706823,0.17605351,56606b15d2b731af30344a33ca6a11986ff650ae53432c98fbcf22f64c67d7e6,e62f8a6f32803faa0a30e452fc6487a96ed8c9d9fca0ab49a588ea55f7a68cdf,b45bfe49a9c1a87a2c90e3878e8754a9819f8bde4717653d6fb44fa920ff1e90,6840be3
eviddie-19940419-19940419,19940419,19940419,rare,test2,0,EviDDIE,the hypokalemic activities increase,DB01410,DB00808,1,1,0.50122023,0.86883134,0.1481625,0.15378034,56606b15d2b731af30344a33ca6a11986ff650ae53432c98fbcf22f64c67d7e6,e62f8a6f32803faa0a30e452fc6487a96ed8c9d9fca0ab49a588ea55f7a68cdf,b45bfe49a9c1a87a2c90e3878e8754a9819f8bde4717653d6fb44fa920ff1e90,6840be3
eviddie-19940419-19940419,19940419,19940419,rare,test2,0,EviDDIE,the hypokalemic activities increase,DB04630,DB00808,1,1,0.5011847,0.91383135,0.09170104,0.09688665,56606b15d2b731af30344a33ca6a11986ff650ae53432c98fbcf22f64c67d7e6,e62f8a6f32803faa0a30e452fc6487a96ed8c9d9fca0ab49a588ea55f7a68cdf,b45bfe49a9c1a87a2c90e3878e8754a9819f8bde4717653d6fb44fa920ff1e90,6840be3
eviddie-19940419-19940419,19940419,19940419,rare,test2,0,EviDDIE,the hypokalemic activities increase,DB08906,DB00808,1,1,0.50118858,0.86167216,0.15777542,0.1632929,56606b15d2b731af30344a33ca6a11986ff650ae53432c98fbcf22f64c67d7e6,e62f8a6f32803faa0a30e452fc6487a96ed8c9d9fca0ab49a588ea55f7a68cdf,b45bfe49a9c1a87a2c90e3878e8754a9819f8bde4717653d6fb44fa920ff1e90,6840be3
eviddie-19940419-19940419,19940419,19940419,rare,test2,0,EviDDIE,the hypokalemic activities increase,DB11921,DB00808,1,1,0.50123531,0.90184379,0.1061001,0.11157911,56606b15d2b731af30344a33ca6a11986ff650ae53432c98fbcf22f64c67d7e6,e62f8a6f32803faa0a30e452fc6487a96ed8c9d9fca0ab49a588ea55f7a68cdf,b45bfe49a9c1a87a2c90e3878e8754a9819f8bde4717653d6fb44fa920ff1e90,6840be3
eviddie-19940419-19940419,19940419,19940419,rare,test2,0,EviDDIE,the hypokalemic activities increase,DB13003,DB00808,1,1,0.5012275,0.90441674,0.10297036,0.10839952,56606b15d2b731af30344a33ca6a11986ff650ae53432c98fbcf22f64c67d7e6,e62f8a6f32803faa0a30e452fc6487a96ed8c9d9fca0ab49a588ea55f7a68cdf,b45bfe49a9c1a87a2c90e3878e8754a9819f8bde4717653d6fb44fa920ff1e90,6840be3
eviddie-19940419-19940419,19940419,19940419,rare,test2,0,EviDDIE,the hypokalemic activities increase,DB13867,DB00808,1,1,0.50119817,0.86356407,0.1552166,0.16076662,56606b15d2b731af30344a33ca6a11986ff650ae53432c98fbcf22f64c67d7e6,e62f8a6f32803faa0a30e452fc6487a96ed8c9d9fca0ab49a588ea55f7a68cdf,b45bfe49a9c1a87a2c90e3878e8754a9819f8bde4717653d6fb44fa920ff1e90,6840be3
eviddie-19940419-19940419,19940419,19940419,rare,test2,0,EviDDIE,the hypokalemic activities increase,DB14512,DB00808,1,1,0.50123733,0.90035927,0.10791907,0.11341616,56606b15d2b731af30344a33ca6a11986ff650ae53432c98fbcf22f64c67d7e6,e62f8a6f32803faa0a30e452fc6487a96ed8c9d9fca0ab49a588ea55f7a68cdf,b45bfe49a9c1a87a2c90e3878e8754a9819f8bde4717653d6fb44fa920ff1e90,6840be3
eviddie-19940419-19940419,19940419,19940419,rare,test2,0,EviDDIE,the hypokalemic activities increase,DB14538,DB00808,1,1,0.50121546,0.86700499,0.15059219,0.15619972,56606b15d2b731af30344a33ca6a11986ff650ae53432c98fbcf22f64c67d7e6,e62f8a6f32803faa0a30e452fc6487a96ed8c9d9fca0ab49a588ea55f7a68cdf,b45bfe49a9c1a87a2c90e3878e8754a9819f8bde4717653d6fb44fa920ff1e90,6840be3
eviddie-19940419-19940419,19940419,19940419,rare,test2,0,EviDDIE,the hypokalemic activities increase,DB14539,DB00808,1,1,0.50126088,0.88684851,0.12474464,0.13043182,56606b15d2b731af30344a33ca6a11986ff650ae53432c98fbcf22f64c67d7e6,e62f8a6f32803faa0a30e452fc6487a96ed8c9d9fca0ab49a588ea55f7a68cdf,b45bfe49a9c1a87a2c90e3878e8754a9819f8bde4717653d6fb44fa920ff1e90,6840be3
eviddie-19940419-19940419,19940419,19940419,rare,test2,0,EviDDIE,the hypokalemic activities increase,DB14541,DB00808,1,1,0.50121224,0.86622298,0.15163827,0.15723608,56606b15d2b731af30344a33ca6a11986ff650ae53432c98fbcf22f64c67d7e6,e62f8a6f32803faa0a30e452fc6487a96ed8c9d9fca0ab49a588ea55f7a68cdf,b45bfe49a9c1a87a2c90e3878e8754a9819f8bde4717653d6fb44fa920ff1e90,6840be3
eviddie-19940419-19940419,19940419,19940419,rare,test2,0,EviDDIE,the hypokalemic activities increase,DB14631,DB00808,1,1,0.50067854,0.96680832,0.03292751,0.03573484,56606b15d2b731af30344a33ca6a11986ff650ae53432c98fbcf22f64c67d7e6,e62f8a6f32803faa0a30e452fc6487a96ed8c9d9fca0ab49a588ea55f7a68cdf,b45bfe49a9c1a87a2c90e3878e8754a9819f8bde4717653d6fb44fa920ff1e90,6840be3
eviddie-19940419-19940419,19940419,19940419,rare,test2,0,EviDDIE,the hypokalemic activities increase,DB14669,DB00808,1,1,0.50067604,0.96698052,0.03274897,0.03554519,56606b15d2b731af30344a33ca6a11986ff650ae53432c98fbcf22f64c67d7e6,e62f8a6f32803faa0a30e452fc6487a96ed8c9d9fca0ab49a588ea55f7a68cdf,b45bfe49a9c1a87a2c90e3878e8754a9819f8bde4717653d6fb44fa920ff1e90,6840be3
eviddie-19940419-19940419,19940419,19940419,rare,test2,0,EviDDIE,the hypokalemic activities increase,DB01222,DB00808,1,1,0.50117517,0.91670579,0.08829866,0.09342631,56606b15d2b731af30344a33ca6a11986ff650ae53432c98fbcf22f64c67d7e6,e62f8a6f32803faa0a30e452fc6487a96ed8c9d9fca0ab49a588ea55f7a68cdf,b45bfe49a9c1a87a2c90e3878e8754a9819f8bde4717653d6fb44fa920ff1e90,6840be3
eviddie-19940419-19940419,19940419,19940419,rare,test2,0,EviDDIE,the hypokalemic activities increase,DB01234,DB00808,1,1,0.50095749,0.94496912,0.05620921,0.06026209,56606b15d2b731af30344a33ca6a11986ff650ae53432c98fbcf22f64c67d7e6,e62f8a6f32803faa0a30e452fc6487a96ed8c9d9fca0ab49a588ea55f7a68cdf,b45bfe49a9c1a87a2c90e3878e8754a9819f8bde4717653d6fb44fa920ff1e90,6840be3
eviddie-19940419-19940419,19940419,19940419,rare,test2,0,EviDDIE,the hypokalemic activities increase,DB00867,DB00808,1,1,0.5011996,0.91155356,0.09439637,0.09966026,56606b15d2b731af30344a33ca6a11986ff650ae53432c98fbcf22f64c67d7e6,e62f8a6f32803faa0a30e452fc6487a96ed8c9d9fca0ab49a588ea55f7a68cdf,b45bfe49a9c1a87a2c90e3878e8754a9819f8bde4717653d6fb44fa920ff1e90,6840be3
eviddie-19940419-19940419,19940419,19940419,rare,test2,0,EviDDIE,the hypokalemic activities increase,DB01064,DB00808,1,1,0.50107974,0.84191054,0.18520956,0.1903397,56606b15d2b731af30344a33ca6a11986ff650ae53432c98fbcf22f64c67d7e6,e62f8a6f32803faa0a30e452fc6487a96ed8c9d9fca0ab49a588ea55f7a68cdf,b45bfe49a9c1a87a2c90e3878e8754a9819f8bde4717653d6fb44fa920ff1e90,6840be3
eviddie-19940419-19940419,19940419,19940419,rare,test2,0,EviDDIE,the hypokalemic activities increase,DB01407,DB00808,1,1,0.50117862,0.85951352,0.16070612,0.16619131,56606b15d2b731af30344a33ca6a11986ff650ae53432c98fbcf22f64c67d7e6,e62f8a6f32803faa0a30e452fc6487a96ed8c9d9fca0ab49a588ea55f7a68cdf,b45bfe49a9c1a87a2c90e3878e8754a9819f8bde4717653d6fb44fa920ff1e90,6840be3
eviddie-19940419-19940419,19940419,19940419,rare,test2,0,EviDDIE,the hypokalemic activities increase,DB01408,DB00808,1,1,0.50125003,0.88005704,0.13344924,0.1391307,56606b15d2b731af30344a33ca6a11986ff650ae53432c98fbcf22f64c67d7e6,e62f8a6f32803faa0a30e452fc6487a96ed8c9d9fca0ab49a588ea55f7a68cdf,b45bfe49a9c1a87a2c90e3878e8754a9819f8bde4717653d6fb44fa920ff1e90,6840be3
eviddie-19940419-19940419,19940419,19940419,rare,test2,0,EviDDIE,the hypokalemic activities increase,DB00867,DB01021,1,1,0.50089949,0.95001674,0.0507192,0.05450671,56606b15d2b731af30344a33ca6a11986ff650ae53432c98fbcf22f64c67d7e6,e62f8a6f32803faa0a30e452fc6487a96ed8c9d9fca0ab49a588ea55f7a68cdf,b45bfe49a9c1a87a2c90e3878e8754a9819f8bde4717653d6fb44fa920ff1e90,6840be3
eviddie-19940419-19940419,19940419,19940419,rare,test2,0,EviDDIE,the hypokalemic activities increase,DB00938,DB01021,1,1,0.50090641,0.94942313,0.05136185,0.05518061,56606b15d2b731af30344a33ca6a11986ff650ae53432c98fbcf22f64c67d7e6,e62f8a6f32803faa0a30e452fc6487a96ed8c9d9fca0ab49a588ea55f7a68cdf,b45bfe49a9c1a87a2c90e3878e8754a9819f8bde4717653d6fb44fa920ff1e90,6840be3
eviddie-19940419-19940419,19940419,19940419,rare,test2,0,EviDDIE,the hypokalemic activities increase,DB00983,DB01021,1,1,0.50071728,0.96421987,0.03562002,0.03859572,56606b15d2b731af30344a33ca6a11986ff650ae53432c98fbcf22f64c67d7e6,e62f8a6f32803faa0a30e452fc6487a96ed8c9d9fca0ab49a588ea55f7a68cdf,b45bfe49a9c1a87a2c90e3878e8754a9819f8bde4717653d6fb44fa920ff1e90,6840be3
eviddie-19940419-19940419,19940419,19940419,rare,test2,0,EviDDIE,the hypokalemic activities increase,DB01064,DB01021,1,1,0.50125301,0.8821758,0.13072021,0.13640162,56606b15d2b731af30344a33ca6a11986ff650ae53432c98fbcf22f64c67d7e6,e62f8a6f32803faa0a30e452fc6487a96ed8c9d9fca0ab49a588ea55f7a68cdf,b45bfe49a9c1a87a2c90e3878e8754a9819f8bde4717653d6fb44fa920ff1e90,6840be3
eviddie-19940419-19940419,19940419,19940419,rare,test2,0,EviDDIE,the hypokalemic activities increase,DB01407,DB01021,1,1,0.50121838,0.90584183,0.1012553,0.10663561,56606b15d2b731af30344a33ca6a11986ff650ae53432c98fbcf22f64c67d7e6,e62f8a6f32803faa0a30e452fc6487a96ed8c9d9fca0ab49a588ea55f7a68cdf,b45bfe49a9c1a87a2c90e3878e8754a9819f8bde4717653d6fb44fa920ff1e90,6840be3
eviddie-19940419-19940419,19940419,19940419,rare,test2,0,EviDDIE,the hypokalemic activities increase,DB01408,DB01021,1,1,0.50109851,0.92789161,0.07534423,0.08007978,56606b15d2b731af30344a33ca6a11986ff650ae53432c98fbcf22f64c67d7e6,e62f8a6f32803faa0a30e452fc6487a96ed8c9d9fca0ab49a588ea55f7a68cdf,b45bfe49a9c1a87a2c90e3878e8754a9819f8bde4717653d6fb44fa920ff1e90,6840be3
eviddie-19940419-19940419,19940419,19940419,rare,test2,0,EviDDIE,the hypokalemic activities increase,DB05039,DB01021,1,1,0.50111705,0.92457151,0.07916574,0.08399843,56606b15d2b731af30344a33ca6a11986ff650ae53432c98fbcf22f64c67d7e6,e62f8a6f32803faa0a30e452fc6487a96ed8c9d9fca0ab49a588ea55f7a68cdf,b45bfe49a9c1a87a2c90e3878e8754a9819f8bde4717653d6fb44fa920ff1e90,6840be3
eviddie-19940419-19940419,19940419,19940419,rare,test2,0,EviDDIE,the hypokalemic activities increase,DB09080,DB01021,1,1,0.50067991,0.96664107,0.03310324,0.03591691,56606b15d2b731af30344a33ca6a11986ff650ae53432c98fbcf22f64c67d7e6,e62f8a6f32803faa0a30e452fc6487a96ed8c9d9fca0ab49a588ea55f7a68cdf,b45bfe49a9c1a87a2c90e3878e8754a9819f8bde4717653d6fb44fa920ff1e90,6840be3
eviddie-19940419-19940419,19940419,19940419,rare,test2,0,EviDDIE,the hypokalemic activities increase,DB01021,DB01396,1,1,0.5004791,0.97899067,0.02048144,0.02243888,56606b15d2b731af30344a33ca6a11986ff650ae53432c98fbcf22f64c67d7e6,e62f8a6f32803faa0a30e452fc6487a96ed8c9d9fca0ab49a588ea55f7a68cdf,b45bfe49a9c1a87a2c90e3878e8754a9819f8bde4717653d6fb44fa920ff1e90,6840be3
eviddie-19940419-19940419,19940419,19940419,rare,test2,0,EviDDIE,the hypokalemic activities increase,DB00180,DB00818,0,1,0.50116467,0.91882205,0.08581499,0.09088515,56606b15d2b731af30344a33ca6a11986ff650ae53432c98fbcf22f64c67d7e6,e62f8a6f32803faa0a30e452fc6487a96ed8c9d9fca0ab49a588ea55f7a68cdf,b45bfe49a9c1a87a2c90e3878e8754a9819f8bde4717653d6fb44fa920ff1e90,6840be3
eviddie-19940419-19940419,19940419,19940419,rare,test2,0,EviDDIE,the hypokalemic activities increase,DB00436,DB13783,0,1,0.50093377,0.94606,0.05504128,0.05898946,56606b15d2b731af30344a33ca6a11986ff650ae53432c98fbcf22f64c67d7e6,e62f8a6f32803faa0a30e452fc6487a96ed8c9d9fca0ab49a588ea55f7a68cdf,b45bfe49a9c1a87a2c90e3878e8754a9819f8bde4717653d6fb44fa920ff1e90,6840be3
eviddie-19940419-19940419,19940419,19940419,rare,test2,0,EviDDIE,the hypokalemic activities increase,DB01021,DB04817,0,1,0.50053024,0.97607851,0.02342127,0.02559422,56606b15d2b731af30344a33ca6a11986ff650ae53432c98fbcf22f64c67d7e6,e62f8a6f32803faa0a30e452fc6487a96ed8c9d9fca0ab49a588ea55f7a68cdf,b45bfe49a9c1a87a2c90e3878e8754a9819f8bde4717653d6fb44fa920ff1e90,6840be3
eviddie-19940419-19940419,19940419,19940419,rare,test2,0,EviDDIE,the hypokalemic activities increase,DB00394,DB01136,0,1,0.50119805,0.91254717,0.09320813,0.09845944,56606b15d2b731af30344a33ca6a11986ff650ae53432c98fbcf22f64c67d7e6,e62f8a6f32803faa0a30e452fc6487a96ed8c9d9fca0ab49a588ea55f7a68cdf,b45bfe49a9c1a87a2c90e3878e8754a9819f8bde4717653d6fb44fa920ff1e90,6840be3
eviddie-19940419-19940419,19940419,19940419,rare,test2,0,EviDDIE,the hypokalemic activities increase,DB00397,DB00621,0,1,0.50061947,0.97076553,0.0288386,0.03139112,56606b15d2b731af30344a33ca6a11986ff650ae53432c98fbcf22f64c67d7e6,e62f8a6f32803faa0a30e452fc6487a96ed8c9d9fca0ab49a588ea55f7a68cdf,b45bfe49a9c1a87a2c90e3878e8754a9819f8bde4717653d6fb44fa920ff1e90,6840be3
eviddie-19940419-19940419,19940419,19940419,rare,test2,0,EviDDIE,the hypokalemic activities increase,DB00397,DB01253,0,1,0.5009203,0.94790322,0.0530182,0.05690184,56606b15d2b731af30344a33ca6a11986ff650ae53432c98fbcf22f64c67d7e6,e62f8a6f32803faa0a30e452fc6487a96ed8c9d9fca0ab49a588ea55f7a68cdf,b45bfe49a9c1a87a2c90e3878e8754a9819f8bde4717653d6fb44fa920ff1e90,6840be3
eviddie-19940419-19940419,19940419,19940419,rare,test2,0,EviDDIE,the hypokalemic activities increase,DB00397,DB01384,0,1,0.50120234,0.90935618,0.09703466,0.10232353,56606b15d2b731af30344a33ca6a11986ff650ae53432c98fbcf22f64c67d7e6,e62f8a6f32803faa0a30e452fc6487a96ed8c9d9fca0ab49a588ea55f7a68cdf,b45bfe49a9c1a87a2c90e3878e8754a9819f8bde4717653d6fb44fa920ff1e90,6840be3
eviddie-19940419-19940419,19940419,19940419,rare,test2,0,EviDDIE,the hypokalemic activities increase,DB00867,DB00211,0,1,0.50065458,0.96859229,0.0310746,0.03377769,56606b15d2b731af30344a33ca6a11986ff650ae53432c98fbcf22f64c67d7e6,e62f8a6f32803faa0a30e452fc6487a96ed8c9d9fca0ab49a588ea55f7a68cdf,b45bfe49a9c1a87a2c90e3878e8754a9819f8bde4717653d6fb44fa920ff1e90,6840be3
eviddie-19940419-19940419,19940419,19940419,rare,test2,0,EviDDIE,the hypokalemic activities increase,DB00938,DB00546,0,1,0.50123286,0.87308794,0.14253575,0.1481842,56606b15d2b731af30344a33ca6a11986ff650ae53432c98fbcf22f64c67d7e6,e62f8a6f32803faa0a30e452fc6487a96ed8c9d9fca0ab49a588ea55f7a68cdf,b45bfe49a9c1a87a2c90e3878e8754a9819f8bde4717653d6fb44fa920ff1e90,6840be3
eviddie-19940419-19940419,19940419,19940419,rare,test2,0,EviDDIE,the hypokalemic activities increase,DB00983,DB00860,0,1,0.50083578,0.95509666,0.04526445,0.04876459,56606b15d2b731af30344a33ca6a11986ff650ae53432c98fbcf22f64c67d7e6,e62f8a6f32803faa0a30e452fc6487a96ed8c9d9fca0ab49a588ea55f7a68cdf,b45bfe49a9c1a87a2c90e3878e8754a9819f8bde4717653d6fb44fa920ff1e90,6840be3
eviddie-19940419-19940419,19940419,19940419,rare,test2,0,EviDDIE,the hypokalemic activities increase,DB01064,DB00641,0,1,0.50088197,0.95147336,0.04914769,0.05285553,56606b15d2b731af30344a33ca6a11986ff650ae53432c98fbcf22f64c67d7e6,e62f8a6f32803faa0a30e452fc6487a96ed8c9d9fca0ab49a588ea55f7a68cdf,b45bfe49a9c1a87a2c90e3878e8754a9819f8bde4717653d6fb44fa920ff1e90,6840be3
eviddie-19940419-19940419,19940419,19940419,rare,test2,0,EviDDIE,the hypokalemic activities increase,DB01407,DB06736,0,1,0.50084651,0.9541474,0.04628186,0.04983038,56606b15d2b731af30344a33ca6a11986ff650ae53432c98fbcf22f64c67d7e6,e62f8a6f32803faa0a30e452fc6487a96ed8c9d9fca0ab49a588ea55f7a68cdf,b45bfe49a9c1a87a2c90e3878e8754a9819f8bde4717653d6fb44fa920ff1e90,6840be3
eviddie-19940419-19940419,19940419,19940419,rare,test2,0,EviDDIE,the hypokalemic activities increase,DB01408,DB09090,0,1,0.50089318,0.94995534,0.05080072,0.05456155,56606b15d2b731af30344a33ca6a11986ff650ae53432c98fbcf22f64c67d7e6,e62f8a6f32803faa0a30e452fc6487a96ed8c9d9fca0ab49a588ea55f7a68cdf,b45bfe49a9c1a87a2c90e3878e8754a9819f8bde4717653d6fb44fa920ff1e90,6840be3
eviddie-19940419-19940419,19940419,19940419,rare,test2,0,EviDDIE,the hypokalemic activities increase,DB05039,DB01136,0,1,0.50121331,0.9066515,0.1002832,0.10563609,56606b15d2b731af30344a33ca6a11986ff650ae53432c98fbcf22f64c67d7e6,e62f8a6f32803faa0a30e452fc6487a96ed8c9d9fca0ab49a588ea55f7a68cdf,b45bfe49a9c1a87a2c90e3878e8754a9819f8bde4717653d6fb44fa920ff1e90,6840be3
eviddie-19940419-19940419,19940419,19940419,rare,test2,0,EviDDIE,the hypokalemic activities increase,DB09080,DB00342,0,1,0.50065577,0.9683032,0.03137994,0.03408879,56606b15d2b731af30344a33ca6a11986ff650ae53432c98fbcf22f64c67d7e6,e62f8a6f32803faa0a30e452fc6487a96ed8c9d9fca0ab49a588ea55f7a68cdf,b45bfe49a9c1a87a2c90e3878e8754a9819f8bde4717653d6fb44fa920ff1e90,6840be3
eviddie-19940419-19940419,19940419,19940419,rare,test2,0,EviDDIE,the hypokalemic activities increase,DB00436,DB06077,0,1,0.50106788,0.93166178,0.07105847,0.07564325,56606b15d2b731af30344a33ca6a11986ff650ae53432c98fbcf22f64c67d7e6,e62f8a6f32803faa0a30e452fc6487a96ed8c9d9fca0ab49a588ea55f7a68cdf,b45bfe49a9c1a87a2c90e3878e8754a9819f8bde4717653d6fb44fa920ff1e90,6840be3
eviddie-19940419-19940419,19940419,19940419,rare,test2,0,EviDDIE,the hypokalemic activities increase,DB00443,DB01222,0,1,0.5006156,0.97110891,0.02848283,0.03101837,56606b15d2b731af30344a33ca6a11986ff650ae53432c98fbcf22f64c67d7e6,e62f8a6f32803faa0a30e452fc6487a96ed8c9d9fca0ab49a588ea55f7a68cdf,b45bfe49a9c1a87a2c90e3878e8754a9819f8bde4717653d6fb44fa920ff1e90,6840be3
eviddie-19940419-19940419,19940419,19940419,rare,test2,0,EviDDIE,the hypokalemic activities increase,DB00588,DB01206,0,1,0.50079328,0.95877862,0.04133895,0.04464839,56606b15d2b731af30344a33ca6a11986ff650ae53432c98fbcf22f64c67d7e6,e62f8a6f32803faa0a30e452fc6487a96ed8c9d9fca0ab49a588ea55f7a68cdf,b45bfe49a9c1a87a2c90e3878e8754a9819f8bde4717653d6fb44fa920ff1e90,6840be3
eviddie-19940419-19940419,19940419,19940419,rare,test2,0,EviDDIE,the hypokalemic activities increase,DB00591,DB01621,0,1,0.50098962,0.94184178,0.05964788,0.06385089,56606b15d2b731af30344a33ca6a11986ff650ae53432c98fbcf22f64c67d7e6,e62f8a6f32803faa0a30e452fc6487a96ed8c9d9fca0ab49a588ea55f7a68cdf,b45bfe49a9c1a87a2c90e3878e8754a9819f8bde4717653d6fb44fa920ff1e90,6840be3
eviddie-19940419-19940419,19940419,19940419,rare,test2,0,EviDDIE,the hypokalemic activities increase,DB00620,DB00829,0,1,0.50118035,0.91587496,0.08927453,0.09442962,56606b15d2b731af30344a33ca6a11986ff650ae53432c98fbcf22f64c67d7e6,e62f8a6f32803faa0a30e452fc6487a96ed8c9d9fca0ab49a588ea55f7a68cdf,b45bfe49a9c1a87a2c90e3878e8754a9819f8bde4717653d6fb44fa920ff1e90,6840be3
eviddie-19940419-19940419,19940419,19940419,rare,test2,0,EviDDIE,the hypokalemic activities increase,DB00635,DB09236,0,1,0.50054246,0.97542793,0.0240787,0.02630324,56606b15d2b731af30344a33ca6a11986ff650ae53432c98fbcf22f64c67d7e6,e62f8a6f32803faa0a30e452fc6487a96ed8c9d9fca0ab49a588ea55f7a68cdf,b45bfe49a9c1a87a2c90e3878e8754a9819f8bde4717653d6fb44fa920ff1e90,6840be3
eviddie-19940419-19940419,19940419,19940419,rare,test2,0,EviDDIE,the hypokalemic activities increase,DB00687,DB00784,0,1,0.50110161,0.92695045,0.0764294,0.08118324,56606b15d2b731af30344a33ca6a11986ff650ae53432c98fbcf22f64c67d7e6,e62f8a6f32803faa0a30e452fc6487a96ed8c9d9fca0ab49a588ea55f7a68cdf,b45bfe49a9c1a87a2c90e3878e8754a9819f8bde4717653d6fb44fa920ff1e90,6840be3
eviddie-19940419-19940419,19940419,19940419,rare,test2,0,EviDDIE,the hypokalemic activities increase,DB00741,DB06774,0,1,0.50053257,0.97599524,0.02350374,0.02568652,56606b15d2b731af30344a33ca6a11986ff650ae53432c98fbcf22f64c67d7e6,e62f8a6f32803faa0a30e452fc6487a96ed8c9d9fca0ab49a588ea55f7a68cdf,b45bfe49a9c1a87a2c90e3878e8754a9819f8bde4717653d6fb44fa920ff1e90,6840be3
eviddie-19940419-19940419,19940419,19940419,rare,test2,0,EviDDIE,the hypokalemic activities increase,DB00764,DB01169,0,1,0.50092679,0.82451326,0.21058881,0.21508479,56606b15d2b731af30344a33ca6a11986ff650ae53432c98fbcf22f64c67d7e6,e62f8a6f32803faa0a30e452fc6487a96ed8c9d9fca0ab49a588ea55f7a68cdf,b45bfe49a9c1a87a2c90e3878e8754a9819f8bde4717653d6fb44fa920ff1e90,6840be3
eviddie-19940419-19940419,19940419,19940419,rare,test2,0,EviDDIE,the hypokalemic activities increase,DB00860,DB00764,0,1,0.50120884,0.90882725,0.09765889,0.10297937,56606b15d2b731af30344a33ca6a11986ff650ae53432c98fbcf22f64c67d7e6,e62f8a6f32803faa0a30e452fc6487a96ed8c9d9fca0ab49a588ea55f7a68cdf,b45bfe49a9c1a87a2c90e3878e8754a9819f8bde4717653d6fb44fa920ff1e90,6840be3
eviddie-19940419-19940419,19940419,19940419,rare,test2,0,EviDDIE,the hypokalemic activities increase,DB00959,DB09227,0,1,0.50077832,0.95981848,0.04024184,0.04348549,56606b15d2b731af30344a33ca6a11986ff650ae53432c98fbcf22f64c67d7e6,e62f8a6f32803faa0a30e452fc6487a96ed8c9d9fca0ab49a588ea55f7a68cdf,b45bfe49a9c1a87a2c90e3878e8754a9819f8bde4717653d6fb44fa920ff1e90,6840be3
eviddie-19940419-19940419,19940419,19940419,rare,test2,0,EviDDIE,the hypokalemic activities increase,DB01108,DB01122,0,1,0.50114834,0.85196763,0.17105784,0.17644919,56606b15d2b731af30344a33ca6a11986ff650ae53432c98fbcf22f64c67d7e6,e62f8a6f32803faa0a30e452fc6487a96ed8c9d9fca0ab49a588ea55f7a68cdf,b45bfe49a9c1a87a2c90e3878e8754a9819f8bde4717653d6fb44fa920ff1e90,6840be3
eviddie-19940419-19940419,19940419,19940419,rare,test2,0,EviDDIE,the hypokalemic activities increase,DB01380,DB04630,0,1,0.50087655,0.95186573,0.04872657,0.05241008,56606b15d2b731af30344a33ca6a11986ff650ae53432c98fbcf22f64c67d7e6,e62f8a6f32803faa0a30e452fc6487a96ed8c9d9fca0ab49a588ea55f7a68cdf,b45bfe49a9c1a87a2c90e3878e8754a9819f8bde4717653d6fb44fa920ff1e90,6840be3
eviddie-19940419-19940419,19940419,19940419,rare,test2,0,EviDDIE,the hypokalemic activities increase,DB01384,DB00343,0,1,0.50113511,0.92221278,0.08188681,0.08681011,56606b15d2b731af30344a33ca6a11986ff650ae53432c98fbcf22f64c67d7e6,e62f8a6f32803faa0a30e452fc6487a96ed8c9d9fca0ab49a588ea55f7a68cdf,b45bfe49a9c1a87a2c90e3878e8754a9819f8bde4717653d6fb44fa920ff1e90,6840be3
eviddie-19940419-19940419,19940419,19940419,rare,test2,0,EviDDIE,the hypokalemic activities increase,DB01410,DB09026,0,1,0.500705,0.96494985,0.03486197,0.03778461,56606b15d2b731af30344a33ca6a11986ff650ae53432c98fbcf22f64c67d7e6,e62f8a6f32803faa0a30e452fc6487a96ed8c9d9fca0ab49a588ea55f7a68cdf,b45bfe49a9c1a87a2c90e3878e8754a9819f8bde4717653d6fb44fa920ff1e90,6840be3
eviddie-19940419-19940419,19940419,19940419,rare,test2,0,EviDDIE,the hypokalemic activities increase,DB04630,DB01130,0,1,0.50096667,0.94352084,0.057811,0.06190912,56606b15d2b731af30344a33ca6a11986ff650ae53432c98fbcf22f64c67d7e6,e62f8a6f32803faa0a30e452fc6487a96ed8c9d9fca0ab49a588ea55f7a68cdf,b45bfe49a9c1a87a2c90e3878e8754a9819f8bde4717653d6fb44fa920ff1e90,6840be3
eviddie-19940419-19940419,19940419,19940419,rare,test2,0,EviDDIE,the hypokalemic activities increase,DB08906,DB00321,0,1,0.50123924,0.89699584,0.11206931,0.11759543,56606b15d2b731af30344a33ca6a11986ff650ae53432c98fbcf22f64c67d7e6,e62f8a6f32803faa0a30e452fc6487a96ed8c9d9fca0ab49a588ea55f7a68cdf,b45bfe49a9c1a87a2c90e3878e8754a9819f8bde4717653d6fb44fa920ff1e90,6840be3
eviddie-19940419-19940419,19940419,19940419,rare,test2,0,EviDDIE,the hypokalemic activities increase,DB11921,DB09288,0,1,0.50028867,0.98867768,0.010868,0.0120358,56606b15d2b731af30344a33ca6a11986ff650ae53432c98fbcf22f64c67d7e6,e62f8a6f32803faa0a30e452fc6487a96ed8c9d9fca0ab49a588ea55f7a68cdf,b45bfe49a9c1a87a2c90e3878e8754a9819f8bde4717653d6fb44fa920ff1e90,6840be3
eviddie-19940419-19940419,19940419,19940419,rare,test2,0,EviDDIE,the hypokalemic activities increase,DB13003,DB00554,0,1,0.50082326,0.95606935,0.04422697,0.04767149,56606b15d2b731af30344a33ca6a11986ff650ae53432c98fbcf22f64c67d7e6,e62f8a6f32803faa0a30e452fc6487a96ed8c9d9fca0ab49a588ea55f7a68cdf,b45bfe49a9c1a87a2c90e3878e8754a9819f8bde4717653d6fb44fa920ff1e90,6840be3
eviddie-19940419-19940419,19940419,19940419,rare,test2,0,EviDDIE,the hypokalemic activities increase,DB13867,DB04896,0,1,0.50103319,0.93592274,0.06625642,0.07067219,56606b15d2b731af30344a33ca6a11986ff650ae53432c98fbcf22f64c67d7e6,e62f8a6f32803faa0a30e452fc6487a96ed8c9d9fca0ab49a588ea55f7a68cdf,b45bfe49a9c1a87a2c90e3878e8754a9819f8bde4717653d6fb44fa920ff1e90,6840be3
eviddie-19940419-19940419,19940419,19940419,rare,test2,0,EviDDIE,the hypokalemic activities increase,DB14512,DB01136,0,1,0.5010795,0.93033236,0.0725641,0.07720525,56606b15d2b731af30344a33ca6a11986ff650ae53432c98fbcf22f64c67d7e6,e62f8a6f32803faa0a30e452fc6487a96ed8c9d9fca0ab49a588ea55f7a68cdf,b45bfe49a9c1a87a2c90e3878e8754a9819f8bde4717653d6fb44fa920ff1e90,6840be3
eviddie-19940419-19940419,19940419,19940419,rare,test2,0,EviDDIE,the hypokalemic activities increase,DB14538,DB00580,0,1,0.50091428,0.9482131,0.05268681,0.05654369,56606b15d2b731af30344a33ca6a11986ff650ae53432c98fbcf22f64c67d7e6,e62f8a6f32803faa0a30e452fc6487a96ed8c9d9fca0ab49a588ea55f7a68cdf,b45bfe49a9c1a87a2c90e3878e8754a9819f8bde4717653d6fb44fa920ff1e90,6840be3
eviddie-19940419-19940419,19940419,19940419,rare,test2,0,EviDDIE,the hypokalemic activities increase,DB14539,DB13158,0,1,0.50098753,0.941118,0.06046742,0.06466472,56606b15d2b731af30344a33ca6a11986ff650ae53432c98fbcf22f64c67d7e6,e62f8a6f32803faa0a30e452fc6487a96ed8c9d9fca0ab49a588ea55f7a68cdf,b45bfe49a9c1a87a2c90e3878e8754a9819f8bde4717653d6fb44fa920ff1e90,6840be3
eviddie-19940419-19940419,19940419,19940419,rare,test2,0,EviDDIE,the hypokalemic activities increase,DB14541,DB00273,0,1,0.50113022,0.85046703,0.17316665,0.17848241,56606b15d2b731af30344a33ca6a11986ff650ae53432c98fbcf22f64c67d7e6,e62f8a6f32803faa0a30e452fc6487a96ed8c9d9fca0ab49a588ea55f7a68cdf,b45bfe49a9c1a87a2c90e3878e8754a9819f8bde4717653d6fb44fa920ff1e90,6840be3
eviddie-19940419-19940419,19940419,19940419,rare,test2,0,EviDDIE,the hypokalemic activities increase,DB14631,DB00568,0,1,0.50069737,0.96552747,0.03425869,0.03714783,56606b15d2b731af30344a33ca6a11986ff650ae53432c98fbcf22f64c67d7e6,e62f8a6f32803faa0a30e452fc6487a96ed8c9d9fca0ab49a588ea55f7a68cdf,b45bfe49a9c1a87a2c90e3878e8754a9819f8bde4717653d6fb44fa920ff1e90,6840be3
eviddie-19940419-19940419,19940419,19940419,rare,test2,0,EviDDIE,the hypokalemic activities increase,DB14669,DB12332,0,1,0.50015295,0.99473429,0.00498622,0.00560118,56606b15d2b731af30344a33ca6a11986ff650ae53432c98fbcf22f64c67d7e6,e62f8a6f32803faa0a30e452fc6487a96ed8c9d9fca0ab49a588ea55f7a68cdf,b45bfe49a9c1a87a2c90e3878e8754a9819f8bde4717653d6fb44fa920ff1e90,6840be3
eviddie-19940419-19940419,19940419,19940419,rare,test2,0,EviDDIE,the hypokalemic activities increase,DB01222,DB01591,0,1,0.50101393,0.93941438,0.06233433,0.06665163,56606b15d2b731af30344a33ca6a11986ff650ae53432c98fbcf22f64c67d7e6,e62f8a6f32803faa0a30e452fc6487a96ed8c9d9fca0ab49a588ea55f7a68cdf,b45bfe49a9c1a87a2c90e3878e8754a9819f8bde4717653d6fb44fa920ff1e90,6840be3
eviddie-19940419-19940419,19940419,19940419,rare,test2,0,EviDDIE,the hypokalemic activities increase,DB01234,DB00242,0,1,0.50060445,0.97179747,0.02777697,0.03026497,56606b15d2b731af30344a33ca6a11986ff650ae53432c98fbcf22f64c67d7e6,e62f8a6f32803faa0a30e452fc6487a96ed8c9d9fca0ab49a588ea55f7a68cdf,b45bfe49a9c1a87a2c90e3878e8754a9819f8bde4717653d6fb44fa920ff1e90,6840be3
eviddie-19940419-19940419,19940419,19940419,rare,test2,0,EviDDIE,the hypokalemic activities increase,DB00867,DB00343,0,1,0.50071454,0.96456659,0.03525358,0.0382166,56606b15d2b731af30344a33ca6a11986ff650ae53432c98fbcf22f64c67d7e6,e62f8a6f32803faa0a30e452fc6487a96ed8c9d9fca0ab49a588ea55f7a68cdf,b45bfe49a9c1a87a2c90e3878e8754a9819f8bde4717653d6fb44fa920ff1e90,6840be3
eviddie-19940419-19940419,19940419,19940419,rare,test2,0,EviDDIE,the hypokalemic activities increase,DB01064,DB01295,0,1,0.50125486,0.88598436,0.1258553,0.13152079,56606b15d2b731af30344a33ca6a11986ff650ae53432c98fbcf22f64c67d7e6,e62f8a6f32803faa0a30e452fc6487a96ed8c9d9fca0ab49a588ea55f7a68cdf,b45bfe49a9c1a87a2c90e3878e8754a9819f8bde4717653d6fb44fa920ff1e90,6840be3
eviddie-19940419-19940419,19940419,19940419,rare,test2,0,EviDDIE,the hypokalemic activities increase,DB01407,DB00834,0,1,0.50123632,0.9012875,0.10678039,0.11226739,56606b15d2b731af30344a33ca6a11986ff650ae53432c98fbcf22f64c67d7e6,e62f8a6f32803faa0a30e452fc6487a96ed8c9d9fca0ab49a588ea55f7a68cdf,b45bfe49a9c1a87a2c90e3878e8754a9819f8bde4717653d6fb44fa920ff1e90,6840be3
eviddie-19940419-19940419,19940419,19940419,rare,test2,0,EviDDIE,the hypokalemic activities increase,DB01408,DB12537,0,1,0.50033331,0.98653156,0.0129767,0.01432797,56606b15d2b731af30344a33ca6a11986ff650ae53432c98fbcf22f64c67d7e6,e62f8a6f32803faa0a30e452fc6487a96ed8c9d9fca0ab49a588ea55f7a68cdf,b45bfe49a9c1a87a2c90e3878e8754a9819f8bde4717653d6fb44fa920ff1e90,6840be3
eviddie-19940419-19940419,19940419,19940419,rare,test2,0,EviDDIE,the hypokalemic activities increase,DB00867,DB09183,0,1,0.50050956,0.97730607,0.02217802,0.0242638,56606b15d2b731af30344a33ca6a11986ff650ae53432c98fbcf22f64c67d7e6,e62f8a6f32803faa0a30e452fc6487a96ed8c9d9fca0ab49a588ea55f7a68cdf,b45bfe49a9c1a87a2c90e3878e8754a9819f8bde4717653d6fb44fa920ff1e90,6840be3
eviddie-19940419-19940419,19940419,19940419,rare,test2,0,EviDDIE,the hypokalemic activities increase,DB00938,DB13953,0,1,0.50089264,0.95047528,0.05022705,0.05398342,56606b15d2b731af30344a33ca6a11986ff650ae53432c98fbcf22f64c67d7e6,e62f8a6f32803faa0a30e452fc6487a96ed8c9d9fca0ab49a588ea55f7a68cdf,b45bfe49a9c1a87a2c90e3878e8754a9819f8bde4717653d6fb44fa920ff1e90,6840be3
eviddie-19940419-19940419,19940419,19940419,rare,test2,0,EviDDIE,the hypokalemic activities increase,DB00983,DB00862,0,1,0.50120568,0.90853173,0.09802275,0.10333117,56606b15d2b731af30344a33ca6a11986ff650ae53432c98fbcf22f64c67d7e6,e62f8a6f32803faa0a30e452fc6487a96ed8c9d9fca0ab49a588ea55f7a68cdf,b45bfe49a9c1a87a2c90e3878e8754a9819f8bde4717653d6fb44fa920ff1e90,6840be3
eviddie-19940419-19940419,19940419,19940419,rare,test2,0,EviDDIE,the hypokalemic activities increase,DB01064,DB00863,0,1,0.50125903,0.89009255,0.12064956,0.12630764,56606b15d2b731af30344a33ca6a11986ff650ae53432c98fbcf22f64c67d7e6,e62f8a6f32803faa0a30e452fc6487a96ed8c9d9fca0ab49a588ea55f7a68cdf,b45bfe49a9c1a87a2c90e3878e8754a9819f8bde4717653d6fb44fa920ff1e90,6840be3
eviddie-19940419-19940419,19940419,19940419,rare,test2,0,EviDDIE,the hypokalemic activities increase,DB01407,DB00443,0,1,0.50103176,0.93713707,0.06487779,0.06928168,56606b15d2b731af30344a33ca6a11986ff650ae53432c98fbcf22f64c67d7e6,e62f8a6f32803faa0a30e452fc6487a96ed8c9d9fca0ab49a588ea55f7a68cdf,b45bfe49a9c1a87a2c90e3878e8754a9819f8bde4717653d6fb44fa920ff1e90,6840be3
eviddie-19940419-19940419,19940419,19940419,rare,test2,0,EviDDIE,the hypokalemic activities increase,DB01408,DB06589,0,1,0.500983,0.9420982,0.05937367,0.06354731,56606b15d2b731af30344a33ca6a11986ff650ae53432c98fbcf22f64c67d7e6,e62f8a6f32803faa0a30e452fc6487a96ed8c9d9fca0ab49a588ea55f7a68cdf,b45bfe49a9c1a87a2c90e3878e8754a9819f8bde4717653d6fb44fa920ff1e90,6840be3
eviddie-19940419-19940419,19940419,19940419,rare,test2,0,EviDDIE,the hypokalemic activities increase,DB05039,DB00891,0,1,0.50083876,0.95479983,0.04558307,0.04909686,56606b15d2b731af30344a33ca6a11986ff650ae53432c98fbcf22f64c67d7e6,e62f8a6f32803faa0a30e452fc6487a96ed8c9d9fca0ab49a588ea55f7a68cdf,b45bfe49a9c1a87a2c90e3878e8754a9819f8bde4717653d6fb44fa920ff1e90,6840be3
eviddie-19940419-19940419,19940419,19940419,rare,test2,0,EviDDIE,the hypokalemic activities increase,DB09080,DB00909,0,1,0.5012362,0.89827621,0.11049107,0.11599575,56606b15d2b731af30344a33ca6a11986ff650ae53432c98fbcf22f64c67d7e6,e62f8a6f32803faa0a30e452fc6487a96ed8c9d9fca0ab49a588ea55f7a68cdf,b45bfe49a9c1a87a2c90e3878e8754a9819f8bde4717653d6fb44fa920ff1e90,6840be3
eviddie-19940419-19940419,19940419,19940419,rare,test2,0,EviDDIE,the hypokalemic activities increase,DB01021,DB04868,0,1,0.50103205,0.93699366,0.06504023,0.06944596,56606b15d2b731af30344a33ca6a11986ff650ae53432c98fbcf22f64c67d7e6,e62f8a6f32803faa0a30e452fc6487a96ed8c9d9fca0ab49a588ea55f7a68cdf,b45bfe49a9c1a87a2c90e3878e8754a9819f8bde4717653d6fb44fa920ff1e90,6840be3
eviddie-19940419-19940419,19940419,19940419,rare,test2,0,EviDDIE,The risk or severity of electrolyte imbalance increase,DB00180,DB00436,1,1,0.50121975,0.8991757,0.10941655,0.11484281,56606b15d2b731af30344a33ca6a11986ff650ae53432c98fbcf22f64c67d7e6,e62f8a6f32803faa0a30e452fc6487a96ed8c9d9fca0ab49a588ea55f7a68cdf,b45bfe49a9c1a87a2c90e3878e8754a9819f8bde4717653d6fb44fa920ff1e90,6840be3
eviddie-19940419-19940419,19940419,19940419,rare,test2,0,EviDDIE,The risk or severity of electrolyte imbalance increase,DB00180,DB01021,1,1,0.50096434,0.94268107,0.05875811,0.06285009,56606b15d2b731af30344a33ca6a11986ff650ae53432c98fbcf22f64c67d7e6,e62f8a6f32803faa0a30e452fc6487a96ed8c9d9fca0ab49a588ea55f7a68cdf,b45bfe49a9c1a87a2c90e3878e8754a9819f8bde4717653d6fb44fa920ff1e90,6840be3
eviddie-19940419-19940419,19940419,19940419,rare,test2,0,EviDDIE,The risk or severity of electrolyte imbalance increase,DB00240,DB00436,1,1,0.50098097,0.83607548,0.19371773,0.19841085,56606b15d2b731af30344a33ca6a11986ff650ae53432c98fbcf22f64c67d7e6,e62f8a6f32803faa0a30e452fc6487a96ed8c9d9fca0ab49a588ea55f7a68cdf,b45bfe49a9c1a87a2c90e3878e8754a9819f8bde4717653d6fb44fa920ff1e90,6840be3
eviddie-19940419-19940419,19940419,19940419,rare,test2,0,EviDDIE,The risk or severity of electrolyte imbalance increase,DB00240,DB01021,1,1,0.50118816,0.87427634,0.14108509,0.14652105,56606b15d2b731af30344a33ca6a11986ff650ae53432c98fbcf22f64c67d7e6,e62f8a6f32803faa0a30e452fc6487a96ed8c9d9fca0ab49a588ea55f7a68cdf,b45bfe49a9c1a87a2c90e3878e8754a9819f8bde4717653d6fb44fa920ff1e90,6840be3
eviddie-19940419-19940419,19940419,19940419,rare,test2,0,EviDDIE,The risk or severity of electrolyte imbalance increase,DB00253,DB00436,1,1,0.50122344,0.89274395,0.11740101,0.12288287,56606b15d2b731af30344a33ca6a11986ff650ae53432c98fbcf22f64c67d7e6,e62f8a6f32803faa0a30e452fc6487a96ed8c9d9fca0ab49a588ea55f7a68cdf,b45bfe49a9c1a87a2c90e3878e8754a9819f8bde4717653d6fb44fa920ff1e90,6840be3
eviddie-19940419-19940419,19940419,19940419,rare,test2,0,EviDDIE,The risk or severity of electrolyte imbalance increase,DB00253,DB01021,1,1,0.5010286,0.93479526,0.06755212,0.07195367,56606b15d2b731af30344a33ca6a11986ff650ae53432c98fbcf22f64c67d7e6,e62f8a6f32803faa0a30e452fc6487a96ed8c9d9fca0ab49a588ea55f7a68cdf,b45bfe49a9c1a87a2c90e3878e8754a9819f8bde4717653d6fb44fa920ff1e90,6840be3
eviddie-19940419-19940419,19940419,19940419,rare,test2,0,EviDDIE,The risk or severity of electrolyte imbalance increase,DB00288,DB00436,1,1,0.50122297,0.88941556,0.12158383,0.12708391,56606b15d2b731af30344a33ca6a11986ff650ae53432c98fbcf22f64c67d7e6,e62f8a6f32803faa0a30e452fc6487a96ed8c9d9fca0ab49a588ea55f7a68cdf,b45bfe49a9c1a87a2c90e3878e8754a9819f8bde4717653d6fb44fa920ff1e90,6840be3
eviddie-19940419-19940419,19940419,19940419,rare,test2,0,EviDDIE,The risk or severity of electrolyte imbalance increase,DB00288,DB01021,1,1,0.50103968,0.93326712,0.06927672,0.07373265,56606b15d2b731af30344a33ca6a11986ff650ae53432c98fbcf22f64c67d7e6,e62f8a6f32803faa0a30e452fc6487a96ed8c9d9fca0ab49a588ea55f7a68cdf,b45bfe49a9c1a87a2c90e3878e8754a9819f8bde4717653d6fb44fa920ff1e90,6840be3
eviddie-19940419-19940419,19940419,19940419,rare,test2,0,EviDDIE,The risk or severity of electrolyte imbalance increase,DB00324,DB00436,1,1,0.50122118,0.88814914,0.12318703,0.12868686,56606b15d2b731af30344a33ca6a11986ff650ae53432c98fbcf22f64c67d7e6,e62f8a6f32803faa0a30e452fc6487a96ed8c9d9fca0ab49a588ea55f7a68cdf,b45bfe49a9c1a87a2c90e3878e8754a9819f8bde4717653d6fb44fa920ff1e90,6840be3
eviddie-19940419-19940419,19940419,19940419,rare,test2,0,EviDDIE,The risk or severity of electrolyte imbalance increase,DB00324,DB01021,1,1,0.50104761,0.93211395,0.07058224,0.07507806,56606b15d2b731af30344a33ca6a11986ff650ae53432c98fbcf22f64c67d7e6,e62f8a6f32803faa0a30e452fc6487a96ed8c9d9fca0ab49a588ea55f7a68cdf,b45bfe49a9c1a87a2c90e3878e8754a9819f8bde4717653d6fb44fa920ff1e90,6840be3
eviddie-19940419-19940419,19940419,19940419,rare,test2,0,EviDDIE,The risk or severity of electrolyte imbalance increase,DB00394,DB00436,1,1,0.50121623,0.88358074,0.12900555,0.13451131,56606b15d2b731af30344a33ca6a11986ff650ae53432c98fbcf22f64c67d7e6,e62f8a6f32803faa0a30e452fc6487a96ed8c9d9fca0ab49a588ea55f7a68cdf,b45bfe49a9c1a87a2c90e3878e8754a9819f8bde4717653d6fb44fa920ff1e90,6840be3
eviddie-19940419-19940419,19940419,19940419,rare,test2,0,EviDDIE,The risk or severity of electrolyte imbalance increase,DB00394,DB01021,1,1,0.50107962,0.92766875,0.07564337,0.08029859,56606b15d2b731af30344a33ca6a11986ff650ae53432c98fbcf22f64c67d7e6,e62f8a6f32803faa0a30e452fc6487a96ed8c9d9fca0ab49a588ea55f7a68cdf,b45bfe49a9c1a87a2c90e3878e8754a9819f8bde4717653d6fb44fa920ff1e90,6840be3
eviddie-19940419-19940419,19940419,19940419,rare,test2,0,EviDDIE,The risk or severity of electrolyte imbalance increase,DB00443,DB00436,1,1,0.50119233,0.90686578,0.10006958,0.10532852,56606b15d2b731af30344a33ca6a11986ff650ae53432c98fbcf22f64c67d7e6,e62f8a6f32803faa0a30e452fc6487a96ed8c9d9fca0ab49a588ea55f7a68cdf,b45bfe49a9c1a87a2c90e3878e8754a9819f8bde4717653d6fb44fa920ff1e90,6840be3
eviddie-19940419-19940419,19940419,19940419,rare,test2,0,EviDDIE,The risk or severity of electrolyte imbalance increase,DB00588,DB00436,1,1,0.50122094,0.888161,0.12317267,0.12867133,56606b15d2b731af30344a33ca6a11986ff650ae53432c98fbcf22f64c67d7e6,e62f8a6f32803faa0a30e452fc6487a96ed8c9d9fca0ab49a588ea55f7a68cdf,b45bfe49a9c1a87a2c90e3878e8754a9819f8bde4717653d6fb44fa920ff1e90,6840be3
eviddie-19940419-19940419,19940419,19940419,rare,test2,0,EviDDIE,The risk or severity of electrolyte imbalance increase,DB00591,DB00436,1,1,0.50122178,0.89051098,0.12020675,0.12569474,56606b15d2b731af30344a33ca6a11986ff650ae53432c98fbcf22f64c67d7e6,e62f8a6f32803faa0a30e452fc6487a96ed8c9d9fca0ab49a588ea55f7a68cdf,b45bfe49a9c1a87a2c90e3878e8754a9819f8bde4717653d6fb44fa920ff1e90,6840be3
eviddie-19940419-19940419,19940419,19940419,rare,test2,0,EviDDIE,The risk or severity of electrolyte imbalance increase,DB00620,DB00436,1,1,0.50118309,0.90900201,0.09750444,0.10271057,56606b15d2b731af30344a33ca6a11986ff650ae53432c98fbcf22f64c67d7e6,e62f8a6f32803faa0a30e452fc6487a96ed8c9d9fca0ab49a588ea55f7a68cdf,b45bfe49a9c1a87a2c90e3878e8754a9819f8bde4717653d6fb44fa920ff1e90,6840be3
eviddie-19940419-19940419,19940419,19940419,rare,test2,0,EviDDIE,The risk or severity of electrolyte imbalance increase,DB00635,DB00436,1,1,0.50122148,0.8879835,0.12339578,0.12889816,56606b15d2b731af30344a33ca6a11986ff650ae53432c98fbcf22f64c67d7e6,e62f8a6f32803faa0a30e452fc6487a96ed8c9d9fca0ab49a588ea55f7a68cdf,b45bfe49a9c1a87a2c90e3878e8754a9819f8bde4717653d6fb44fa920ff1e90,6840be3
eviddie-19940419-19940419,19940419,19940419,rare,test2,0,EviDDIE,The risk or severity of electrolyte imbalance increase,DB00687,DB00436,1,1,0.50107807,0.84921408,0.1750204,0.18009827,56606b15d2b731af30344a33ca6a11986ff650ae53432c98fbcf22f64c67d7e6,e62f8a6f32803faa0a30e452fc6487a96ed8c9d9fca0ab49a588ea55f7a68cdf,b45bfe49a9c1a87a2c90e3878e8754a9819f8bde4717653d6fb44fa920ff1e90,6840be3
eviddie-19940419-19940419,19940419,19940419,rare,test2,0,EviDDIE,The risk or severity of electrolyte imbalance increase,DB00741,DB00436,1,1,0.5012176,0.88402462,0.12843545,0.13394491,56606b15d2b731af30344a33ca6a11986ff650ae53432c98fbcf22f64c67d7e6,e62f8a6f32803faa0a30e452fc6487a96ed8c9d9fca0ab49a588ea55f7a68cdf,b45bfe49a9c1a87a2c90e3878e8754a9819f8bde4717653d6fb44fa920ff1e90,6840be3
eviddie-19940419-19940419,19940419,19940419,rare,test2,0,EviDDIE,The risk or severity of electrolyte imbalance increase,DB00764,DB00436,1,1,0.50114459,0.86121696,0.15848976,0.16380559,56606b15d2b731af30344a33ca6a11986ff650ae53432c98fbcf22f64c67d7e6,e62f8a6f32803faa0a30e452fc6487a96ed8c9d9fca0ab49a588ea55f7a68cdf,b45bfe49a9c1a87a2c90e3878e8754a9819f8bde4717653d6fb44fa920ff1e90,6840be3
eviddie-19940419-19940419,19940419,19940419,rare,test2,0,EviDDIE,The risk or severity of electrolyte imbalance increase,DB00860,DB00436,1,1,0.50119418,0.87528491,0.13975643,0.14521381,56606b15d2b731af30344a33ca6a11986ff650ae53432c98fbcf22f64c67d7e6,e62f8a6f32803faa0a30e452fc6487a96ed8c9d9fca0ab49a588ea55f7a68cdf,b45bfe49a9c1a87a2c90e3878e8754a9819f8bde4717653d6fb44fa920ff1e90,6840be3
eviddie-19940419-19940419,19940419,19940419,rare,test2,0,EviDDIE,The risk or severity of electrolyte imbalance increase,DB00959,DB00436,1,1,0.50121993,0.88532829,0.12676853,0.13228038,56606b15d2b731af30344a33ca6a11986ff650ae53432c98fbcf22f64c67d7e6,e62f8a6f32803faa0a30e452fc6487a96ed8c9d9fca0ab49a588ea55f7a68cdf,b45bfe49a9c1a87a2c90e3878e8754a9819f8bde4717653d6fb44fa920ff1e90,6840be3
eviddie-19940419-19940419,19940419,19940419,rare,test2,0,EviDDIE,The risk or severity of electrolyte imbalance increase,DB01108,DB00436,1,1,0.50093985,0.83026373,0.20217264,0.20670058,56606b15d2b731af30344a33ca6a11986ff650ae53432c98fbcf22f64c67d7e6,e62f8a6f32803faa0a30e452fc6487a96ed8c9d9fca0ab49a588ea55f7a68cdf,b45bfe49a9c1a87a2c90e3878e8754a9819f8bde4717653d6fb44fa920ff1e90,6840be3
eviddie-19940419-19940419,19940419,19940419,rare,test2,0,EviDDIE,The risk or severity of electrolyte imbalance increase,DB01222,DB00436,1,1,0.50117141,0.91119432,0.09488967,0.10003189,56606b15d2b731af30344a33ca6a11986ff650ae53432c98fbcf22f64c67d7e6,e62f8a6f32803faa0a30e452fc6487a96ed8c9d9fca0ab49a588ea55f7a68cdf,b45bfe49a9c1a87a2c90e3878e8754a9819f8bde4717653d6fb44fa920ff1e90,6840be3
eviddie-19940419-19940419,19940419,19940419,rare,test2,0,EviDDIE,The risk or severity of electrolyte imbalance increase,DB01234,DB00436,1,1,0.50099432,0.93922204,0.06259362,0.06682837,56606b15d2b731af30344a33ca6a11986ff650ae53432c98fbcf22f64c67d7e6,e62f8a6f32803faa0a30e452fc6487a96ed8c9d9fca0ab49a588ea55f7a68cdf,b45bfe49a9c1a87a2c90e3878e8754a9819f8bde4717653d6fb44fa920ff1e90,6840be3
eviddie-19940419-19940419,19940419,19940419,rare,test2,0,EviDDIE,The risk or severity of electrolyte imbalance increase,DB01380,DB00436,1,1,0.50120437,0.87867683,0.13533346,0.14081627,56606b15d2b731af30344a33ca6a11986ff650ae53432c98fbcf22f64c67d7e6,e62f8a6f32803faa0a30e452fc6487a96ed8c9d9fca0ab49a588ea55f7a68cdf,b45bfe49a9c1a87a2c90e3878e8754a9819f8bde4717653d6fb44fa920ff1e90,6840be3
eviddie-19940419-19940419,19940419,19940419,rare,test2,0,EviDDIE,The risk or severity of electrolyte imbalance increase,DB01384,DB00436,1,1,0.50104731,0.84497988,0.18098111,0.18593903,56606b15d2b731af30344a33ca6a11986ff650ae53432c98fbcf22f64c67d7e6,e62f8a6f32803faa0a30e452fc6487a96ed8c9d9fca0ab49a588ea55f7a68cdf,b45bfe49a9c1a87a2c90e3878e8754a9819f8bde4717653d6fb44fa920ff1e90,6840be3
eviddie-19940419-19940419,19940419,19940419,rare,test2,0,EviDDIE,The risk or severity of electrolyte imbalance increase,DB01410,DB00436,1,1,0.50116193,0.86558592,0.15260212,0.15797146,56606b15d2b731af30344a33ca6a11986ff650ae53432c98fbcf22f64c67d7e6,e62f8a6f32803faa0a30e452fc6487a96ed8c9d9fca0ab49a588ea55f7a68cdf,b45bfe49a9c1a87a2c90e3878e8754a9819f8bde4717653d6fb44fa920ff1e90,6840be3
eviddie-19940419-19940419,19940419,19940419,rare,test2,0,EviDDIE,The risk or severity of electrolyte imbalance increase,DB04630,DB00436,1,1,0.50116885,0.91022402,0.09606234,0.10119893,56606b15d2b731af30344a33ca6a11986ff650ae53432c98fbcf22f64c67d7e6,e62f8a6f32803faa0a30e452fc6487a96ed8c9d9fca0ab49a588ea55f7a68cdf,b45bfe49a9c1a87a2c90e3878e8754a9819f8bde4717653d6fb44fa920ff1e90,6840be3
eviddie-19940419-19940419,19940419,19940419,rare,test2,0,EviDDIE,The risk or severity of electrolyte imbalance increase,DB08906,DB00436,1,1,0.50110352,0.85391843,0.16848755,0.17365654,56606b15d2b731af30344a33ca6a11986ff650ae53432c98fbcf22f64c67d7e6,e62f8a6f32803faa0a30e452fc6487a96ed8c9d9fca0ab49a588ea55f7a68cdf,b45bfe49a9c1a87a2c90e3878e8754a9819f8bde4717653d6fb44fa920ff1e90,6840be3
eviddie-19940419-19940419,19940419,19940419,rare,test2,0,EviDDIE,The risk or severity of electrolyte imbalance increase,DB11921,DB00436,1,1,0.50122321,0.89418489,0.11560097,0.12107281,56606b15d2b731af30344a33ca6a11986ff650ae53432c98fbcf22f64c67d7e6,e62f8a6f32803faa0a30e452fc6487a96ed8c9d9fca0ab49a588ea55f7a68cdf,b45bfe49a9c1a87a2c90e3878e8754a9819f8bde4717653d6fb44fa920ff1e90,6840be3
eviddie-19940419-19940419,19940419,19940419,rare,test2,0,EviDDIE,The risk or severity of electrolyte imbalance increase,DB13003,DB00436,1,1,0.5012179,0.89699352,0.11211985,0.11755076,56606b15d2b731af30344a33ca6a11986ff650ae53432c98fbcf22f64c67d7e6,e62f8a6f32803faa0a30e452fc6487a96ed8c9d9fca0ab49a588ea55f7a68cdf,b45bfe49a9c1a87a2c90e3878e8754a9819f8bde4717653d6fb44fa920ff1e90,6840be3
eviddie-19940419-19940419,19940419,19940419,rare,test2,0,EviDDIE,The risk or severity of electrolyte imbalance increase,DB13867,DB00436,1,1,0.50111222,0.85553282,0.16626213,0.17146236,56606b15d2b731af30344a33ca6a11986ff650ae53432c98fbcf22f64c67d7e6,e62f8a6f32803faa0a30e452fc6487a96ed8c9d9fca0ab49a588ea55f7a68cdf,b45bfe49a9c1a87a2c90e3878e8754a9819f8bde4717653d6fb44fa920ff1e90,6840be3
eviddie-19940419-19940419,19940419,19940419,rare,test2,0,EviDDIE,The risk or severity of electrolyte imbalance increase,DB14512,DB00436,1,1,0.50122029,0.89102942,0.11955833,0.12503645,56606b15d2b731af30344a33ca6a11986ff650ae53432c98fbcf22f64c67d7e6,e62f8a6f32803faa0a30e452fc6487a96ed8c9d9fca0ab49a588ea55f7a68cdf,b45bfe49a9c1a87a2c90e3878e8754a9819f8bde4717653d6fb44fa920ff1e90,6840be3
eviddie-19940419-19940419,19940419,19940419,rare,test2,0,EviDDIE,The risk or severity of electrolyte imbalance increase,DB14538,DB00436,1,1,0.50112706,0.85783869,0.16309263,0.16834809,56606b15d2b731af30344a33ca6a11986ff650ae53432c98fbcf22f64c67d7e6,e62f8a6f32803faa0a30e452fc6487a96ed8c9d9fca0ab49a588ea55f7a68cdf,b45bfe49a9c1a87a2c90e3878e8754a9819f8bde4717653d6fb44fa920ff1e90,6840be3
eviddie-19940419-19940419,19940419,19940419,rare,test2,0,EviDDIE,The risk or severity of electrolyte imbalance increase,DB14539,DB00436,1,1,0.5012008,0.87755996,0.1367867,0.14225994,56606b15d2b731af30344a33ca6a11986ff650ae53432c98fbcf22f64c67d7e6,e62f8a6f32803faa0a30e452fc6487a96ed8c9d9fca0ab49a588ea55f7a68cdf,b45bfe49a9c1a87a2c90e3878e8754a9819f8bde4717653d6fb44fa920ff1e90,6840be3
eviddie-19940419-19940419,19940419,19940419,rare,test2,0,EviDDIE,The risk or severity of electrolyte imbalance increase,DB14541,DB00436,1,1,0.50112146,0.85680217,0.16451293,0.16974828,56606b15d2b731af30344a33ca6a11986ff650ae53432c98fbcf22f64c67d7e6,e62f8a6f32803faa0a30e452fc6487a96ed8c9d9fca0ab49a588ea55f7a68cdf,b45bfe49a9c1a87a2c90e3878e8754a9819f8bde4717653d6fb44fa920ff1e90,6840be3
eviddie-19940419-19940419,19940419,19940419,rare,test2,0,EviDDIE,The risk or severity of electrolyte imbalance increase,DB14631,DB00436,1,1,0.50069243,0.96532685,0.03448402,0.03735311,56606b15d2b731af30344a33ca6a11986ff650ae53432c98fbcf22f64c67d7e6,e62f8a6f32803faa0a30e452fc6487a96ed8c9d9fca0ab49a588ea55f7a68cdf,b45bfe49a9c1a87a2c90e3878e8754a9819f8bde4717653d6fb44fa920ff1e90,6840be3
eviddie-19940419-19940419,19940419,19940419,rare,test2,0,EviDDIE,The risk or severity of electrolyte imbalance increase,DB14669,DB00436,1,1,0.50068963,0.96551383,0.03428937,0.0371465,56606b15d2b731af30344a33ca6a11986ff650ae53432c98fbcf22f64c67d7e6,e62f8a6f32803faa0a30e452fc6487a96ed8c9d9fca0ab49a588ea55f7a68cdf,b45bfe49a9c1a87a2c90e3878e8754a9819f8bde4717653d6fb44fa920ff1e90,6840be3
eviddie-19940419-19940419,19940419,19940419,rare,test2,0,EviDDIE,The risk or severity of electrolyte imbalance increase,DB00663,DB00436,1,1,0.5009678,0.83448553,0.19602373,0.20066266,56606b15d2b731af30344a33ca6a11986ff650ae53432c98fbcf22f64c67d7e6,e62f8a6f32803faa0a30e452fc6487a96ed8c9d9fca0ab49a588ea55f7a68cdf,b45bfe49a9c1a87a2c90e3878e8754a9819f8bde4717653d6fb44fa920ff1e90,6840be3
eviddie-19940419-19940419,19940419,19940419,rare,test2,0,EviDDIE,The risk or severity of electrolyte imbalance increase,DB00846,DB00436,1,1,0.50118709,0.90796357,0.09875106,0.10398068,56606b15d2b731af30344a33ca6a11986ff650ae53432c98fbcf22f64c67d7e6,e62f8a6f32803faa0a30e452fc6487a96ed8c9d9fca0ab49a588ea55f7a68cdf,b45bfe49a9c1a87a2c90e3878e8754a9819f8bde4717653d6fb44fa920ff1e90,6840be3
eviddie-19940419-19940419,19940419,19940419,rare,test2,0,EviDDIE,The risk or severity of electrolyte imbalance increase,DB14596,DB00436,1,1,0.50119561,0.90304607,0.1047153,0.11001117,56606b15d2b731af30344a33ca6a11986ff650ae53432c98fbcf22f64c67d7e6,e62f8a6f32803faa0a30e452fc6487a96ed8c9d9fca0ab49a588ea55f7a68cdf,b45bfe49a9c1a87a2c90e3878e8754a9819f8bde4717653d6fb44fa920ff1e90,6840be3
eviddie-19940419-19940419,19940419,19940419,rare,test2,0,EviDDIE,The risk or severity of electrolyte imbalance increase,DB00896,DB00436,1,1,0.5011912,0.87313354,0.14257166,0.14802875,56606b15d2b731af30344a33ca6a11986ff650ae53432c98fbcf22f64c67d7e6,e62f8a6f32803faa0a30e452fc6487a96ed8c9d9fca0ab49a588ea55f7a68cdf,b45bfe49a9c1a87a2c90e3878e8754a9819f8bde4717653d6fb44fa920ff1e90,6840be3
eviddie-19940419-19940419,19940419,19940419,rare,test2,0,EviDDIE,The risk or severity of electrolyte imbalance increase,DB01013,DB00436,1,1,0.50122309,0.88842338,0.1228361,0.12834282,56606b15d2b731af30344a33ca6a11986ff650ae53432c98fbcf22f64c67d7e6,e62f8a6f32803faa0a30e452fc6487a96ed8c9d9fca0ab49a588ea55f7a68cdf,b45bfe49a9c1a87a2c90e3878e8754a9819f8bde4717653d6fb44fa920ff1e90,6840be3
eviddie-19940419-19940419,19940419,19940419,rare,test2,0,EviDDIE,The risk or severity of electrolyte imbalance increase,DB01047,DB00436,1,1,0.50122231,0.8885172,0.12271932,0.12822197,56606b15d2b731af30344a33ca6a11986ff650ae53432c98fbcf22f64c67d7e6,e62f8a6f32803faa0a30e452fc6487a96ed8c9d9fca0ab49a588ea55f7a68cdf,b45bfe49a9c1a87a2c90e3878e8754a9819f8bde4717653d6fb44fa920ff1e90,6840be3
eviddie-19940419-19940419,19940419,19940419,rare,test2,0,EviDDIE,The risk or severity of electrolyte imbalance increase,DB01130,DB00436,1,1,0.50121337,0.88299072,0.12976639,0.13526312,56606b15d2b731af30344a33ca6a11986ff650ae53432c98fbcf22f64c67d7e6,e62f8a6f32803faa0a30e452fc6487a96ed8c9d9fca0ab49a588ea55f7a68cdf,b45bfe49a9c1a87a2c90e3878e8754a9819f8bde4717653d6fb44fa920ff1e90,6840be3
eviddie-19940419-19940419,19940419,19940419,rare,test2,0,EviDDIE,The risk or severity of electrolyte imbalance increase,DB01260,DB00436,1,1,0.50107688,0.84897232,0.17535782,0.1804316,56606b15d2b731af30344a33ca6a11986ff650ae53432c98fbcf22f64c67d7e6,e62f8a6f32803faa0a30e452fc6487a96ed8c9d9fca0ab49a588ea55f7a68cdf,b45bfe49a9c1a87a2c90e3878e8754a9819f8bde4717653d6fb44fa920ff1e90,6840be3
eviddie-19940419-19940419,19940419,19940419,rare,test2,0,EviDDIE,The risk or severity of electrolyte imbalance increase,DB06781,DB00436,1,1,0.50109166,0.85136652,0.17201765,0.17714675,56606b15d2b731af30344a33ca6a11986ff650ae53432c98fbcf22f64c67d7e6,e62f8a6f32803faa0a30e452fc6487a96ed8c9d9fca0ab49a588ea55f7a68cdf,b45bfe49a9c1a87a2c90e3878e8754a9819f8bde4717653d6fb44fa920ff1e90,6840be3
eviddie-19940419-19940419,19940419,19940419,rare,test2,0,EviDDIE,The risk or severity of electrolyte imbalance increase,DB06786,DB00436,1,1,0.50112259,0.91907448,0.08560812,0.09049398,56606b15d2b731af30344a33ca6a11986ff650ae53432c98fbcf22f64c67d7e6,e62f8a6f32803faa0a30e452fc6487a96ed8c9d9fca0ab49a588ea55f7a68cdf,b45bfe49a9c1a87a2c90e3878e8754a9819f8bde4717653d6fb44fa920ff1e90,6840be3
eviddie-19940419-19940419,19940419,19940419,rare,test2,0,EviDDIE,The risk or severity of electrolyte imbalance increase,DB09095,DB00436,1,1,0.50108945,0.85100377,0.17252268,0.17764333,56606b15d2b731af30344a33ca6a11986ff650ae53432c98fbcf22f64c67d7e6,e62f8a6f32803faa0a30e452fc6487a96ed8c9d9fca0ab49a588ea55f7a68cdf,b45bfe49a9c1a87a2c90e3878e8754a9819f8bde4717653d6fb44fa920ff1e90,6840be3
eviddie-19940419-19940419,19940419,19940419,rare,test2,0,EviDDIE,The risk or severity of electrolyte imbalance increase,DB13158,DB00436,1,1,0.50119406,0.87516063,0.13991851,0.14537615,56606b15d2b731af30344a33ca6a11986ff650ae53432c98fbcf22f64c67d7e6,e62f8a6f32803faa0a30e452fc6487a96ed8c9d9fca0ab49a588ea55f7a68cdf,b45bfe49a9c1a87a2c90e3878e8754a9819f8bde4717653d6fb44fa920ff1e90,6840be3
eviddie-19940419-19940419,19940419,19940419,rare,test2,0,EviDDIE,The risk or severity of electrolyte imbalance increase,DB14540,DB00436,1,1,0.50120187,0.87796813,0.13625564,0.1417314,56606b15d2b731af30344a33ca6a11986ff650ae53432c98fbcf22f64c67d7e6,e62f8a6f32803faa0a30e452fc6487a96ed8c9d9fca0ab49a588ea55f7a68cdf,b45bfe49a9c1a87a2c90e3878e8754a9819f8bde4717653d6fb44fa920ff1e90,6840be3
eviddie-19940419-19940419,19940419,19940419,rare,test2,0,EviDDIE,The risk or severity of electrolyte imbalance increase,DB14543,DB00436,1,1,0.50120342,0.87855196,0.13549708,0.14097621,56606b15d2b731af30344a33ca6a11986ff650ae53432c98fbcf22f64c67d7e6,e62f8a6f32803faa0a30e452fc6487a96ed8c9d9fca0ab49a588ea55f7a68cdf,b45bfe49a9c1a87a2c90e3878e8754a9819f8bde4717653d6fb44fa920ff1e90,6840be3
eviddie-19940419-19940419,19940419,19940419,rare,test2,0,EviDDIE,The risk or severity of electrolyte imbalance increase,DB14544,DB00436,1,1,0.50120234,0.87816888,0.13599464,0.14147155,56606b15d2b731af30344a33ca6a11986ff650ae53432c98fbcf22f64c67d7e6,e62f8a6f32803faa0a30e452fc6487a96ed8c9d9fca0ab49a588ea55f7a68cdf,b45bfe49a9c1a87a2c90e3878e8754a9819f8bde4717653d6fb44fa920ff1e90,6840be3
eviddie-19940419-19940419,19940419,19940419,rare,test2,0,EviDDIE,The risk or severity of electrolyte imbalance increase,DB15566,DB00436,1,1,0.50121731,0.88919371,0.12187636,0.1273524,56606b15d2b731af30344a33ca6a11986ff650ae53432c98fbcf22f64c67d7e6,e62f8a6f32803faa0a30e452fc6487a96ed8c9d9fca0ab49a588ea55f7a68cdf,b45bfe49a9c1a87a2c90e3878e8754a9819f8bde4717653d6fb44fa920ff1e90,6840be3
eviddie-19940419-19940419,19940419,19940419,rare,test2,0,EviDDIE,The risk or severity of electrolyte imbalance increase,DB00443,DB01021,1,1,0.50089645,0.94963086,0.05115269,0.05492873,56606b15d2b731af30344a33ca6a11986ff650ae53432c98fbcf22f64c67d7e6,e62f8a6f32803faa0a30e452fc6487a96ed8c9d9fca0ab49a588ea55f7a68cdf,b45bfe49a9c1a87a2c90e3878e8754a9819f8bde4717653d6fb44fa920ff1e90,6840be3
eviddie-19940419-19940419,19940419,19940419,rare,test2,0,EviDDIE,The risk or severity of electrolyte imbalance increase,DB00588,DB01021,1,1,0.50103611,0.93364501,0.0688514,0.07329033,56606b15d2b731af30344a33ca6a11986ff650ae53432c98fbcf22f64c67d7e6,e62f8a6f32803faa0a30e452fc6487a96ed8c9d9fca0ab49a588ea55f7a68cdf,b45bfe49a9c1a87a2c90e3878e8754a9819f8bde4717653d6fb44fa920ff1e90,6840be3
eviddie-19940419-19940419,19940419,19940419,rare,test2,0,EviDDIE,The risk or severity of electrolyte imbalance increase,DB00591,DB01021,1,1,0.50102836,0.93470842,0.06765201,0.07205277,56606b15d2b731af30344a33ca6a11986ff650ae53432c98fbcf22f64c67d7e6,e62f8a6f32803faa0a30e452fc6487a96ed8c9d9fca0ab49a588ea55f7a68cdf,b45bfe49a9c1a87a2c90e3878e8754a9819f8bde4717653d6fb44fa920ff1e90,6840be3
eviddie-19940419-19940419,19940419,19940419,rare,test2,0,EviDDIE,The risk or severity of electrolyte imbalance increase,DB00620,DB01021,1,1,0.50089288,0.94999504,0.05075754,0.05451677,56606b15d2b731af30344a33ca6a11986ff650ae53432c98fbcf22f64c67d7e6,e62f8a6f32803faa0a30e452fc6487a96ed8c9d9fca0ab49a588ea55f7a68cdf,b45bfe49a9c1a87a2c90e3878e8754a9819f8bde4717653d6fb44fa920ff1e90,6840be3
eviddie-19940419-19940419,19940419,19940419,rare,test2,0,EviDDIE,The risk or severity of electrolyte imbalance increase,DB00635,DB01021,1,1,0.50095075,0.9435007,0.05786724,0.06189793,56606b15d2b731af30344a33ca6a11986ff650ae53432c98fbcf22f64c67d7e6,e62f8a6f32803faa0a30e452fc6487a96ed8c9d9fca0ab49a588ea55f7a68cdf,b45bfe49a9c1a87a2c90e3878e8754a9819f8bde4717653d6fb44fa920ff1e90,6840be3
eviddie-19940419-19940419,19940419,19940419,rare,test2,0,EviDDIE,The risk or severity of electrolyte imbalance increase,DB00663,DB01021,1,1,0.50118256,0.8724013,0.14355047,0.14897257,56606b15d2b731af30344a33ca6a11986ff650ae53432c98fbcf22f64c67d7e6,e62f8a6f32803faa0a30e452fc6487a96ed8c9d9fca0ab49a588ea55f7a68cdf,b45bfe49a9c1a87a2c90e3878e8754a9819f8bde4717653d6fb44fa920ff1e90,6840be3
eviddie-19940419-19940419,19940419,19940419,rare,test2,0,EviDDIE,The risk or severity of electrolyte imbalance increase,DB00687,DB01021,1,1,0.50120175,0.90023184,0.10815496,0.11349492,56606b15d2b731af30344a33ca6a11986ff650ae53432c98fbcf22f64c67d7e6,e62f8a6f32803faa0a30e452fc6487a96ed8c9d9fca0ab49a588ea55f7a68cdf,b45bfe49a9c1a87a2c90e3878e8754a9819f8bde4717653d6fb44fa920ff1e90,6840be3
eviddie-19940419-19940419,19940419,19940419,rare,test2,0,EviDDIE,The risk or severity of electrolyte imbalance increase,DB00741,DB01021,1,1,0.50102794,0.93438327,0.06802446,0.07242491,56606b15d2b731af30344a33ca6a11986ff650ae53432c98fbcf22f64c67d7e6,e62f8a6f32803faa0a30e452fc6487a96ed8c9d9fca0ab49a588ea55f7a68cdf,b45bfe49a9c1a87a2c90e3878e8754a9819f8bde4717653d6fb44fa920ff1e90,6840be3
eviddie-19940419-19940419,19940419,19940419,rare,test2,0,EviDDIE,The risk or severity of electrolyte imbalance increase,DB00764,DB01021,1,1,0.50112444,0.91868806,0.0860607,0.09095673,56606b15d2b731af30344a33ca6a11986ff650ae53432c98fbcf22f64c67d7e6,e62f8a6f32803faa0a30e452fc6487a96ed8c9d9fca0ab49a588ea55f7a68cdf,b45bfe49a9c1a87a2c90e3878e8754a9819f8bde4717653d6fb44fa920ff1e90,6840be3
eviddie-19940419-19940419,19940419,19940419,rare,test2,0,EviDDIE,The risk or severity of electrolyte imbalance increase,DB00846,DB01021,1,1,0.50090438,0.94896287,0.05187606,0.05568805,56606b15d2b731af30344a33ca6a11986ff650ae53432c98fbcf22f64c67d7e6,e62f8a6f32803faa0a30e452fc6487a96ed8c9d9fca0ab49a588ea55f7a68cdf,b45bfe49a9c1a87a2c90e3878e8754a9819f8bde4717653d6fb44fa920ff1e90,6840be3
eviddie-19940419-19940419,19940419,19940419,rare,test2,0,EviDDIE,The risk or severity of electrolyte imbalance increase,DB00860,DB01021,1,1,0.50112176,0.92026246,0.08420875,0.08908452,56606b15d2b731af30344a33ca6a11986ff650ae53432c98fbcf22f64c67d7e6,e62f8a6f32803faa0a30e452fc6487a96ed8c9d9fca0ab49a588ea55f7a68cdf,b45bfe49a9c1a87a2c90e3878e8754a9819f8bde4717653d6fb44fa920ff1e90,6840be3
eviddie-19940419-19940419,19940419,19940419,rare,test2,0,EviDDIE,The risk or severity of electrolyte imbalance increase,DB14596,DB01021,1,1,0.5008992,0.94879889,0.05206886,0.05585961,56606b15d2b731af30344a33ca6a11986ff650ae53432c98fbcf22f64c67d7e6,e62f8a6f32803faa0a30e452fc6487a96ed8c9d9fca0ab49a588ea55f7a68cdf,b45bfe49a9c1a87a2c90e3878e8754a9819f8bde4717653d6fb44fa920ff1e90,6840be3
eviddie-19940419-19940419,19940419,19940419,rare,test2,0,EviDDIE,The risk or severity of electrolyte imbalance increase,DB00896,DB01021,1,1,0.50113487,0.91842866,0.08634471,0.09128752,56606b15d2b731af30344a33ca6a11986ff650ae53432c98fbcf22f64c67d7e6,e62f8a6f32803faa0a30e452fc6487a96ed8c9d9fca0ab49a588ea55f7a68cdf,b45bfe49a9c1a87a2c90e3878e8754a9819f8bde4717653d6fb44fa920ff1e90,6840be3
eviddie-19940419-19940419,19940419,19940419,rare,test2,0,EviDDIE,The risk or severity of electrolyte imbalance increase,DB00959,DB01021,1,1,0.50099492,0.93860692,0.0632887,0.06752875,56606b15d2b731af30344a33ca6a11986ff650ae53432c98fbcf22f64c67d7e6,e62f8a6f32803faa0a30e452fc6487a96ed8c9d9fca0ab49a588ea55f7a68cdf,b45bfe49a9c1a87a2c90e3878e8754a9819f8bde4717653d6fb44fa920ff1e90,6840be3
eviddie-19940419-19940419,19940419,19940419,rare,test2,0,EviDDIE,The risk or severity of electrolyte imbalance increase,DB01013,DB01021,1,1,0.50106007,0.93058711,0.07231215,0.07686878,56606b15d2b731af30344a33ca6a11986ff650ae53432c98fbcf22f64c67d7e6,e62f8a6f32803faa0a30e452fc6487a96ed8c9d9fca0ab49a588ea55f7a68cdf,b45bfe49a9c1a87a2c90e3878e8754a9819f8bde4717653d6fb44fa920ff1e90,6840be3
eviddie-19940419-19940419,19940419,19940419,rare,test2,0,EviDDIE,The risk or severity of electrolyte imbalance increase,DB01108,DB01021,1,1,0.50117117,0.86846036,0.14876606,0.1541601,56606b15d2b731af30344a33ca6a11986ff650ae53432c98fbcf22f64c67d7e6,e62f8a6f32803faa0a30e452fc6487a96ed8c9d9fca0ab49a588ea55f7a68cdf,b45bfe49a9c1a87a2c90e3878e8754a9819f8bde4717653d6fb44fa920ff1e90,6840be3
eviddie-19940419-19940419,19940419,19940419,rare,test2,0,EviDDIE,The risk or severity of electrolyte imbalance increase,DB01222,DB01021,1,1,0.50084352,0.95412046,0.04631744,0.04985377,56606b15d2b731af30344a33ca6a11986ff650ae53432c98fbcf22f64c67d7e6,e62f8a6f32803faa0a30e452fc6487a96ed8c9d9fca0ab49a588ea55f7a68cdf,b45bfe49a9c1a87a2c90e3878e8754a9819f8bde4717653d6fb44fa920ff1e90,6840be3
eviddie-19940419-19940419,19940419,19940419,rare,test2,0,EviDDIE,The risk or severity of electrolyte imbalance increase,DB01234,DB01021,1,1,0.5005734,0.97299725,0.0265737,0.02893073,56606b15d2b731af30344a33ca6a11986ff650ae53432c98fbcf22f64c67d7e6,e62f8a6f32803faa0a30e452fc6487a96ed8c9d9fca0ab49a588ea55f7a68cdf,b45bfe49a9c1a87a2c90e3878e8754a9819f8bde4717653d6fb44fa920ff1e90,6840be3
eviddie-19940419-19940419,19940419,19940419,rare,test2,0,EviDDIE,The risk or severity of electrolyte imbalance increase,DB01380,DB01021,1,1,0.50106728,0.92871714,0.07445588,0.0790524,56606b15d2b731af30344a33ca6a11986ff650ae53432c98fbcf22f64c67d7e6,e62f8a6f32803faa0a30e452fc6487a96ed8c9d9fca0ab49a588ea55f7a68cdf,b45bfe49a9c1a87a2c90e3878e8754a9819f8bde4717653d6fb44fa920ff1e90,6840be3
eviddie-19940419-19940419,19940419,19940419,rare,test2,0,EviDDIE,The risk or severity of electrolyte imbalance increase,DB01384,DB01021,1,1,0.5012185,0.89233792,0.11792073,0.12338287,56606b15d2b731af30344a33ca6a11986ff650ae53432c98fbcf22f64c67d7e6,e62f8a6f32803faa0a30e452fc6487a96ed8c9d9fca0ab49a588ea55f7a68cdf,b45bfe49a9c1a87a2c90e3878e8754a9819f8bde4717653d6fb44fa920ff1e90,6840be3
eviddie-19940419-19940419,19940419,19940419,rare,test2,0,EviDDIE,The risk or severity of electrolyte imbalance increase,DB01410,DB01021,1,1,0.50114596,0.91482252,0.09060287,0.09561347,56606b15d2b731af30344a33ca6a11986ff650ae53432c98fbcf22f64c67d7e6,e62f8a6f32803faa0a30e452fc6487a96ed8c9d9fca0ab49a588ea55f7a68cdf,b45bfe49a9c1a87a2c90e3878e8754a9819f8bde4717653d6fb44fa920ff1e90,6840be3
eviddie-19940419-19940419,19940419,19940419,rare,test2,0,EviDDIE,The risk or severity of electrolyte imbalance increase,DB04630,DB01021,1,1,0.50082642,0.95504421,0.04534137,0.04880264,56606b15d2b731af30344a33ca6a11986ff650ae53432c98fbcf22f64c67d7e6,e62f8a6f32803faa0a30e452fc6487a96ed8c9d9fca0ab49a588ea55f7a68cdf,b45bfe49a9c1a87a2c90e3878e8754a9819f8bde4717653d6fb44fa920ff1e90,6840be3
eviddie-19940419-19940419,19940419,19940419,rare,test2,0,EviDDIE,The risk or severity of electrolyte imbalance increase,DB08906,DB01021,1,1,0.50115937,0.91107714,0.09505671,0.10014707,56606b15d2b731af30344a33ca6a11986ff650ae53432c98fbcf22f64c67d7e6,e62f8a6f32803faa0a30e452fc6487a96ed8c9d9fca0ab49a588ea55f7a68cdf,b45bfe49a9c1a87a2c90e3878e8754a9819f8bde4717653d6fb44fa920ff1e90,6840be3
eviddie-19940419-19940419,19940419,19940419,rare,test2,0,EviDDIE,The risk or severity of electrolyte imbalance increase,DB11921,DB01021,1,1,0.50092798,0.94586033,0.05527636,0.05920081,56606b15d2b731af30344a33ca6a11986ff650ae53432c98fbcf22f64c67d7e6,e62f8a6f32803faa0a30e452fc6487a96ed8c9d9fca0ab49a588ea55f7a68cdf,b45bfe49a9c1a87a2c90e3878e8754a9819f8bde4717653d6fb44fa920ff1e90,6840be3
eviddie-19940419-19940419,19940419,19940419,rare,test2,0,EviDDIE,The risk or severity of electrolyte imbalance increase,DB13003,DB01021,1,1,0.50090992,0.94778425,0.05317239,0.05701258,56606b15d2b731af30344a33ca6a11986ff650ae53432c98fbcf22f64c67d7e6,e62f8a6f32803faa0a30e452fc6487a96ed8c9d9fca0ab49a588ea55f7a68cdf,b45bfe49a9c1a87a2c90e3878e8754a9819f8bde4717653d6fb44fa920ff1e90,6840be3
eviddie-19940419-19940419,19940419,19940419,rare,test2,0,EviDDIE,The risk or severity of electrolyte imbalance increase,DB13867,DB01021,1,1,0.50114214,0.91443044,0.09107876,0.09607489,56606b15d2b731af30344a33ca6a11986ff650ae53432c98fbcf22f64c67d7e6,e62f8a6f32803faa0a30e452fc6487a96ed8c9d9fca0ab49a588ea55f7a68cdf,b45bfe49a9c1a87a2c90e3878e8754a9819f8bde4717653d6fb44fa920ff1e90,6840be3
eviddie-19940419-19940419,19940419,19940419,rare,test2,0,EviDDIE,The risk or severity of electrolyte imbalance increase,DB14512,DB01021,1,1,0.5009433,0.94397742,0.05734892,0.06134595,56606b15d2b731af30344a33ca6a11986ff650ae53432c98fbcf22f64c67d7e6,e62f8a6f32803faa0a30e452fc6487a96ed8c9d9fca0ab49a588ea55f7a68cdf,b45bfe49a9c1a87a2c90e3878e8754a9819f8bde4717653d6fb44fa920ff1e90,6840be3
eviddie-19940419-19940419,19940419,19940419,rare,test2,0,EviDDIE,The risk or severity of electrolyte imbalance increase,DB14538,DB01021,1,1,0.50114411,0.91446131,0.09103772,0.09604212,56606b15d2b731af30344a33ca6a11986ff650ae53432c98fbcf22f64c67d7e6,e62f8a6f32803faa0a30e452fc6487a96ed8c9d9fca0ab49a588ea55f7a68cdf,b45bfe49a9c1a87a2c90e3878e8754a9819f8bde4717653d6fb44fa920ff1e90,6840be3
eviddie-19940419-19940419,19940419,19940419,rare,test2,0,EviDDIE,The risk or severity of electrolyte imbalance increase,DB14539,DB01021,1,1,0.50103122,0.93298376,0.06961934,0.0740406,56606b15d2b731af30344a33ca6a11986ff650ae53432c98fbcf22f64c67d7e6,e62f8a6f32803faa0a30e452fc6487a96ed8c9d9fca0ab49a588ea55f7a68cdf,b45bfe49a9c1a87a2c90e3878e8754a9819f8bde4717653d6fb44fa920ff1e90,6840be3
eviddie-19940419-19940419,19940419,19940419,rare,test2,0,EviDDIE,The risk or severity of electrolyte imbalance increase,DB14541,DB01021,1,1,0.50115007,0.91320682,0.09252337,0.09756099,56606b15d2b731af30344a33ca6a11986ff650ae53432c98fbcf22f64c67d7e6,e62f8a6f32803faa0a30e452fc6487a96ed8c9d9fca0ab49a588ea55f7a68cdf,b45bfe49a9c1a87a2c90e3878e8754a9819f8bde4717653d6fb44fa920ff1e90,6840be3
eviddie-19940419-19940419,19940419,19940419,rare,test2,0,EviDDIE,The risk or severity of electrolyte imbalance increase,DB14631,DB01021,1,1,0.5003615,0.98475641,0.01474542,0.01621379,56606b15d2b731af30344a33ca6a11986ff650ae53432c98fbcf22f64c67d7e6,e62f8a6f32803faa0a30e452fc6487a96ed8c9d9fca0ab49a588ea55f7a68cdf,b45bfe49a9c1a87a2c90e3878e8754a9819f8bde4717653d6fb44fa920ff1e90,6840be3
eviddie-19940419-19940419,19940419,19940419,rare,test2,0,EviDDIE,The risk or severity of electrolyte imbalance increase,DB14669,DB01021,1,1,0.50036001,0.98483372,0.01466869,0.0161309,56606b15d2b731af30344a33ca6a11986ff650ae53432c98fbcf22f64c67d7e6,e62f8a6f32803faa0a30e452fc6487a96ed8c9d9fca0ab49a588ea55f7a68cdf,b45bfe49a9c1a87a2c90e3878e8754a9819f8bde4717653d6fb44fa920ff1e90,6840be3
eviddie-19940419-19940419,19940419,19940419,rare,test2,0,EviDDIE,The risk or severity of electrolyte imbalance increase,DB01047,DB01021,1,1,0.50104433,0.93263209,0.06999455,0.0744737,56606b15d2b731af30344a33ca6a11986ff650ae53432c98fbcf22f64c67d7e6,e62f8a6f32803faa0a30e452fc6487a96ed8c9d9fca0ab49a588ea55f7a68cdf,b45bfe49a9c1a87a2c90e3878e8754a9819f8bde4717653d6fb44fa920ff1e90,6840be3
eviddie-19940419-19940419,19940419,19940419,rare,test2,0,EviDDIE,The risk or severity of electrolyte imbalance increase,DB01130,DB01021,1,1,0.50111395,0.92214924,0.08200723,0.08683914,56606b15d2b731af30344a33ca6a11986ff650ae53432c98fbcf22f64c67d7e6,e62f8a6f32803faa0a30e452fc6487a96ed8c9d9fca0ab49a588ea55f7a68cdf,b45bfe49a9c1a87a2c90e3878e8754a9819f8bde4717653d6fb44fa920ff1e90,6840be3
eviddie-19940419-19940419,19940419,19940419,rare,test2,0,EviDDIE,The risk or severity of electrolyte imbalance increase,DB01260,DB01021,1,1,0.50122082,0.89417022,0.11562461,0.12108582,56606b15d2b731af30344a33ca6a11986ff650ae53432c98fbcf22f64c67d7e6,e62f8a6f32803faa0a30e452fc6487a96ed8c9d9fca0ab49a588ea55f7a68cdf,b45bfe49a9c1a87a2c90e3878e8754a9819f8bde4717653d6fb44fa920ff1e90,6840be3
eviddie-19940419-19940419,19940419,19940419,rare,test2,0,EviDDIE,The risk or severity of electrolyte imbalance increase,DB06781,DB01021,1,1,0.50121677,0.8974728,0.11152844,0.11695141,56606b15d2b731af30344a33ca6a11986ff650ae53432c98fbcf22f64c67d7e6,e62f8a6f32803faa0a30e452fc6487a96ed8c9d9fca0ab49a588ea55f7a68cdf,b45bfe49a9c1a87a2c90e3878e8754a9819f8bde4717653d6fb44fa920ff1e90,6840be3
eviddie-19940419-19940419,19940419,19940419,rare,test2,0,EviDDIE,The risk or severity of electrolyte imbalance increase,DB06786,DB01021,1,1,0.50070941,0.96405733,0.03581098,0.03875442,56606b15d2b731af30344a33ca6a11986ff650ae53432c98fbcf22f64c67d7e6,e62f8a6f32803faa0a30e452fc6487a96ed8c9d9fca0ab49a588ea55f7a68cdf,b45bfe49a9c1a87a2c90e3878e8754a9819f8bde4717653d6fb44fa920ff1e90,6840be3
eviddie-19940419-19940419,19940419,19940419,rare,test2,0,EviDDIE,The risk or severity of electrolyte imbalance increase,DB09095,DB01021,1,1,0.50118881,0.90378761,0.10382405,0.10908538,56606b15d2b731af30344a33ca6a11986ff650ae53432c98fbcf22f64c67d7e6,e62f8a6f32803faa0a30e452fc6487a96ed8c9d9fca0ab49a588ea55f7a68cdf,b45bfe49a9c1a87a2c90e3878e8754a9819f8bde4717653d6fb44fa920ff1e90,6840be3
eviddie-19940419-19940419,19940419,19940419,rare,test2,0,EviDDIE,The risk or severity of electrolyte imbalance increase,DB13158,DB01021,1,1,0.50107908,0.92658895,0.07689798,0.0815563,56606b15d2b731af30344a33ca6a11986ff650ae53432c98fbcf22f64c67d7e6,e62f8a6f32803faa0a30e452fc6487a96ed8c9d9fca0ab49a588ea55f7a68cdf,b45bfe49a9c1a87a2c90e3878e8754a9819f8bde4717653d6fb44fa920ff1e90,6840be3
eviddie-19940419-19940419,19940419,19940419,rare,test2,0,EviDDIE,The risk or severity of electrolyte imbalance increase,DB14540,DB01021,1,1,0.50102824,0.93340045,0.06914829,0.0735547,56606b15d2b731af30344a33ca6a11986ff650ae53432c98fbcf22f64c67d7e6,e62f8a6f32803faa0a30e452fc6487a96ed8c9d9fca0ab49a588ea55f7a68cdf,b45bfe49a9c1a87a2c90e3878e8754a9819f8bde4717653d6fb44fa920ff1e90,6840be3
eviddie-19940419-19940419,19940419,19940419,rare,test2,0,EviDDIE,The risk or severity of electrolyte imbalance increase,DB14543,DB01021,1,1,0.50102383,0.93399531,0.06847665,0.07286152,56606b15d2b731af30344a33ca6a11986ff650ae53432c98fbcf22f64c67d7e6,e62f8a6f32803faa0a30e452fc6487a96ed8c9d9fca0ab49a588ea55f7a68cdf,b45bfe49a9c1a87a2c90e3878e8754a9819f8bde4717653d6fb44fa920ff1e90,6840be3
eviddie-19940419-19940419,19940419,19940419,rare,test2,0,EviDDIE,The risk or severity of electrolyte imbalance increase,DB14544,DB01021,1,1,0.50102681,0.93359429,0.06892931,0.07332876,56606b15d2b731af30344a33ca6a11986ff650ae53432c98fbcf22f64c67d7e6,e62f8a6f32803faa0a30e452fc6487a96ed8c9d9fca0ab49a588ea55f7a68cdf,b45bfe49a9c1a87a2c90e3878e8754a9819f8bde4717653d6fb44fa920ff1e90,6840be3
eviddie-19940419-19940419,19940419,19940419,rare,test2,0,EviDDIE,The risk or severity of electrolyte imbalance increase,DB15566,DB01021,1,1,0.50097001,0.94120121,0.06041074,0.06453332,56606b15d2b731af30344a33ca6a11986ff650ae53432c98fbcf22f64c67d7e6,e62f8a6f32803faa0a30e452fc6487a96ed8c9d9fca0ab49a588ea55f7a68cdf,b45bfe49a9c1a87a2c90e3878e8754a9819f8bde4717653d6fb44fa920ff1e90,6840be3
eviddie-19940419-19940419,19940419,19940419,rare,test2,0,EviDDIE,The risk or severity of electrolyte imbalance increase,DB00180,DB00946,0,1,0.50091463,0.94795603,0.05297162,0.05683094,56606b15d2b731af30344a33ca6a11986ff650ae53432c98fbcf22f64c67d7e6,e62f8a6f32803faa0a30e452fc6487a96ed8c9d9fca0ab49a588ea55f7a68cdf,b45bfe49a9c1a87a2c90e3878e8754a9819f8bde4717653d6fb44fa920ff1e90,6840be3
eviddie-19940419-19940419,19940419,19940419,rare,test2,0,EviDDIE,The risk or severity of electrolyte imbalance increase,DB00180,DB00871,0,1,0.50097394,0.94167238,0.05987204,0.06400897,56606b15d2b731af30344a33ca6a11986ff650ae53432c98fbcf22f64c67d7e6,e62f8a6f32803faa0a30e452fc6487a96ed8c9d9fca0ab49a588ea55f7a68cdf,b45bfe49a9c1a87a2c90e3878e8754a9819f8bde4717653d6fb44fa920ff1e90,6840be3
eviddie-19940419-19940419,19940419,19940419,rare,test2,0,EviDDIE,The risk or severity of electrolyte imbalance increase,DB00240,DB01319,0,1,0.50120306,0.88226283,0.13072196,0.13617626,56606b15d2b731af30344a33ca6a11986ff650ae53432c98fbcf22f64c67d7e6,e62f8a6f32803faa0a30e452fc6487a96ed8c9d9fca0ab49a588ea55f7a68cdf,b45bfe49a9c1a87a2c90e3878e8754a9819f8bde4717653d6fb44fa920ff1e90,6840be3
eviddie-19940419-19940419,19940419,19940419,rare,test2,0,EviDDIE,The risk or severity of electrolyte imbalance increase,DB00240,DB00324,0,1,0.50120103,0.87809551,0.13609274,0.1415638,56606b15d2b731af30344a33ca6a11986ff650ae53432c98fbcf22f64c67d7e6,e62f8a6f32803faa0a30e452fc6487a96ed8c9d9fca0ab49a588ea55f7a68cdf,b45bfe49a9c1a87a2c90e3878e8754a9819f8bde4717653d6fb44fa920ff1e90,6840be3
eviddie-19940419-19940419,19940419,19940419,rare,test2,0,EviDDIE,The risk or severity of electrolyte imbalance increase,DB00253,DB00209,0,1,0.50095743,0.94351405,0.05783822,0.06189716,56606b15d2b731af30344a33ca6a11986ff650ae53432c98fbcf22f64c67d7e6,e62f8a6f32803faa0a30e452fc6487a96ed8c9d9fca0ab49a588ea55f7a68cdf,b45bfe49a9c1a87a2c90e3878e8754a9819f8bde4717653d6fb44fa920ff1e90,6840be3
eviddie-19940419-19940419,19940419,19940419,rare,test2,0,EviDDIE,The risk or severity of electrolyte imbalance increase,DB00253,DB06153,0,1,0.50094533,0.94456649,0.05668515,0.06068834,56606b15d2b731af30344a33ca6a11986ff650ae53432c98fbcf22f64c67d7e6,e62f8a6f32803faa0a30e452fc6487a96ed8c9d9fca0ab49a588ea55f7a68cdf,b45bfe49a9c1a87a2c90e3878e8754a9819f8bde4717653d6fb44fa920ff1e90,6840be3
eviddie-19940419-19940419,19940419,19940419,rare,test2,0,EviDDIE,The risk or severity of electrolyte imbalance increase,DB00288,DB00717,0,1,0.50078928,0.95862138,0.04151787,0.04481146,56606b15d2b731af30344a33ca6a11986ff650ae53432c98fbcf22f64c67d7e6,e62f8a6f32803faa0a30e452fc6487a96ed8c9d9fca0ab49a588ea55f7a68cdf,b45bfe49a9c1a87a2c90e3878e8754a9819f8bde4717653d6fb44fa920ff1e90,6840be3
eviddie-19940419-19940419,19940419,19940419,rare,test2,0,EviDDIE,The risk or severity of electrolyte imbalance increase,DB00288,DB01582,0,1,0.50043511,0.98088396,0.0186013,0.02037577,56606b15d2b731af30344a33ca6a11986ff650ae53432c98fbcf22f64c67d7e6,e62f8a6f32803faa0a30e452fc6487a96ed8c9d9fca0ab49a588ea55f7a68cdf,b45bfe49a9c1a87a2c90e3878e8754a9819f8bde4717653d6fb44fa920ff1e90,6840be3
eviddie-19940419-19940419,19940419,19940419,rare,test2,0,EviDDIE,The risk or severity of electrolyte imbalance increase,DB00324,DB00209,0,1,0.50097263,0.94174707,0.05979075,0.06392186,56606b15d2b731af30344a33ca6a11986ff650ae53432c98fbcf22f64c67d7e6,e62f8a6f32803faa0a30e452fc6487a96ed8c9d9fca0ab49a588ea55f7a68cdf,b45bfe49a9c1a87a2c90e3878e8754a9819f8bde4717653d6fb44fa920ff1e90,6840be3
eviddie-19940419-19940419,19940419,19940419,rare,test2,0,EviDDIE,The risk or severity of electrolyte imbalance increase,DB00324,DB09239,0,1,0.50064397,0.96867645,0.03100681,0.03366607,56606b15d2b731af30344a33ca6a11986ff650ae53432c98fbcf22f64c67d7e6,e62f8a6f32803faa0a30e452fc6487a96ed8c9d9fca0ab49a588ea55f7a68cdf,b45bfe49a9c1a87a2c90e3878e8754a9819f8bde4717653d6fb44fa920ff1e90,6840be3
eviddie-19940419-19940419,19940419,19940419,rare,test2,0,EviDDIE,The risk or severity of electrolyte imbalance increase,DB00394,DB00448,0,1,0.50097626,0.94128346,0.06030494,0.06445359,56606b15d2b731af30344a33ca6a11986ff650ae53432c98fbcf22f64c67d7e6,e62f8a6f32803faa0a30e452fc6487a96ed8c9d9fca0ab49a588ea55f7a68cdf,b45bfe49a9c1a87a2c90e3878e8754a9819f8bde4717653d6fb44fa920ff1e90,6840be3
eviddie-19940419-19940419,19940419,19940419,rare,test2,0,EviDDIE,The risk or severity of electrolyte imbalance increase,DB00394,DB00612,0,1,0.50112009,0.92136943,0.08290951,0.08777238,56606b15d2b731af30344a33ca6a11986ff650ae53432c98fbcf22f64c67d7e6,e62f8a6f32803faa0a30e452fc6487a96ed8c9d9fca0ab49a588ea55f7a68cdf,b45bfe49a9c1a87a2c90e3878e8754a9819f8bde4717653d6fb44fa920ff1e90,6840be3
eviddie-19940419-19940419,19940419,19940419,rare,test2,0,EviDDIE,The risk or severity of electrolyte imbalance increase,DB00443,DB09073,0,1,0.50052106,0.97611439,0.02340245,0.02553772,56606b15d2b731af30344a33ca6a11986ff650ae53432c98fbcf22f64c67d7e6,e62f8a6f32803faa0a30e452fc6487a96ed8c9d9fca0ab49a588ea55f7a68cdf,b45bfe49a9c1a87a2c90e3878e8754a9819f8bde4717653d6fb44fa920ff1e90,6840be3
eviddie-19940419-19940419,19940419,19940419,rare,test2,0,EviDDIE,The risk or severity of electrolyte imbalance increase,DB00588,DB00783,0,1,0.50108254,0.92711389,0.07628085,0.08095139,56606b15d2b731af30344a33ca6a11986ff650ae53432c98fbcf22f64c67d7e6,e62f8a6f32803faa0a30e452fc6487a96ed8c9d9fca0ab49a588ea55f7a68cdf,b45bfe49a9c1a87a2c90e3878e8754a9819f8bde4717653d6fb44fa920ff1e90,6840be3
eviddie-19940419-19940419,19940419,19940419,rare,test2,0,EviDDIE,The risk or severity of electrolyte imbalance increase,DB00591,DB01039,0,1,0.50083327,0.95503098,0.04534133,0.04883145,56606b15d2b731af30344a33ca6a11986ff650ae53432c98fbcf22f64c67d7e6,e62f8a6f32803faa0a30e452fc6487a96ed8c9d9fca0ab49a588ea55f7a68cdf,b45bfe49a9c1a87a2c90e3878e8754a9819f8bde4717653d6fb44fa920ff1e90,6840be3
eviddie-19940419-19940419,19940419,19940419,rare,test2,0,EviDDIE,The risk or severity of electrolyte imbalance increase,DB00620,DB04846,0,1,0.50058901,0.97207785,0.02751248,0.02993607,56606b15d2b731af30344a33ca6a11986ff650ae53432c98fbcf22f64c67d7e6,e62f8a6f32803faa0a30e452fc6487a96ed8c9d9fca0ab49a588ea55f7a68cdf,b45bfe49a9c1a87a2c90e3878e8754a9819f8bde4717653d6fb44fa920ff1e90,6840be3
eviddie-19940419-19940419,19940419,19940419,rare,test2,0,EviDDIE,The risk or severity of electrolyte imbalance increase,DB00635,DB00527,0,1,0.50102103,0.93507391,0.06725029,0.07161795,56606b15d2b731af30344a33ca6a11986ff650ae53432c98fbcf22f64c67d7e6,e62f8a6f32803faa0a30e452fc6487a96ed8c9d9fca0ab49a588ea55f7a68cdf,b45bfe49a9c1a87a2c90e3878e8754a9819f8bde4717653d6fb44fa920ff1e90,6840be3
eviddie-19940419-19940419,19940419,19940419,rare,test2,0,EviDDIE,The risk or severity of electrolyte imbalance increase,DB00687,DB00736,0,1,0.50103217,0.93302816,0.06956644,0.07399151,56606b15d2b731af30344a33ca6a11986ff650ae53432c98fbcf22f64c67d7e6,e62f8a6f32803faa0a30e452fc6487a96ed8c9d9fca0ab49a588ea55f7a68cdf,b45bfe49a9c1a87a2c90e3878e8754a9819f8bde4717653d6fb44fa920ff1e90,6840be3
eviddie-19940419-19940419,19940419,19940419,rare,test2,0,EviDDIE,The risk or severity of electrolyte imbalance increase,DB00741,DB11921,0,1,0.50085056,0.95328146,0.04722355,0.05079259,56606b15d2b731af30344a33ca6a11986ff650ae53432c98fbcf22f64c67d7e6,e62f8a6f32803faa0a30e452fc6487a96ed8c9d9fca0ab49a588ea55f7a68cdf,b45bfe49a9c1a87a2c90e3878e8754a9819f8bde4717653d6fb44fa920ff1e90,6840be3
eviddie-19940419-19940419,19940419,19940419,rare,test2,0,EviDDIE,The risk or severity of electrolyte imbalance increase,DB00764,DB00214,0,1,0.50087541,0.9508791,0.04981701,0.05349965,56606b15d2b731af30344a33ca6a11986ff650ae53432c98fbcf22f64c67d7e6,e62f8a6f32803faa0a30e452fc6487a96ed8c9d9fca0ab49a588ea55f7a68cdf,b45bfe49a9c1a87a2c90e3878e8754a9819f8bde4717653d6fb44fa920ff1e90,6840be3
eviddie-19940419-19940419,19940419,19940419,rare,test2,0,EviDDIE,The risk or severity of electrolyte imbalance increase,DB00860,DB06725,0,1,0.50098729,0.93954027,0.06224869,0.06645207,56606b15d2b731af30344a33ca6a11986ff650ae53432c98fbcf22f64c67d7e6,e62f8a6f32803faa0a30e452fc6487a96ed8c9d9fca0ab49a588ea55f7a68cdf,b45bfe49a9c1a87a2c90e3878e8754a9819f8bde4717653d6fb44fa920ff1e90,6840be3
eviddie-19940419-19940419,19940419,19940419,rare,test2,0,EviDDIE,The risk or severity of electrolyte imbalance increase,DB00959,DB13257,0,1,0.50027919,0.98891044,0.01064924,0.0117786,56606b15d2b731af30344a33ca6a11986ff650ae53432c98fbcf22f64c67d7e6,e62f8a6f32803faa0a30e452fc6487a96ed8c9d9fca0ab49a588ea55f7a68cdf,b45bfe49a9c1a87a2c90e3878e8754a9819f8bde4717653d6fb44fa920ff1e90,6840be3
eviddie-19940419-19940419,19940419,19940419,rare,test2,0,EviDDIE,The risk or severity of electrolyte imbalance increase,DB01108,DB01255,0,1,0.50121254,0.88335776,0.12929891,0.1347895,56606b15d2b731af30344a33ca6a11986ff650ae53432c98fbcf22f64c67d7e6,e62f8a6f32803faa0a30e452fc6487a96ed8c9d9fca0ab49a588ea55f7a68cdf,b45bfe49a9c1a87a2c90e3878e8754a9819f8bde4717653d6fb44fa920ff1e90,6840be3
eviddie-19940419-19940419,19940419,19940419,rare,test2,0,EviDDIE,The risk or severity of electrolyte imbalance increase,DB01222,DB01064,0,1,0.50115836,0.91390783,0.09166716,0.09673727,56606b15d2b731af30344a33ca6a11986ff650ae53432c98fbcf22f64c67d7e6,e62f8a6f32803faa0a30e452fc6487a96ed8c9d9fca0ab49a588ea55f7a68cdf,b45bfe49a9c1a87a2c90e3878e8754a9819f8bde4717653d6fb44fa920ff1e90,6840be3
eviddie-19940419-19940419,19940419,19940419,rare,test2,0,EviDDIE,The risk or severity of electrolyte imbalance increase,DB01234,DB01388,0,1,0.50071687,0.96386063,0.03600689,0.03898197,56606b15d2b731af30344a33ca6a11986ff650ae53432c98fbcf22f64c67d7e6,e62f8a6f32803faa0a30e452fc6487a96ed8c9d9fca0ab49a588ea55f7a68cdf,b45bfe49a9c1a87a2c90e3878e8754a9819f8bde4717653d6fb44fa920ff1e90,6840be3
eviddie-19940419-19940419,19940419,19940419,rare,test2,0,EviDDIE,The risk or severity of electrolyte imbalance increase,DB01380,DB06267,0,1,0.5008409,0.95403051,0.04642161,0.04994733,56606b15d2b731af30344a33ca6a11986ff650ae53432c98fbcf22f64c67d7e6,e62f8a6f32803faa0a30e452fc6487a96ed8c9d9fca0ab49a588ea55f7a68cdf,b45bfe49a9c1a87a2c90e3878e8754a9819f8bde4717653d6fb44fa920ff1e90,6840be3
eviddie-19940419-19940419,19940419,19940419,rare,test2,0,EviDDIE,The risk or severity of electrolyte imbalance increase,DB01384,DB14596,0,1,0.50109559,0.92368501,0.0802478,0.08499235,56606b15d2b731af30344a33ca6a11986ff650ae53432c98fbcf22f64c67d7e6,e62f8a6f32803faa0a30e452fc6487a96ed8c9d9fca0ab49a588ea55f7a68cdf,b45bfe49a9c1a87a2c90e3878e8754a9819f8bde4717653d6fb44fa920ff1e90,6840be3
eviddie-19940419-19940419,19940419,19940419,rare,test2,0,EviDDIE,The risk or severity of electrolyte imbalance increase,DB01410,DB00497,0,1,0.50121534,0.89212018,0.11820041,0.12364982,56606b15d2b731af30344a33ca6a11986ff650ae53432c98fbcf22f64c67d7e6,e62f8a6f32803faa0a30e452fc6487a96ed8c9d9fca0ab49a588ea55f7a68cdf,b45bfe49a9c1a87a2c90e3878e8754a9819f8bde4717653d6fb44fa920ff1e90,6840be3
eviddie-19940419-19940419,19940419,19940419,rare,test2,0,EviDDIE,The risk or severity of electrolyte imbalance increase,DB04630,DB14006,0,1,0.5012213,0.88894504,0.12218101,0.1276767,56606b15d2b731af30344a33ca6a11986ff650ae53432c98fbcf22f64c67d7e6,e62f8a6f32803faa0a30e452fc6487a96ed8c9d9fca0ab49a588ea55f7a68cdf,b45bfe49a9c1a87a2c90e3878e8754a9819f8bde4717653d6fb44fa920ff1e90,6840be3
eviddie-19940419-19940419,19940419,19940419,rare,test2,0,EviDDIE,The risk or severity of electrolyte imbalance increase,DB08906,DB06730,0,1,0.50088561,0.94976741,0.05102428,0.05475425,56606b15d2b731af30344a33ca6a11986ff650ae53432c98fbcf22f64c67d7e6,e62f8a6f32803faa0a30e452fc6487a96ed8c9d9fca0ab49a588ea55f7a68cdf,b45bfe49a9c1a87a2c90e3878e8754a9819f8bde4717653d6fb44fa920ff1e90,6840be3
eviddie-19940419-19940419,19940419,19940419,rare,test2,0,EviDDIE,The risk or severity of electrolyte imbalance increase,DB11921,DB00434,0,1,0.50086635,0.95189512,0.04871563,0.0523562,56606b15d2b731af30344a33ca6a11986ff650ae53432c98fbcf22f64c67d7e6,e62f8a6f32803faa0a30e452fc6487a96ed8c9d9fca0ab49a588ea55f7a68cdf,b45bfe49a9c1a87a2c90e3878e8754a9819f8bde4717653d6fb44fa920ff1e90,6840be3
eviddie-19940419-19940419,19940419,19940419,rare,test2,0,EviDDIE,The risk or severity of electrolyte imbalance increase,DB13003,DB13944,0,1,0.50050974,0.97662884,0.02288654,0.02497432,56606b15d2b731af30344a33ca6a11986ff650ae53432c98fbcf22f64c67d7e6,e62f8a6f32803faa0a30e452fc6487a96ed8c9d9fca0ab49a588ea55f7a68cdf,b45bfe49a9c1a87a2c90e3878e8754a9819f8bde4717653d6fb44fa920ff1e90,6840be3
eviddie-19940419-19940419,19940419,19940419,rare,test2,0,EviDDIE,The risk or severity of electrolyte imbalance increase,DB13867,DB00814,0,1,0.50095189,0.94305128,0.05836906,0.06240644,56606b15d2b731af30344a33ca6a11986ff650ae53432c98fbcf22f64c67d7e6,e62f8a6f32803faa0a30e452fc6487a96ed8c9d9fca0ab49a588ea55f7a68cdf,b45bfe49a9c1a87a2c90e3878e8754a9819f8bde4717653d6fb44fa920ff1e90,6840be3
eviddie-19940419-19940419,19940419,19940419,rare,test2,0,EviDDIE,The risk or severity of electrolyte imbalance increase,DB14512,DB00851,0,1,0.50121719,0.89092314,0.11969887,0.12516367,56606b15d2b731af30344a33ca6a11986ff650ae53432c98fbcf22f64c67d7e6,e62f8a6f32803faa0a30e452fc6487a96ed8c9d9fca0ab49a588ea55f7a68cdf,b45bfe49a9c1a87a2c90e3878e8754a9819f8bde4717653d6fb44fa920ff1e90,6840be3
eviddie-19940419-19940419,19940419,19940419,rare,test2,0,EviDDIE,The risk or severity of electrolyte imbalance increase,DB14538,DB00623,0,1,0.50118774,0.87452805,0.14075772,0.14619021,56606b15d2b731af30344a33ca6a11986ff650ae53432c98fbcf22f64c67d7e6,e62f8a6f32803faa0a30e452fc6487a96ed8c9d9fca0ab49a588ea55f7a68cdf,b45bfe49a9c1a87a2c90e3878e8754a9819f8bde4717653d6fb44fa920ff1e90,6840be3
eviddie-19940419-19940419,19940419,19940419,rare,test2,0,EviDDIE,The risk or severity of electrolyte imbalance increase,DB14539,DB00474,0,1,0.50116521,0.91046071,0.09578552,0.10090473,56606b15d2b731af30344a33ca6a11986ff650ae53432c98fbcf22f64c67d7e6,e62f8a6f32803faa0a30e452fc6487a96ed8c9d9fca0ab49a588ea55f7a68cdf,b45bfe49a9c1a87a2c90e3878e8754a9819f8bde4717653d6fb44fa920ff1e90,6840be3
eviddie-19940419-19940419,19940419,19940419,rare,test2,0,EviDDIE,The risk or severity of electrolyte imbalance increase,DB14541,DB08877,0,1,0.50118828,0.9043169,0.10317898,0.10843501,56606b15d2b731af30344a33ca6a11986ff650ae53432c98fbcf22f64c67d7e6,e62f8a6f32803faa0a30e452fc6487a96ed8c9d9fca0ab49a588ea55f7a68cdf,b45bfe49a9c1a87a2c90e3878e8754a9819f8bde4717653d6fb44fa920ff1e90,6840be3
eviddie-19940419-19940419,19940419,19940419,rare,test2,0,EviDDIE,The risk or severity of electrolyte imbalance increase,DB14631,DB00422,0,1,0.50027758,0.98897904,0.0105825,0.01170522,56606b15d2b731af30344a33ca6a11986ff650ae53432c98fbcf22f64c67d7e6,e62f8a6f32803faa0a30e452fc6487a96ed8c9d9fca0ab49a588ea55f7a68cdf,b45bfe49a9c1a87a2c90e3878e8754a9819f8bde4717653d6fb44fa920ff1e90,6840be3
eviddie-19940419-19940419,19940419,19940419,rare,test2,0,EviDDIE,The risk or severity of electrolyte imbalance increase,DB14669,DB01211,0,1,0.50031137,0.98731089,0.01222158,0.01348292,56606b15d2b731af30344a33ca6a11986ff650ae53432c98fbcf22f64c67d7e6,e62f8a6f32803faa0a30e452fc6487a96ed8c9d9fca0ab49a588ea55f7a68cdf,b45bfe49a9c1a87a2c90e3878e8754a9819f8bde4717653d6fb44fa920ff1e90,6840be3
eviddie-19940419-19940419,19940419,19940419,rare,test2,0,EviDDIE,The risk or severity of electrolyte imbalance increase,DB00663,DB00465,0,1,0.50121969,0.89567262,0.11375594,0.119203,56606b15d2b731af30344a33ca6a11986ff650ae53432c98fbcf22f64c67d7e6,e62f8a6f32803faa0a30e452fc6487a96ed8c9d9fca0ab49a588ea55f7a68cdf,b45bfe49a9c1a87a2c90e3878e8754a9819f8bde4717653d6fb44fa920ff1e90,6840be3
eviddie-19940419-19940419,19940419,19940419,rare,test2,0,EviDDIE,The risk or severity of electrolyte imbalance increase,DB00846,DB08439,0,1,0.50039214,0.98322737,0.01626105,0.01785642,56606b15d2b731af30344a33ca6a11986ff650ae53432c98fbcf22f64c67d7e6,e62f8a6f32803faa0a30e452fc6487a96ed8c9d9fca0ab49a588ea55f7a68cdf,b45bfe49a9c1a87a2c90e3878e8754a9819f8bde4717653d6fb44fa920ff1e90,6840be3
eviddie-19940419-19940419,19940419,19940419,rare,test2,0,EviDDIE,The risk or severity of electrolyte imbalance increase,DB14596,DB00321,0,1,0.50097334,0.9406532,0.0610215,0.06516054,56606b15d2b731af30344a33ca6a11986ff650ae53432c98fbcf22f64c67d7e6,e62f8a6f32803faa0a30e452fc6487a96ed8c9d9fca0ab49a588ea55f7a68cdf,b45bfe49a9c1a87a2c90e3878e8754a9819f8bde4717653d6fb44fa920ff1e90,6840be3
eviddie-19940419-19940419,19940419,19940419,rare,test2,0,EviDDIE,The risk or severity of electrolyte imbalance increase,DB00896,DB01628,0,1,0.50092953,0.94643527,0.05463181,0.05856056,56606b15d2b731af30344a33ca6a11986ff650ae53432c98fbcf22f64c67d7e6,e62f8a6f32803faa0a30e452fc6487a96ed8c9d9fca0ab49a588ea55f7a68cdf,b45bfe49a9c1a87a2c90e3878e8754a9819f8bde4717653d6fb44fa920ff1e90,6840be3
eviddie-19940419-19940419,19940419,19940419,rare,test2,0,EviDDIE,The risk or severity of electrolyte imbalance increase,DB01013,DB00202,0,1,0.50120765,0.90214014,0.10579785,0.11115251,56606b15d2b731af30344a33ca6a11986ff650ae53432c98fbcf22f64c67d7e6,e62f8a6f32803faa0a30e452fc6487a96ed8c9d9fca0ab49a588ea55f7a68cdf,b45bfe49a9c1a87a2c90e3878e8754a9819f8bde4717653d6fb44fa920ff1e90,6840be3
eviddie-19940419-19940419,19940419,19940419,rare,test2,0,EviDDIE,The risk or severity of electrolyte imbalance increase,DB01047,DB06237,0,1,0.50075519,0.96109158,0.03891204,0.04205507,56606b15d2b731af30344a33ca6a11986ff650ae53432c98fbcf22f64c67d7e6,e62f8a6f32803faa0a30e452fc6487a96ed8c9d9fca0ab49a588ea55f7a68cdf,b45bfe49a9c1a87a2c90e3878e8754a9819f8bde4717653d6fb44fa920ff1e90,6840be3
eviddie-19940419-19940419,19940419,19940419,rare,test2,0,EviDDIE,The risk or severity of electrolyte imbalance increase,DB01130,DB09371,0,1,0.50112182,0.92023474,0.08424126,0.08911727,56606b15d2b731af30344a33ca6a11986ff650ae53432c98fbcf22f64c67d7e6,e62f8a6f32803faa0a30e452fc6487a96ed8c9d9fca0ab49a588ea55f7a68cdf,b45bfe49a9c1a87a2c90e3878e8754a9819f8bde4717653d6fb44fa920ff1e90,6840be3
eviddie-19940419-19940419,19940419,19940419,rare,test2,0,EviDDIE,The risk or severity of electrolyte imbalance increase,DB01260,DB06701,0,1,0.5011692,0.90970391,0.09668822,0.10182931,56606b15d2b731af30344a33ca6a11986ff650ae53432c98fbcf22f64c67d7e6,e62f8a6f32803faa0a30e452fc6487a96ed8c9d9fca0ab49a588ea55f7a68cdf,b45bfe49a9c1a87a2c90e3878e8754a9819f8bde4717653d6fb44fa920ff1e90,6840be3
eviddie-19940419-19940419,19940419,19940419,rare,test2,0,EviDDIE,The risk or severity of electrolyte imbalance increase,DB06781,DB00396,0,1,0.50120032,0.87856364,0.13548893,0.14095397,56606b15d2b731af30344a33ca6a11986ff650ae53432c98fbcf22f64c67d7e6,e62f8a6f32803faa0a30e452fc6487a96ed8c9d9fca0ab49a588ea55f7a68cdf,b45bfe49a9c1a87a2c90e3878e8754a9819f8bde4717653d6fb44fa920ff1e90,6840be3
eviddie-19940419-19940419,19940419,19940419,rare,test2,0,EviDDIE,The risk or severity of electrolyte imbalance increase,DB06786,DB09071,0,1,0.50065541,0.96766615,0.03205966,0.03476876,56606b15d2b731af30344a33ca6a11986ff650ae53432c98fbcf22f64c67d7e6,e62f8a6f32803faa0a30e452fc6487a96ed8c9d9fca0ab49a588ea55f7a68cdf,b45bfe49a9c1a87a2c90e3878e8754a9819f8bde4717653d6fb44fa920ff1e90,6840be3
eviddie-19940419-19940419,19940419,19940419,rare,test2,0,EviDDIE,The risk or severity of electrolyte imbalance increase,DB09095,DB00324,0,1,0.50118917,0.9037956,0.10381339,0.10907639,56606b15d2b731af30344a33ca6a11986ff650ae53432c98fbcf22f64c67d7e6,e62f8a6f32803faa0a30e452fc6487a96ed8c9d9fca0ab49a588ea55f7a68cdf,b45bfe49a9c1a87a2c90e3878e8754a9819f8bde4717653d6fb44fa920ff1e90,6840be3
eviddie-19940419-19940419,19940419,19940419,rare,test2,0,EviDDIE,The risk or severity of electrolyte imbalance increase,DB13158,DB04896,0,1,0.50088865,0.94982702,0.0509521,0.05469457,56606b15d2b731af30344a33ca6a11986ff650ae53432c98fbcf22f64c67d7e6,e62f8a6f32803faa0a30e452fc6487a96ed8c9d9fca0ab49a588ea55f7a68cdf,b45bfe49a9c1a87a2c90e3878e8754a9819f8bde4717653d6fb44fa920ff1e90,6840be3
eviddie-19940419-19940419,19940419,19940419,rare,test2,0,EviDDIE,The risk or severity of electrolyte imbalance increase,DB14540,DB00333,0,1,0.50120062,0.90088606,0.10735276,0.1126836,56606b15d2b731af30344a33ca6a11986ff650ae53432c98fbcf22f64c67d7e6,e62f8a6f32803faa0a30e452fc6487a96ed8c9d9fca0ab49a588ea55f7a68cdf,b45bfe49a9c1a87a2c90e3878e8754a9819f8bde4717653d6fb44fa920ff1e90,6840be3
eviddie-19940419-19940419,19940419,19940419,rare,test2,0,EviDDIE,The risk or severity of electrolyte imbalance increase,DB14543,DB01142,0,1,0.50113851,0.91596538,0.08925845,0.09423018,56606b15d2b731af30344a33ca6a11986ff650ae53432c98fbcf22f64c67d7e6,e62f8a6f32803faa0a30e452fc6487a96ed8c9d9fca0ab49a588ea55f7a68cdf,b45bfe49a9c1a87a2c90e3878e8754a9819f8bde4717653d6fb44fa920ff1e90,6840be3
eviddie-19940419-19940419,19940419,19940419,rare,test2,0,EviDDIE,The risk or severity of electrolyte imbalance increase,DB14544,DB01115,0,1,0.50116611,0.90955222,0.09687798,0.10200626,56606b15d2b731af30344a33ca6a11986ff650ae53432c98fbcf22f64c67d7e6,e62f8a6f32803faa0a30e452fc6487a96ed8c9d9fca0ab49a588ea55f7a68cdf,b45bfe49a9c1a87a2c90e3878e8754a9819f8bde4717653d6fb44fa920ff1e90,6840be3
eviddie-19940419-19940419,19940419,19940419,rare,test2,0,EviDDIE,The risk or severity of electrolyte imbalance increase,DB15566,DB13944,0,1,0.5006023,0.97118497,0.02842962,0.03091033,56606b15d2b731af30344a33ca6a11986ff650ae53432c98fbcf22f64c67d7e6,e62f8a6f32803faa0a30e452fc6487a96ed8c9d9fca0ab49a588ea55f7a68cdf,b45bfe49a9c1a87a2c90e3878e8754a9819f8bde4717653d6fb44fa920ff1e90,6840be3
eviddie-19940419-19940419,19940419,19940419,rare,test2,0,EviDDIE,The risk or severity of electrolyte imbalance increase,DB00443,DB09166,0,1,0.50094825,0.94445854,0.0567996,0.0608158,56606b15d2b731af30344a33ca6a11986ff650ae53432c98fbcf22f64c67d7e6,e62f8a6f32803faa0a30e452fc6487a96ed8c9d9fca0ab49a588ea55f7a68cdf,b45bfe49a9c1a87a2c90e3878e8754a9819f8bde4717653d6fb44fa920ff1e90,6840be3
eviddie-19940419-19940419,19940419,19940419,rare,test2,0,EviDDIE,The risk or severity of electrolyte imbalance increase,DB00588,DB00966,0,1,0.50118905,0.90639073,0.10065316,0.10590068,56606b15d2b731af30344a33ca6a11986ff650ae53432c98fbcf22f64c67d7e6,e62f8a6f32803faa0a30e452fc6487a96ed8c9d9fca0ab49a588ea55f7a68cdf,b45bfe49a9c1a87a2c90e3878e8754a9819f8bde4717653d6fb44fa920ff1e90,6840be3
eviddie-19940419-19940419,19940419,19940419,rare,test2,0,EviDDIE,The risk or severity of electrolyte imbalance increase,DB00591,DB01435,0,1,0.50077569,0.95958877,0.04049639,0.04372974,56606b15d2b731af30344a33ca6a11986ff650ae53432c98fbcf22f64c67d7e6,e62f8a6f32803faa0a30e452fc6487a96ed8c9d9fca0ab49a588ea55f7a68cdf,b45bfe49a9c1a87a2c90e3878e8754a9819f8bde4717653d6fb44fa920ff1e90,6840be3
eviddie-19940419-19940419,19940419,19940419,rare,test2,0,EviDDIE,The risk or severity of electrolyte imbalance increase,DB00620,DB00390,0,1,0.50061411,0.97052842,0.029101,0.03163209,56606b15d2b731af30344a33ca6a11986ff650ae53432c98fbcf22f64c67d7e6,e62f8a6f32803faa0a30e452fc6487a96ed8c9d9fca0ab49a588ea55f7a68cdf,b45bfe49a9c1a87a2c90e3878e8754a9819f8bde4717653d6fb44fa920ff1e90,6840be3
eviddie-19940419-19940419,19940419,19940419,rare,test2,0,EviDDIE,The risk or severity of electrolyte imbalance increase,DB00635,DB01104,0,1,0.5007965,0.95775867,0.04244113,0.04576751,56606b15d2b731af30344a33ca6a11986ff650ae53432c98fbcf22f64c67d7e6,e62f8a6f32803faa0a30e452fc6487a96ed8c9d9fca0ab49a588ea55f7a68cdf,b45bfe49a9c1a87a2c90e3878e8754a9819f8bde4717653d6fb44fa920ff1e90,6840be3
eviddie-19940419-19940419,19940419,19940419,rare,test2,0,EviDDIE,The risk or severity of electrolyte imbalance increase,DB00663,DB09034,0,1,0.50114751,0.9139123,0.09168577,0.09670804,56606b15d2b731af30344a33ca6a11986ff650ae53432c98fbcf22f64c67d7e6,e62f8a6f32803faa0a30e452fc6487a96ed8c9d9fca0ab49a588ea55f7a68cdf,b45bfe49a9c1a87a2c90e3878e8754a9819f8bde4717653d6fb44fa920ff1e90,6840be3
eviddie-19940419-19940419,19940419,19940419,rare,test2,0,EviDDIE,The risk or severity of electrolyte imbalance increase,DB00687,DB01588,0,1,0.50080109,0.81902546,0.21900699,0.2229194,56606b15d2b731af30344a33ca6a11986ff650ae53432c98fbcf22f64c67d7e6,e62f8a6f32803faa0a30e452fc6487a96ed8c9d9fca0ab49a588ea55f7a68cdf,b45bfe49a9c1a87a2c90e3878e8754a9819f8bde4717653d6fb44fa920ff1e90,6840be3
eviddie-19940419-19940419,19940419,19940419,rare,test2,0,EviDDIE,The risk or severity of electrolyte imbalance increase,DB00741,DB01192,0,1,0.50121731,0.89711708,0.11196802,0.11739556,56606b15d2b731af30344a33ca6a11986ff650ae53432c98fbcf22f64c67d7e6,e62f8a6f32803faa0a30e452fc6487a96ed8c9d9fca0ab49a588ea55f7a68cdf,b45bfe49a9c1a87a2c90e3878e8754a9819f8bde4717653d6fb44fa920ff1e90,6840be3
eviddie-19940419-19940419,19940419,19940419,rare,test2,0,EviDDIE,The risk or severity of electrolyte imbalance increase,DB00764,DB00474,0,1,0.50121617,0.8943603,0.11539809,0.12083724,56606b15d2b731af30344a33ca6a11986ff650ae53432c98fbcf22f64c67d7e6,e62f8a6f32803faa0a30e452fc6487a96ed8c9d9fca0ab49a588ea55f7a68cdf,b45bfe49a9c1a87a2c90e3878e8754a9819f8bde4717653d6fb44fa920ff1e90,6840be3
eviddie-19940419-19940419,19940419,19940419,rare,test2,0,EviDDIE,The risk or severity of electrolyte imbalance increase,DB00846,DB06203,0,1,0.50067973,0.96638072,0.03338223,0.03619568,56606b15d2b731af30344a33ca6a11986ff650ae53432c98fbcf22f64c67d7e6,e62f8a6f32803faa0a30e452fc6487a96ed8c9d9fca0ab49a588ea55f7a68cdf,b45bfe49a9c1a87a2c90e3878e8754a9819f8bde4717653d6fb44fa920ff1e90,6840be3
eviddie-19940419-19940419,19940419,19940419,rare,test2,0,EviDDIE,The risk or severity of electrolyte imbalance increase,DB00860,DB00496,0,1,0.50108618,0.9262203,0.07731122,0.08200213,56606b15d2b731af30344a33ca6a11986ff650ae53432c98fbcf22f64c67d7e6,e62f8a6f32803faa0a30e452fc6487a96ed8c9d9fca0ab49a588ea55f7a68cdf,b45bfe49a9c1a87a2c90e3878e8754a9819f8bde4717653d6fb44fa920ff1e90,6840be3
eviddie-19940419-19940419,19940419,19940419,rare,test2,0,EviDDIE,The risk or severity of electrolyte imbalance increase,DB14596,DB01623,0,1,0.50065821,0.96757454,0.03215161,0.03487261,56606b15d2b731af30344a33ca6a11986ff650ae53432c98fbcf22f64c67d7e6,e62f8a6f32803faa0a30e452fc6487a96ed8c9d9fca0ab49a588ea55f7a68cdf,b45bfe49a9c1a87a2c90e3878e8754a9819f8bde4717653d6fb44fa920ff1e90,6840be3
eviddie-19940419-19940419,19940419,19940419,rare,test2,0,EviDDIE,The risk or severity of electrolyte imbalance increase,DB00896,DB00679,0,1,0.50095093,0.94431961,0.05694957,0.06097759,56606b15d2b731af30344a33ca6a11986ff650ae53432c98fbcf22f64c67d7e6,e62f8a6f32803faa0a30e452fc6487a96ed8c9d9fca0ab49a588ea55f7a68cdf,b45bfe49a9c1a87a2c90e3878e8754a9819f8bde4717653d6fb44fa920ff1e90,6840be3
eviddie-19940419-19940419,19940419,19940419,rare,test2,0,EviDDIE,The risk or severity of electrolyte imbalance increase,DB00959,DB00543,0,1,0.50113958,0.91704673,0.08797178,0.09294225,56606b15d2b731af30344a33ca6a11986ff650ae53432c98fbcf22f64c67d7e6,e62f8a6f32803faa0a30e452fc6487a96ed8c9d9fca0ab49a588ea55f7a68cdf,b45bfe49a9c1a87a2c90e3878e8754a9819f8bde4717653d6fb44fa920ff1e90,6840be3
eviddie-19940419-19940419,19940419,19940419,rare,test2,0,EviDDIE,The risk or severity of electrolyte imbalance increase,DB01013,DB09231,0,1,0.50105059,0.93209243,0.07060065,0.07510924,56606b15d2b731af30344a33ca6a11986ff650ae53432c98fbcf22f64c67d7e6,e62f8a6f32803faa0a30e452fc6487a96ed8c9d9fca0ab49a588ea55f7a68cdf,b45bfe49a9c1a87a2c90e3878e8754a9819f8bde4717653d6fb44fa920ff1e90,6840be3
eviddie-19940419-19940419,19940419,19940419,rare,test2,0,EviDDIE,The risk or severity of electrolyte imbalance increase,DB01108,DB00940,0,1,0.50112259,0.85671192,0.16463293,0.16987424,56606b15d2b731af30344a33ca6a11986ff650ae53432c98fbcf22f64c67d7e6,e62f8a6f32803faa0a30e452fc6487a96ed8c9d9fca0ab49a588ea55f7a68cdf,b45bfe49a9c1a87a2c90e3878e8754a9819f8bde4717653d6fb44fa920ff1e90,6840be3
eviddie-19940419-19940419,19940419,19940419,rare,test2,0,EviDDIE,The risk or severity of electrolyte imbalance increase,DB01222,DB01030,0,1,0.50036049,0.98489863,0.0146008,0.01606502,56606b15d2b731af30344a33ca6a11986ff650ae53432c98fbcf22f64c67d7e6,e62f8a6f32803faa0a30e452fc6487a96ed8c9d9fca0ab49a588ea55f7a68cdf,b45bfe49a9c1a87a2c90e3878e8754a9819f8bde4717653d6fb44fa920ff1e90,6840be3
eviddie-19940419-19940419,19940419,19940419,rare,test2,0,EviDDIE,The risk or severity of electrolyte imbalance increase,DB01234,DB00448,0,1,0.50046247,0.97941417,0.02007401,0.02196289,56606b15d2b731af30344a33ca6a11986ff650ae53432c98fbcf22f64c67d7e6,e62f8a6f32803faa0a30e452fc6487a96ed8c9d9fca0ab49a588ea55f7a68cdf,b45bfe49a9c1a87a2c90e3878e8754a9819f8bde4717653d6fb44fa920ff1e90,6840be3
eviddie-19940419-19940419,19940419,19940419,rare,test2,0,EviDDIE,The risk or severity of electrolyte imbalance increase,DB01380,DB01029,0,1,0.50090742,0.94826734,0.05264086,0.05646883,56606b15d2b731af30344a33ca6a11986ff650ae53432c98fbcf22f64c67d7e6,e62f8a6f32803faa0a30e452fc6487a96ed8c9d9fca0ab49a588ea55f7a68cdf,b45bfe49a9c1a87a2c90e3878e8754a9819f8bde4717653d6fb44fa920ff1e90,6840be3
eviddie-19940419-19940419,19940419,19940419,rare,test2,0,EviDDIE,The risk or severity of electrolyte imbalance increase,DB01384,DB00865,0,1,0.50120759,0.89830869,0.11051434,0.11589152,56606b15d2b731af30344a33ca6a11986ff650ae53432c98fbcf22f64c67d7e6,e62f8a6f32803faa0a30e452fc6487a96ed8c9d9fca0ab49a588ea55f7a68cdf,b45bfe49a9c1a87a2c90e3878e8754a9819f8bde4717653d6fb44fa920ff1e90,6840be3
eviddie-19940419-19940419,19940419,19940419,rare,test2,0,EviDDIE,The risk or severity of electrolyte imbalance increase,DB01410,DB00359,0,1,0.50095129,0.94312209,0.05829089,0.06232537,56606b15d2b731af30344a33ca6a11986ff650ae53432c98fbcf22f64c67d7e6,e62f8a6f32803faa0a30e452fc6487a96ed8c9d9fca0ab49a588ea55f7a68cdf,b45bfe49a9c1a87a2c90e3878e8754a9819f8bde4717653d6fb44fa920ff1e90,6840be3
eviddie-19940419-19940419,19940419,19940419,rare,test2,0,EviDDIE,The risk or severity of electrolyte imbalance increase,DB04630,DB00242,0,1,0.50084955,0.95313954,0.04738149,0.05094694,56606b15d2b731af30344a33ca6a11986ff650ae53432c98fbcf22f64c67d7e6,e62f8a6f32803faa0a30e452fc6487a96ed8c9d9fca0ab49a588ea55f7a68cdf,b45bfe49a9c1a87a2c90e3878e8754a9819f8bde4717653d6fb44fa920ff1e90,6840be3
eviddie-19940419-19940419,19940419,19940419,rare,test2,0,EviDDIE,The risk or severity of electrolyte imbalance increase,DB08906,DB06210,0,1,0.50108743,0.9244464,0.07937579,0.08408111,56606b15d2b731af30344a33ca6a11986ff650ae53432c98fbcf22f64c67d7e6,e62f8a6f32803faa0a30e452fc6487a96ed8c9d9fca0ab49a588ea55f7a68cdf,b45bfe49a9c1a87a2c90e3878e8754a9819f8bde4717653d6fb44fa920ff1e90,6840be3
eviddie-19940419-19940419,19940419,19940419,rare,test2,0,EviDDIE,The risk or severity of electrolyte imbalance increase,DB11921,DB08907,0,1,0.50080758,0.95667386,0.0436,0.04697672,56606b15d2b731af30344a33ca6a11986ff650ae53432c98fbcf22f64c67d7e6,e62f8a6f32803faa0a30e452fc6487a96ed8c9d9fca0ab49a588ea55f7a68cdf,b45bfe49a9c1a87a2c90e3878e8754a9819f8bde4717653d6fb44fa920ff1e90,6840be3
eviddie-19940419-19940419,19940419,19940419,rare,test2,0,EviDDIE,The risk or severity of electrolyte imbalance increase,DB13003,DB09389,0,1,0.50093657,0.94490165,0.05632889,0.06029353,56606b15d2b731af30344a33ca6a11986ff650ae53432c98fbcf22f64c67d7e6,e62f8a6f32803faa0a30e452fc6487a96ed8c9d9fca0ab49a588ea55f7a68cdf,b45bfe49a9c1a87a2c90e3878e8754a9819f8bde4717653d6fb44fa920ff1e90,6840be3
eviddie-19940419-19940419,19940419,19940419,rare,test2,0,EviDDIE,The risk or severity of electrolyte imbalance increase,DB13867,DB04842,0,1,0.50112081,0.91892689,0.08578631,0.09066527,56606b15d2b731af30344a33ca6a11986ff650ae53432c98fbcf22f64c67d7e6,e62f8a6f32803faa0a30e452fc6487a96ed8c9d9fca0ab49a588ea55f7a68cdf,b45bfe49a9c1a87a2c90e3878e8754a9819f8bde4717653d6fb44fa920ff1e90,6840be3
eviddie-19940419-19940419,19940419,19940419,rare,test2,0,EviDDIE,The risk or severity of electrolyte imbalance increase,DB14512,DB00708,0,1,0.50117862,0.87207615,0.14398572,0.14939186,56606b15d2b731af30344a33ca6a11986ff650ae53432c98fbcf22f64c67d7e6,e62f8a6f32803faa0a30e452fc6487a96ed8c9d9fca0ab49a588ea55f7a68cdf,b45bfe49a9c1a87a2c90e3878e8754a9819f8bde4717653d6fb44fa920ff1e90,6840be3
eviddie-19940419-19940419,19940419,19940419,rare,test2,0,EviDDIE,The risk or severity of electrolyte imbalance increase,DB14538,DB00288,0,1,0.5011124,0.92075002,0.08365489,0.08848739,56606b15d2b731af30344a33ca6a11986ff650ae53432c98fbcf22f64c67d7e6,e62f8a6f32803faa0a30e452fc6487a96ed8c9d9fca0ab49a588ea55f7a68cdf,b45bfe49a9c1a87a2c90e3878e8754a9819f8bde4717653d6fb44fa920ff1e90,6840be3
eviddie-19940419-19940419,19940419,19940419,rare,test2,0,EviDDIE,The risk or severity of electrolyte imbalance increase,DB14539,DB00812,0,1,0.50104016,0.93180126,0.07095783,0.07542276,56606b15d2b731af30344a33ca6a11986ff650ae53432c98fbcf22f64c67d7e6,e62f8a6f32803faa0a30e452fc6487a96ed8c9d9fca0ab49a588ea55f7a68cdf,b45bfe49a9c1a87a2c90e3878e8754a9819f8bde4717653d6fb44fa920ff1e90,6840be3
eviddie-19940419-19940419,19940419,19940419,rare,test2,0,EviDDIE,The risk or severity of electrolyte imbalance increase,DB14541,DB01483,0,1,0.50112838,0.86047757,0.15952282,0.16476806,56606b15d2b731af30344a33ca6a11986ff650ae53432c98fbcf22f64c67d7e6,e62f8a6f32803faa0a30e452fc6487a96ed8c9d9fca0ab49a588ea55f7a68cdf,b45bfe49a9c1a87a2c90e3878e8754a9819f8bde4717653d6fb44fa920ff1e90,6840be3
eviddie-19940419-19940419,19940419,19940419,rare,test2,0,EviDDIE,The risk or severity of electrolyte imbalance increase,DB14631,DB01587,0,1,0.50070083,0.96467894,0.0351613,0.0380673,56606b15d2b731af30344a33ca6a11986ff650ae53432c98fbcf22f64c67d7e6,e62f8a6f32803faa0a30e452fc6487a96ed8c9d9fca0ab49a588ea55f7a68cdf,b45bfe49a9c1a87a2c90e3878e8754a9819f8bde4717653d6fb44fa920ff1e90,6840be3
eviddie-19940419-19940419,19940419,19940419,rare,test2,0,EviDDIE,The risk or severity of electrolyte imbalance increase,DB14669,DB06589,0,1,0.50029987,0.98787516,0.01166654,0.01288081,56606b15d2b731af30344a33ca6a11986ff650ae53432c98fbcf22f64c67d7e6,e62f8a6f32803faa0a30e452fc6487a96ed8c9d9fca0ab49a588ea55f7a68cdf,b45bfe49a9c1a87a2c90e3878e8754a9819f8bde4717653d6fb44fa920ff1e90,6840be3
eviddie-19940419-19940419,19940419,19940419,rare,test2,0,EviDDIE,The risk or severity of electrolyte imbalance increase,DB01047,DB00266,0,1,0.50115591,0.91392285,0.09165467,0.09671395,56606b15d2b731af30344a33ca6a11986ff650ae53432c98fbcf22f64c67d7e6,e62f8a6f32803faa0a30e452fc6487a96ed8c9d9fca0ab49a588ea55f7a68cdf,b45bfe49a9c1a87a2c90e3878e8754a9819f8bde4717653d6fb44fa920ff1e90,6840be3
eviddie-19940419-19940419,19940419,19940419,rare,test2,0,EviDDIE,The risk or severity of electrolyte imbalance increase,DB01130,DB15598,0,1,0.50050116,0.97719699,0.02230943,0.02436074,56606b15d2b731af30344a33ca6a11986ff650ae53432c98fbcf22f64c67d7e6,e62f8a6f32803faa0a30e452fc6487a96ed8c9d9fca0ab49a588ea55f7a68cdf,b45bfe49a9c1a87a2c90e3878e8754a9819f8bde4717653d6fb44fa920ff1e90,6840be3
eviddie-19940419-19940419,19940419,19940419,rare,test2,0,EviDDIE,The risk or severity of electrolyte imbalance increase,DB01260,DB00242,0,1,0.501221,0.89513773,0.11441833,0.11987463,56606b15d2b731af30344a33ca6a11986ff650ae53432c98fbcf22f64c67d7e6,e62f8a6f32803faa0a30e452fc6487a96ed8c9d9fca0ab49a588ea55f7a68cdf,b45bfe49a9c1a87a2c90e3878e8754a9819f8bde4717653d6fb44fa920ff1e90,6840be3
eviddie-19940419-19940419,19940419,19940419,rare,test2,0,EviDDIE,The risk or severity of electrolyte imbalance increase,DB06781,DB00956,0,1,0.50119364,0.87645465,0.13823648,0.14368415,56606b15d2b731af30344a33ca6a11986ff650ae53432c98fbcf22f64c67d7e6,e62f8a6f32803faa0a30e452fc6487a96ed8c9d9fca0ab49a588ea55f7a68cdf,b45bfe49a9c1a87a2c90e3878e8754a9819f8bde4717653d6fb44fa920ff1e90,6840be3
eviddie-19940419-19940419,19940419,19940419,rare,test2,0,EviDDIE,The risk or severity of electrolyte imbalance increase,DB06786,DB00401,0,1,0.50087827,0.95052785,0.05019913,0.05389501,56606b15d2b731af30344a33ca6a11986ff650ae53432c98fbcf22f64c67d7e6,e62f8a6f32803faa0a30e452fc6487a96ed8c9d9fca0ab49a588ea55f7a68cdf,b45bfe49a9c1a87a2c90e3878e8754a9819f8bde4717653d6fb44fa920ff1e90,6840be3
eviddie-19940419-19940419,19940419,19940419,rare,test2,0,EviDDIE,The risk or severity of electrolyte imbalance increase,DB09095,DB00615,0,1,0.5011791,0.87165797,0.1445334,0.14994445,56606b15d2b731af30344a33ca6a11986ff650ae53432c98fbcf22f64c67d7e6,e62f8a6f32803faa0a30e452fc6487a96ed8c9d9fca0ab49a588ea55f7a68cdf,b45bfe49a9c1a87a2c90e3878e8754a9819f8bde4717653d6fb44fa920ff1e90,6840be3
eviddie-19940419-19940419,19940419,19940419,rare,test2,0,EviDDIE,The risk or severity of electrolyte imbalance increase,DB13158,DB00678,0,1,0.50106221,0.92910886,0.07401361,0.07858665,56606b15d2b731af30344a33ca6a11986ff650ae53432c98fbcf22f64c67d7e6,e62f8a6f32803faa0a30e452fc6487a96ed8c9d9fca0ab49a588ea55f7a68cdf,b45bfe49a9c1a87a2c90e3878e8754a9819f8bde4717653d6fb44fa920ff1e90,6840be3
eviddie-19940419-19940419,19940419,19940419,rare,test2,0,EviDDIE,The risk or severity of electrolyte imbalance increase,DB14540,DB09034,0,1,0.50077069,0.95934099,0.04077556,0.04398896,56606b15d2b731af30344a33ca6a11986ff650ae53432c98fbcf22f64c67d7e6,e62f8a6f32803faa0a30e452fc6487a96ed8c9d9fca0ab49a588ea55f7a68cdf,b45bfe49a9c1a87a2c90e3878e8754a9819f8bde4717653d6fb44fa920ff1e90,6840be3
eviddie-19940419-19940419,19940419,19940419,rare,test2,0,EviDDIE,The risk or severity of electrolyte imbalance increase,DB14543,DB00496,0,1,0.50100666,0.93630755,0.06587485,0.07017544,56606b15d2b731af30344a33ca6a11986ff650ae53432c98fbcf22f64c67d7e6,e62f8a6f32803faa0a30e452fc6487a96ed8c9d9fca0ab49a588ea55f7a68cdf,b45bfe49a9c1a87a2c90e3878e8754a9819f8bde4717653d6fb44fa920ff1e90,6840be3
eviddie-19940419-19940419,19940419,19940419,rare,test2,0,EviDDIE,The risk or severity of electrolyte imbalance increase,DB14544,DB00945,0,1,0.50101024,0.84040934,0.18749209,0.19230054,56606b15d2b731af30344a33ca6a11986ff650ae53432c98fbcf22f64c67d7e6,e62f8a6f32803faa0a30e452fc6487a96ed8c9d9fca0ab49a588ea55f7a68cdf,b45bfe49a9c1a87a2c90e3878e8754a9819f8bde4717653d6fb44fa920ff1e90,6840be3
eviddie-19940419-19940419,19940419,19940419,rare,test2,0,EviDDIE,The risk or severity of electrolyte imbalance increase,DB15566,DB01174,0,1,0.50121063,0.88366604,0.12890922,0.13438927,56606b15d2b731af30344a33ca6a11986ff650ae53432c98fbcf22f64c67d7e6,e62f8a6f32803faa0a30e452fc6487a96ed8c9d9fca0ab49a588ea55f7a68cdf,b45bfe49a9c1a87a2c90e3878e8754a9819f8bde4717653d6fb44fa920ff1e90,6840be3
