run_id,train_seed,eval_seed,setting,tier,shot,method,event_type,drug_a,drug_b,y_true,y_pred,prob,uncertainty,evidence_0,evidence_1,checkpoint_sha256,eval_manifest_sha256,event_embedding_sha256,git_commit
eviddie-19940419-19940419,19940419,19940419,rare,1shot,0,EviDDIE,PT-11090837,BOVGTQGAOIONJV,OIGNJSKKLXVSLS,1,1,0.50015122,0.99492258,0.00479951,0.00540732,56606b15d2b731af30344a33ca6a11986ff650ae53432c98fbcf22f64c67d7e6,17c85f44910f43939d8c336b8e11d77e86e561a15bc4c215773e76a4b95d3f27,d5b11d25f3b2415dc959ae176b1986eff29aab886b60ed1119de835aef19a109,ddddaf0
eviddie-19940419-19940419,19940419,19940419,rare,1shot,0,EviDDIE,PT-11090837,BVKZGUZCCUSVTD,CDAISMWEOUEBRE,1,1,0.50013393,0.99559444,0.00415584,0.00469409,56606b15d2b731af30344a33ca6a11986ff650ae53432c98fbcf22f64c67d7e6,17c85f44910f43939d8c336b8e11d77e86e561a15bc4c215773e76a4b95d3f27,d5b11d25f3b2415dc959ae176b1986eff29aab886b60ed1119de835aef19a109,ddddaf0
eviddie-19940419-19940419,19940419,19940419,rare,1shot,0,EviDDIE,PT-11090837,BOVGTQGAOIONJV,LOUPRKONTZGTKE,0,1,0.50014305,0.99524397,0.00449129,0.00506615,56606b15d2b731af30344a33ca6a11986ff650ae53432c98fbcf22f64c67d7e6,17c85f44910f43939d8c336b8e11d77e86e561a15bc4c215773e76a4b95d3f27,d5b11d25f3b2415dc959ae176b1986eff29aab886b60ed1119de835aef19a109,ddddaf0
eviddie-19940419-19940419,19940419,19940419,rare,1shot,0,EviDDIE,PT-11090837,BVKZGUZCCUSVTD,KFQYTPMOWPVWEJ,0,1,0.5001353,0.99554461,0.00420364,0.0047472,56606b15d2b731af30344a33ca6a11986ff650ae53432c98fbcf22f64c67d7e6,17c85f44910f43939d8c336b8e11d77e86e561a15bc4c215773e76a4b95d3f27,d5b11d25f3b2415dc959ae176b1986eff29aab886b60ed1119de835aef19a109,ddddaf0
eviddie-19940419-19940419,19940419,19940419,rare,1shot,0,EviDDIE,PT-11519456,BMCQMVFGOVHVNG,MFYSYFVPBJMHGN,1,1,0.50015748,0.99467152,0.00504041,0.00567367,56606b15d2b731af30344a33ca6a11986ff650ae53432c98fbcf22f64c67d7e6,17c85f44910f43939d8c336b8e11d77e86e561a15bc4c215773e76a4b95d3f27,d5b11d25f3b2415dc959ae176b1986eff29aab886b60ed1119de835aef19a109,ddddaf0
eviddie-19940419-19940419,19940419,19940419,rare,1shot,0,EviDDIE,PT-11519456,BMCQMVFGOVHVNG,QYSPLQLAKJAUJT,0,1,0.50014567,0.99514091,0.00459016,0.00517565,56606b15d2b731af30344a33ca6a11986ff650ae53432c98fbcf22f64c67d7e6,17c85f44910f43939d8c336b8e11d77e86e561a15bc4c215773e76a4b95d3f27,d5b11d25f3b2415dc959ae176b1986eff29aab886b60ed1119de835aef19a109,ddddaf0
eviddie-19940419-19940419,19940419,19940419,rare,1shot,0,EviDDIE,PT-12375546,OFHCOWSQAMBJIW,VWQWXZAWFPZJDA,1,1,0.50015712,0.99468517,0.00502714,0.00565904,56606b15d2b731af30344a33ca6a11986ff650ae53432c98fbcf22f64c67d7e6,17c85f44910f43939d8c336b8e11d77e86e561a15bc4c215773e76a4b95d3f27,d5b11d25f3b2415dc959ae176b1986eff29aab886b60ed1119de835aef19a109,ddddaf0
eviddie-19940419-19940419,19940419,19940419,rare,1shot,0,EviDDIE,PT-12375546,OFHCOWSQAMBJIW,BMCQMVFGOVHVNG,0,1,0.5001573,0.99467826,0.00503392,0.00566654,56606b15d2b731af30344a33ca6a11986ff650ae53432c98fbcf22f64c67d7e6,17c85f44910f43939d8c336b8e11d77e86e561a15bc4c215773e76a4b95d3f27,d5b11d25f3b2415dc959ae176b1986eff29aab886b60ed1119de835aef19a109,ddddaf0
eviddie-19940419-19940419,19940419,19940419,rare,1shot,0,EviDDIE,PT-12913352,IIDJRNMFWXDHID,SUBDBMMJDZJVOS,1,1,0.5001229,0.99602073,0.00374838,0.00424195,56606b15d2b731af30344a33ca6a11986ff650ae53432c98fbcf22f64c67d7e6,17c85f44910f43939d8c336b8e11d77e86e561a15bc4c215773e76a4b95d3f27,d5b11d25f3b2415dc959ae176b1986eff29aab886b60ed1119de835aef19a109,ddddaf0
eviddie-19940419-19940419,19940419,19940419,rare,1shot,0,EviDDIE,PT-12913352,IIDJRNMFWXDHID,PGBHMTALBVVCIT,0,1,0.50013417,0.99558806,0.00416186,0.00470099,56606b15d2b731af30344a33ca6a11986ff650ae53432c98fbcf22f64c67d7e6,17c85f44910f43939d8c336b8e11d77e86e561a15bc4c215773e76a4b95d3f27,d5b11d25f3b2415dc959ae176b1986eff29aab886b60ed1119de835aef19a109,ddddaf0
eviddie-19940419-19940419,19940419,19940419,rare,1shot,0,EviDDIE,PT-13906408,KJHKTHWMRKYKJE,VGKDLMBJGBXTGI,1,1,0.50013512,0.99555075,0.0041976,0.00474063,56606b15d2b731af30344a33ca6a11986ff650ae53432c98fbcf22f64c67d7e6,17c85f44910f43939d8c336b8e11d77e86e561a15bc4c215773e76a4b95d3f27,d5b11d25f3b2415dc959ae176b1986eff29aab886b60ed1119de835aef19a109,ddddaf0
eviddie-19940419-19940419,19940419,19940419,rare,1shot,0,EviDDIE,PT-13906408,NCDNCNXCDXHOMX,SGOIRFVFHAKUTI,1,1,0.50012594,0.99590343,0.0038604,0.00436636,56606b15d2b731af30344a33ca6a11986ff650ae53432c98fbcf22f64c67d7e6,17c85f44910f43939d8c336b8e11d77e86e561a15bc4c215773e76a4b95d3f27,d5b11d25f3b2415dc959ae176b1986eff29aab886b60ed1119de835aef19a109,ddddaf0
eviddie-19940419-19940419,19940419,19940419,rare,1shot,0,EviDDIE,PT-13906408,KJHKTHWMRKYKJE,OGHNVEJMJSYVRP,0,1,0.50013345,0.99561656,0.00413469,0.00467089,56606b15d2b731af30344a33ca6a11986ff650ae53432c98fbcf22f64c67d7e6,17c85f44910f43939d8c336b8e11d77e86e561a15bc4c215773e76a4b95d3f27,d5b11d25f3b2415dc959ae176b1986eff29aab886b60ed1119de835aef19a109,ddddaf0
eviddie-19940419-19940419,19940419,19940419,rare,1shot,0,EviDDIE,PT-13906408,NCDNCNXCDXHOMX,MNDBXUUTURYVHR,0,1,0.50013149,0.99569172,0.00406279,0.00459109,56606b15d2b731af30344a33ca6a11986ff650ae53432c98fbcf22f64c67d7e6,17c85f44910f43939d8c336b8e11d77e86e561a15bc4c215773e76a4b95d3f27,d5b11d25f3b2415dc959ae176b1986eff29aab886b60ed1119de835aef19a109,ddddaf0
eviddie-19940419-19940419,19940419,19940419,rare,1shot,0,EviDDIE,PT-14501669,IQPSEEYGBUAQFF,JIVPVXMEBJLZRO,1,1,0.50012892,0.99579275,0.00396624,0.00448394,56606b15d2b731af30344a33ca6a11986ff650ae53432c98fbcf22f64c67d7e6,17c85f44910f43939d8c336b8e11d77e86e561a15bc4c215773e76a4b95d3f27,d5b11d25f3b2415dc959ae176b1986eff29aab886b60ed1119de835aef19a109,ddddaf0
eviddie-19940419-19940419,19940419,19940419,rare,1shot,0,EviDDIE,PT-14501669,IQPSEEYGBUAQFF,SEEPANYCNGTZFQ,0,1,0.50012439,0.99596679,0.00379993,0.00429923,56606b15d2b731af30344a33ca6a11986ff650ae53432c98fbcf22f64c67d7e6,17c85f44910f43939d8c336b8e11d77e86e561a15bc4c215773e76a4b95d3f27,d5b11d25f3b2415dc959ae176b1986eff29aab886b60ed1119de835aef19a109,ddddaf0
eviddie-19940419-19940419,19940419,19940419,rare,1shot,0,EviDDIE,PT-14550837,MBUVEWMHONZEQD,QWCRAEMEVRGPNT,1,1,0.50014853,0.99502689,0.00469934,0.00529653,56606b15d2b731af30344a33ca6a11986ff650ae53432c98fbcf22f64c67d7e6,17c85f44910f43939d8c336b8e11d77e86e561a15bc4c215773e76a4b95d3f27,d5b11d25f3b2415dc959ae176b1986eff29aab886b60ed1119de835aef19a109,ddddaf0
eviddie-19940419-19940419,19940419,19940419,rare,1shot,0,EviDDIE,PT-14550837,MBUVEWMHONZEQD,SGTNSNPWRIOYBX,0,1,0.50013506,0.99555403,0.00419437,0.00473711,56606b15d2b731af30344a33ca6a11986ff650ae53432c98fbcf22f64c67d7e6,17c85f44910f43939d8c336b8e11d77e86e561a15bc4c215773e76a4b95d3f27,d5b11d25f3b2415dc959ae176b1986eff29aab886b60ed1119de835aef19a109,ddddaf0
eviddie-19940419-19940419,19940419,19940419,rare,1shot,0,EviDDIE,PT-15104610,BPZSYCZIITTYBL,CEUORZQYGODEFX,1,1,0.50013858,0.99541605,0.00432643,0.00488351,56606b15d2b731af30344a33ca6a11986ff650ae53432c98fbcf22f64c67d7e6,17c85f44910f43939d8c336b8e11d77e86e561a15bc4c215773e76a4b95d3f27,d5b11d25f3b2415dc959ae176b1986eff29aab886b60ed1119de835aef19a109,ddddaf0
eviddie-19940419-19940419,19940419,19940419,rare,1shot,0,EviDDIE,PT-15104610,BPZSYCZIITTYBL,HYIMSNHJOBLJNT,0,1,0.50013518,0.99555075,0.00419759,0.00474067,56606b15d2b731af30344a33ca6a11986ff650ae53432c98fbcf22f64c67d7e6,17c85f44910f43939d8c336b8e11d77e86e561a15bc4c215773e76a4b95d3f27,d5b11d25f3b2415dc959ae176b1986eff29aab886b60ed1119de835aef19a109,ddddaf0
eviddie-19940419-19940419,19940419,19940419,rare,1shot,0,EviDDIE,PT-15204755,GSDSWSVVBLHKDQ,LXNHXLLTXMVWPM,1,1,0.50013423,0.99558568,0.00416417,0.00470355,56606b15d2b731af30344a33ca6a11986ff650ae53432c98fbcf22f64c67d7e6,17c85f44910f43939d8c336b8e11d77e86e561a15bc4c215773e76a4b95d3f27,d5b11d25f3b2415dc959ae176b1986eff29aab886b60ed1119de835aef19a109,ddddaf0
eviddie-19940419-19940419,19940419,19940419,rare,1shot,0,EviDDIE,PT-15204755,GSDSWSVVBLHKDQ,NJMYODHXAKYRHW,0,1,0.50014871,0.99502146,0.00470453,0.00530232,56606b15d2b731af30344a33ca6a11986ff650ae53432c98fbcf22f64c67d7e6,17c85f44910f43939d8c336b8e11d77e86e561a15bc4c215773e76a4b95d3f27,d5b11d25f3b2415dc959ae176b1986eff29aab886b60ed1119de835aef19a109,ddddaf0
eviddie-19940419-19940419,19940419,19940419,rare,1shot,0,EviDDIE,PT-15396329,NCEXYHBECQHGNR,ZNNLBTZKUZBEKO,1,1,0.50013226,0.99566108,0.00409202,0.00462355,56606b15d2b731af30344a33ca6a11986ff650ae53432c98fbcf22f64c67d7e6,17c85f44910f43939d8c336b8e11d77e86e561a15bc4c215773e76a4b95d3f27,d5b11d25f3b2415dc959ae176b1986eff29aab886b60ed1119de835aef19a109,ddddaf0
eviddie-19940419-19940419,19940419,19940419,rare,1shot,0,EviDDIE,PT-15396329,NCEXYHBECQHGNR,HYIMSNHJOBLJNT,0,1,0.50013429,0.9955852,0.00416469,0.00470416,56606b15d2b731af30344a33ca6a11986ff650ae53432c98fbcf22f64c67d7e6,17c85f44910f43939d8c336b8e11d77e86e561a15bc4c215773e76a4b95d3f27,d5b11d25f3b2415dc959ae176b1986eff29aab886b60ed1119de835aef19a109,ddddaf0
eviddie-19940419-19940419,19940419,19940419,rare,1shot,0,EviDDIE,PT-15626751,AXRYRYVKAWYZBR,CZFFBEXEKNGXKS,1,1,0.50012946,0.99577135,0.0039866,0.00450653,56606b15d2b731af30344a33ca6a11986ff650ae53432c98fbcf22f64c67d7e6,17c85f44910f43939d8c336b8e11d77e86e561a15bc4c215773e76a4b95d3f27,d5b11d25f3b2415dc959ae176b1986eff29aab886b60ed1119de835aef19a109,ddddaf0
eviddie-19940419-19940419,19940419,19940419,rare,1shot,0,EviDDIE,PT-15626751,NIJJYAXOARWZEE,SNPPWIUOZRMYNY,1,1,0.50012261,0.99603158,0.00373814,0.00423043,56606b15d2b731af30344a33ca6a11986ff650ae53432c98fbcf22f64c67d7e6,17c85f44910f43939d8c336b8e11d77e86e561a15bc4c215773e76a4b95d3f27,d5b11d25f3b2415dc959ae176b1986eff29aab886b60ed1119de835aef19a109,ddddaf0
eviddie-19940419-19940419,19940419,19940419,rare,1shot,0,EviDDIE,PT-15626751,AXRYRYVKAWYZBR,LUZRJRNZXALNLM,0,1,0.50014257,0.99526298,0.00447306,0.00504595,56606b15d2b731af30344a33ca6a11986ff650ae53432c98fbcf22f64c67d7e6,17c85f44910f43939d8c336b8e11d77e86e561a15bc4c215773e76a4b95d3f27,d5b11d25f3b2415dc959ae176b1986eff29aab886b60ed1119de835aef19a109,ddddaf0
eviddie-19940419-19940419,19940419,19940419,rare,1shot,0,EviDDIE,PT-15626751,NIJJYAXOARWZEE,JAUOIFJMECXRGI,0,1,0.50013489,0.99556065,0.0041882,0.00473011,56606b15d2b731af30344a33ca6a11986ff650ae53432c98fbcf22f64c67d7e6,17c85f44910f43939d8c336b8e11d77e86e561a15bc4c215773e76a4b95d3f27,d5b11d25f3b2415dc959ae176b1986eff29aab886b60ed1119de835aef19a109,ddddaf0
eviddie-19940419-19940419,19940419,19940419,rare,1shot,0,EviDDIE,PT-16020885,ASUTZQLVASHGKV,HSUGRBWQSSZJOP,1,1,0.50014913,0.99500293,0.00472232,0.00532199,56606b15d2b731af30344a33ca6a11986ff650ae53432c98fbcf22f64c67d7e6,17c85f44910f43939d8c336b8e11d77e86e561a15bc4c215773e76a4b95d3f27,d5b11d25f3b2415dc959ae176b1986eff29aab886b60ed1119de835aef19a109,ddddaf0
eviddie-19940419-19940419,19940419,19940419,rare,1shot,0,EviDDIE,PT-16020885,ASUTZQLVASHGKV,HTIQEAQVCYTUBX,1,1,0.50014788,0.9950546,0.00467273,0.00526711,56606b15d2b731af30344a33ca6a11986ff650ae53432c98fbcf22f64c67d7e6,17c85f44910f43939d8c336b8e11d77e86e561a15bc4c215773e76a4b95d3f27,d5b11d25f3b2415dc959ae176b1986eff29aab886b60ed1119de835aef19a109,ddddaf0
eviddie-19940419-19940419,19940419,19940419,rare,1shot,0,EviDDIE,PT-16020885,ASUTZQLVASHGKV,WIKYUJGCLQQFNW,0,1,0.5001533,0.99484187,0.0048769,0.00549299,56606b15d2b731af30344a33ca6a11986ff650ae53432c98fbcf22f64c67d7e6,17c85f44910f43939d8c336b8e11d77e86e561a15bc4c215773e76a4b95d3f27,d5b11d25f3b2415dc959ae176b1986eff29aab886b60ed1119de835aef19a109,ddddaf0
eviddie-19940419-19940419,19940419,19940419,rare,1shot,0,EviDDIE,PT-16020885,ASUTZQLVASHGKV,GJSURZIOUXUGAL,0,1,0.50014722,0.99507809,0.00465024,0.00524216,56606b15d2b731af30344a33ca6a11986ff650ae53432c98fbcf22f64c67d7e6,17c85f44910f43939d8c336b8e11d77e86e561a15bc4c215773e76a4b95d3f27,d5b11d25f3b2415dc959ae176b1986eff29aab886b60ed1119de835aef19a109,ddddaf0
eviddie-19940419-19940419,19940419,19940419,rare,1shot,0,EviDDIE,PT-16031872,VWPOSFSPZNDTMJ,WIKYUJGCLQQFNW,1,1,0.50014353,0.99522424,0.00451021,0.00508713,56606b15d2b731af30344a33ca6a11986ff650ae53432c98fbcf22f64c67d7e6,17c85f44910f43939d8c336b8e11d77e86e561a15bc4c215773e76a4b95d3f27,d5b11d25f3b2415dc959ae176b1986eff29aab886b60ed1119de835aef19a109,ddddaf0
eviddie-19940419-19940419,19940419,19940419,rare,1shot,0,EviDDIE,PT-16031872,VWPOSFSPZNDTMJ,ADIMAYPTOBDMTL,0,1,0.50013918,0.99539411,0.00434752,0.00490689,56606b15d2b731af30344a33ca6a11986ff650ae53432c98fbcf22f64c67d7e6,17c85f44910f43939d8c336b8e11d77e86e561a15bc4c215773e76a4b95d3f27,d5b11d25f3b2415dc959ae176b1986eff29aab886b60ed1119de835aef19a109,ddddaf0
eviddie-19940419-19940419,19940419,19940419,rare,1shot,0,EviDDIE,PT-16075454,BPZSYCZIITTYBL,HSUGRBWQSSZJOP,1,1,0.50013483,0.99556422,0.00418477,0.00472645,56606b15d2b731af30344a33ca6a11986ff650ae53432c98fbcf22f64c67d7e6,17c85f44910f43939d8c336b8e11d77e86e561a15bc4c215773e76a4b95d3f27,d5b11d25f3b2415dc959ae176b1986eff29aab886b60ed1119de835aef19a109,ddddaf0
eviddie-19940419-19940419,19940419,19940419,rare,1shot,0,EviDDIE,PT-16075454,BPZSYCZIITTYBL,RYMZZMVNJRMUDD,1,1,0.5001412,0.99531651,0.00442185,0.00498924,56606b15d2b731af30344a33ca6a11986ff650ae53432c98fbcf22f64c67d7e6,17c85f44910f43939d8c336b8e11d77e86e561a15bc4c215773e76a4b95d3f27,d5b11d25f3b2415dc959ae176b1986eff29aab886b60ed1119de835aef19a109,ddddaf0
eviddie-19940419-19940419,19940419,19940419,rare,1shot,0,EviDDIE,PT-16075454,WDJHALXBUFZDSR,XOFYZVNMUHMLCC,1,1,0.50013578,0.9955253,0.00422205,0.00476754,56606b15d2b731af30344a33ca6a11986ff650ae53432c98fbcf22f64c67d7e6,17c85f44910f43939d8c336b8e11d77e86e561a15bc4c215773e76a4b95d3f27,d5b11d25f3b2415dc959ae176b1986eff29aab886b60ed1119de835aef19a109,ddddaf0
eviddie-19940419-19940419,19940419,19940419,rare,1shot,0,EviDDIE,PT-16075454,BPZSYCZIITTYBL,AQHHHDLHHXJYJD,0,1,0.50012851,0.99580681,0.00395269,0.0044689,56606b15d2b731af30344a33ca6a11986ff650ae53432c98fbcf22f64c67d7e6,17c85f44910f43939d8c336b8e11d77e86e561a15bc4c215773e76a4b95d3f27,d5b11d25f3b2415dc959ae176b1986eff29aab886b60ed1119de835aef19a109,ddddaf0
eviddie-19940419-19940419,19940419,19940419,rare,1shot,0,EviDDIE,PT-16075454,BPZSYCZIITTYBL,JBIWCJUYHHGXTC,0,1,0.50014132,0.99531168,0.00442653,0.00499444,56606b15d2b731af30344a33ca6a11986ff650ae53432c98fbcf22f64c67d7e6,17c85f44910f43939d8c336b8e11d77e86e561a15bc4c215773e76a4b95d3f27,d5b11d25f3b2415dc959ae176b1986eff29aab886b60ed1119de835aef19a109,ddddaf0
eviddie-19940419-19940419,19940419,19940419,rare,1shot,0,EviDDIE,PT-16075454,WDJHALXBUFZDSR,OFVLGDICTFRJMM,0,1,0.5001334,0.99561548,0.00413573,0.00467184,56606b15d2b731af30344a33ca6a11986ff650ae53432c98fbcf22f64c67d7e6,17c85f44910f43939d8c336b8e11d77e86e561a15bc4c215773e76a4b95d3f27,d5b11d25f3b2415dc959ae176b1986eff29aab886b60ed1119de835aef19a109,ddddaf0
eviddie-19940419-19940419,19940419,19940419,rare,1shot,0,EviDDIE,PT-16123123,IMBXEJJVJRTNOW,NDAUXUAQIAJITI,1,1,0.50013858,0.99541628,0.00432636,0.00488335,56606b15d2b731af30344a33ca6a11986ff650ae53432c98fbcf22f64c67d7e6,17c85f44910f43939d8c336b8e11d77e86e561a15bc4c215773e76a4b95d3f27,d5b11d25f3b2415dc959ae176b1986eff29aab886b60ed1119de835aef19a109,ddddaf0
eviddie-19940419-19940419,19940419,19940419,rare,1shot,0,EviDDIE,PT-16123123,IMBXEJJVJRTNOW,LOUPRKONTZGTKE,0,1,0.50014848,0.995031,0.00469547,0.00529219,56606b15d2b731af30344a33ca6a11986ff650ae53432c98fbcf22f64c67d7e6,17c85f44910f43939d8c336b8e11d77e86e561a15bc4c215773e76a4b95d3f27,d5b11d25f3b2415dc959ae176b1986eff29aab886b60ed1119de835aef19a109,ddddaf0
eviddie-19940419-19940419,19940419,19940419,rare,1shot,0,EviDDIE,PT-16259298,ACWBQPMHZXGDFX,SNIOPGDIGTZGOP,1,1,0.50012654,0.99588311,0.00387995,0.00438809,56606b15d2b731af30344a33ca6a11986ff650ae53432c98fbcf22f64c67d7e6,17c85f44910f43939d8c336b8e11d77e86e561a15bc4c215773e76a4b95d3f27,d5b11d25f3b2415dc959ae176b1986eff29aab886b60ed1119de835aef19a109,ddddaf0
eviddie-19940419-19940419,19940419,19940419,rare,1shot,0,EviDDIE,PT-16259298,GBBSUAFBMRNDJC,QRXWMOHMRWLFEY,1,1,0.50013262,0.9956488,0.00410392,0.00463668,56606b15d2b731af30344a33ca6a11986ff650ae53432c98fbcf22f64c67d7e6,17c85f44910f43939d8c336b8e11d77e86e561a15bc4c215773e76a4b95d3f27,d5b11d25f3b2415dc959ae176b1986eff29aab886b60ed1119de835aef19a109,ddddaf0
eviddie-19940419-19940419,19940419,19940419,rare,1shot,0,EviDDIE,PT-16259298,ACWBQPMHZXGDFX,ULGZDMOVFRHVEP,0,1,0.50014102,0.995323,0.00441561,0.00498232,56606b15d2b731af30344a33ca6a11986ff650ae53432c98fbcf22f64c67d7e6,17c85f44910f43939d8c336b8e11d77e86e561a15bc4c215773e76a4b95d3f27,d5b11d25f3b2415dc959ae176b1986eff29aab886b60ed1119de835aef19a109,ddddaf0
eviddie-19940419-19940419,19940419,19940419,rare,1shot,0,EviDDIE,PT-16259298,GBBSUAFBMRNDJC,LTXREWYXXSTFRX,0,1,0.5001421,0.99528211,0.00445475,0.00502572,56606b15d2b731af30344a33ca6a11986ff650ae53432c98fbcf22f64c67d7e6,17c85f44910f43939d8c336b8e11d77e86e561a15bc4c215773e76a4b95d3f27,d5b11d25f3b2415dc959ae176b1986eff29aab886b60ed1119de835aef19a109,ddddaf0
eviddie-19940419-19940419,19940419,19940419,rare,1shot,0,EviDDIE,PT-16280284,RGCVKNLCSQQDEP,XLYOFNOQVPJJNP,1,1,0.50012916,0.99578118,0.00397741,0.00449606,56606b15d2b731af30344a33ca6a11986ff650ae53432c98fbcf22f64c67d7e6,17c85f44910f43939d8c336b8e11d77e86e561a15bc4c215773e76a4b95d3f27,d5b11d25f3b2415dc959ae176b1986eff29aab886b60ed1119de835aef19a109,ddddaf0
eviddie-19940419-19940419,19940419,19940419,rare,1shot,0,EviDDIE,PT-16280284,RGCVKNLCSQQDEP,PPTYJKAXVCCBDU,0,1,0.50014335,0.995233,0.00450187,0.00507791,56606b15d2b731af30344a33ca6a11986ff650ae53432c98fbcf22f64c67d7e6,17c85f44910f43939d8c336b8e11d77e86e561a15bc4c215773e76a4b95d3f27,d5b11d25f3b2415dc959ae176b1986eff29aab886b60ed1119de835aef19a109,ddddaf0
eviddie-19940419-19940419,19940419,19940419,rare,1shot,0,EviDDIE,PT-16382811,PPTYJKAXVCCBDU,VOKSWYLNZZRQPF,1,1,0.50014281,0.99525332,0.00448236,0.00505625,56606b15d2b731af30344a33ca6a11986ff650ae53432c98fbcf22f64c67d7e6,17c85f44910f43939d8c336b8e11d77e86e561a15bc4c215773e76a4b95d3f27,d5b11d25f3b2415dc959ae176b1986eff29aab886b60ed1119de835aef19a109,ddddaf0
eviddie-19940419-19940419,19940419,19940419,rare,1shot,0,EviDDIE,PT-16382811,PPTYJKAXVCCBDU,OGHNVEJMJSYVRP,0,1,0.50013548,0.99554008,0.00420777,0.00475199,56606b15d2b731af30344a33ca6a11986ff650ae53432c98fbcf22f64c67d7e6,17c85f44910f43939d8c336b8e11d77e86e561a15bc4c215773e76a4b95d3f27,d5b11d25f3b2415dc959ae176b1986eff29aab886b60ed1119de835aef19a109,ddddaf0
eviddie-19940419-19940419,19940419,19940419,rare,1shot,0,EviDDIE,PT-16388032,HEFNNWSXXWATRW,URKOMYMAXPYINW,1,1,0.50013757,0.99545431,0.00428983,0.00484292,56606b15d2b731af30344a33ca6a11986ff650ae53432c98fbcf22f64c67d7e6,17c85f44910f43939d8c336b8e11d77e86e561a15bc4c215773e76a4b95d3f27,d5b11d25f3b2415dc959ae176b1986eff29aab886b60ed1119de835aef19a109,ddddaf0
eviddie-19940419-19940419,19940419,19940419,rare,1shot,0,EviDDIE,PT-16388032,HEFNNWSXXWATRW,SGUAFYQXFOLMHL,0,1,0.50012845,0.99580884,0.00395077,0.00446676,56606b15d2b731af30344a33ca6a11986ff650ae53432c98fbcf22f64c67d7e6,17c85f44910f43939d8c336b8e11d77e86e561a15bc4c215773e76a4b95d3f27,d5b11d25f3b2415dc959ae176b1986eff29aab886b60ed1119de835aef19a109,ddddaf0
eviddie-19940419-19940419,19940419,19940419,rare,1shot,0,EviDDIE,PT-16542855,CMSMOCZEIVJLDB,UVKZSORBKUEBAZ,1,1,0.50013876,0.9954111,0.00433132,0.00488884,56606b15d2b731af30344a33ca6a11986ff650ae53432c98fbcf22f64c67d7e6,17c85f44910f43939d8c336b8e11d77e86e561a15bc4c215773e76a4b95d3f27,d5b11d25f3b2415dc959ae176b1986eff29aab886b60ed1119de835aef19a109,ddddaf0
eviddie-19940419-19940419,19940419,19940419,rare,1shot,0,EviDDIE,PT-16542855,CMSMOCZEIVJLDB,OOGJQPCLVADCPB,0,1,0.50013328,0.99562114,0.00413022,0.00466587,56606b15d2b731af30344a33ca6a11986ff650ae53432c98fbcf22f64c67d7e6,17c85f44910f43939d8c336b8e11d77e86e561a15bc4c215773e76a4b95d3f27,d5b11d25f3b2415dc959ae176b1986eff29aab886b60ed1119de835aef19a109,ddddaf0
eviddie-19940419-19940419,19940419,19940419,rare,1shot,0,EviDDIE,PT-16749091,FBOZXECLQNJBKD,PDMMFKSKQVNJMI,1,1,0.50014645,0.99510926,0.00462037,0.00520906,56606b15d2b731af30344a33ca6a11986ff650ae53432c98fbcf22f64c67d7e6,17c85f44910f43939d8c336b8e11d77e86e561a15bc4c215773e76a4b95d3f27,d5b11d25f3b2415dc959ae176b1986eff29aab886b60ed1119de835aef19a109,ddddaf0
eviddie-19940419-19940419,19940419,19940419,rare,1shot,0,EviDDIE,PT-16749091,FBOZXECLQNJBKD,UZHSEJADLWPNLE,0,1,0.50014275,0.99525523,0.00448056,0.00505425,56606b15d2b731af30344a33ca6a11986ff650ae53432c98fbcf22f64c67d7e6,17c85f44910f43939d8c336b8e11d77e86e561a15bc4c215773e76a4b95d3f27,d5b11d25f3b2415dc959ae176b1986eff29aab886b60ed1119de835aef19a109,ddddaf0
eviddie-19940419-19940419,19940419,19940419,rare,1shot,0,EviDDIE,PT-16783023,GHOSNRCGJFBJIB,ZAFYATHCZYHLPB,1,1,0.50013214,0.99566561,0.00408767,0.00461871,56606b15d2b731af30344a33ca6a11986ff650ae53432c98fbcf22f64c67d7e6,17c85f44910f43939d8c336b8e11d77e86e561a15bc4c215773e76a4b95d3f27,d5b11d25f3b2415dc959ae176b1986eff29aab886b60ed1119de835aef19a109,ddddaf0
eviddie-19940419-19940419,19940419,19940419,rare,1shot,0,EviDDIE,PT-16783023,GHOSNRCGJFBJIB,HYAFETHFCAUJAY,0,1,0.50013757,0.99545681,0.0042875,0.00484034,56606b15d2b731af30344a33ca6a11986ff650ae53432c98fbcf22f64c67d7e6,17c85f44910f43939d8c336b8e11d77e86e561a15bc4c215773e76a4b95d3f27,d5b11d25f3b2415dc959ae176b1986eff29aab886b60ed1119de835aef19a109,ddddaf0
eviddie-19940419-19940419,19940419,19940419,rare,1shot,0,EviDDIE,PT-16803939,LUZRJRNZXALNLM,WVLOADHCBXTIJK,1,1,0.50015801,0.99464959,0.0050614,0.0056969,56606b15d2b731af30344a33ca6a11986ff650ae53432c98fbcf22f64c67d7e6,17c85f44910f43939d8c336b8e11d77e86e561a15bc4c215773e76a4b95d3f27,d5b11d25f3b2415dc959ae176b1986eff29aab886b60ed1119de835aef19a109,ddddaf0
eviddie-19940419-19940419,19940419,19940419,rare,1shot,0,EviDDIE,PT-16803939,LUZRJRNZXALNLM,AXRYRYVKAWYZBR,0,1,0.50014329,0.99523181,0.00450285,0.00507899,56606b15d2b731af30344a33ca6a11986ff650ae53432c98fbcf22f64c67d7e6,17c85f44910f43939d8c336b8e11d77e86e561a15bc4c215773e76a4b95d3f27,d5b11d25f3b2415dc959ae176b1986eff29aab886b60ed1119de835aef19a109,ddddaf0
eviddie-19940419-19940419,19940419,19940419,rare,1shot,0,EviDDIE,PT-16879674,BVKZGUZCCUSVTD,ZAFYATHCZYHLPB,1,1,0.50012958,0.99576724,0.0039907,0.00451095,56606b15d2b731af30344a33ca6a11986ff650ae53432c98fbcf22f64c67d7e6,17c85f44910f43939d8c336b8e11d77e86e561a15bc4c215773e76a4b95d3f27,d5b11d25f3b2415dc959ae176b1986eff29aab886b60ed1119de835aef19a109,ddddaf0
eviddie-19940419-19940419,19940419,19940419,rare,1shot,0,EviDDIE,PT-16879674,BVKZGUZCCUSVTD,ZNNLBTZKUZBEKO,0,1,0.50013399,0.99559349,0.00415677,0.00469522,56606b15d2b731af30344a33ca6a11986ff650ae53432c98fbcf22f64c67d7e6,17c85f44910f43939d8c336b8e11d77e86e561a15bc4c215773e76a4b95d3f27,d5b11d25f3b2415dc959ae176b1986eff29aab886b60ed1119de835aef19a109,ddddaf0
eviddie-19940419-19940419,19940419,19940419,rare,1shot,0,EviDDIE,PT-16886720,BMCQMVFGOVHVNG,GBBSUAFBMRNDJC,1,1,0.5001514,0.99491477,0.00480689,0.00541551,56606b15d2b731af30344a33ca6a11986ff650ae53432c98fbcf22f64c67d7e6,17c85f44910f43939d8c336b8e11d77e86e561a15bc4c215773e76a4b95d3f27,d5b11d25f3b2415dc959ae176b1986eff29aab886b60ed1119de835aef19a109,ddddaf0
eviddie-19940419-19940419,19940419,19940419,rare,1shot,0,EviDDIE,PT-16886720,RPLCPCMSCLEKRS,UREBDLICKHMUKA,1,1,0.50016183,0.99449795,0.00520716,0.00585797,56606b15d2b731af30344a33ca6a11986ff650ae53432c98fbcf22f64c67d7e6,17c85f44910f43939d8c336b8e11d77e86e561a15bc4c215773e76a4b95d3f27,d5b11d25f3b2415dc959ae176b1986eff29aab886b60ed1119de835aef19a109,ddddaf0
eviddie-19940419-19940419,19940419,19940419,rare,1shot,0,EviDDIE,PT-16886720,BMCQMVFGOVHVNG,QWAXKHKRTORLEM,0,1,0.50014925,0.99499762,0.00472741,0.00532758,56606b15d2b731af30344a33ca6a11986ff650ae53432c98fbcf22f64c67d7e6,17c85f44910f43939d8c336b8e11d77e86e561a15bc4c215773e76a4b95d3f27,d5b11d25f3b2415dc959ae176b1986eff29aab886b60ed1119de835aef19a109,ddddaf0
eviddie-19940419-19940419,19940419,19940419,rare,1shot,0,EviDDIE,PT-16886720,RPLCPCMSCLEKRS,HSUGRBWQSSZJOP,0,1,0.50015199,0.99489141,0.00482936,0.00544039,56606b15d2b731af30344a33ca6a11986ff650ae53432c98fbcf22f64c67d7e6,17c85f44910f43939d8c336b8e11d77e86e561a15bc4c215773e76a4b95d3f27,d5b11d25f3b2415dc959ae176b1986eff29aab886b60ed1119de835aef19a109,ddddaf0
eviddie-19940419-19940419,19940419,19940419,rare,1shot,0,EviDDIE,PT-16914645,DRLFMBDRBRZALE,YFGHCGITMMYXAQ,1,1,0.50012636,0.99588841,0.00387474,0.00438234,56606b15d2b731af30344a33ca6a11986ff650ae53432c98fbcf22f64c67d7e6,17c85f44910f43939d8c336b8e11d77e86e561a15bc4c215773e76a4b95d3f27,d5b11d25f3b2415dc959ae176b1986eff29aab886b60ed1119de835aef19a109,ddddaf0
eviddie-19940419-19940419,19940419,19940419,rare,1shot,0,EviDDIE,PT-16914645,DRLFMBDRBRZALE,VOKSWYLNZZRQPF,0,1,0.50013673,0.99548954,0.00425621,0.00480562,56606b15d2b731af30344a33ca6a11986ff650ae53432c98fbcf22f64c67d7e6,17c85f44910f43939d8c336b8e11d77e86e561a15bc4c215773e76a4b95d3f27,d5b11d25f3b2415dc959ae176b1986eff29aab886b60ed1119de835aef19a109,ddddaf0
eviddie-19940419-19940419,19940419,19940419,rare,1shot,0,EviDDIE,PT-17040020,AUYYCJSJGJYCDS,MAEIEVLCKWDQJH,1,1,0.50012916,0.99578094,0.00397739,0.00449634,56606b15d2b731af30344a33ca6a11986ff650ae53432c98fbcf22f64c67d7e6,17c85f44910f43939d8c336b8e11d77e86e561a15bc4c215773e76a4b95d3f27,d5b11d25f3b2415dc959ae176b1986eff29aab886b60ed1119de835aef19a109,ddddaf0
eviddie-19940419-19940419,19940419,19940419,rare,1shot,0,EviDDIE,PT-17040020,FKNQFGJONOIPTF,PHIQHXFUZVPYII,1,1,0.50012302,0.99601436,0.0037547,0.00424857,56606b15d2b731af30344a33ca6a11986ff650ae53432c98fbcf22f64c67d7e6,17c85f44910f43939d8c336b8e11d77e86e561a15bc4c215773e76a4b95d3f27,d5b11d25f3b2415dc959ae176b1986eff29aab886b60ed1119de835aef19a109,ddddaf0
eviddie-19940419-19940419,19940419,19940419,rare,1shot,0,EviDDIE,PT-17040020,ORFOPKXBNMVMKC,RFHAOTPXVQNOHP,1,1,0.50013494,0.99555969,0.00418905,0.00473116,56606b15d2b731af30344a33ca6a11986ff650ae53432c98fbcf22f64c67d7e6,17c85f44910f43939d8c336b8e11d77e86e561a15bc4c215773e76a4b95d3f27,d5b11d25f3b2415dc959ae176b1986eff29aab886b60ed1119de835aef19a109,ddddaf0
eviddie-19940419-19940419,19940419,19940419,rare,1shot,0,EviDDIE,PT-17040020,ORFOPKXBNMVMKC,ZKLPARSLTMPFCP,1,1,0.50014132,0.99531168,0.00442653,0.0049944,56606b15d2b731af30344a33ca6a11986ff650ae53432c98fbcf22f64c67d7e6,17c85f44910f43939d8c336b8e11d77e86e561a15bc4c215773e76a4b95d3f27,d5b11d25f3b2415dc959ae176b1986eff29aab886b60ed1119de835aef19a109,ddddaf0
eviddie-19940419-19940419,19940419,19940419,rare,1shot,0,EviDDIE,PT-17040020,AUYYCJSJGJYCDS,HUNXMJYCHXQEGX,0,1,0.5001294,0.99577218,0.00398571,0.00450558,56606b15d2b731af30344a33ca6a11986ff650ae53432c98fbcf22f64c67d7e6,17c85f44910f43939d8c336b8e11d77e86e561a15bc4c215773e76a4b95d3f27,d5b11d25f3b2415dc959ae176b1986eff29aab886b60ed1119de835aef19a109,ddddaf0
eviddie-19940419-19940419,19940419,19940419,rare,1shot,0,EviDDIE,PT-17040020,FKNQFGJONOIPTF,MCGSCOLBFJQGHM,0,1,0.50013614,0.9955107,0.0042361,0.00478298,56606b15d2b731af30344a33ca6a11986ff650ae53432c98fbcf22f64c67d7e6,17c85f44910f43939d8c336b8e11d77e86e561a15bc4c215773e76a4b95d3f27,d5b11d25f3b2415dc959ae176b1986eff29aab886b60ed1119de835aef19a109,ddddaf0
eviddie-19940419-19940419,19940419,19940419,rare,1shot,0,EviDDIE,PT-17040020,ORFOPKXBNMVMKC,CNBGNNVCVSKAQZ,0,1,0.50013638,0.99550509,0.00424132,0.00478913,56606b15d2b731af30344a33ca6a11986ff650ae53432c98fbcf22f64c67d7e6,17c85f44910f43939d8c336b8e11d77e86e561a15bc4c215773e76a4b95d3f27,d5b11d25f3b2415dc959ae176b1986eff29aab886b60ed1119de835aef19a109,ddddaf0
eviddie-19940419-19940419,19940419,19940419,rare,1shot,0,EviDDIE,PT-17040020,ORFOPKXBNMVMKC,JIVPVXMEBJLZRO,0,1,0.50013679,0.99548763,0.00425797,0.00480758,56606b15d2b731af30344a33ca6a11986ff650ae53432c98fbcf22f64c67d7e6,17c85f44910f43939d8c336b8e11d77e86e561a15bc4c215773e76a4b95d3f27,d5b11d25f3b2415dc959ae176b1986eff29aab886b60ed1119de835aef19a109,ddddaf0
eviddie-19940419-19940419,19940419,19940419,rare,1shot,0,EviDDIE,PT-17228333,RZTAMFZIAATZDJ,TUZYXOIXSAXUGO,1,1,0.50014007,0.99536103,0.00437931,0.00494208,56606b15d2b731af30344a33ca6a11986ff650ae53432c98fbcf22f64c67d7e6,17c85f44910f43939d8c336b8e11d77e86e561a15bc4c215773e76a4b95d3f27,d5b11d25f3b2415dc959ae176b1986eff29aab886b60ed1119de835aef19a109,ddddaf0
eviddie-19940419-19940419,19940419,19940419,rare,1shot,0,EviDDIE,PT-17228333,RZTAMFZIAATZDJ,ADEBPBSSDYVVLD,0,1,0.50014275,0.99525636,0.00447939,0.00505299,56606b15d2b731af30344a33ca6a11986ff650ae53432c98fbcf22f64c67d7e6,17c85f44910f43939d8c336b8e11d77e86e561a15bc4c215773e76a4b95d3f27,d5b11d25f3b2415dc959ae176b1986eff29aab886b60ed1119de835aef19a109,ddddaf0
eviddie-19940419-19940419,19940419,19940419,rare,1shot,0,EviDDIE,PT-17265807,AQHHHDLHHXJYJD,KPYSYYIEGFHWSV,1,1,0.50012547,0.99592304,0.00384173,0.00434565,56606b15d2b731af30344a33ca6a11986ff650ae53432c98fbcf22f64c67d7e6,17c85f44910f43939d8c336b8e11d77e86e561a15bc4c215773e76a4b95d3f27,d5b11d25f3b2415dc959ae176b1986eff29aab886b60ed1119de835aef19a109,ddddaf0
eviddie-19940419-19940419,19940419,19940419,rare,1shot,0,EviDDIE,PT-17265807,AQHHHDLHHXJYJD,TUZYXOIXSAXUGO,0,1,0.5001353,0.99554658,0.00420158,0.00474508,56606b15d2b731af30344a33ca6a11986ff650ae53432c98fbcf22f64c67d7e6,17c85f44910f43939d8c336b8e11d77e86e561a15bc4c215773e76a4b95d3f27,d5b11d25f3b2415dc959ae176b1986eff29aab886b60ed1119de835aef19a109,ddddaf0
eviddie-19940419-19940419,19940419,19940419,rare,1shot,0,EviDDIE,PT-17332255,XUIIKFGFIJCVMT,ZZUFCTLCJUWOSV,1,1,0.5001266,0.99588096,0.00388196,0.00439036,56606b15d2b731af30344a33ca6a11986ff650ae53432c98fbcf22f64c67d7e6,17c85f44910f43939d8c336b8e11d77e86e561a15bc4c215773e76a4b95d3f27,d5b11d25f3b2415dc959ae176b1986eff29aab886b60ed1119de835aef19a109,ddddaf0
eviddie-19940419-19940419,19940419,19940419,rare,1shot,0,EviDDIE,PT-17332255,XUIIKFGFIJCVMT,AOJJSUZBOXZQNB,0,1,0.50013965,0.99537671,0.00436414,0.00492532,56606b15d2b731af30344a33ca6a11986ff650ae53432c98fbcf22f64c67d7e6,17c85f44910f43939d8c336b8e11d77e86e561a15bc4c215773e76a4b95d3f27,d5b11d25f3b2415dc959ae176b1986eff29aab886b60ed1119de835aef19a109,ddddaf0
eviddie-19940419-19940419,19940419,19940419,rare,1shot,0,EviDDIE,PT-17358898,CMWTZPSULFXXJA,FEBLZLNTKCEFIT,1,1,0.50014377,0.99521554,0.00451858,0.00509638,56606b15d2b731af30344a33ca6a11986ff650ae53432c98fbcf22f64c67d7e6,17c85f44910f43939d8c336b8e11d77e86e561a15bc4c215773e76a4b95d3f27,d5b11d25f3b2415dc959ae176b1986eff29aab886b60ed1119de835aef19a109,ddddaf0
eviddie-19940419-19940419,19940419,19940419,rare,1shot,0,EviDDIE,PT-17358898,CMWTZPSULFXXJA,ODAIHABQVKJNIY,0,1,0.50013584,0.99552441,0.00422282,0.00476861,56606b15d2b731af30344a33ca6a11986ff650ae53432c98fbcf22f64c67d7e6,17c85f44910f43939d8c336b8e11d77e86e561a15bc4c215773e76a4b95d3f27,d5b11d25f3b2415dc959ae176b1986eff29aab886b60ed1119de835aef19a109,ddddaf0
eviddie-19940419-19940419,19940419,19940419,rare,1shot,0,EviDDIE,PT-17428893,JBIWCJUYHHGXTC,ZZVUWRFHKOJYTH,1,1,0.50013822,0.99542904,0.00431401,0.00486972,56606b15d2b731af30344a33ca6a11986ff650ae53432c98fbcf22f64c67d7e6,17c85f44910f43939d8c336b8e11d77e86e561a15bc4c215773e76a4b95d3f27,d5b11d25f3b2415dc959ae176b1986eff29aab886b60ed1119de835aef19a109,ddddaf0
eviddie-19940419-19940419,19940419,19940419,rare,1shot,0,EviDDIE,PT-17428893,JBIWCJUYHHGXTC,BPZSYCZIITTYBL,0,1,0.50014025,0.99535239,0.00438747,0.00495116,56606b15d2b731af30344a33ca6a11986ff650ae53432c98fbcf22f64c67d7e6,17c85f44910f43939d8c336b8e11d77e86e561a15bc4c215773e76a4b95d3f27,d5b11d25f3b2415dc959ae176b1986eff29aab886b60ed1119de835aef19a109,ddddaf0
eviddie-19940419-19940419,19940419,19940419,rare,1shot,0,EviDDIE,PT-17433139,ATALOFNDEOCMKK,BQJCRHHNABKAKU,1,1,0.50014657,0.99510598,0.00462358,0.00521261,56606b15d2b731af30344a33ca6a11986ff650ae53432c98fbcf22f64c67d7e6,17c85f44910f43939d8c336b8e11d77e86e561a15bc4c215773e76a4b95d3f27,d5b11d25f3b2415dc959ae176b1986eff29aab886b60ed1119de835aef19a109,ddddaf0
eviddie-19940419-19940419,19940419,19940419,rare,1shot,0,EviDDIE,PT-17433139,BFPYWIDHMRZLRN,ITRJWOMZKQRYTA,1,1,0.5001595,0.9945904,0.00511829,0.00575981,56606b15d2b731af30344a33ca6a11986ff650ae53432c98fbcf22f64c67d7e6,17c85f44910f43939d8c336b8e11d77e86e561a15bc4c215773e76a4b95d3f27,d5b11d25f3b2415dc959ae176b1986eff29aab886b60ed1119de835aef19a109,ddddaf0
eviddie-19940419-19940419,19940419,19940419,rare,1shot,0,EviDDIE,PT-17433139,ATALOFNDEOCMKK,GBABOYUKABKIAF,0,1,0.50014406,0.99520135,0.00453206,0.00511133,56606b15d2b731af30344a33ca6a11986ff650ae53432c98fbcf22f64c67d7e6,17c85f44910f43939d8c336b8e11d77e86e561a15bc4c215773e76a4b95d3f27,d5b11d25f3b2415dc959ae176b1986eff29aab886b60ed1119de835aef19a109,ddddaf0
eviddie-19940419-19940419,19940419,19940419,rare,1shot,0,EviDDIE,PT-17433139,BFPYWIDHMRZLRN,RDOIQAHITMMDAJ,0,1,0.50014919,0.99500024,0.00472485,0.0053248,56606b15d2b731af30344a33ca6a11986ff650ae53432c98fbcf22f64c67d7e6,17c85f44910f43939d8c336b8e11d77e86e561a15bc4c215773e76a4b95d3f27,d5b11d25f3b2415dc959ae176b1986eff29aab886b60ed1119de835aef19a109,ddddaf0
eviddie-19940419-19940419,19940419,19940419,rare,1shot,0,EviDDIE,PT-17583915,LZFZMUMEGBBDTC,SGUAFYQXFOLMHL,1,1,0.5001331,0.99563086,0.004121,0.00465569,56606b15d2b731af30344a33ca6a11986ff650ae53432c98fbcf22f64c67d7e6,17c85f44910f43939d8c336b8e11d77e86e561a15bc4c215773e76a4b95d3f27,d5b11d25f3b2415dc959ae176b1986eff29aab886b60ed1119de835aef19a109,ddddaf0
eviddie-19940419-19940419,19940419,19940419,rare,1shot,0,EviDDIE,PT-17583915,LZFZMUMEGBBDTC,IEDVJHCEMCRBQM,0,1,0.50013334,0.99561948,0.00413179,0.00466766,56606b15d2b731af30344a33ca6a11986ff650ae53432c98fbcf22f64c67d7e6,17c85f44910f43939d8c336b8e11d77e86e561a15bc4c215773e76a4b95d3f27,d5b11d25f3b2415dc959ae176b1986eff29aab886b60ed1119de835aef19a109,ddddaf0
eviddie-19940419-19940419,19940419,19940419,rare,1shot,0,EviDDIE,PT-17661894,GRYLNZFGIOXLOG,MBWXNTAXLNYFJB,1,1,0.50013357,0.99561149,0.00413962,0.00467617,56606b15d2b731af30344a33ca6a11986ff650ae53432c98fbcf22f64c67d7e6,17c85f44910f43939d8c336b8e11d77e86e561a15bc4c215773e76a4b95d3f27,d5b11d25f3b2415dc959ae176b1986eff29aab886b60ed1119de835aef19a109,ddddaf0
eviddie-19940419-19940419,19940419,19940419,rare,1shot,0,EviDDIE,PT-17661894,GRYLNZFGIOXLOG,OZOMQRBLCMDCEG,0,1,0.50013667,0.99549192,0.00425406,0.00480308,56606b15d2b731af30344a33ca6a11986ff650ae53432c98fbcf22f64c67d7e6,17c85f44910f43939d8c336b8e11d77e86e561a15bc4c215773e76a4b95d3f27,d5b11d25f3b2415dc959ae176b1986eff29aab886b60ed1119de835aef19a109,ddddaf0
eviddie-19940419-19940419,19940419,19940419,rare,1shot,0,EviDDIE,PT-17730751,CNBGNNVCVSKAQZ,KUVIULQEHSCUHY,1,1,0.50014043,0.99534661,0.00439307,0.00495737,56606b15d2b731af30344a33ca6a11986ff650ae53432c98fbcf22f64c67d7e6,17c85f44910f43939d8c336b8e11d77e86e561a15bc4c215773e76a4b95d3f27,d5b11d25f3b2415dc959ae176b1986eff29aab886b60ed1119de835aef19a109,ddddaf0
eviddie-19940419-19940419,19940419,19940419,rare,1shot,0,EviDDIE,PT-17730751,QRXWMOHMRWLFEY,RDOIQAHITMMDAJ,1,1,0.50013155,0.99568909,0.00406528,0.00459386,56606b15d2b731af30344a33ca6a11986ff650ae53432c98fbcf22f64c67d7e6,17c85f44910f43939d8c336b8e11d77e86e561a15bc4c215773e76a4b95d3f27,d5b11d25f3b2415dc959ae176b1986eff29aab886b60ed1119de835aef19a109,ddddaf0
eviddie-19940419-19940419,19940419,19940419,rare,1shot,0,EviDDIE,PT-17730751,CNBGNNVCVSKAQZ,QZUDBNBUXVUHMW,0,1,0.50014025,0.99535334,0.00438656,0.00495016,56606b15d2b731af30344a33ca6a11986ff650ae53432c98fbcf22f64c67d7e6,17c85f44910f43939d8c336b8e11d77e86e561a15bc4c215773e76a4b95d3f27,d5b11d25f3b2415dc959ae176b1986eff29aab886b60ed1119de835aef19a109,ddddaf0
eviddie-19940419-19940419,19940419,19940419,rare,1shot,0,EviDDIE,PT-17730751,QRXWMOHMRWLFEY,XZWYZXLIPXDOLR,0,1,0.50012434,0.99596548,0.00380121,0.00430053,56606b15d2b731af30344a33ca6a11986ff650ae53432c98fbcf22f64c67d7e6,17c85f44910f43939d8c336b8e11d77e86e561a15bc4c215773e76a4b95d3f27,d5b11d25f3b2415dc959ae176b1986eff29aab886b60ed1119de835aef19a109,ddddaf0
eviddie-19940419-19940419,19940419,19940419,rare,1shot,0,EviDDIE,PT-17750120,FABPRXSRWADJSP,OIGNJSKKLXVSLS,1,1,0.50015575,0.9947418,0.00497291,0.00559911,56606b15d2b731af30344a33ca6a11986ff650ae53432c98fbcf22f64c67d7e6,17c85f44910f43939d8c336b8e11d77e86e561a15bc4c215773e76a4b95d3f27,d5b11d25f3b2415dc959ae176b1986eff29aab886b60ed1119de835aef19a109,ddddaf0
eviddie-19940419-19940419,19940419,19940419,rare,1shot,0,EviDDIE,PT-17750120,KJADKKWYZYXHBB,XZWYZXLIPXDOLR,1,1,0.50013751,0.99545789,0.00428663,0.00483922,56606b15d2b731af30344a33ca6a11986ff650ae53432c98fbcf22f64c67d7e6,17c85f44910f43939d8c336b8e11d77e86e561a15bc4c215773e76a4b95d3f27,d5b11d25f3b2415dc959ae176b1986eff29aab886b60ed1119de835aef19a109,ddddaf0
eviddie-19940419-19940419,19940419,19940419,rare,1shot,0,EviDDIE,PT-17750120,FABPRXSRWADJSP,UHSKFQJFRQCDBE,0,1,0.50014329,0.99523336,0.00450146,0.00507742,56606b15d2b731af30344a33ca6a11986ff650ae53432c98fbcf22f64c67d7e6,17c85f44910f43939d8c336b8e11d77e86e561a15bc4c215773e76a4b95d3f27,d5b11d25f3b2415dc959ae176b1986eff29aab886b60ed1119de835aef19a109,ddddaf0
eviddie-19940419-19940419,19940419,19940419,rare,1shot,0,EviDDIE,PT-17750120,KJADKKWYZYXHBB,SGOIRFVFHAKUTI,0,1,0.50013709,0.99547535,0.00426966,0.00482053,56606b15d2b731af30344a33ca6a11986ff650ae53432c98fbcf22f64c67d7e6,17c85f44910f43939d8c336b8e11d77e86e561a15bc4c215773e76a4b95d3f27,d5b11d25f3b2415dc959ae176b1986eff29aab886b60ed1119de835aef19a109,ddddaf0
eviddie-19940419-19940419,19940419,19940419,rare,1shot,0,EviDDIE,PT-17777361,BUGYDGFZZOZRHP,IQPSEEYGBUAQFF,1,1,0.50014782,0.99505639,0.0046711,0.00526529,56606b15d2b731af30344a33ca6a11986ff650ae53432c98fbcf22f64c67d7e6,17c85f44910f43939d8c336b8e11d77e86e561a15bc4c215773e76a4b95d3f27,d5b11d25f3b2415dc959ae176b1986eff29aab886b60ed1119de835aef19a109,ddddaf0
eviddie-19940419-19940419,19940419,19940419,rare,1shot,0,EviDDIE,PT-17777361,BUGYDGFZZOZRHP,AHOUBRCZNHFOSL,0,1,0.50015932,0.99459606,0.00511279,0.00575376,56606b15d2b731af30344a33ca6a11986ff650ae53432c98fbcf22f64c67d7e6,17c85f44910f43939d8c336b8e11d77e86e561a15bc4c215773e76a4b95d3f27,d5b11d25f3b2415dc959ae176b1986eff29aab886b60ed1119de835aef19a109,ddddaf0
eviddie-19940419-19940419,19940419,19940419,rare,1shot,0,EviDDIE,PT-17841554,DIWRORZWFLOCLC,WFPIAZLQTJBIFN,1,1,0.5001446,0.99518198,0.00455063,0.00513193,56606b15d2b731af30344a33ca6a11986ff650ae53432c98fbcf22f64c67d7e6,17c85f44910f43939d8c336b8e11d77e86e561a15bc4c215773e76a4b95d3f27,d5b11d25f3b2415dc959ae176b1986eff29aab886b60ed1119de835aef19a109,ddddaf0
eviddie-19940419-19940419,19940419,19940419,rare,1shot,0,EviDDIE,PT-17841554,DIWRORZWFLOCLC,FEBLZLNTKCEFIT,0,1,0.50014985,0.99497545,0.00474879,0.00535124,56606b15d2b731af30344a33ca6a11986ff650ae53432c98fbcf22f64c67d7e6,17c85f44910f43939d8c336b8e11d77e86e561a15bc4c215773e76a4b95d3f27,d5b11d25f3b2415dc959ae176b1986eff29aab886b60ed1119de835aef19a109,ddddaf0
eviddie-19940419-19940419,19940419,19940419,rare,1shot,0,EviDDIE,PT-17851687,FBOZXECLQNJBKD,RMRCNWBMXRMIRW,1,1,0.50014114,0.99532038,0.00441817,0.0049852,56606b15d2b731af30344a33ca6a11986ff650ae53432c98fbcf22f64c67d7e6,17c85f44910f43939d8c336b8e11d77e86e561a15bc4c215773e76a4b95d3f27,d5b11d25f3b2415dc959ae176b1986eff29aab886b60ed1119de835aef19a109,ddddaf0
eviddie-19940419-19940419,19940419,19940419,rare,1shot,0,EviDDIE,PT-17851687,FBOZXECLQNJBKD,TZFNLOMSOLWIDK,0,1,0.50012839,0.9958117,0.0039481,0.00446376,56606b15d2b731af30344a33ca6a11986ff650ae53432c98fbcf22f64c67d7e6,17c85f44910f43939d8c336b8e11d77e86e561a15bc4c215773e76a4b95d3f27,d5b11d25f3b2415dc959ae176b1986eff29aab886b60ed1119de835aef19a109,ddddaf0
eviddie-19940419-19940419,19940419,19940419,rare,1shot,0,EviDDIE,PT-17888714,GRYLNZFGIOXLOG,RZVAJINKPMORJF,1,1,0.50012749,0.99584347,0.00391781,0.00442993,56606b15d2b731af30344a33ca6a11986ff650ae53432c98fbcf22f64c67d7e6,17c85f44910f43939d8c336b8e11d77e86e561a15bc4c215773e76a4b95d3f27,d5b11d25f3b2415dc959ae176b1986eff29aab886b60ed1119de835aef19a109,ddddaf0
eviddie-19940419-19940419,19940419,19940419,rare,1shot,0,EviDDIE,PT-17888714,GRYLNZFGIOXLOG,AUYYCJSJGJYCDS,0,1,0.50012964,0.99576277,0.00399491,0.00451559,56606b15d2b731af30344a33ca6a11986ff650ae53432c98fbcf22f64c67d7e6,17c85f44910f43939d8c336b8e11d77e86e561a15bc4c215773e76a4b95d3f27,d5b11d25f3b2415dc959ae176b1986eff29aab886b60ed1119de835aef19a109,ddddaf0
eviddie-19940419-19940419,19940419,19940419,rare,1shot,0,EviDDIE,PT-17920922,CGIGDMFJXJATDK,NDAUXUAQIAJITI,1,1,0.50012678,0.99587339,0.0038892,0.00439837,56606b15d2b731af30344a33ca6a11986ff650ae53432c98fbcf22f64c67d7e6,17c85f44910f43939d8c336b8e11d77e86e561a15bc4c215773e76a4b95d3f27,d5b11d25f3b2415dc959ae176b1986eff29aab886b60ed1119de835aef19a109,ddddaf0
eviddie-19940419-19940419,19940419,19940419,rare,1shot,0,EviDDIE,PT-17920922,CGIGDMFJXJATDK,KJHKTHWMRKYKJE,0,1,0.50013334,0.99562222,0.00412921,0.00466485,56606b15d2b731af30344a33ca6a11986ff650ae53432c98fbcf22f64c67d7e6,17c85f44910f43939d8c336b8e11d77e86e561a15bc4c215773e76a4b95d3f27,d5b11d25f3b2415dc959ae176b1986eff29aab886b60ed1119de835aef19a109,ddddaf0
eviddie-19940419-19940419,19940419,19940419,rare,1shot,0,EviDDIE,PT-17924382,HYIMSNHJOBLJNT,UCHDWCPVSPXUMX,1,1,0.5001387,0.9954139,0.00432854,0.00488586,56606b15d2b731af30344a33ca6a11986ff650ae53432c98fbcf22f64c67d7e6,17c85f44910f43939d8c336b8e11d77e86e561a15bc4c215773e76a4b95d3f27,d5b11d25f3b2415dc959ae176b1986eff29aab886b60ed1119de835aef19a109,ddddaf0
eviddie-19940419-19940419,19940419,19940419,rare,1shot,0,EviDDIE,PT-17924382,HYIMSNHJOBLJNT,BLJRIMJGRPQVNF,0,1,0.50014061,0.99533761,0.00440159,0.00496676,56606b15d2b731af30344a33ca6a11986ff650ae53432c98fbcf22f64c67d7e6,17c85f44910f43939d8c336b8e11d77e86e561a15bc4c215773e76a4b95d3f27,d5b11d25f3b2415dc959ae176b1986eff29aab886b60ed1119de835aef19a109,ddddaf0
eviddie-19940419-19940419,19940419,19940419,rare,1shot,0,EviDDIE,PT-17926716,KDLRVYVGXIQJDK,VOVIALXJUBGFJZ,1,1,0.50015181,0.99489743,0.00482355,0.00543391,56606b15d2b731af30344a33ca6a11986ff650ae53432c98fbcf22f64c67d7e6,17c85f44910f43939d8c336b8e11d77e86e561a15bc4c215773e76a4b95d3f27,d5b11d25f3b2415dc959ae176b1986eff29aab886b60ed1119de835aef19a109,ddddaf0
eviddie-19940419-19940419,19940419,19940419,rare,1shot,0,EviDDIE,PT-17926716,KDLRVYVGXIQJDK,KUVIULQEHSCUHY,0,1,0.50014758,0.99506575,0.00466213,0.0052553,56606b15d2b731af30344a33ca6a11986ff650ae53432c98fbcf22f64c67d7e6,17c85f44910f43939d8c336b8e11d77e86e561a15bc4c215773e76a4b95d3f27,d5b11d25f3b2415dc959ae176b1986eff29aab886b60ed1119de835aef19a109,ddddaf0
eviddie-19940419-19940419,19940419,19940419,rare,1shot,0,EviDDIE,PT-17936618,HSUGRBWQSSZJOP,KWMLJOLKUYYJFJ,1,1,0.50012797,0.99582589,0.00393452,0.00444867,56606b15d2b731af30344a33ca6a11986ff650ae53432c98fbcf22f64c67d7e6,17c85f44910f43939d8c336b8e11d77e86e561a15bc4c215773e76a4b95d3f27,d5b11d25f3b2415dc959ae176b1986eff29aab886b60ed1119de835aef19a109,ddddaf0
eviddie-19940419-19940419,19940419,19940419,rare,1shot,0,EviDDIE,PT-17936618,HSUGRBWQSSZJOP,PHVGLTMQBUFIQQ,0,1,0.50013888,0.99540687,0.00433542,0.00489346,56606b15d2b731af30344a33ca6a11986ff650ae53432c98fbcf22f64c67d7e6,17c85f44910f43939d8c336b8e11d77e86e561a15bc4c215773e76a4b95d3f27,d5b11d25f3b2415dc959ae176b1986eff29aab886b60ed1119de835aef19a109,ddddaf0
eviddie-19940419-19940419,19940419,19940419,rare,1shot,0,EviDDIE,PT-18015884,PMATZTZNYRCHOR,TTWJBBZEZQICBI,1,1,0.5001362,0.99551082,0.00423591,0.00478305,56606b15d2b731af30344a33ca6a11986ff650ae53432c98fbcf22f64c67d7e6,17c85f44910f43939d8c336b8e11d77e86e561a15bc4c215773e76a4b95d3f27,d5b11d25f3b2415dc959ae176b1986eff29aab886b60ed1119de835aef19a109,ddddaf0
eviddie-19940419-19940419,19940419,19940419,rare,1shot,0,EviDDIE,PT-18015884,PMATZTZNYRCHOR,BPZSYCZIITTYBL,0,1,0.50013763,0.99545503,0.00428929,0.00484227,56606b15d2b731af30344a33ca6a11986ff650ae53432c98fbcf22f64c67d7e6,17c85f44910f43939d8c336b8e11d77e86e561a15bc4c215773e76a4b95d3f27,d5b11d25f3b2415dc959ae176b1986eff29aab886b60ed1119de835aef19a109,ddddaf0
eviddie-19940419-19940419,19940419,19940419,rare,1shot,0,EviDDIE,PT-18021133,AVOLMBLBETYQHX,IRSCQMHQWWYFCW,1,1,0.50012541,0.99592566,0.00383926,0.0043429,56606b15d2b731af30344a33ca6a11986ff650ae53432c98fbcf22f64c67d7e6,17c85f44910f43939d8c336b8e11d77e86e561a15bc4c215773e76a4b95d3f27,d5b11d25f3b2415dc959ae176b1986eff29aab886b60ed1119de835aef19a109,ddddaf0
eviddie-19940419-19940419,19940419,19940419,rare,1shot,0,EviDDIE,PT-18021133,AVOLMBLBETYQHX,VWQWXZAWFPZJDA,0,1,0.50014043,0.99534589,0.00439372,0.00495803,56606b15d2b731af30344a33ca6a11986ff650ae53432c98fbcf22f64c67d7e6,17c85f44910f43939d8c336b8e11d77e86e561a15bc4c215773e76a4b95d3f27,d5b11d25f3b2415dc959ae176b1986eff29aab886b60ed1119de835aef19a109,ddddaf0
eviddie-19940419-19940419,19940419,19940419,rare,1shot,0,EviDDIE,PT-18223309,LTMHDMANZUZIPE,XUKUURHRXDUEBC,1,1,0.50014937,0.99499375,0.00473118,0.00533176,56606b15d2b731af30344a33ca6a11986ff650ae53432c98fbcf22f64c67d7e6,17c85f44910f43939d8c336b8e11d77e86e561a15bc4c215773e76a4b95d3f27,d5b11d25f3b2415dc959ae176b1986eff29aab886b60ed1119de835aef19a109,ddddaf0
eviddie-19940419-19940419,19940419,19940419,rare,1shot,0,EviDDIE,PT-18223309,LTMHDMANZUZIPE,GBABOYUKABKIAF,0,1,0.50016069,0.99454224,0.00516448,0.00581084,56606b15d2b731af30344a33ca6a11986ff650ae53432c98fbcf22f64c67d7e6,17c85f44910f43939d8c336b8e11d77e86e561a15bc4c215773e76a4b95d3f27,d5b11d25f3b2415dc959ae176b1986eff29aab886b60ed1119de835aef19a109,ddddaf0
eviddie-19940419-19940419,19940419,19940419,rare,1shot,0,EviDDIE,PT-18257545,MOYKHGMNXAOIAT,XFYDIVBRZNQMJC,1,1,0.50014359,0.99522191,0.00451254,0.00508968,56606b15d2b731af30344a33ca6a11986ff650ae53432c98fbcf22f64c67d7e6,17c85f44910f43939d8c336b8e11d77e86e561a15bc4c215773e76a4b95d3f27,d5b11d25f3b2415dc959ae176b1986eff29aab886b60ed1119de835aef19a109,ddddaf0
eviddie-19940419-19940419,19940419,19940419,rare,1shot,0,EviDDIE,PT-18257545,MOYKHGMNXAOIAT,SEEPANYCNGTZFQ,0,1,0.50013548,0.99553961,0.00420834,0.00475254,56606b15d2b731af30344a33ca6a11986ff650ae53432c98fbcf22f64c67d7e6,17c85f44910f43939d8c336b8e11d77e86e561a15bc4c215773e76a4b95d3f27,d5b11d25f3b2415dc959ae176b1986eff29aab886b60ed1119de835aef19a109,ddddaf0
eviddie-19940419-19940419,19940419,19940419,rare,1shot,0,EviDDIE,PT-18263331,RJKFOVLPORLFTN,WUTYZMFRCNBCHQ,1,1,0.50016713,0.99428248,0.00541427,0.00608658,56606b15d2b731af30344a33ca6a11986ff650ae53432c98fbcf22f64c67d7e6,17c85f44910f43939d8c336b8e11d77e86e561a15bc4c215773e76a4b95d3f27,d5b11d25f3b2415dc959ae176b1986eff29aab886b60ed1119de835aef19a109,ddddaf0
eviddie-19940419-19940419,19940419,19940419,rare,1shot,0,EviDDIE,PT-18263331,RJKFOVLPORLFTN,TTWJBBZEZQICBI,0,1,0.50014603,0.99512488,0.00460542,0.00519253,56606b15d2b731af30344a33ca6a11986ff650ae53432c98fbcf22f64c67d7e6,17c85f44910f43939d8c336b8e11d77e86e561a15bc4c215773e76a4b95d3f27,d5b11d25f3b2415dc959ae176b1986eff29aab886b60ed1119de835aef19a109,ddddaf0
eviddie-19940419-19940419,19940419,19940419,rare,1shot,0,EviDDIE,PT-18265723,ANGKOCUUWGHLCE,NDAUXUAQIAJITI,1,1,0.5001362,0.99550986,0.00423672,0.00478402,56606b15d2b731af30344a33ca6a11986ff650ae53432c98fbcf22f64c67d7e6,17c85f44910f43939d8c336b8e11d77e86e561a15bc4c215773e76a4b95d3f27,d5b11d25f3b2415dc959ae176b1986eff29aab886b60ed1119de835aef19a109,ddddaf0
eviddie-19940419-19940419,19940419,19940419,rare,1shot,0,EviDDIE,PT-18265723,ANGKOCUUWGHLCE,IPQVTOJGNYVQEO,0,1,0.50014913,0.995004,0.00472131,0.00532089,56606b15d2b731af30344a33ca6a11986ff650ae53432c98fbcf22f64c67d7e6,17c85f44910f43939d8c336b8e11d77e86e561a15bc4c215773e76a4b95d3f27,d5b11d25f3b2415dc959ae176b1986eff29aab886b60ed1119de835aef19a109,ddddaf0
eviddie-19940419-19940419,19940419,19940419,rare,1shot,0,EviDDIE,PT-18274582,DDBREPKUVSBGFI,OIGNJSKKLXVSLS,1,1,0.50015187,0.99489611,0.00482479,0.00543529,56606b15d2b731af30344a33ca6a11986ff650ae53432c98fbcf22f64c67d7e6,17c85f44910f43939d8c336b8e11d77e86e561a15bc4c215773e76a4b95d3f27,d5b11d25f3b2415dc959ae176b1986eff29aab886b60ed1119de835aef19a109,ddddaf0
eviddie-19940419-19940419,19940419,19940419,rare,1shot,0,EviDDIE,PT-18274582,DDBREPKUVSBGFI,GAGWJHPBXLXJQN,0,1,0.50013953,0.99538076,0.00436035,0.00492109,56606b15d2b731af30344a33ca6a11986ff650ae53432c98fbcf22f64c67d7e6,17c85f44910f43939d8c336b8e11d77e86e561a15bc4c215773e76a4b95d3f27,d5b11d25f3b2415dc959ae176b1986eff29aab886b60ed1119de835aef19a109,ddddaf0
eviddie-19940419-19940419,19940419,19940419,rare,1shot,0,EviDDIE,PT-18331313,CMWTZPSULFXXJA,XMAYWYJOQHXEEK,1,1,0.50013638,0.99550384,0.00424248,0.00479047,56606b15d2b731af30344a33ca6a11986ff650ae53432c98fbcf22f64c67d7e6,17c85f44910f43939d8c336b8e11d77e86e561a15bc4c215773e76a4b95d3f27,d5b11d25f3b2415dc959ae176b1986eff29aab886b60ed1119de835aef19a109,ddddaf0
eviddie-19940419-19940419,19940419,19940419,rare,1shot,0,EviDDIE,PT-18331313,CMWTZPSULFXXJA,MCJGNVYPOGVAJF,0,1,0.50012273,0.99602866,0.00374082,0.00423355,56606b15d2b731af30344a33ca6a11986ff650ae53432c98fbcf22f64c67d7e6,17c85f44910f43939d8c336b8e11d77e86e561a15bc4c215773e76a4b95d3f27,d5b11d25f3b2415dc959ae176b1986eff29aab886b60ed1119de835aef19a109,ddddaf0
eviddie-19940419-19940419,19940419,19940419,rare,1shot,0,EviDDIE,PT-18343320,CDAISMWEOUEBRE,HEFNNWSXXWATRW,1,1,0.50013357,0.99561089,0.00414016,0.00467686,56606b15d2b731af30344a33ca6a11986ff650ae53432c98fbcf22f64c67d7e6,17c85f44910f43939d8c336b8e11d77e86e561a15bc4c215773e76a4b95d3f27,d5b11d25f3b2415dc959ae176b1986eff29aab886b60ed1119de835aef19a109,ddddaf0
eviddie-19940419-19940419,19940419,19940419,rare,1shot,0,EviDDIE,PT-18343320,CDAISMWEOUEBRE,HUNXMJYCHXQEGX,0,1,0.50013608,0.99551696,0.00422999,0.00477655,56606b15d2b731af30344a33ca6a11986ff650ae53432c98fbcf22f64c67d7e6,17c85f44910f43939d8c336b8e11d77e86e561a15bc4c215773e76a4b95d3f27,d5b11d25f3b2415dc959ae176b1986eff29aab886b60ed1119de835aef19a109,ddddaf0
eviddie-19940419-19940419,19940419,19940419,rare,1shot,0,EviDDIE,PT-18358513,KLDXJTOLSGUMSJ,OEYIOHPDSNJKLS,1,1,0.50013208,0.99566638,0.00408707,0.00461781,56606b15d2b731af30344a33ca6a11986ff650ae53432c98fbcf22f64c67d7e6,17c85f44910f43939d8c336b8e11d77e86e561a15bc4c215773e76a4b95d3f27,d5b11d25f3b2415dc959ae176b1986eff29aab886b60ed1119de835aef19a109,ddddaf0
eviddie-19940419-19940419,19940419,19940419,rare,1shot,0,EviDDIE,PT-18358513,NDAUXUAQIAJITI,YWXYYJSYQOXTPL,1,1,0.50013864,0.99541581,0.00432684,0.00488385,56606b15d2b731af30344a33ca6a11986ff650ae53432c98fbcf22f64c67d7e6,17c85f44910f43939d8c336b8e11d77e86e561a15bc4c215773e76a4b95d3f27,d5b11d25f3b2415dc959ae176b1986eff29aab886b60ed1119de835aef19a109,ddddaf0
eviddie-19940419-19940419,19940419,19940419,rare,1shot,0,EviDDIE,PT-18358513,KLDXJTOLSGUMSJ,IEDVJHCEMCRBQM,0,1,0.50014502,0.99516523,0.0045668,0.00514973,56606b15d2b731af30344a33ca6a11986ff650ae53432c98fbcf22f64c67d7e6,17c85f44910f43939d8c336b8e11d77e86e561a15bc4c215773e76a4b95d3f27,d5b11d25f3b2415dc959ae176b1986eff29aab886b60ed1119de835aef19a109,ddddaf0
eviddie-19940419-19940419,19940419,19940419,rare,1shot,0,EviDDIE,PT-18358513,NDAUXUAQIAJITI,LTMHDMANZUZIPE,0,1,0.5001471,0.99508262,0.00464589,0.00523736,56606b15d2b731af30344a33ca6a11986ff650ae53432c98fbcf22f64c67d7e6,17c85f44910f43939d8c336b8e11d77e86e561a15bc4c215773e76a4b95d3f27,d5b11d25f3b2415dc959ae176b1986eff29aab886b60ed1119de835aef19a109,ddddaf0
eviddie-19940419-19940419,19940419,19940419,rare,1shot,0,EviDDIE,PT-18475368,BSYNRYMUTXBXSQ,IUBSYMUCCVWXPE,1,1,0.50012845,0.99580956,0.0039502,0.0044661,56606b15d2b731af30344a33ca6a11986ff650ae53432c98fbcf22f64c67d7e6,17c85f44910f43939d8c336b8e11d77e86e561a15bc4c215773e76a4b95d3f27,d5b11d25f3b2415dc959ae176b1986eff29aab886b60ed1119de835aef19a109,ddddaf0
eviddie-19940419-19940419,19940419,19940419,rare,1shot,0,EviDDIE,PT-18475368,BSYNRYMUTXBXSQ,IRSCQMHQWWYFCW,0,1,0.50012738,0.99584901,0.00391231,0.00442404,56606b15d2b731af30344a33ca6a11986ff650ae53432c98fbcf22f64c67d7e6,17c85f44910f43939d8c336b8e11d77e86e561a15bc4c215773e76a4b95d3f27,d5b11d25f3b2415dc959ae176b1986eff29aab886b60ed1119de835aef19a109,ddddaf0
eviddie-19940419-19940419,19940419,19940419,rare,1shot,0,EviDDIE,PT-18498370,HSUGRBWQSSZJOP,NGBFQHCMQULJNZ,1,1,0.5001328,0.99564338,0.00410905,0.00464243,56606b15d2b731af30344a33ca6a11986ff650ae53432c98fbcf22f64c67d7e6,17c85f44910f43939d8c336b8e11d77e86e561a15bc4c215773e76a4b95d3f27,d5b11d25f3b2415dc959ae176b1986eff29aab886b60ed1119de835aef19a109,ddddaf0
eviddie-19940419-19940419,19940419,19940419,rare,1shot,0,EviDDIE,PT-18498370,HSUGRBWQSSZJOP,PHVGLTMQBUFIQQ,0,1,0.50013888,0.99540687,0.00433542,0.00489346,56606b15d2b731af30344a33ca6a11986ff650ae53432c98fbcf22f64c67d7e6,17c85f44910f43939d8c336b8e11d77e86e561a15bc4c215773e76a4b95d3f27,d5b11d25f3b2415dc959ae176b1986eff29aab886b60ed1119de835aef19a109,ddddaf0
eviddie-19940419-19940419,19940419,19940419,rare,1shot,0,EviDDIE,PT-18498415,QWCRAEMEVRGPNT,SHGAZHPCJJPHSC,1,1,0.50015748,0.99467295,0.00503901,0.00567221,56606b15d2b731af30344a33ca6a11986ff650ae53432c98fbcf22f64c67d7e6,17c85f44910f43939d8c336b8e11d77e86e561a15bc4c215773e76a4b95d3f27,d5b11d25f3b2415dc959ae176b1986eff29aab886b60ed1119de835aef19a109,ddddaf0
eviddie-19940419-19940419,19940419,19940419,rare,1shot,0,EviDDIE,PT-18498415,QWCRAEMEVRGPNT,METKIMKYRPQLGS,0,1,0.50014192,0.99528873,0.00444849,0.00501873,56606b15d2b731af30344a33ca6a11986ff650ae53432c98fbcf22f64c67d7e6,17c85f44910f43939d8c336b8e11d77e86e561a15bc4c215773e76a4b95d3f27,d5b11d25f3b2415dc959ae176b1986eff29aab886b60ed1119de835aef19a109,ddddaf0
eviddie-19940419-19940419,19940419,19940419,rare,1shot,0,EviDDIE,PT-18517210,JIVPVXMEBJLZRO,SNPPWIUOZRMYNY,1,1,0.50012678,0.9958722,0.00389029,0.00439955,56606b15d2b731af30344a33ca6a11986ff650ae53432c98fbcf22f64c67d7e6,17c85f44910f43939d8c336b8e11d77e86e561a15bc4c215773e76a4b95d3f27,d5b11d25f3b2415dc959ae176b1986eff29aab886b60ed1119de835aef19a109,ddddaf0
eviddie-19940419-19940419,19940419,19940419,rare,1shot,0,EviDDIE,PT-18517210,JIVPVXMEBJLZRO,QYIYFLOTGYLRGG,0,1,0.50013697,0.99547958,0.00426565,0.0048161,56606b15d2b731af30344a33ca6a11986ff650ae53432c98fbcf22f64c67d7e6,17c85f44910f43939d8c336b8e11d77e86e561a15bc4c215773e76a4b95d3f27,d5b11d25f3b2415dc959ae176b1986eff29aab886b60ed1119de835aef19a109,ddddaf0
eviddie-19940419-19940419,19940419,19940419,rare,1shot,0,EviDDIE,PT-18663418,MYSWGUAQZAJSOK,PDMMFKSKQVNJMI,1,1,0.50015497,0.99477011,0.00494561,0.00556892,56606b15d2b731af30344a33ca6a11986ff650ae53432c98fbcf22f64c67d7e6,17c85f44910f43939d8c336b8e11d77e86e561a15bc4c215773e76a4b95d3f27,d5b11d25f3b2415dc959ae176b1986eff29aab886b60ed1119de835aef19a109,ddddaf0
eviddie-19940419-19940419,19940419,19940419,rare,1shot,0,EviDDIE,PT-18663418,MYSWGUAQZAJSOK,NIJJYAXOARWZEE,0,1,0.50013053,0.99572986,0.00402635,0.00455056,56606b15d2b731af30344a33ca6a11986ff650ae53432c98fbcf22f64c67d7e6,17c85f44910f43939d8c336b8e11d77e86e561a15bc4c215773e76a4b95d3f27,d5b11d25f3b2415dc959ae176b1986eff29aab886b60ed1119de835aef19a109,ddddaf0
eviddie-19940419-19940419,19940419,19940419,rare,1shot,0,EviDDIE,PT-18665049,WIIZWVCIJKGZOK,WMWTYOKRWGGJOA,1,1,0.50013822,0.99543035,0.00431282,0.00486837,56606b15d2b731af30344a33ca6a11986ff650ae53432c98fbcf22f64c67d7e6,17c85f44910f43939d8c336b8e11d77e86e561a15bc4c215773e76a4b95d3f27,d5b11d25f3b2415dc959ae176b1986eff29aab886b60ed1119de835aef19a109,ddddaf0
eviddie-19940419-19940419,19940419,19940419,rare,1shot,0,EviDDIE,PT-18665049,WIIZWVCIJKGZOK,PHVGLTMQBUFIQQ,0,1,0.50013125,0.99570125,0.00405367,0.00458097,56606b15d2b731af30344a33ca6a11986ff650ae53432c98fbcf22f64c67d7e6,17c85f44910f43939d8c336b8e11d77e86e561a15bc4c215773e76a4b95d3f27,d5b11d25f3b2415dc959ae176b1986eff29aab886b60ed1119de835aef19a109,ddddaf0
eviddie-19940419-19940419,19940419,19940419,rare,1shot,0,EviDDIE,PT-18672493,IUBSYMUCCVWXPE,USSIQXCVUWKGNF,1,1,0.50012708,0.99586087,0.0039011,0.0044116,56606b15d2b731af30344a33ca6a11986ff650ae53432c98fbcf22f64c67d7e6,17c85f44910f43939d8c336b8e11d77e86e561a15bc4c215773e76a4b95d3f27,d5b11d25f3b2415dc959ae176b1986eff29aab886b60ed1119de835aef19a109,ddddaf0
eviddie-19940419-19940419,19940419,19940419,rare,1shot,0,EviDDIE,PT-18672493,IUBSYMUCCVWXPE,HUNXMJYCHXQEGX,0,1,0.50012857,0.99580437,0.00395503,0.00447149,56606b15d2b731af30344a33ca6a11986ff650ae53432c98fbcf22f64c67d7e6,17c85f44910f43939d8c336b8e11d77e86e561a15bc4c215773e76a4b95d3f27,d5b11d25f3b2415dc959ae176b1986eff29aab886b60ed1119de835aef19a109,ddddaf0
eviddie-19940419-19940419,19940419,19940419,rare,1shot,0,EviDDIE,PT-18690392,CGIGDMFJXJATDK,RYMZZMVNJRMUDD,1,1,0.50014025,0.99535191,0.00438792,0.00495164,56606b15d2b731af30344a33ca6a11986ff650ae53432c98fbcf22f64c67d7e6,17c85f44910f43939d8c336b8e11d77e86e561a15bc4c215773e76a4b95d3f27,d5b11d25f3b2415dc959ae176b1986eff29aab886b60ed1119de835aef19a109,ddddaf0
eviddie-19940419-19940419,19940419,19940419,rare,1shot,0,EviDDIE,PT-18690392,CGIGDMFJXJATDK,QAOWNCQODCNURD,0,1,0.50010651,0.99663311,0.00316451,0.00359204,56606b15d2b731af30344a33ca6a11986ff650ae53432c98fbcf22f64c67d7e6,17c85f44910f43939d8c336b8e11d77e86e561a15bc4c215773e76a4b95d3f27,d5b11d25f3b2415dc959ae176b1986eff29aab886b60ed1119de835aef19a109,ddddaf0
eviddie-19940419-19940419,19940419,19940419,rare,1shot,0,EviDDIE,PT-18690915,FBOZXECLQNJBKD,RFHAOTPXVQNOHP,1,1,0.50012821,0.99581844,0.00394161,0.00445661,56606b15d2b731af30344a33ca6a11986ff650ae53432c98fbcf22f64c67d7e6,17c85f44910f43939d8c336b8e11d77e86e561a15bc4c215773e76a4b95d3f27,d5b11d25f3b2415dc959ae176b1986eff29aab886b60ed1119de835aef19a109,ddddaf0
eviddie-19940419-19940419,19940419,19940419,rare,1shot,0,EviDDIE,PT-18690915,FBOZXECLQNJBKD,TZFNLOMSOLWIDK,0,1,0.50012839,0.9958117,0.0039481,0.00446376,56606b15d2b731af30344a33ca6a11986ff650ae53432c98fbcf22f64c67d7e6,17c85f44910f43939d8c336b8e11d77e86e561a15bc4c215773e76a4b95d3f27,d5b11d25f3b2415dc959ae176b1986eff29aab886b60ed1119de835aef19a109,ddddaf0
eviddie-19940419-19940419,19940419,19940419,rare,1shot,0,EviDDIE,PT-18712929,AQCHWTWZEMGIFD,QYSXJUFSXHHAJI,1,1,0.50014681,0.99509674,0.00463245,0.00522246,56606b15d2b731af30344a33ca6a11986ff650ae53432c98fbcf22f64c67d7e6,17c85f44910f43939d8c336b8e11d77e86e561a15bc4c215773e76a4b95d3f27,d5b11d25f3b2415dc959ae176b1986eff29aab886b60ed1119de835aef19a109,ddddaf0
eviddie-19940419-19940419,19940419,19940419,rare,1shot,0,EviDDIE,PT-18712929,AQCHWTWZEMGIFD,UZHSEJADLWPNLE,0,1,0.50014502,0.99516475,0.00456717,0.00515017,56606b15d2b731af30344a33ca6a11986ff650ae53432c98fbcf22f64c67d7e6,17c85f44910f43939d8c336b8e11d77e86e561a15bc4c215773e76a4b95d3f27,d5b11d25f3b2415dc959ae176b1986eff29aab886b60ed1119de835aef19a109,ddddaf0
eviddie-19940419-19940419,19940419,19940419,rare,1shot,0,EviDDIE,PT-18813849,IPVQLZZIHOAWMC,ZBMZVLHSJCTVON,1,1,0.50013196,0.99567282,0.00408086,0.00461109,56606b15d2b731af30344a33ca6a11986ff650ae53432c98fbcf22f64c67d7e6,17c85f44910f43939d8c336b8e11d77e86e561a15bc4c215773e76a4b95d3f27,d5b11d25f3b2415dc959ae176b1986eff29aab886b60ed1119de835aef19a109,ddddaf0
eviddie-19940419-19940419,19940419,19940419,rare,1shot,0,EviDDIE,PT-18813849,IPVQLZZIHOAWMC,XKLMZUWKNUAPSZ,0,1,0.50014162,0.99529958,0.00443806,0.00500718,56606b15d2b731af30344a33ca6a11986ff650ae53432c98fbcf22f64c67d7e6,17c85f44910f43939d8c336b8e11d77e86e561a15bc4c215773e76a4b95d3f27,d5b11d25f3b2415dc959ae176b1986eff29aab886b60ed1119de835aef19a109,ddddaf0
eviddie-19940419-19940419,19940419,19940419,rare,1shot,0,EviDDIE,PT-18886153,AUYYCJSJGJYCDS,RGHNJXZEOKUKBD,1,1,0.50012296,0.99601835,0.0037507,0.00424448,56606b15d2b731af30344a33ca6a11986ff650ae53432c98fbcf22f64c67d7e6,17c85f44910f43939d8c336b8e11d77e86e561a15bc4c215773e76a4b95d3f27,d5b11d25f3b2415dc959ae176b1986eff29aab886b60ed1119de835aef19a109,ddddaf0
eviddie-19940419-19940419,19940419,19940419,rare,1shot,0,EviDDIE,PT-18886153,URKOMYMAXPYINW,ZZUFCTLCJUWOSV,1,1,0.50013566,0.99553347,0.00421422,0.00475909,56606b15d2b731af30344a33ca6a11986ff650ae53432c98fbcf22f64c67d7e6,17c85f44910f43939d8c336b8e11d77e86e561a15bc4c215773e76a4b95d3f27,d5b11d25f3b2415dc959ae176b1986eff29aab886b60ed1119de835aef19a109,ddddaf0
eviddie-19940419-19940419,19940419,19940419,rare,1shot,0,EviDDIE,PT-18886153,XUFQPHANEAPEMJ,ZQDWXGKKHFNSQK,1,1,0.50013053,0.99572963,0.00402655,0.00455085,56606b15d2b731af30344a33ca6a11986ff650ae53432c98fbcf22f64c67d7e6,17c85f44910f43939d8c336b8e11d77e86e561a15bc4c215773e76a4b95d3f27,d5b11d25f3b2415dc959ae176b1986eff29aab886b60ed1119de835aef19a109,ddddaf0
eviddie-19940419-19940419,19940419,19940419,rare,1shot,0,EviDDIE,PT-18886153,AUYYCJSJGJYCDS,GRYLNZFGIOXLOG,0,1,0.50012541,0.99592316,0.00384164,0.00434548,56606b15d2b731af30344a33ca6a11986ff650ae53432c98fbcf22f64c67d7e6,17c85f44910f43939d8c336b8e11d77e86e561a15bc4c215773e76a4b95d3f27,d5b11d25f3b2415dc959ae176b1986eff29aab886b60ed1119de835aef19a109,ddddaf0
eviddie-19940419-19940419,19940419,19940419,rare,1shot,0,EviDDIE,PT-18886153,URKOMYMAXPYINW,JZQKKSLKJUAGIC,0,1,0.50013727,0.99547136,0.00427364,0.00482497,56606b15d2b731af30344a33ca6a11986ff650ae53432c98fbcf22f64c67d7e6,17c85f44910f43939d8c336b8e11d77e86e561a15bc4c215773e76a4b95d3f27,d5b11d25f3b2415dc959ae176b1986eff29aab886b60ed1119de835aef19a109,ddddaf0
eviddie-19940419-19940419,19940419,19940419,rare,1shot,0,EviDDIE,PT-18886153,XUFQPHANEAPEMJ,TTWJBBZEZQICBI,0,1,0.50012517,0.99593228,0.00383286,0.00433577,56606b15d2b731af30344a33ca6a11986ff650ae53432c98fbcf22f64c67d7e6,17c85f44910f43939d8c336b8e11d77e86e561a15bc4c215773e76a4b95d3f27,d5b11d25f3b2415dc959ae176b1986eff29aab886b60ed1119de835aef19a109,ddddaf0
eviddie-19940419-19940419,19940419,19940419,rare,1shot,0,EviDDIE,PT-18927750,BMCQMVFGOVHVNG,OEYIOHPDSNJKLS,1,1,0.50012964,0.99576217,0.00399554,0.00451625,56606b15d2b731af30344a33ca6a11986ff650ae53432c98fbcf22f64c67d7e6,17c85f44910f43939d8c336b8e11d77e86e561a15bc4c215773e76a4b95d3f27,d5b11d25f3b2415dc959ae176b1986eff29aab886b60ed1119de835aef19a109,ddddaf0
eviddie-19940419-19940419,19940419,19940419,rare,1shot,0,EviDDIE,PT-18927750,BMCQMVFGOVHVNG,QYSPLQLAKJAUJT,0,1,0.50014567,0.99514091,0.00459016,0.00517565,56606b15d2b731af30344a33ca6a11986ff650ae53432c98fbcf22f64c67d7e6,17c85f44910f43939d8c336b8e11d77e86e561a15bc4c215773e76a4b95d3f27,d5b11d25f3b2415dc959ae176b1986eff29aab886b60ed1119de835aef19a109,ddddaf0
eviddie-19940419-19940419,19940419,19940419,rare,1shot,0,EviDDIE,PT-19056156,CTRLABGOLIVAIY,GFNANZIMVAIWHM,1,1,0.50014979,0.99497777,0.00474648,0.00534868,56606b15d2b731af30344a33ca6a11986ff650ae53432c98fbcf22f64c67d7e6,17c85f44910f43939d8c336b8e11d77e86e561a15bc4c215773e76a4b95d3f27,d5b11d25f3b2415dc959ae176b1986eff29aab886b60ed1119de835aef19a109,ddddaf0
eviddie-19940419-19940419,19940419,19940419,rare,1shot,0,EviDDIE,PT-19056156,CTRLABGOLIVAIY,QHMBSVQNZZTUGM,0,1,0.50013959,0.99537945,0.00436164,0.00492253,56606b15d2b731af30344a33ca6a11986ff650ae53432c98fbcf22f64c67d7e6,17c85f44910f43939d8c336b8e11d77e86e561a15bc4c215773e76a4b95d3f27,d5b11d25f3b2415dc959ae176b1986eff29aab886b60ed1119de835aef19a109,ddddaf0
eviddie-19940419-19940419,19940419,19940419,rare,1shot,0,EviDDIE,PT-19236117,LERNTVKEWCAPOY,USSIQXCVUWKGNF,1,1,0.5001362,0.99551207,0.00423461,0.0047817,56606b15d2b731af30344a33ca6a11986ff650ae53432c98fbcf22f64c67d7e6,17c85f44910f43939d8c336b8e11d77e86e561a15bc4c215773e76a4b95d3f27,d5b11d25f3b2415dc959ae176b1986eff29aab886b60ed1119de835aef19a109,ddddaf0
eviddie-19940419-19940419,19940419,19940419,rare,1shot,0,EviDDIE,PT-19236117,ODQWQRRAPPTVAG,UZHSEJADLWPNLE,1,1,0.50014824,0.9950394,0.00468729,0.00528319,56606b15d2b731af30344a33ca6a11986ff650ae53432c98fbcf22f64c67d7e6,17c85f44910f43939d8c336b8e11d77e86e561a15bc4c215773e76a4b95d3f27,d5b11d25f3b2415dc959ae176b1986eff29aab886b60ed1119de835aef19a109,ddddaf0
eviddie-19940419-19940419,19940419,19940419,rare,1shot,0,EviDDIE,PT-19236117,LERNTVKEWCAPOY,OFVLGDICTFRJMM,0,1,0.50015062,0.99494427,0.00477856,0.00538419,56606b15d2b731af30344a33ca6a11986ff650ae53432c98fbcf22f64c67d7e6,17c85f44910f43939d8c336b8e11d77e86e561a15bc4c215773e76a4b95d3f27,d5b11d25f3b2415dc959ae176b1986eff29aab886b60ed1119de835aef19a109,ddddaf0
eviddie-19940419-19940419,19940419,19940419,rare,1shot,0,EviDDIE,PT-19236117,ODQWQRRAPPTVAG,DJBNUMBKLMJRSA,0,1,0.50014079,0.99533278,0.00440623,0.00497194,56606b15d2b731af30344a33ca6a11986ff650ae53432c98fbcf22f64c67d7e6,17c85f44910f43939d8c336b8e11d77e86e561a15bc4c215773e76a4b95d3f27,d5b11d25f3b2415dc959ae176b1986eff29aab886b60ed1119de835aef19a109,ddddaf0
eviddie-19940419-19940419,19940419,19940419,rare,1shot,0,EviDDIE,PT-20711130,RDOIQAHITMMDAJ,WMWTYOKRWGGJOA,1,1,0.50014496,0.99516946,0.00456273,0.00514527,56606b15d2b731af30344a33ca6a11986ff650ae53432c98fbcf22f64c67d7e6,17c85f44910f43939d8c336b8e11d77e86e561a15bc4c215773e76a4b95d3f27,d5b11d25f3b2415dc959ae176b1986eff29aab886b60ed1119de835aef19a109,ddddaf0
eviddie-19940419-19940419,19940419,19940419,rare,1shot,0,EviDDIE,PT-20711130,RDOIQAHITMMDAJ,QWAXKHKRTORLEM,0,1,0.50013995,0.99536419,0.00437615,0.00493862,56606b15d2b731af30344a33ca6a11986ff650ae53432c98fbcf22f64c67d7e6,17c85f44910f43939d8c336b8e11d77e86e561a15bc4c215773e76a4b95d3f27,d5b11d25f3b2415dc959ae176b1986eff29aab886b60ed1119de835aef19a109,ddddaf0
eviddie-19940419-19940419,19940419,19940419,rare,1shot,0,EviDDIE,PT-20937945,ITRJWOMZKQRYTA,KWGRBVOPPLSCSI,1,1,0.5001384,0.99542195,0.00432089,0.00487726,56606b15d2b731af30344a33ca6a11986ff650ae53432c98fbcf22f64c67d7e6,17c85f44910f43939d8c336b8e11d77e86e561a15bc4c215773e76a4b95d3f27,d5b11d25f3b2415dc959ae176b1986eff29aab886b60ed1119de835aef19a109,ddddaf0
eviddie-19940419-19940419,19940419,19940419,rare,1shot,0,EviDDIE,PT-20937945,ITRJWOMZKQRYTA,MGNNYOODZCAHBA,0,1,0.50015694,0.99469489,0.00501805,0.00564898,56606b15d2b731af30344a33ca6a11986ff650ae53432c98fbcf22f64c67d7e6,17c85f44910f43939d8c336b8e11d77e86e561a15bc4c215773e76a4b95d3f27,d5b11d25f3b2415dc959ae176b1986eff29aab886b60ed1119de835aef19a109,ddddaf0
eviddie-19940419-19940419,19940419,19940419,rare,1shot,0,EviDDIE,PT-7302622,HBOMLICNUCNMMY,PYGWGZALEOIKDF,1,1,0.50013167,0.9956851,0.00406912,0.00459815,56606b15d2b731af30344a33ca6a11986ff650ae53432c98fbcf22f64c67d7e6,17c85f44910f43939d8c336b8e11d77e86e561a15bc4c215773e76a4b95d3f27,d5b11d25f3b2415dc959ae176b1986eff29aab886b60ed1119de835aef19a109,ddddaf0
eviddie-19940419-19940419,19940419,19940419,rare,1shot,0,EviDDIE,PT-7302622,HBOMLICNUCNMMY,OOGJQPCLVADCPB,0,1,0.50013006,0.99574995,0.00400716,0.00452937,56606b15d2b731af30344a33ca6a11986ff650ae53432c98fbcf22f64c67d7e6,17c85f44910f43939d8c336b8e11d77e86e561a15bc4c215773e76a4b95d3f27,d5b11d25f3b2415dc959ae176b1986eff29aab886b60ed1119de835aef19a109,ddddaf0
eviddie-20230801-19940419,20230801,19940419,rare,1shot,0,EviDDIE,PT-11090837,BOVGTQGAOIONJV,OIGNJSKKLXVSLS,1,1,0.50127208,0.89010578,0.12060353,0.12632021,fe0b1e9b4160439ea16a4c1977115a5d1be23db6f9bb65e508e413498830e2ee,17c85f44910f43939d8c336b8e11d77e86e561a15bc4c215773e76a4b95d3f27,d5b11d25f3b2415dc959ae176b1986eff29aab886b60ed1119de835aef19a109,ddddaf0
eviddie-20230801-19940419,20230801,19940419,rare,1shot,0,EviDDIE,PT-11090837,BVKZGUZCCUSVTD,CDAISMWEOUEBRE,1,1,0.50110769,0.89888704,0.11002231,0.11495148,fe0b1e9b4160439ea16a4c1977115a5d1be23db6f9bb65e508e413498830e2ee,17c85f44910f43939d8c336b8e11d77e86e561a15bc4c215773e76a4b95d3f27,d5b11d25f3b2415dc959ae176b1986eff29aab886b60ed1119de835aef19a109,ddddaf0
eviddie-20230801-19940419,20230801,19940419,rare,1shot,0,EviDDIE,PT-11090837,BOVGTQGAOIONJV,LOUPRKONTZGTKE,0,1,0.50128865,0.88919246,0.12171751,0.12751436,fe0b1e9b4160439ea16a4c1977115a5d1be23db6f9bb65e508e413498830e2ee,17c85f44910f43939d8c336b8e11d77e86e561a15bc4c215773e76a4b95d3f27,d5b11d25f3b2415dc959ae176b1986eff29aab886b60ed1119de835aef19a109,ddddaf0
eviddie-20230801-19940419,20230801,19940419,rare,1shot,0,EviDDIE,PT-11090837,BVKZGUZCCUSVTD,KFQYTPMOWPVWEJ,0,1,0.50109786,0.89939708,0.10941467,0.1142973,fe0b1e9b4160439ea16a4c1977115a5d1be23db6f9bb65e508e413498830e2ee,17c85f44910f43939d8c336b8e11d77e86e561a15bc4c215773e76a4b95d3f27,d5b11d25f3b2415dc959ae176b1986eff29aab886b60ed1119de835aef19a109,ddddaf0
eviddie-20230801-19940419,20230801,19940419,rare,1shot,0,EviDDIE,PT-11519456,BMCQMVFGOVHVNG,MFYSYFVPBJMHGN,1,1,0.50126415,0.89052612,0.1200926,0.12577075,fe0b1e9b4160439ea16a4c1977115a5d1be23db6f9bb65e508e413498830e2ee,17c85f44910f43939d8c336b8e11d77e86e561a15bc4c215773e76a4b95d3f27,d5b11d25f3b2415dc959ae176b1986eff29aab886b60ed1119de835aef19a109,ddddaf0
eviddie-20230801-19940419,20230801,19940419,rare,1shot,0,EviDDIE,PT-11519456,BMCQMVFGOVHVNG,QYSPLQLAKJAUJT,0,1,0.50126678,0.89037484,0.12027676,0.12596798,fe0b1e9b4160439ea16a4c1977115a5d1be23db6f9bb65e508e413498830e2ee,17c85f44910f43939d8c336b8e11d77e86e561a15bc4c215773e76a4b95d3f27,d5b11d25f3b2415dc959ae176b1986eff29aab886b60ed1119de835aef19a109,ddddaf0
eviddie-20230801-19940419,20230801,19940419,rare,1shot,0,EviDDIE,PT-12375546,OFHCOWSQAMBJIW,VWQWXZAWFPZJDA,1,1,0.50126565,0.89045745,0.12017543,0.12586091,fe0b1e9b4160439ea16a4c1977115a5d1be23db6f9bb65e508e413498830e2ee,17c85f44910f43939d8c336b8e11d77e86e561a15bc4c215773e76a4b95d3f27,d5b11d25f3b2415dc959ae176b1986eff29aab886b60ed1119de835aef19a109,ddddaf0
eviddie-20230801-19940419,20230801,19940419,rare,1shot,0,EviDDIE,PT-12375546,OFHCOWSQAMBJIW,BMCQMVFGOVHVNG,0,1,0.50126183,0.89065695,0.1199332,0.12560023,fe0b1e9b4160439ea16a4c1977115a5d1be23db6f9bb65e508e413498830e2ee,17c85f44910f43939d8c336b8e11d77e86e561a15bc4c215773e76a4b95d3f27,d5b11d25f3b2415dc959ae176b1986eff29aab886b60ed1119de835aef19a109,ddddaf0
eviddie-20230801-19940419,20230801,19940419,rare,1shot,0,EviDDIE,PT-12913352,IIDJRNMFWXDHID,SUBDBMMJDZJVOS,1,1,0.50136459,0.88515353,0.12666421,0.13283083,fe0b1e9b4160439ea16a4c1977115a5d1be23db6f9bb65e508e413498830e2ee,17c85f44910f43939d8c336b8e11d77e86e561a15bc4c215773e76a4b95d3f27,d5b11d25f3b2415dc959ae176b1986eff29aab886b60ed1119de835aef19a109,ddddaf0
eviddie-20230801-19940419,20230801,19940419,rare,1shot,0,EviDDIE,PT-12913352,IIDJRNMFWXDHID,PGBHMTALBVVCIT,0,1,0.50137621,0.88455516,0.12740009,0.13362332,fe0b1e9b4160439ea16a4c1977115a5d1be23db6f9bb65e508e413498830e2ee,17c85f44910f43939d8c336b8e11d77e86e561a15bc4c215773e76a4b95d3f27,d5b11d25f3b2415dc959ae176b1986eff29aab886b60ed1119de835aef19a109,ddddaf0
eviddie-20230801-19940419,20230801,19940419,rare,1shot,0,EviDDIE,PT-13906408,KJHKTHWMRKYKJE,VGKDLMBJGBXTGI,1,1,0.50132138,0.88745934,0.12383449,0.12979004,fe0b1e9b4160439ea16a4c1977115a5d1be23db6f9bb65e508e413498830e2ee,17c85f44910f43939d8c336b8e11d77e86e561a15bc4c215773e76a4b95d3f27,d5b11d25f3b2415dc959ae176b1986eff29aab886b60ed1119de835aef19a109,ddddaf0
eviddie-20230801-19940419,20230801,19940419,rare,1shot,0,EviDDIE,PT-13906408,NCDNCNXCDXHOMX,SGOIRFVFHAKUTI,1,1,0.50136387,0.88523847,0.12655792,0.13272049,fe0b1e9b4160439ea16a4c1977115a5d1be23db6f9bb65e508e413498830e2ee,17c85f44910f43939d8c336b8e11d77e86e561a15bc4c215773e76a4b95d3f27,d5b11d25f3b2415dc959ae176b1986eff29aab886b60ed1119de835aef19a109,ddddaf0
eviddie-20230801-19940419,20230801,19940419,rare,1shot,0,EviDDIE,PT-13906408,KJHKTHWMRKYKJE,OGHNVEJMJSYVRP,0,1,0.50133085,0.88697326,0.12442896,0.13043059,fe0b1e9b4160439ea16a4c1977115a5d1be23db6f9bb65e508e413498830e2ee,17c85f44910f43939d8c336b8e11d77e86e561a15bc4c215773e76a4b95d3f27,d5b11d25f3b2415dc959ae176b1986eff29aab886b60ed1119de835aef19a109,ddddaf0
eviddie-20230801-19940419,20230801,19940419,rare,1shot,0,EviDDIE,PT-13906408,NCDNCNXCDXHOMX,MNDBXUUTURYVHR,0,1,0.50133526,0.88676775,0.12467955,0.13070257,fe0b1e9b4160439ea16a4c1977115a5d1be23db6f9bb65e508e413498830e2ee,17c85f44910f43939d8c336b8e11d77e86e561a15bc4c215773e76a4b95d3f27,d5b11d25f3b2415dc959ae176b1986eff29aab886b60ed1119de835aef19a109,ddddaf0
eviddie-20230801-19940419,20230801,19940419,rare,1shot,0,EviDDIE,PT-14501669,IQPSEEYGBUAQFF,JIVPVXMEBJLZRO,1,1,0.5013119,0.88798612,0.12318896,0.12909836,fe0b1e9b4160439ea16a4c1977115a5d1be23db6f9bb65e508e413498830e2ee,17c85f44910f43939d8c336b8e11d77e86e561a15bc4c215773e76a4b95d3f27,d5b11d25f3b2415dc959ae176b1986eff29aab886b60ed1119de835aef19a109,ddddaf0
eviddie-20230801-19940419,20230801,19940419,rare,1shot,0,EviDDIE,PT-14501669,IQPSEEYGBUAQFF,SEEPANYCNGTZFQ,0,1,0.50131381,0.88787508,0.12332527,0.12924415,fe0b1e9b4160439ea16a4c1977115a5d1be23db6f9bb65e508e413498830e2ee,17c85f44910f43939d8c336b8e11d77e86e561a15bc4c215773e76a4b95d3f27,d5b11d25f3b2415dc959ae176b1986eff29aab886b60ed1119de835aef19a109,ddddaf0
eviddie-20230801-19940419,20230801,19940419,rare,1shot,0,EviDDIE,PT-14550837,MBUVEWMHONZEQD,QWCRAEMEVRGPNT,1,1,0.50125587,0.89096779,0.11955608,0.12519401,fe0b1e9b4160439ea16a4c1977115a5d1be23db6f9bb65e508e413498830e2ee,17c85f44910f43939d8c336b8e11d77e86e561a15bc4c215773e76a4b95d3f27,d5b11d25f3b2415dc959ae176b1986eff29aab886b60ed1119de835aef19a109,ddddaf0
eviddie-20230801-19940419,20230801,19940419,rare,1shot,0,EviDDIE,PT-14550837,MBUVEWMHONZEQD,SGTNSNPWRIOYBX,0,1,0.50130391,0.88843024,0.12264539,0.12851605,fe0b1e9b4160439ea16a4c1977115a5d1be23db6f9bb65e508e413498830e2ee,17c85f44910f43939d8c336b8e11d77e86e561a15bc4c215773e76a4b95d3f27,d5b11d25f3b2415dc959ae176b1986eff29aab886b60ed1119de835aef19a109,ddddaf0
eviddie-20230801-19940419,20230801,19940419,rare,1shot,0,EviDDIE,PT-15104610,BPZSYCZIITTYBL,CEUORZQYGODEFX,1,1,0.5013085,0.88815558,0.1229821,0.12887551,fe0b1e9b4160439ea16a4c1977115a5d1be23db6f9bb65e508e413498830e2ee,17c85f44910f43939d8c336b8e11d77e86e561a15bc4c215773e76a4b95d3f27,d5b11d25f3b2415dc959ae176b1986eff29aab886b60ed1119de835aef19a109,ddddaf0
eviddie-20230801-19940419,20230801,19940419,rare,1shot,0,EviDDIE,PT-15104610,BPZSYCZIITTYBL,HYIMSNHJOBLJNT,0,1,0.50130403,0.88844681,0.12262437,0.12849534,fe0b1e9b4160439ea16a4c1977115a5d1be23db6f9bb65e508e413498830e2ee,17c85f44910f43939d8c336b8e11d77e86e561a15bc4c215773e76a4b95d3f27,d5b11d25f3b2415dc959ae176b1986eff29aab886b60ed1119de835aef19a109,ddddaf0
eviddie-20230801-19940419,20230801,19940419,rare,1shot,0,EviDDIE,PT-15204755,GSDSWSVVBLHKDQ,LXNHXLLTXMVWPM,1,1,0.50130033,0.88859439,0.12244621,0.12829962,fe0b1e9b4160439ea16a4c1977115a5d1be23db6f9bb65e508e413498830e2ee,17c85f44910f43939d8c336b8e11d77e86e561a15bc4c215773e76a4b95d3f27,d5b11d25f3b2415dc959ae176b1986eff29aab886b60ed1119de835aef19a109,ddddaf0
eviddie-20230801-19940419,20230801,19940419,rare,1shot,0,EviDDIE,PT-15204755,GSDSWSVVBLHKDQ,NJMYODHXAKYRHW,0,1,0.50126278,0.89058149,0.12002584,0.12569776,fe0b1e9b4160439ea16a4c1977115a5d1be23db6f9bb65e508e413498830e2ee,17c85f44910f43939d8c336b8e11d77e86e561a15bc4c215773e76a4b95d3f27,d5b11d25f3b2415dc959ae176b1986eff29aab886b60ed1119de835aef19a109,ddddaf0
eviddie-20230801-19940419,20230801,19940419,rare,1shot,0,EviDDIE,PT-15396329,NCEXYHBECQHGNR,ZNNLBTZKUZBEKO,1,1,0.50127447,0.88999414,0.12073889,0.12646692,fe0b1e9b4160439ea16a4c1977115a5d1be23db6f9bb65e508e413498830e2ee,17c85f44910f43939d8c336b8e11d77e86e561a15bc4c215773e76a4b95d3f27,d5b11d25f3b2415dc959ae176b1986eff29aab886b60ed1119de835aef19a109,ddddaf0
eviddie-20230801-19940419,20230801,19940419,rare,1shot,0,EviDDIE,PT-15396329,NCEXYHBECQHGNR,HYIMSNHJOBLJNT,0,1,0.50126338,0.89060795,0.11999114,0.12566561,fe0b1e9b4160439ea16a4c1977115a5d1be23db6f9bb65e508e413498830e2ee,17c85f44910f43939d8c336b8e11d77e86e561a15bc4c215773e76a4b95d3f27,d5b11d25f3b2415dc959ae176b1986eff29aab886b60ed1119de835aef19a109,ddddaf0
eviddie-20230801-19940419,20230801,19940419,rare,1shot,0,EviDDIE,PT-15626751,AXRYRYVKAWYZBR,CZFFBEXEKNGXKS,1,1,0.50134963,0.88600886,0.12561037,0.13170333,fe0b1e9b4160439ea16a4c1977115a5d1be23db6f9bb65e508e413498830e2ee,17c85f44910f43939d8c336b8e11d77e86e561a15bc4c215773e76a4b95d3f27,d5b11d25f3b2415dc959ae176b1986eff29aab886b60ed1119de835aef19a109,ddddaf0
eviddie-20230801-19940419,20230801,19940419,rare,1shot,0,EviDDIE,PT-15626751,NIJJYAXOARWZEE,SNPPWIUOZRMYNY,1,1,0.50133771,0.88663632,0.12484087,0.13087559,fe0b1e9b4160439ea16a4c1977115a5d1be23db6f9bb65e508e413498830e2ee,17c85f44910f43939d8c336b8e11d77e86e561a15bc4c215773e76a4b95d3f27,d5b11d25f3b2415dc959ae176b1986eff29aab886b60ed1119de835aef19a109,ddddaf0
eviddie-20230801-19940419,20230801,19940419,rare,1shot,0,EviDDIE,PT-15626751,AXRYRYVKAWYZBR,LUZRJRNZXALNLM,0,1,0.50131613,0.8877511,0.1234768,0.12940699,fe0b1e9b4160439ea16a4c1977115a5d1be23db6f9bb65e508e413498830e2ee,17c85f44910f43939d8c336b8e11d77e86e561a15bc4c215773e76a4b95d3f27,d5b11d25f3b2415dc959ae176b1986eff29aab886b60ed1119de835aef19a109,ddddaf0
eviddie-20230801-19940419,20230801,19940419,rare,1shot,0,EviDDIE,PT-15626751,NIJJYAXOARWZEE,JAUOIFJMECXRGI,0,1,0.50126898,0.89021951,0.12046742,0.12616946,fe0b1e9b4160439ea16a4c1977115a5d1be23db6f9bb65e508e413498830e2ee,17c85f44910f43939d8c336b8e11d77e86e561a15bc4c215773e76a4b95d3f27,d5b11d25f3b2415dc959ae176b1986eff29aab886b60ed1119de835aef19a109,ddddaf0
eviddie-20230801-19940419,20230801,19940419,rare,1shot,0,EviDDIE,PT-16020885,ASUTZQLVASHGKV,HSUGRBWQSSZJOP,1,1,0.50127149,0.89012468,0.12058114,0.12629493,fe0b1e9b4160439ea16a4c1977115a5d1be23db6f9bb65e508e413498830e2ee,17c85f44910f43939d8c336b8e11d77e86e561a15bc4c215773e76a4b95d3f27,d5b11d25f3b2415dc959ae176b1986eff29aab886b60ed1119de835aef19a109,ddddaf0
eviddie-20230801-19940419,20230801,19940419,rare,1shot,0,EviDDIE,PT-16020885,ASUTZQLVASHGKV,HTIQEAQVCYTUBX,1,1,0.50126857,0.89031494,0.12034829,0.1260477,fe0b1e9b4160439ea16a4c1977115a5d1be23db6f9bb65e508e413498830e2ee,17c85f44910f43939d8c336b8e11d77e86e561a15bc4c215773e76a4b95d3f27,d5b11d25f3b2415dc959ae176b1986eff29aab886b60ed1119de835aef19a109,ddddaf0
eviddie-20230801-19940419,20230801,19940419,rare,1shot,0,EviDDIE,PT-16020885,ASUTZQLVASHGKV,WIKYUJGCLQQFNW,0,1,0.50125426,0.89101624,0.11949862,0.12512937,fe0b1e9b4160439ea16a4c1977115a5d1be23db6f9bb65e508e413498830e2ee,17c85f44910f43939d8c336b8e11d77e86e561a15bc4c215773e76a4b95d3f27,d5b11d25f3b2415dc959ae176b1986eff29aab886b60ed1119de835aef19a109,ddddaf0
eviddie-20230801-19940419,20230801,19940419,rare,1shot,0,EviDDIE,PT-16020885,ASUTZQLVASHGKV,GJSURZIOUXUGAL,0,1,0.50124353,0.89160132,0.11878809,0.12436696,fe0b1e9b4160439ea16a4c1977115a5d1be23db6f9bb65e508e413498830e2ee,17c85f44910f43939d8c336b8e11d77e86e561a15bc4c215773e76a4b95d3f27,d5b11d25f3b2415dc959ae176b1986eff29aab886b60ed1119de835aef19a109,ddddaf0
eviddie-20230801-19940419,20230801,19940419,rare,1shot,0,EviDDIE,PT-16031872,VWPOSFSPZNDTMJ,WIKYUJGCLQQFNW,1,1,0.50131965,0.88754576,0.12372876,0.12967606,fe0b1e9b4160439ea16a4c1977115a5d1be23db6f9bb65e508e413498830e2ee,17c85f44910f43939d8c336b8e11d77e86e561a15bc4c215773e76a4b95d3f27,d5b11d25f3b2415dc959ae176b1986eff29aab886b60ed1119de835aef19a109,ddddaf0
eviddie-20230801-19940419,20230801,19940419,rare,1shot,0,EviDDIE,PT-16031872,VWPOSFSPZNDTMJ,ADIMAYPTOBDMTL,0,1,0.50130379,0.88839072,0.12269559,0.12856603,fe0b1e9b4160439ea16a4c1977115a5d1be23db6f9bb65e508e413498830e2ee,17c85f44910f43939d8c336b8e11d77e86e561a15bc4c215773e76a4b95d3f27,d5b11d25f3b2415dc959ae176b1986eff29aab886b60ed1119de835aef19a109,ddddaf0
eviddie-20230801-19940419,20230801,19940419,rare,1shot,0,EviDDIE,PT-16075454,BPZSYCZIITTYBL,HSUGRBWQSSZJOP,1,1,0.50132662,0.88721567,0.12413118,0.13011213,fe0b1e9b4160439ea16a4c1977115a5d1be23db6f9bb65e508e413498830e2ee,17c85f44910f43939d8c336b8e11d77e86e561a15bc4c215773e76a4b95d3f27,d5b11d25f3b2415dc959ae176b1986eff29aab886b60ed1119de835aef19a109,ddddaf0
eviddie-20230801-19940419,20230801,19940419,rare,1shot,0,EviDDIE,PT-16075454,BPZSYCZIITTYBL,RYMZZMVNJRMUDD,1,1,0.50132352,0.88740355,0.12390016,0.12986599,fe0b1e9b4160439ea16a4c1977115a5d1be23db6f9bb65e508e413498830e2ee,17c85f44910f43939d8c336b8e11d77e86e561a15bc4c215773e76a4b95d3f27,d5b11d25f3b2415dc959ae176b1986eff29aab886b60ed1119de835aef19a109,ddddaf0
eviddie-20230801-19940419,20230801,19940419,rare,1shot,0,EviDDIE,PT-16075454,WDJHALXBUFZDSR,XOFYZVNMUHMLCC,1,1,0.50125867,0.89080471,0.11975456,0.12540656,fe0b1e9b4160439ea16a4c1977115a5d1be23db6f9bb65e508e413498830e2ee,17c85f44910f43939d8c336b8e11d77e86e561a15bc4c215773e76a4b95d3f27,d5b11d25f3b2415dc959ae176b1986eff29aab886b60ed1119de835aef19a109,ddddaf0
eviddie-20230801-19940419,20230801,19940419,rare,1shot,0,EviDDIE,PT-16075454,BPZSYCZIITTYBL,AQHHHDLHHXJYJD,0,1,0.50134557,0.88620526,0.12537017,0.13144356,fe0b1e9b4160439ea16a4c1977115a5d1be23db6f9bb65e508e413498830e2ee,17c85f44910f43939d8c336b8e11d77e86e561a15bc4c215773e76a4b95d3f27,d5b11d25f3b2415dc959ae176b1986eff29aab886b60ed1119de835aef19a109,ddddaf0
eviddie-20230801-19940419,20230801,19940419,rare,1shot,0,EviDDIE,PT-16075454,BPZSYCZIITTYBL,JBIWCJUYHHGXTC,0,1,0.50131381,0.88791245,0.12327781,0.12919652,fe0b1e9b4160439ea16a4c1977115a5d1be23db6f9bb65e508e413498830e2ee,17c85f44910f43939d8c336b8e11d77e86e561a15bc4c215773e76a4b95d3f27,d5b11d25f3b2415dc959ae176b1986eff29aab886b60ed1119de835aef19a109,ddddaf0
eviddie-20230801-19940419,20230801,19940419,rare,1shot,0,EviDDIE,PT-16075454,WDJHALXBUFZDSR,OFVLGDICTFRJMM,0,1,0.50126851,0.89028752,0.12038278,0.12608232,fe0b1e9b4160439ea16a4c1977115a5d1be23db6f9bb65e508e413498830e2ee,17c85f44910f43939d8c336b8e11d77e86e561a15bc4c215773e76a4b95d3f27,d5b11d25f3b2415dc959ae176b1986eff29aab886b60ed1119de835aef19a109,ddddaf0
eviddie-20230801-19940419,20230801,19940419,rare,1shot,0,EviDDIE,PT-16123123,IMBXEJJVJRTNOW,NDAUXUAQIAJITI,1,1,0.501333,0.88687611,0.12454701,0.13055928,fe0b1e9b4160439ea16a4c1977115a5d1be23db6f9bb65e508e413498830e2ee,17c85f44910f43939d8c336b8e11d77e86e561a15bc4c215773e76a4b95d3f27,d5b11d25f3b2415dc959ae176b1986eff29aab886b60ed1119de835aef19a109,ddddaf0
eviddie-20230801-19940419,20230801,19940419,rare,1shot,0,EviDDIE,PT-16123123,IMBXEJJVJRTNOW,LOUPRKONTZGTKE,0,1,0.50129795,0.88869113,0.12232918,0.12817141,fe0b1e9b4160439ea16a4c1977115a5d1be23db6f9bb65e508e413498830e2ee,17c85f44910f43939d8c336b8e11d77e86e561a15bc4c215773e76a4b95d3f27,d5b11d25f3b2415dc959ae176b1986eff29aab886b60ed1119de835aef19a109,ddddaf0
eviddie-20230801-19940419,20230801,19940419,rare,1shot,0,EviDDIE,PT-16259298,ACWBQPMHZXGDFX,SNIOPGDIGTZGOP,1,1,0.50130039,0.88869435,0.12231956,0.12817284,fe0b1e9b4160439ea16a4c1977115a5d1be23db6f9bb65e508e413498830e2ee,17c85f44910f43939d8c336b8e11d77e86e561a15bc4c215773e76a4b95d3f27,d5b11d25f3b2415dc959ae176b1986eff29aab886b60ed1119de835aef19a109,ddddaf0
eviddie-20230801-19940419,20230801,19940419,rare,1shot,0,EviDDIE,PT-16259298,GBBSUAFBMRNDJC,QRXWMOHMRWLFEY,1,1,0.50126123,0.89067453,0.11991258,0.12557666,fe0b1e9b4160439ea16a4c1977115a5d1be23db6f9bb65e508e413498830e2ee,17c85f44910f43939d8c336b8e11d77e86e561a15bc4c215773e76a4b95d3f27,d5b11d25f3b2415dc959ae176b1986eff29aab886b60ed1119de835aef19a109,ddddaf0
eviddie-20230801-19940419,20230801,19940419,rare,1shot,0,EviDDIE,PT-16259298,ACWBQPMHZXGDFX,ULGZDMOVFRHVEP,0,1,0.50133848,0.88660949,0.12487275,0.13091162,fe0b1e9b4160439ea16a4c1977115a5d1be23db6f9bb65e508e413498830e2ee,17c85f44910f43939d8c336b8e11d77e86e561a15bc4c215773e76a4b95d3f27,d5b11d25f3b2415dc959ae176b1986eff29aab886b60ed1119de835aef19a109,ddddaf0
eviddie-20230801-19940419,20230801,19940419,rare,1shot,0,EviDDIE,PT-16259298,GBBSUAFBMRNDJC,LTXREWYXXSTFRX,0,1,0.50126958,0.89020878,0.12047953,0.12618431,fe0b1e9b4160439ea16a4c1977115a5d1be23db6f9bb65e508e413498830e2ee,17c85f44910f43939d8c336b8e11d77e86e561a15bc4c215773e76a4b95d3f27,d5b11d25f3b2415dc959ae176b1986eff29aab886b60ed1119de835aef19a109,ddddaf0
eviddie-20230801-19940419,20230801,19940419,rare,1shot,0,EviDDIE,PT-16280284,RGCVKNLCSQQDEP,XLYOFNOQVPJJNP,1,1,0.50139052,0.8838284,0.12829486,0.13458787,fe0b1e9b4160439ea16a4c1977115a5d1be23db6f9bb65e508e413498830e2ee,17c85f44910f43939d8c336b8e11d77e86e561a15bc4c215773e76a4b95d3f27,d5b11d25f3b2415dc959ae176b1986eff29aab886b60ed1119de835aef19a109,ddddaf0
eviddie-20230801-19940419,20230801,19940419,rare,1shot,0,EviDDIE,PT-16280284,RGCVKNLCSQQDEP,PPTYJKAXVCCBDU,0,1,0.5012635,0.8905549,0.12005782,0.12573291,fe0b1e9b4160439ea16a4c1977115a5d1be23db6f9bb65e508e413498830e2ee,17c85f44910f43939d8c336b8e11d77e86e561a15bc4c215773e76a4b95d3f27,d5b11d25f3b2415dc959ae176b1986eff29aab886b60ed1119de835aef19a109,ddddaf0
eviddie-20230801-19940419,20230801,19940419,rare,1shot,0,EviDDIE,PT-16382811,PPTYJKAXVCCBDU,VOKSWYLNZZRQPF,1,1,0.50126332,0.8905589,0.12005316,0.1257275,fe0b1e9b4160439ea16a4c1977115a5d1be23db6f9bb65e508e413498830e2ee,17c85f44910f43939d8c336b8e11d77e86e561a15bc4c215773e76a4b95d3f27,d5b11d25f3b2415dc959ae176b1986eff29aab886b60ed1119de835aef19a109,ddddaf0
eviddie-20230801-19940419,20230801,19940419,rare,1shot,0,EviDDIE,PT-16382811,PPTYJKAXVCCBDU,OGHNVEJMJSYVRP,0,1,0.50127792,0.88976896,0.12101471,0.12675981,fe0b1e9b4160439ea16a4c1977115a5d1be23db6f9bb65e508e413498830e2ee,17c85f44910f43939d8c336b8e11d77e86e561a15bc4c215773e76a4b95d3f27,d5b11d25f3b2415dc959ae176b1986eff29aab886b60ed1119de835aef19a109,ddddaf0
eviddie-20230801-19940419,20230801,19940419,rare,1shot,0,EviDDIE,PT-16388032,HEFNNWSXXWATRW,URKOMYMAXPYINW,1,1,0.50131756,0.88766891,0.12357762,0.12951463,fe0b1e9b4160439ea16a4c1977115a5d1be23db6f9bb65e508e413498830e2ee,17c85f44910f43939d8c336b8e11d77e86e561a15bc4c215773e76a4b95d3f27,d5b11d25f3b2415dc959ae176b1986eff29aab886b60ed1119de835aef19a109,ddddaf0
eviddie-20230801-19940419,20230801,19940419,rare,1shot,0,EviDDIE,PT-16388032,HEFNNWSXXWATRW,SGUAFYQXFOLMHL,0,1,0.50134772,0.8860991,0.12549998,0.13158399,fe0b1e9b4160439ea16a4c1977115a5d1be23db6f9bb65e508e413498830e2ee,17c85f44910f43939d8c336b8e11d77e86e561a15bc4c215773e76a4b95d3f27,d5b11d25f3b2415dc959ae176b1986eff29aab886b60ed1119de835aef19a109,ddddaf0
eviddie-20230801-19940419,20230801,19940419,rare,1shot,0,EviDDIE,PT-16542855,CMSMOCZEIVJLDB,UVKZSORBKUEBAZ,1,1,0.50131094,0.88797969,0.12319922,0.12910463,fe0b1e9b4160439ea16a4c1977115a5d1be23db6f9bb65e508e413498830e2ee,17c85f44910f43939d8c336b8e11d77e86e561a15bc4c215773e76a4b95d3f27,d5b11d25f3b2415dc959ae176b1986eff29aab886b60ed1119de835aef19a109,ddddaf0
eviddie-20230801-19940419,20230801,19940419,rare,1shot,0,EviDDIE,PT-16542855,CMSMOCZEIVJLDB,OOGJQPCLVADCPB,0,1,0.50134951,0.88597947,0.12564787,0.13174066,fe0b1e9b4160439ea16a4c1977115a5d1be23db6f9bb65e508e413498830e2ee,17c85f44910f43939d8c336b8e11d77e86e561a15bc4c215773e76a4b95d3f27,d5b11d25f3b2415dc959ae176b1986eff29aab886b60ed1119de835aef19a109,ddddaf0
eviddie-20230801-19940419,20230801,19940419,rare,1shot,0,EviDDIE,PT-16749091,FBOZXECLQNJBKD,PDMMFKSKQVNJMI,1,1,0.50128394,0.88948232,0.12136258,0.12713636,fe0b1e9b4160439ea16a4c1977115a5d1be23db6f9bb65e508e413498830e2ee,17c85f44910f43939d8c336b8e11d77e86e561a15bc4c215773e76a4b95d3f27,d5b11d25f3b2415dc959ae176b1986eff29aab886b60ed1119de835aef19a109,ddddaf0
eviddie-20230801-19940419,20230801,19940419,rare,1shot,0,EviDDIE,PT-16749091,FBOZXECLQNJBKD,UZHSEJADLWPNLE,0,1,0.50128859,0.88921243,0.12169225,0.12748888,fe0b1e9b4160439ea16a4c1977115a5d1be23db6f9bb65e508e413498830e2ee,17c85f44910f43939d8c336b8e11d77e86e561a15bc4c215773e76a4b95d3f27,d5b11d25f3b2415dc959ae176b1986eff29aab886b60ed1119de835aef19a109,ddddaf0
eviddie-20230801-19940419,20230801,19940419,rare,1shot,0,EviDDIE,PT-16783023,GHOSNRCGJFBJIB,ZAFYATHCZYHLPB,1,1,0.5012961,0.88881767,0.12217385,0.12800662,fe0b1e9b4160439ea16a4c1977115a5d1be23db6f9bb65e508e413498830e2ee,17c85f44910f43939d8c336b8e11d77e86e561a15bc4c215773e76a4b95d3f27,d5b11d25f3b2415dc959ae176b1986eff29aab886b60ed1119de835aef19a109,ddddaf0
eviddie-20230801-19940419,20230801,19940419,rare,1shot,0,EviDDIE,PT-16783023,GHOSNRCGJFBJIB,HYAFETHFCAUJAY,0,1,0.50129128,0.88908577,0.12184602,0.1276556,fe0b1e9b4160439ea16a4c1977115a5d1be23db6f9bb65e508e413498830e2ee,17c85f44910f43939d8c336b8e11d77e86e561a15bc4c215773e76a4b95d3f27,d5b11d25f3b2415dc959ae176b1986eff29aab886b60ed1119de835aef19a109,ddddaf0
eviddie-20230801-19940419,20230801,19940419,rare,1shot,0,EviDDIE,PT-16803939,LUZRJRNZXALNLM,WVLOADHCBXTIJK,1,1,0.50124931,0.89128816,0.11916818,0.12477492,fe0b1e9b4160439ea16a4c1977115a5d1be23db6f9bb65e508e413498830e2ee,17c85f44910f43939d8c336b8e11d77e86e561a15bc4c215773e76a4b95d3f27,d5b11d25f3b2415dc959ae176b1986eff29aab886b60ed1119de835aef19a109,ddddaf0
eviddie-20230801-19940419,20230801,19940419,rare,1shot,0,EviDDIE,PT-16803939,LUZRJRNZXALNLM,AXRYRYVKAWYZBR,0,1,0.50130236,0.88851702,0.12253939,0.12840249,fe0b1e9b4160439ea16a4c1977115a5d1be23db6f9bb65e508e413498830e2ee,17c85f44910f43939d8c336b8e11d77e86e561a15bc4c215773e76a4b95d3f27,d5b11d25f3b2415dc959ae176b1986eff29aab886b60ed1119de835aef19a109,ddddaf0
eviddie-20230801-19940419,20230801,19940419,rare,1shot,0,EviDDIE,PT-16879674,BVKZGUZCCUSVTD,ZAFYATHCZYHLPB,1,1,0.50109559,0.8995226,0.10926475,0.11413669,fe0b1e9b4160439ea16a4c1977115a5d1be23db6f9bb65e508e413498830e2ee,17c85f44910f43939d8c336b8e11d77e86e561a15bc4c215773e76a4b95d3f27,d5b11d25f3b2415dc959ae176b1986eff29aab886b60ed1119de835aef19a109,ddddaf0
eviddie-20230801-19940419,20230801,19940419,rare,1shot,0,EviDDIE,PT-16879674,BVKZGUZCCUSVTD,ZNNLBTZKUZBEKO,0,1,0.50108385,0.90016705,0.1084967,0.11331305,fe0b1e9b4160439ea16a4c1977115a5d1be23db6f9bb65e508e413498830e2ee,17c85f44910f43939d8c336b8e11d77e86e561a15bc4c215773e76a4b95d3f27,d5b11d25f3b2415dc959ae176b1986eff29aab886b60ed1119de835aef19a109,ddddaf0
eviddie-20230801-19940419,20230801,19940419,rare,1shot,0,EviDDIE,PT-16886720,BMCQMVFGOVHVNG,GBBSUAFBMRNDJC,1,1,0.50126916,0.8902337,0.12044901,0.12615193,fe0b1e9b4160439ea16a4c1977115a5d1be23db6f9bb65e508e413498830e2ee,17c85f44910f43939d8c336b8e11d77e86e561a15bc4c215773e76a4b95d3f27,d5b11d25f3b2415dc959ae176b1986eff29aab886b60ed1119de835aef19a109,ddddaf0
eviddie-20230801-19940419,20230801,19940419,rare,1shot,0,EviDDIE,PT-16886720,RPLCPCMSCLEKRS,UREBDLICKHMUKA,1,1,0.50125444,0.89105129,0.11945435,0.12508544,fe0b1e9b4160439ea16a4c1977115a5d1be23db6f9bb65e508e413498830e2ee,17c85f44910f43939d8c336b8e11d77e86e561a15bc4c215773e76a4b95d3f27,d5b11d25f3b2415dc959ae176b1986eff29aab886b60ed1119de835aef19a109,ddddaf0
eviddie-20230801-19940419,20230801,19940419,rare,1shot,0,EviDDIE,PT-16886720,BMCQMVFGOVHVNG,QWAXKHKRTORLEM,0,1,0.50129688,0.88878286,0.12221581,0.12805256,fe0b1e9b4160439ea16a4c1977115a5d1be23db6f9bb65e508e413498830e2ee,17c85f44910f43939d8c336b8e11d77e86e561a15bc4c215773e76a4b95d3f27,d5b11d25f3b2415dc959ae176b1986eff29aab886b60ed1119de835aef19a109,ddddaf0
eviddie-20230801-19940419,20230801,19940419,rare,1shot,0,EviDDIE,PT-16886720,RPLCPCMSCLEKRS,HSUGRBWQSSZJOP,0,1,0.50126761,0.89032739,0.12033462,0.12602986,fe0b1e9b4160439ea16a4c1977115a5d1be23db6f9bb65e508e413498830e2ee,17c85f44910f43939d8c336b8e11d77e86e561a15bc4c215773e76a4b95d3f27,d5b11d25f3b2415dc959ae176b1986eff29aab886b60ed1119de835aef19a109,ddddaf0
eviddie-20230801-19940419,20230801,19940419,rare,1shot,0,EviDDIE,PT-16914645,DRLFMBDRBRZALE,YFGHCGITMMYXAQ,1,1,0.50131583,0.88777459,0.12344771,0.12937638,fe0b1e9b4160439ea16a4c1977115a5d1be23db6f9bb65e508e413498830e2ee,17c85f44910f43939d8c336b8e11d77e86e561a15bc4c215773e76a4b95d3f27,d5b11d25f3b2415dc959ae176b1986eff29aab886b60ed1119de835aef19a109,ddddaf0
eviddie-20230801-19940419,20230801,19940419,rare,1shot,0,EviDDIE,PT-16914645,DRLFMBDRBRZALE,VOKSWYLNZZRQPF,0,1,0.5013063,0.88827765,0.12283289,0.12871529,fe0b1e9b4160439ea16a4c1977115a5d1be23db6f9bb65e508e413498830e2ee,17c85f44910f43939d8c336b8e11d77e86e561a15bc4c215773e76a4b95d3f27,d5b11d25f3b2415dc959ae176b1986eff29aab886b60ed1119de835aef19a109,ddddaf0
eviddie-20230801-19940419,20230801,19940419,rare,1shot,0,EviDDIE,PT-17040020,AUYYCJSJGJYCDS,MAEIEVLCKWDQJH,1,1,0.50132078,0.88753802,0.1237362,0.12968858,fe0b1e9b4160439ea16a4c1977115a5d1be23db6f9bb65e508e413498830e2ee,17c85f44910f43939d8c336b8e11d77e86e561a15bc4c215773e76a4b95d3f27,d5b11d25f3b2415dc959ae176b1986eff29aab886b60ed1119de835aef19a109,ddddaf0
eviddie-20230801-19940419,20230801,19940419,rare,1shot,0,EviDDIE,PT-17040020,FKNQFGJONOIPTF,PHIQHXFUZVPYII,1,1,0.50122786,0.89246893,0.11773552,0.12323882,fe0b1e9b4160439ea16a4c1977115a5d1be23db6f9bb65e508e413498830e2ee,17c85f44910f43939d8c336b8e11d77e86e561a15bc4c215773e76a4b95d3f27,d5b11d25f3b2415dc959ae176b1986eff29aab886b60ed1119de835aef19a109,ddddaf0
eviddie-20230801-19940419,20230801,19940419,rare,1shot,0,EviDDIE,PT-17040020,ORFOPKXBNMVMKC,RFHAOTPXVQNOHP,1,1,0.50129873,0.88865376,0.12237477,0.12822057,fe0b1e9b4160439ea16a4c1977115a5d1be23db6f9bb65e508e413498830e2ee,17c85f44910f43939d8c336b8e11d77e86e561a15bc4c215773e76a4b95d3f27,d5b11d25f3b2415dc959ae176b1986eff29aab886b60ed1119de835aef19a109,ddddaf0
eviddie-20230801-19940419,20230801,19940419,rare,1shot,0,EviDDIE,PT-17040020,ORFOPKXBNMVMKC,ZKLPARSLTMPFCP,1,1,0.50129056,0.88910538,0.121823,0.12762912,fe0b1e9b4160439ea16a4c1977115a5d1be23db6f9bb65e508e413498830e2ee,17c85f44910f43939d8c336b8e11d77e86e561a15bc4c215773e76a4b95d3f27,d5b11d25f3b2415dc959ae176b1986eff29aab886b60ed1119de835aef19a109,ddddaf0
eviddie-20230801-19940419,20230801,19940419,rare,1shot,0,EviDDIE,PT-17040020,AUYYCJSJGJYCDS,HUNXMJYCHXQEGX,0,1,0.50131071,0.88803786,0.12312625,0.12902996,fe0b1e9b4160439ea16a4c1977115a5d1be23db6f9bb65e508e413498830e2ee,17c85f44910f43939d8c336b8e11d77e86e561a15bc4c215773e76a4b95d3f27,d5b11d25f3b2415dc959ae176b1986eff29aab886b60ed1119de835aef19a109,ddddaf0
eviddie-20230801-19940419,20230801,19940419,rare,1shot,0,EviDDIE,PT-17040020,FKNQFGJONOIPTF,MCGSCOLBFJQGHM,0,1,0.50119263,0.89427871,0.11555244,0.12088681,fe0b1e9b4160439ea16a4c1977115a5d1be23db6f9bb65e508e413498830e2ee,17c85f44910f43939d8c336b8e11d77e86e561a15bc4c215773e76a4b95d3f27,d5b11d25f3b2415dc959ae176b1986eff29aab886b60ed1119de835aef19a109,ddddaf0
eviddie-20230801-19940419,20230801,19940419,rare,1shot,0,EviDDIE,PT-17040020,ORFOPKXBNMVMKC,CNBGNNVCVSKAQZ,0,1,0.50129855,0.88866949,0.12235533,0.12820014,fe0b1e9b4160439ea16a4c1977115a5d1be23db6f9bb65e508e413498830e2ee,17c85f44910f43939d8c336b8e11d77e86e561a15bc4c215773e76a4b95d3f27,d5b11d25f3b2415dc959ae176b1986eff29aab886b60ed1119de835aef19a109,ddddaf0
eviddie-20230801-19940419,20230801,19940419,rare,1shot,0,EviDDIE,PT-17040020,ORFOPKXBNMVMKC,JIVPVXMEBJLZRO,0,1,0.50127965,0.88968742,0.12111361,0.12686692,fe0b1e9b4160439ea16a4c1977115a5d1be23db6f9bb65e508e413498830e2ee,17c85f44910f43939d8c336b8e11d77e86e561a15bc4c215773e76a4b95d3f27,d5b11d25f3b2415dc959ae176b1986eff29aab886b60ed1119de835aef19a109,ddddaf0
eviddie-20230801-19940419,20230801,19940419,rare,1shot,0,EviDDIE,PT-17228333,RZTAMFZIAATZDJ,TUZYXOIXSAXUGO,1,1,0.5013231,0.88743359,0.12386291,0.12982681,fe0b1e9b4160439ea16a4c1977115a5d1be23db6f9bb65e508e413498830e2ee,17c85f44910f43939d8c336b8e11d77e86e561a15bc4c215773e76a4b95d3f27,d5b11d25f3b2415dc959ae176b1986eff29aab886b60ed1119de835aef19a109,ddddaf0
eviddie-20230801-19940419,20230801,19940419,rare,1shot,0,EviDDIE,PT-17228333,RZTAMFZIAATZDJ,ADEBPBSSDYVVLD,0,1,0.50128669,0.88930619,0.1215783,0.1273658,fe0b1e9b4160439ea16a4c1977115a5d1be23db6f9bb65e508e413498830e2ee,17c85f44910f43939d8c336b8e11d77e86e561a15bc4c215773e76a4b95d3f27,d5b11d25f3b2415dc959ae176b1986eff29aab886b60ed1119de835aef19a109,ddddaf0
eviddie-20230801-19940419,20230801,19940419,rare,1shot,0,EviDDIE,PT-17265807,AQHHHDLHHXJYJD,KPYSYYIEGFHWSV,1,1,0.50134587,0.8862105,0.12536266,0.13143741,fe0b1e9b4160439ea16a4c1977115a5d1be23db6f9bb65e508e413498830e2ee,17c85f44910f43939d8c336b8e11d77e86e561a15bc4c215773e76a4b95d3f27,d5b11d25f3b2415dc959ae176b1986eff29aab886b60ed1119de835aef19a109,ddddaf0
eviddie-20230801-19940419,20230801,19940419,rare,1shot,0,EviDDIE,PT-17265807,AQHHHDLHHXJYJD,TUZYXOIXSAXUGO,0,1,0.50134581,0.88624513,0.12531875,0.1313931,fe0b1e9b4160439ea16a4c1977115a5d1be23db6f9bb65e508e413498830e2ee,17c85f44910f43939d8c336b8e11d77e86e561a15bc4c215773e76a4b95d3f27,d5b11d25f3b2415dc959ae176b1986eff29aab886b60ed1119de835aef19a109,ddddaf0
eviddie-20230801-19940419,20230801,19940419,rare,1shot,0,EviDDIE,PT-17332255,XUIIKFGFIJCVMT,ZZUFCTLCJUWOSV,1,1,0.50132984,0.88704962,0.12433445,0.1303311,fe0b1e9b4160439ea16a4c1977115a5d1be23db6f9bb65e508e413498830e2ee,17c85f44910f43939d8c336b8e11d77e86e561a15bc4c215773e76a4b95d3f27,d5b11d25f3b2415dc959ae176b1986eff29aab886b60ed1119de835aef19a109,ddddaf0
eviddie-20230801-19940419,20230801,19940419,rare,1shot,0,EviDDIE,PT-17332255,XUIIKFGFIJCVMT,AOJJSUZBOXZQNB,0,1,0.50132251,0.88743436,0.12386351,0.12982446,fe0b1e9b4160439ea16a4c1977115a5d1be23db6f9bb65e508e413498830e2ee,17c85f44910f43939d8c336b8e11d77e86e561a15bc4c215773e76a4b95d3f27,d5b11d25f3b2415dc959ae176b1986eff29aab886b60ed1119de835aef19a109,ddddaf0
eviddie-20230801-19940419,20230801,19940419,rare,1shot,0,EviDDIE,PT-17358898,CMWTZPSULFXXJA,FEBLZLNTKCEFIT,1,1,0.50130075,0.88859618,0.12244294,0.12829824,fe0b1e9b4160439ea16a4c1977115a5d1be23db6f9bb65e508e413498830e2ee,17c85f44910f43939d8c336b8e11d77e86e561a15bc4c215773e76a4b95d3f27,d5b11d25f3b2415dc959ae176b1986eff29aab886b60ed1119de835aef19a109,ddddaf0
eviddie-20230801-19940419,20230801,19940419,rare,1shot,0,EviDDIE,PT-17358898,CMWTZPSULFXXJA,ODAIHABQVKJNIY,0,1,0.50129378,0.88898951,0.12196191,0.12778328,fe0b1e9b4160439ea16a4c1977115a5d1be23db6f9bb65e508e413498830e2ee,17c85f44910f43939d8c336b8e11d77e86e561a15bc4c215773e76a4b95d3f27,d5b11d25f3b2415dc959ae176b1986eff29aab886b60ed1119de835aef19a109,ddddaf0
eviddie-20230801-19940419,20230801,19940419,rare,1shot,0,EviDDIE,PT-17428893,JBIWCJUYHHGXTC,ZZVUWRFHKOJYTH,1,1,0.50131732,0.88766706,0.1235804,0.12951665,fe0b1e9b4160439ea16a4c1977115a5d1be23db6f9bb65e508e413498830e2ee,17c85f44910f43939d8c336b8e11d77e86e561a15bc4c215773e76a4b95d3f27,d5b11d25f3b2415dc959ae176b1986eff29aab886b60ed1119de835aef19a109,ddddaf0
eviddie-20230801-19940419,20230801,19940419,rare,1shot,0,EviDDIE,PT-17428893,JBIWCJUYHHGXTC,BPZSYCZIITTYBL,0,1,0.50131691,0.88771474,0.12352081,0.12945496,fe0b1e9b4160439ea16a4c1977115a5d1be23db6f9bb65e508e413498830e2ee,17c85f44910f43939d8c336b8e11d77e86e561a15bc4c215773e76a4b95d3f27,d5b11d25f3b2415dc959ae176b1986eff29aab886b60ed1119de835aef19a109,ddddaf0
eviddie-20230801-19940419,20230801,19940419,rare,1shot,0,EviDDIE,PT-17433139,ATALOFNDEOCMKK,BQJCRHHNABKAKU,1,1,0.5013063,0.88825732,0.12285858,0.12874116,fe0b1e9b4160439ea16a4c1977115a5d1be23db6f9bb65e508e413498830e2ee,17c85f44910f43939d8c336b8e11d77e86e561a15bc4c215773e76a4b95d3f27,d5b11d25f3b2415dc959ae176b1986eff29aab886b60ed1119de835aef19a109,ddddaf0
eviddie-20230801-19940419,20230801,19940419,rare,1shot,0,EviDDIE,PT-17433139,BFPYWIDHMRZLRN,ITRJWOMZKQRYTA,1,1,0.50125414,0.89106947,0.11943222,0.12506191,fe0b1e9b4160439ea16a4c1977115a5d1be23db6f9bb65e508e413498830e2ee,17c85f44910f43939d8c336b8e11d77e86e561a15bc4c215773e76a4b95d3f27,d5b11d25f3b2415dc959ae176b1986eff29aab886b60ed1119de835aef19a109,ddddaf0
eviddie-20230801-19940419,20230801,19940419,rare,1shot,0,EviDDIE,PT-17433139,ATALOFNDEOCMKK,GBABOYUKABKIAF,0,1,0.50131941,0.88758683,0.12367732,0.12962329,fe0b1e9b4160439ea16a4c1977115a5d1be23db6f9bb65e508e413498830e2ee,17c85f44910f43939d8c336b8e11d77e86e561a15bc4c215773e76a4b95d3f27,d5b11d25f3b2415dc959ae176b1986eff29aab886b60ed1119de835aef19a109,ddddaf0
eviddie-20230801-19940419,20230801,19940419,rare,1shot,0,EviDDIE,PT-17433139,BFPYWIDHMRZLRN,RDOIQAHITMMDAJ,0,1,0.50127262,0.89004707,0.12067635,0.12639584,fe0b1e9b4160439ea16a4c1977115a5d1be23db6f9bb65e508e413498830e2ee,17c85f44910f43939d8c336b8e11d77e86e561a15bc4c215773e76a4b95d3f27,d5b11d25f3b2415dc959ae176b1986eff29aab886b60ed1119de835aef19a109,ddddaf0
eviddie-20230801-19940419,20230801,19940419,rare,1shot,0,EviDDIE,PT-17583915,LZFZMUMEGBBDTC,SGUAFYQXFOLMHL,1,1,0.50133723,0.88665235,0.12482147,0.13085407,fe0b1e9b4160439ea16a4c1977115a5d1be23db6f9bb65e508e413498830e2ee,17c85f44910f43939d8c336b8e11d77e86e561a15bc4c215773e76a4b95d3f27,d5b11d25f3b2415dc959ae176b1986eff29aab886b60ed1119de835aef19a109,ddddaf0
eviddie-20230801-19940419,20230801,19940419,rare,1shot,0,EviDDIE,PT-17583915,LZFZMUMEGBBDTC,IEDVJHCEMCRBQM,0,1,0.50132048,0.88752317,0.12375537,0.12970684,fe0b1e9b4160439ea16a4c1977115a5d1be23db6f9bb65e508e413498830e2ee,17c85f44910f43939d8c336b8e11d77e86e561a15bc4c215773e76a4b95d3f27,d5b11d25f3b2415dc959ae176b1986eff29aab886b60ed1119de835aef19a109,ddddaf0
eviddie-20230801-19940419,20230801,19940419,rare,1shot,0,EviDDIE,PT-17661894,GRYLNZFGIOXLOG,MBWXNTAXLNYFJB,1,1,0.50109649,0.8995046,0.10928506,0.11416099,fe0b1e9b4160439ea16a4c1977115a5d1be23db6f9bb65e508e413498830e2ee,17c85f44910f43939d8c336b8e11d77e86e561a15bc4c215773e76a4b95d3f27,d5b11d25f3b2415dc959ae176b1986eff29aab886b60ed1119de835aef19a109,ddddaf0
eviddie-20230801-19940419,20230801,19940419,rare,1shot,0,EviDDIE,PT-17661894,GRYLNZFGIOXLOG,OZOMQRBLCMDCEG,0,1,0.50103545,0.90273219,0.10545423,0.11004235,fe0b1e9b4160439ea16a4c1977115a5d1be23db6f9bb65e508e413498830e2ee,17c85f44910f43939d8c336b8e11d77e86e561a15bc4c215773e76a4b95d3f27,d5b11d25f3b2415dc959ae176b1986eff29aab886b60ed1119de835aef19a109,ddddaf0
eviddie-20230801-19940419,20230801,19940419,rare,1shot,0,EviDDIE,PT-17730751,CNBGNNVCVSKAQZ,KUVIULQEHSCUHY,1,1,0.50131071,0.88809031,0.12305995,0.1289634,fe0b1e9b4160439ea16a4c1977115a5d1be23db6f9bb65e508e413498830e2ee,17c85f44910f43939d8c336b8e11d77e86e561a15bc4c215773e76a4b95d3f27,d5b11d25f3b2415dc959ae176b1986eff29aab886b60ed1119de835aef19a109,ddddaf0
eviddie-20230801-19940419,20230801,19940419,rare,1shot,0,EviDDIE,PT-17730751,QRXWMOHMRWLFEY,RDOIQAHITMMDAJ,1,1,0.50127381,0.88998473,0.12075214,0.12647733,fe0b1e9b4160439ea16a4c1977115a5d1be23db6f9bb65e508e413498830e2ee,17c85f44910f43939d8c336b8e11d77e86e561a15bc4c215773e76a4b95d3f27,d5b11d25f3b2415dc959ae176b1986eff29aab886b60ed1119de835aef19a109,ddddaf0
eviddie-20230801-19940419,20230801,19940419,rare,1shot,0,EviDDIE,PT-17730751,CNBGNNVCVSKAQZ,QZUDBNBUXVUHMW,0,1,0.50127584,0.88987994,0.12087969,0.12661462,fe0b1e9b4160439ea16a4c1977115a5d1be23db6f9bb65e508e413498830e2ee,17c85f44910f43939d8c336b8e11d77e86e561a15bc4c215773e76a4b95d3f27,d5b11d25f3b2415dc959ae176b1986eff29aab886b60ed1119de835aef19a109,ddddaf0
eviddie-20230801-19940419,20230801,19940419,rare,1shot,0,EviDDIE,PT-17730751,QRXWMOHMRWLFEY,XZWYZXLIPXDOLR,0,1,0.50121617,0.89308625,0.11698912,0.12243629,fe0b1e9b4160439ea16a4c1977115a5d1be23db6f9bb65e508e413498830e2ee,17c85f44910f43939d8c336b8e11d77e86e561a15bc4c215773e76a4b95d3f27,d5b11d25f3b2415dc959ae176b1986eff29aab886b60ed1119de835aef19a109,ddddaf0
eviddie-20230801-19940419,20230801,19940419,rare,1shot,0,EviDDIE,PT-17750120,FABPRXSRWADJSP,OIGNJSKKLXVSLS,1,1,0.50125641,0.89094734,0.11958023,0.12522115,fe0b1e9b4160439ea16a4c1977115a5d1be23db6f9bb65e508e413498830e2ee,17c85f44910f43939d8c336b8e11d77e86e561a15bc4c215773e76a4b95d3f27,d5b11d25f3b2415dc959ae176b1986eff29aab886b60ed1119de835aef19a109,ddddaf0
eviddie-20230801-19940419,20230801,19940419,rare,1shot,0,EviDDIE,PT-17750120,KJADKKWYZYXHBB,XZWYZXLIPXDOLR,1,1,0.50127095,0.89022219,0.12045973,0.12617041,fe0b1e9b4160439ea16a4c1977115a5d1be23db6f9bb65e508e413498830e2ee,17c85f44910f43939d8c336b8e11d77e86e561a15bc4c215773e76a4b95d3f27,d5b11d25f3b2415dc959ae176b1986eff29aab886b60ed1119de835aef19a109,ddddaf0
eviddie-20230801-19940419,20230801,19940419,rare,1shot,0,EviDDIE,PT-17750120,FABPRXSRWADJSP,UHSKFQJFRQCDBE,0,1,0.50128335,0.889507,0.12133248,0.12710376,fe0b1e9b4160439ea16a4c1977115a5d1be23db6f9bb65e508e413498830e2ee,17c85f44910f43939d8c336b8e11d77e86e561a15bc4c215773e76a4b95d3f27,d5b11d25f3b2415dc959ae176b1986eff29aab886b60ed1119de835aef19a109,ddddaf0
eviddie-20230801-19940419,20230801,19940419,rare,1shot,0,EviDDIE,PT-17750120,KJADKKWYZYXHBB,SGOIRFVFHAKUTI,0,1,0.50135535,0.8856566,0.12604496,0.13216655,fe0b1e9b4160439ea16a4c1977115a5d1be23db6f9bb65e508e413498830e2ee,17c85f44910f43939d8c336b8e11d77e86e561a15bc4c215773e76a4b95d3f27,d5b11d25f3b2415dc959ae176b1986eff29aab886b60ed1119de835aef19a109,ddddaf0
eviddie-20230801-19940419,20230801,19940419,rare,1shot,0,EviDDIE,PT-17777361,BUGYDGFZZOZRHP,IQPSEEYGBUAQFF,1,1,0.50129461,0.88886607,0.1221157,0.12794186,fe0b1e9b4160439ea16a4c1977115a5d1be23db6f9bb65e508e413498830e2ee,17c85f44910f43939d8c336b8e11d77e86e561a15bc4c215773e76a4b95d3f27,d5b11d25f3b2415dc959ae176b1986eff29aab886b60ed1119de835aef19a109,ddddaf0
eviddie-20230801-19940419,20230801,19940419,rare,1shot,0,EviDDIE,PT-17777361,BUGYDGFZZOZRHP,AHOUBRCZNHFOSL,0,1,0.501257,0.89085132,0.1196997,0.12534384,fe0b1e9b4160439ea16a4c1977115a5d1be23db6f9bb65e508e413498830e2ee,17c85f44910f43939d8c336b8e11d77e86e561a15bc4c215773e76a4b95d3f27,d5b11d25f3b2415dc959ae176b1986eff29aab886b60ed1119de835aef19a109,ddddaf0
eviddie-20230801-19940419,20230801,19940419,rare,1shot,0,EviDDIE,PT-17841554,DIWRORZWFLOCLC,WFPIAZLQTJBIFN,1,1,0.50124854,0.89134061,0.11910407,0.12470697,fe0b1e9b4160439ea16a4c1977115a5d1be23db6f9bb65e508e413498830e2ee,17c85f44910f43939d8c336b8e11d77e86e561a15bc4c215773e76a4b95d3f27,d5b11d25f3b2415dc959ae176b1986eff29aab886b60ed1119de835aef19a109,ddddaf0
eviddie-20230801-19940419,20230801,19940419,rare,1shot,0,EviDDIE,PT-17841554,DIWRORZWFLOCLC,FEBLZLNTKCEFIT,0,1,0.50126845,0.89030766,0.12035774,0.12605672,fe0b1e9b4160439ea16a4c1977115a5d1be23db6f9bb65e508e413498830e2ee,17c85f44910f43939d8c336b8e11d77e86e561a15bc4c215773e76a4b95d3f27,d5b11d25f3b2415dc959ae176b1986eff29aab886b60ed1119de835aef19a109,ddddaf0
eviddie-20230801-19940419,20230801,19940419,rare,1shot,0,EviDDIE,PT-17851687,FBOZXECLQNJBKD,RMRCNWBMXRMIRW,1,1,0.50130999,0.88812828,0.12301339,0.12891334,fe0b1e9b4160439ea16a4c1977115a5d1be23db6f9bb65e508e413498830e2ee,17c85f44910f43939d8c336b8e11d77e86e561a15bc4c215773e76a4b95d3f27,d5b11d25f3b2415dc959ae176b1986eff29aab886b60ed1119de835aef19a109,ddddaf0
eviddie-20230801-19940419,20230801,19940419,rare,1shot,0,EviDDIE,PT-17851687,FBOZXECLQNJBKD,TZFNLOMSOLWIDK,0,1,0.50132585,0.88727498,0.12405767,0.13003488,fe0b1e9b4160439ea16a4c1977115a5d1be23db6f9bb65e508e413498830e2ee,17c85f44910f43939d8c336b8e11d77e86e561a15bc4c215773e76a4b95d3f27,d5b11d25f3b2415dc959ae176b1986eff29aab886b60ed1119de835aef19a109,ddddaf0
eviddie-20230801-19940419,20230801,19940419,rare,1shot,0,EviDDIE,PT-17888714,GRYLNZFGIOXLOG,RZVAJINKPMORJF,1,1,0.50106633,0.90107673,0.10741658,0.11215023,fe0b1e9b4160439ea16a4c1977115a5d1be23db6f9bb65e508e413498830e2ee,17c85f44910f43939d8c336b8e11d77e86e561a15bc4c215773e76a4b95d3f27,d5b11d25f3b2415dc959ae176b1986eff29aab886b60ed1119de835aef19a109,ddddaf0
eviddie-20230801-19940419,20230801,19940419,rare,1shot,0,EviDDIE,PT-17888714,GRYLNZFGIOXLOG,AUYYCJSJGJYCDS,0,1,0.5010916,0.8997432,0.10900187,0.11385473,fe0b1e9b4160439ea16a4c1977115a5d1be23db6f9bb65e508e413498830e2ee,17c85f44910f43939d8c336b8e11d77e86e561a15bc4c215773e76a4b95d3f27,d5b11d25f3b2415dc959ae176b1986eff29aab886b60ed1119de835aef19a109,ddddaf0
eviddie-20230801-19940419,20230801,19940419,rare,1shot,0,EviDDIE,PT-17920922,CGIGDMFJXJATDK,NDAUXUAQIAJITI,1,1,0.50133574,0.88675112,0.12469948,0.1307248,fe0b1e9b4160439ea16a4c1977115a5d1be23db6f9bb65e508e413498830e2ee,17c85f44910f43939d8c336b8e11d77e86e561a15bc4c215773e76a4b95d3f27,d5b11d25f3b2415dc959ae176b1986eff29aab886b60ed1119de835aef19a109,ddddaf0
eviddie-20230801-19940419,20230801,19940419,rare,1shot,0,EviDDIE,PT-17920922,CGIGDMFJXJATDK,KJHKTHWMRKYKJE,0,1,0.50131267,0.88796097,0.12321887,0.12913221,fe0b1e9b4160439ea16a4c1977115a5d1be23db6f9bb65e508e413498830e2ee,17c85f44910f43939d8c336b8e11d77e86e561a15bc4c215773e76a4b95d3f27,d5b11d25f3b2415dc959ae176b1986eff29aab886b60ed1119de835aef19a109,ddddaf0
eviddie-20230801-19940419,20230801,19940419,rare,1shot,0,EviDDIE,PT-17924382,HYIMSNHJOBLJNT,UCHDWCPVSPXUMX,1,1,0.50129676,0.88877869,0.12222153,0.12805764,fe0b1e9b4160439ea16a4c1977115a5d1be23db6f9bb65e508e413498830e2ee,17c85f44910f43939d8c336b8e11d77e86e561a15bc4c215773e76a4b95d3f27,d5b11d25f3b2415dc959ae176b1986eff29aab886b60ed1119de835aef19a109,ddddaf0
eviddie-20230801-19940419,20230801,19940419,rare,1shot,0,EviDDIE,PT-17924382,HYIMSNHJOBLJNT,BLJRIMJGRPQVNF,0,1,0.50129867,0.88869172,0.12232697,0.12817226,fe0b1e9b4160439ea16a4c1977115a5d1be23db6f9bb65e508e413498830e2ee,17c85f44910f43939d8c336b8e11d77e86e561a15bc4c215773e76a4b95d3f27,d5b11d25f3b2415dc959ae176b1986eff29aab886b60ed1119de835aef19a109,ddddaf0
eviddie-20230801-19940419,20230801,19940419,rare,1shot,0,EviDDIE,PT-17926716,KDLRVYVGXIQJDK,VOVIALXJUBGFJZ,1,1,0.50131446,0.88784987,0.12335546,0.12927754,fe0b1e9b4160439ea16a4c1977115a5d1be23db6f9bb65e508e413498830e2ee,17c85f44910f43939d8c336b8e11d77e86e561a15bc4c215773e76a4b95d3f27,d5b11d25f3b2415dc959ae176b1986eff29aab886b60ed1119de835aef19a109,ddddaf0
eviddie-20230801-19940419,20230801,19940419,rare,1shot,0,EviDDIE,PT-17926716,KDLRVYVGXIQJDK,KUVIULQEHSCUHY,0,1,0.50133049,0.88702202,0.12436766,0.13036762,fe0b1e9b4160439ea16a4c1977115a5d1be23db6f9bb65e508e413498830e2ee,17c85f44910f43939d8c336b8e11d77e86e561a15bc4c215773e76a4b95d3f27,d5b11d25f3b2415dc959ae176b1986eff29aab886b60ed1119de835aef19a109,ddddaf0
eviddie-20230801-19940419,20230801,19940419,rare,1shot,0,EviDDIE,PT-17936618,HSUGRBWQSSZJOP,KWMLJOLKUYYJFJ,1,1,0.50133991,0.88658011,0.12490693,0.13095231,fe0b1e9b4160439ea16a4c1977115a5d1be23db6f9bb65e508e413498830e2ee,17c85f44910f43939d8c336b8e11d77e86e561a15bc4c215773e76a4b95d3f27,d5b11d25f3b2415dc959ae176b1986eff29aab886b60ed1119de835aef19a109,ddddaf0
eviddie-20230801-19940419,20230801,19940419,rare,1shot,0,EviDDIE,PT-17936618,HSUGRBWQSSZJOP,PHVGLTMQBUFIQQ,0,1,0.50129944,0.88861978,0.12241604,0.12826531,fe0b1e9b4160439ea16a4c1977115a5d1be23db6f9bb65e508e413498830e2ee,17c85f44910f43939d8c336b8e11d77e86e561a15bc4c215773e76a4b95d3f27,d5b11d25f3b2415dc959ae176b1986eff29aab886b60ed1119de835aef19a109,ddddaf0
eviddie-20230801-19940419,20230801,19940419,rare,1shot,0,EviDDIE,PT-18015884,PMATZTZNYRCHOR,TTWJBBZEZQICBI,1,1,0.50133359,0.88686824,0.12455592,0.13057059,fe0b1e9b4160439ea16a4c1977115a5d1be23db6f9bb65e508e413498830e2ee,17c85f44910f43939d8c336b8e11d77e86e561a15bc4c215773e76a4b95d3f27,d5b11d25f3b2415dc959ae176b1986eff29aab886b60ed1119de835aef19a109,ddddaf0
eviddie-20230801-19940419,20230801,19940419,rare,1shot,0,EviDDIE,PT-18015884,PMATZTZNYRCHOR,BPZSYCZIITTYBL,0,1,0.50133473,0.88678122,0.12466345,0.13068418,fe0b1e9b4160439ea16a4c1977115a5d1be23db6f9bb65e508e413498830e2ee,17c85f44910f43939d8c336b8e11d77e86e561a15bc4c215773e76a4b95d3f27,d5b11d25f3b2415dc959ae176b1986eff29aab886b60ed1119de835aef19a109,ddddaf0
eviddie-20230801-19940419,20230801,19940419,rare,1shot,0,EviDDIE,PT-18021133,AVOLMBLBETYQHX,IRSCQMHQWWYFCW,1,1,0.50134337,0.88632774,0.12521949,0.13128203,fe0b1e9b4160439ea16a4c1977115a5d1be23db6f9bb65e508e413498830e2ee,17c85f44910f43939d8c336b8e11d77e86e561a15bc4c215773e76a4b95d3f27,d5b11d25f3b2415dc959ae176b1986eff29aab886b60ed1119de835aef19a109,ddddaf0
eviddie-20230801-19940419,20230801,19940419,rare,1shot,0,EviDDIE,PT-18021133,AVOLMBLBETYQHX,VWQWXZAWFPZJDA,0,1,0.5013001,0.88863575,0.12239446,0.12824658,fe0b1e9b4160439ea16a4c1977115a5d1be23db6f9bb65e508e413498830e2ee,17c85f44910f43939d8c336b8e11d77e86e561a15bc4c215773e76a4b95d3f27,d5b11d25f3b2415dc959ae176b1986eff29aab886b60ed1119de835aef19a109,ddddaf0
eviddie-20230801-19940419,20230801,19940419,rare,1shot,0,EviDDIE,PT-18223309,LTMHDMANZUZIPE,XUKUURHRXDUEBC,1,1,0.50131118,0.88801146,0.12315857,0.12906468,fe0b1e9b4160439ea16a4c1977115a5d1be23db6f9bb65e508e413498830e2ee,17c85f44910f43939d8c336b8e11d77e86e561a15bc4c215773e76a4b95d3f27,d5b11d25f3b2415dc959ae176b1986eff29aab886b60ed1119de835aef19a109,ddddaf0
eviddie-20230801-19940419,20230801,19940419,rare,1shot,0,EviDDIE,PT-18223309,LTMHDMANZUZIPE,GBABOYUKABKIAF,0,1,0.50128067,0.88962436,0.1211907,0.12694906,fe0b1e9b4160439ea16a4c1977115a5d1be23db6f9bb65e508e413498830e2ee,17c85f44910f43939d8c336b8e11d77e86e561a15bc4c215773e76a4b95d3f27,d5b11d25f3b2415dc959ae176b1986eff29aab886b60ed1119de835aef19a109,ddddaf0
eviddie-20230801-19940419,20230801,19940419,rare,1shot,0,EviDDIE,PT-18257545,MOYKHGMNXAOIAT,XFYDIVBRZNQMJC,1,1,0.50127184,0.89006519,0.12065545,0.12637104,fe0b1e9b4160439ea16a4c1977115a5d1be23db6f9bb65e508e413498830e2ee,17c85f44910f43939d8c336b8e11d77e86e561a15bc4c215773e76a4b95d3f27,d5b11d25f3b2415dc959ae176b1986eff29aab886b60ed1119de835aef19a109,ddddaf0
eviddie-20230801-19940419,20230801,19940419,rare,1shot,0,EviDDIE,PT-18257545,MOYKHGMNXAOIAT,SEEPANYCNGTZFQ,0,1,0.50129437,0.88887429,0.12210604,0.12793094,fe0b1e9b4160439ea16a4c1977115a5d1be23db6f9bb65e508e413498830e2ee,17c85f44910f43939d8c336b8e11d77e86e561a15bc4c215773e76a4b95d3f27,d5b11d25f3b2415dc959ae176b1986eff29aab886b60ed1119de835aef19a109,ddddaf0
eviddie-20230801-19940419,20230801,19940419,rare,1shot,0,EviDDIE,PT-18263331,RJKFOVLPORLFTN,WUTYZMFRCNBCHQ,1,1,0.50123131,0.89220238,0.11806168,0.12358215,fe0b1e9b4160439ea16a4c1977115a5d1be23db6f9bb65e508e413498830e2ee,17c85f44910f43939d8c336b8e11d77e86e561a15bc4c215773e76a4b95d3f27,d5b11d25f3b2415dc959ae176b1986eff29aab886b60ed1119de835aef19a109,ddddaf0
eviddie-20230801-19940419,20230801,19940419,rare,1shot,0,EviDDIE,PT-18263331,RJKFOVLPORLFTN,TTWJBBZEZQICBI,0,1,0.50128788,0.88927597,0.12161395,0.12740676,fe0b1e9b4160439ea16a4c1977115a5d1be23db6f9bb65e508e413498830e2ee,17c85f44910f43939d8c336b8e11d77e86e561a15bc4c215773e76a4b95d3f27,d5b11d25f3b2415dc959ae176b1986eff29aab886b60ed1119de835aef19a109,ddddaf0
eviddie-20230801-19940419,20230801,19940419,rare,1shot,0,EviDDIE,PT-18265723,ANGKOCUUWGHLCE,NDAUXUAQIAJITI,1,1,0.50132638,0.88723421,0.12410805,0.13008793,fe0b1e9b4160439ea16a4c1977115a5d1be23db6f9bb65e508e413498830e2ee,17c85f44910f43939d8c336b8e11d77e86e561a15bc4c215773e76a4b95d3f27,d5b11d25f3b2415dc959ae176b1986eff29aab886b60ed1119de835aef19a109,ddddaf0
eviddie-20230801-19940419,20230801,19940419,rare,1shot,0,EviDDIE,PT-18265723,ANGKOCUUWGHLCE,IPQVTOJGNYVQEO,0,1,0.50128871,0.88922167,0.12168058,0.12747736,fe0b1e9b4160439ea16a4c1977115a5d1be23db6f9bb65e508e413498830e2ee,17c85f44910f43939d8c336b8e11d77e86e561a15bc4c215773e76a4b95d3f27,d5b11d25f3b2415dc959ae176b1986eff29aab886b60ed1119de835aef19a109,ddddaf0
eviddie-20230801-19940419,20230801,19940419,rare,1shot,0,EviDDIE,PT-18274582,DDBREPKUVSBGFI,OIGNJSKKLXVSLS,1,1,0.50125456,0.89104086,0.11946715,0.12509897,fe0b1e9b4160439ea16a4c1977115a5d1be23db6f9bb65e508e413498830e2ee,17c85f44910f43939d8c336b8e11d77e86e561a15bc4c215773e76a4b95d3f27,d5b11d25f3b2415dc959ae176b1986eff29aab886b60ed1119de835aef19a109,ddddaf0
eviddie-20230801-19940419,20230801,19940419,rare,1shot,0,EviDDIE,PT-18274582,DDBREPKUVSBGFI,GAGWJHPBXLXJQN,0,1,0.50128496,0.88943291,0.12142265,0.12720138,fe0b1e9b4160439ea16a4c1977115a5d1be23db6f9bb65e508e413498830e2ee,17c85f44910f43939d8c336b8e11d77e86e561a15bc4c215773e76a4b95d3f27,d5b11d25f3b2415dc959ae176b1986eff29aab886b60ed1119de835aef19a109,ddddaf0
eviddie-20230801-19940419,20230801,19940419,rare,1shot,0,EviDDIE,PT-18331313,CMWTZPSULFXXJA,XMAYWYJOQHXEEK,1,1,0.5012964,0.88879001,0.12220771,0.12804247,fe0b1e9b4160439ea16a4c1977115a5d1be23db6f9bb65e508e413498830e2ee,17c85f44910f43939d8c336b8e11d77e86e561a15bc4c215773e76a4b95d3f27,d5b11d25f3b2415dc959ae176b1986eff29aab886b60ed1119de835aef19a109,ddddaf0
eviddie-20230801-19940419,20230801,19940419,rare,1shot,0,EviDDIE,PT-18331313,CMWTZPSULFXXJA,MCJGNVYPOGVAJF,0,1,0.50129634,0.88876927,0.12223427,0.12806858,fe0b1e9b4160439ea16a4c1977115a5d1be23db6f9bb65e508e413498830e2ee,17c85f44910f43939d8c336b8e11d77e86e561a15bc4c215773e76a4b95d3f27,d5b11d25f3b2415dc959ae176b1986eff29aab886b60ed1119de835aef19a109,ddddaf0
eviddie-20230801-19940419,20230801,19940419,rare,1shot,0,EviDDIE,PT-18343320,CDAISMWEOUEBRE,HEFNNWSXXWATRW,1,1,0.50134736,0.88610506,0.1254932,0.13157542,fe0b1e9b4160439ea16a4c1977115a5d1be23db6f9bb65e508e413498830e2ee,17c85f44910f43939d8c336b8e11d77e86e561a15bc4c215773e76a4b95d3f27,d5b11d25f3b2415dc959ae176b1986eff29aab886b60ed1119de835aef19a109,ddddaf0
eviddie-20230801-19940419,20230801,19940419,rare,1shot,0,EviDDIE,PT-18343320,CDAISMWEOUEBRE,HUNXMJYCHXQEGX,0,1,0.50132006,0.88751274,0.12376966,0.12971918,fe0b1e9b4160439ea16a4c1977115a5d1be23db6f9bb65e508e413498830e2ee,17c85f44910f43939d8c336b8e11d77e86e561a15bc4c215773e76a4b95d3f27,d5b11d25f3b2415dc959ae176b1986eff29aab886b60ed1119de835aef19a109,ddddaf0
eviddie-20230801-19940419,20230801,19940419,rare,1shot,0,EviDDIE,PT-18358513,KLDXJTOLSGUMSJ,OEYIOHPDSNJKLS,1,1,0.5013029,0.88847524,0.12259101,0.12845676,fe0b1e9b4160439ea16a4c1977115a5d1be23db6f9bb65e508e413498830e2ee,17c85f44910f43939d8c336b8e11d77e86e561a15bc4c215773e76a4b95d3f27,d5b11d25f3b2415dc959ae176b1986eff29aab886b60ed1119de835aef19a109,ddddaf0
eviddie-20230801-19940419,20230801,19940419,rare,1shot,0,EviDDIE,PT-18358513,NDAUXUAQIAJITI,YWXYYJSYQOXTPL,1,1,0.50134319,0.88634759,0.12519492,0.13125637,fe0b1e9b4160439ea16a4c1977115a5d1be23db6f9bb65e508e413498830e2ee,17c85f44910f43939d8c336b8e11d77e86e561a15bc4c215773e76a4b95d3f27,d5b11d25f3b2415dc959ae176b1986eff29aab886b60ed1119de835aef19a109,ddddaf0
eviddie-20230801-19940419,20230801,19940419,rare,1shot,0,EviDDIE,PT-18358513,KLDXJTOLSGUMSJ,IEDVJHCEMCRBQM,0,1,0.50128609,0.889319,0.12156372,0.12734821,fe0b1e9b4160439ea16a4c1977115a5d1be23db6f9bb65e508e413498830e2ee,17c85f44910f43939d8c336b8e11d77e86e561a15bc4c215773e76a4b95d3f27,d5b11d25f3b2415dc959ae176b1986eff29aab886b60ed1119de835aef19a109,ddddaf0
eviddie-20230801-19940419,20230801,19940419,rare,1shot,0,EviDDIE,PT-18358513,NDAUXUAQIAJITI,LTMHDMANZUZIPE,0,1,0.50133568,0.88672835,0.12472855,0.13075373,fe0b1e9b4160439ea16a4c1977115a5d1be23db6f9bb65e508e413498830e2ee,17c85f44910f43939d8c336b8e11d77e86e561a15bc4c215773e76a4b95d3f27,d5b11d25f3b2415dc959ae176b1986eff29aab886b60ed1119de835aef19a109,ddddaf0
eviddie-20230801-19940419,20230801,19940419,rare,1shot,0,EviDDIE,PT-18475368,BSYNRYMUTXBXSQ,IUBSYMUCCVWXPE,1,1,0.50131261,0.88796544,0.12321353,0.12912637,fe0b1e9b4160439ea16a4c1977115a5d1be23db6f9bb65e508e413498830e2ee,17c85f44910f43939d8c336b8e11d77e86e561a15bc4c215773e76a4b95d3f27,d5b11d25f3b2415dc959ae176b1986eff29aab886b60ed1119de835aef19a109,ddddaf0
eviddie-20230801-19940419,20230801,19940419,rare,1shot,0,EviDDIE,PT-18475368,BSYNRYMUTXBXSQ,IRSCQMHQWWYFCW,0,1,0.50130826,0.88817364,0.12295987,0.12885197,fe0b1e9b4160439ea16a4c1977115a5d1be23db6f9bb65e508e413498830e2ee,17c85f44910f43939d8c336b8e11d77e86e561a15bc4c215773e76a4b95d3f27,d5b11d25f3b2415dc959ae176b1986eff29aab886b60ed1119de835aef19a109,ddddaf0
eviddie-20230801-19940419,20230801,19940419,rare,1shot,0,EviDDIE,PT-18498370,HSUGRBWQSSZJOP,NGBFQHCMQULJNZ,1,1,0.50131702,0.88772905,0.12350281,0.12943694,fe0b1e9b4160439ea16a4c1977115a5d1be23db6f9bb65e508e413498830e2ee,17c85f44910f43939d8c336b8e11d77e86e561a15bc4c215773e76a4b95d3f27,d5b11d25f3b2415dc959ae176b1986eff29aab886b60ed1119de835aef19a109,ddddaf0
eviddie-20230801-19940419,20230801,19940419,rare,1shot,0,EviDDIE,PT-18498370,HSUGRBWQSSZJOP,PHVGLTMQBUFIQQ,0,1,0.50129944,0.88861978,0.12241604,0.12826531,fe0b1e9b4160439ea16a4c1977115a5d1be23db6f9bb65e508e413498830e2ee,17c85f44910f43939d8c336b8e11d77e86e561a15bc4c215773e76a4b95d3f27,d5b11d25f3b2415dc959ae176b1986eff29aab886b60ed1119de835aef19a109,ddddaf0
eviddie-20230801-19940419,20230801,19940419,rare,1shot,0,EviDDIE,PT-18498415,QWCRAEMEVRGPNT,SHGAZHPCJJPHSC,1,1,0.50120306,0.8937884,0.11614107,0.121525,fe0b1e9b4160439ea16a4c1977115a5d1be23db6f9bb65e508e413498830e2ee,17c85f44910f43939d8c336b8e11d77e86e561a15bc4c215773e76a4b95d3f27,d5b11d25f3b2415dc959ae176b1986eff29aab886b60ed1119de835aef19a109,ddddaf0
eviddie-20230801-19940419,20230801,19940419,rare,1shot,0,EviDDIE,PT-18498415,QWCRAEMEVRGPNT,METKIMKYRPQLGS,0,1,0.50129437,0.88893759,0.12202626,0.12785049,fe0b1e9b4160439ea16a4c1977115a5d1be23db6f9bb65e508e413498830e2ee,17c85f44910f43939d8c336b8e11d77e86e561a15bc4c215773e76a4b95d3f27,d5b11d25f3b2415dc959ae176b1986eff29aab886b60ed1119de835aef19a109,ddddaf0
eviddie-20230801-19940419,20230801,19940419,rare,1shot,0,EviDDIE,PT-18517210,JIVPVXMEBJLZRO,SNPPWIUOZRMYNY,1,1,0.50132924,0.88708544,0.12429034,0.13028409,fe0b1e9b4160439ea16a4c1977115a5d1be23db6f9bb65e508e413498830e2ee,17c85f44910f43939d8c336b8e11d77e86e561a15bc4c215773e76a4b95d3f27,d5b11d25f3b2415dc959ae176b1986eff29aab886b60ed1119de835aef19a109,ddddaf0
eviddie-20230801-19940419,20230801,19940419,rare,1shot,0,EviDDIE,PT-18517210,JIVPVXMEBJLZRO,QYIYFLOTGYLRGG,0,1,0.5012874,0.88930142,0.1215828,0.12737347,fe0b1e9b4160439ea16a4c1977115a5d1be23db6f9bb65e508e413498830e2ee,17c85f44910f43939d8c336b8e11d77e86e561a15bc4c215773e76a4b95d3f27,d5b11d25f3b2415dc959ae176b1986eff29aab886b60ed1119de835aef19a109,ddddaf0
eviddie-20230801-19940419,20230801,19940419,rare,1shot,0,EviDDIE,PT-18663418,MYSWGUAQZAJSOK,PDMMFKSKQVNJMI,1,1,0.50124526,0.89153844,0.11886304,0.12445018,fe0b1e9b4160439ea16a4c1977115a5d1be23db6f9bb65e508e413498830e2ee,17c85f44910f43939d8c336b8e11d77e86e561a15bc4c215773e76a4b95d3f27,d5b11d25f3b2415dc959ae176b1986eff29aab886b60ed1119de835aef19a109,ddddaf0
eviddie-20230801-19940419,20230801,19940419,rare,1shot,0,EviDDIE,PT-18663418,MYSWGUAQZAJSOK,NIJJYAXOARWZEE,0,1,0.50126731,0.89042801,0.1202091,0.12590194,fe0b1e9b4160439ea16a4c1977115a5d1be23db6f9bb65e508e413498830e2ee,17c85f44910f43939d8c336b8e11d77e86e561a15bc4c215773e76a4b95d3f27,d5b11d25f3b2415dc959ae176b1986eff29aab886b60ed1119de835aef19a109,ddddaf0
eviddie-20230801-19940419,20230801,19940419,rare,1shot,0,EviDDIE,PT-18665049,WIIZWVCIJKGZOK,WMWTYOKRWGGJOA,1,1,0.50134385,0.88632417,0.12522283,0.13128778,fe0b1e9b4160439ea16a4c1977115a5d1be23db6f9bb65e508e413498830e2ee,17c85f44910f43939d8c336b8e11d77e86e561a15bc4c215773e76a4b95d3f27,d5b11d25f3b2415dc959ae176b1986eff29aab886b60ed1119de835aef19a109,ddddaf0
eviddie-20230801-19940419,20230801,19940419,rare,1shot,0,EviDDIE,PT-18665049,WIIZWVCIJKGZOK,PHVGLTMQBUFIQQ,0,1,0.50133145,0.88692439,0.12448945,0.13049424,fe0b1e9b4160439ea16a4c1977115a5d1be23db6f9bb65e508e413498830e2ee,17c85f44910f43939d8c336b8e11d77e86e561a15bc4c215773e76a4b95d3f27,d5b11d25f3b2415dc959ae176b1986eff29aab886b60ed1119de835aef19a109,ddddaf0
eviddie-20230801-19940419,20230801,19940419,rare,1shot,0,EviDDIE,PT-18672493,IUBSYMUCCVWXPE,USSIQXCVUWKGNF,1,1,0.50136697,0.88505322,0.12678647,0.13296461,fe0b1e9b4160439ea16a4c1977115a5d1be23db6f9bb65e508e413498830e2ee,17c85f44910f43939d8c336b8e11d77e86e561a15bc4c215773e76a4b95d3f27,d5b11d25f3b2415dc959ae176b1986eff29aab886b60ed1119de835aef19a109,ddddaf0
eviddie-20230801-19940419,20230801,19940419,rare,1shot,0,EviDDIE,PT-18672493,IUBSYMUCCVWXPE,HUNXMJYCHXQEGX,0,1,0.50133693,0.88664669,0.12482916,0.13086072,fe0b1e9b4160439ea16a4c1977115a5d1be23db6f9bb65e508e413498830e2ee,17c85f44910f43939d8c336b8e11d77e86e561a15bc4c215773e76a4b95d3f27,d5b11d25f3b2415dc959ae176b1986eff29aab886b60ed1119de835aef19a109,ddddaf0
eviddie-20230801-19940419,20230801,19940419,rare,1shot,0,EviDDIE,PT-18690392,CGIGDMFJXJATDK,RYMZZMVNJRMUDD,1,1,0.50130314,0.8884849,0.12257809,0.12844485,fe0b1e9b4160439ea16a4c1977115a5d1be23db6f9bb65e508e413498830e2ee,17c85f44910f43939d8c336b8e11d77e86e561a15bc4c215773e76a4b95d3f27,d5b11d25f3b2415dc959ae176b1986eff29aab886b60ed1119de835aef19a109,ddddaf0
eviddie-20230801-19940419,20230801,19940419,rare,1shot,0,EviDDIE,PT-18690392,CGIGDMFJXJATDK,QAOWNCQODCNURD,0,1,0.50133222,0.88701367,0.12437452,0.13038222,fe0b1e9b4160439ea16a4c1977115a5d1be23db6f9bb65e508e413498830e2ee,17c85f44910f43939d8c336b8e11d77e86e561a15bc4c215773e76a4b95d3f27,d5b11d25f3b2415dc959ae176b1986eff29aab886b60ed1119de835aef19a109,ddddaf0
eviddie-20230801-19940419,20230801,19940419,rare,1shot,0,EviDDIE,PT-18690915,FBOZXECLQNJBKD,RFHAOTPXVQNOHP,1,1,0.50132668,0.88718468,0.12417047,0.13015178,fe0b1e9b4160439ea16a4c1977115a5d1be23db6f9bb65e508e413498830e2ee,17c85f44910f43939d8c336b8e11d77e86e561a15bc4c215773e76a4b95d3f27,d5b11d25f3b2415dc959ae176b1986eff29aab886b60ed1119de835aef19a109,ddddaf0
eviddie-20230801-19940419,20230801,19940419,rare,1shot,0,EviDDIE,PT-18690915,FBOZXECLQNJBKD,TZFNLOMSOLWIDK,0,1,0.50132585,0.88727498,0.12405764,0.13003488,fe0b1e9b4160439ea16a4c1977115a5d1be23db6f9bb65e508e413498830e2ee,17c85f44910f43939d8c336b8e11d77e86e561a15bc4c215773e76a4b95d3f27,d5b11d25f3b2415dc959ae176b1986eff29aab886b60ed1119de835aef19a109,ddddaf0
eviddie-20230801-19940419,20230801,19940419,rare,1shot,0,EviDDIE,PT-18712929,AQCHWTWZEMGIFD,QYSXJUFSXHHAJI,1,1,0.50126457,0.89051872,0.12010098,0.12578109,fe0b1e9b4160439ea16a4c1977115a5d1be23db6f9bb65e508e413498830e2ee,17c85f44910f43939d8c336b8e11d77e86e561a15bc4c215773e76a4b95d3f27,d5b11d25f3b2415dc959ae176b1986eff29aab886b60ed1119de835aef19a109,ddddaf0
eviddie-20230801-19940419,20230801,19940419,rare,1shot,0,EviDDIE,PT-18712929,AQCHWTWZEMGIFD,UZHSEJADLWPNLE,0,1,0.50127262,0.89005667,0.12066442,0.12638359,fe0b1e9b4160439ea16a4c1977115a5d1be23db6f9bb65e508e413498830e2ee,17c85f44910f43939d8c336b8e11d77e86e561a15bc4c215773e76a4b95d3f27,d5b11d25f3b2415dc959ae176b1986eff29aab886b60ed1119de835aef19a109,ddddaf0
eviddie-20230801-19940419,20230801,19940419,rare,1shot,0,EviDDIE,PT-18813849,IPVQLZZIHOAWMC,ZBMZVLHSJCTVON,1,1,0.50134569,0.88622004,0.12535101,0.13142487,fe0b1e9b4160439ea16a4c1977115a5d1be23db6f9bb65e508e413498830e2ee,17c85f44910f43939d8c336b8e11d77e86e561a15bc4c215773e76a4b95d3f27,d5b11d25f3b2415dc959ae176b1986eff29aab886b60ed1119de835aef19a109,ddddaf0
eviddie-20230801-19940419,20230801,19940419,rare,1shot,0,EviDDIE,PT-18813849,IPVQLZZIHOAWMC,XKLMZUWKNUAPSZ,0,1,0.50131935,0.88758832,0.12367567,0.12962133,fe0b1e9b4160439ea16a4c1977115a5d1be23db6f9bb65e508e413498830e2ee,17c85f44910f43939d8c336b8e11d77e86e561a15bc4c215773e76a4b95d3f27,d5b11d25f3b2415dc959ae176b1986eff29aab886b60ed1119de835aef19a109,ddddaf0
eviddie-20230801-19940419,20230801,19940419,rare,1shot,0,EviDDIE,PT-18886153,AUYYCJSJGJYCDS,RGHNJXZEOKUKBD,1,1,0.50134224,0.88646501,0.12504782,0.13110431,fe0b1e9b4160439ea16a4c1977115a5d1be23db6f9bb65e508e413498830e2ee,17c85f44910f43939d8c336b8e11d77e86e561a15bc4c215773e76a4b95d3f27,d5b11d25f3b2415dc959ae176b1986eff29aab886b60ed1119de835aef19a109,ddddaf0
eviddie-20230801-19940419,20230801,19940419,rare,1shot,0,EviDDIE,PT-18886153,URKOMYMAXPYINW,ZZUFCTLCJUWOSV,1,1,0.501293,0.88899606,0.12195544,0.12777323,fe0b1e9b4160439ea16a4c1977115a5d1be23db6f9bb65e508e413498830e2ee,17c85f44910f43939d8c336b8e11d77e86e561a15bc4c215773e76a4b95d3f27,d5b11d25f3b2415dc959ae176b1986eff29aab886b60ed1119de835aef19a109,ddddaf0
eviddie-20230801-19940419,20230801,19940419,rare,1shot,0,EviDDIE,PT-18886153,XUFQPHANEAPEMJ,ZQDWXGKKHFNSQK,1,1,0.50134045,0.88645345,0.12506655,0.1311152,fe0b1e9b4160439ea16a4c1977115a5d1be23db6f9bb65e508e413498830e2ee,17c85f44910f43939d8c336b8e11d77e86e561a15bc4c215773e76a4b95d3f27,d5b11d25f3b2415dc959ae176b1986eff29aab886b60ed1119de835aef19a109,ddddaf0
eviddie-20230801-19940419,20230801,19940419,rare,1shot,0,EviDDIE,PT-18886153,AUYYCJSJGJYCDS,GRYLNZFGIOXLOG,0,1,0.50114632,0.8969093,0.11238394,0.11749604,fe0b1e9b4160439ea16a4c1977115a5d1be23db6f9bb65e508e413498830e2ee,17c85f44910f43939d8c336b8e11d77e86e561a15bc4c215773e76a4b95d3f27,d5b11d25f3b2415dc959ae176b1986eff29aab886b60ed1119de835aef19a109,ddddaf0
eviddie-20230801-19940419,20230801,19940419,rare,1shot,0,EviDDIE,PT-18886153,URKOMYMAXPYINW,JZQKKSLKJUAGIC,0,1,0.50130928,0.88811833,0.12302761,0.12892446,fe0b1e9b4160439ea16a4c1977115a5d1be23db6f9bb65e508e413498830e2ee,17c85f44910f43939d8c336b8e11d77e86e561a15bc4c215773e76a4b95d3f27,d5b11d25f3b2415dc959ae176b1986eff29aab886b60ed1119de835aef19a109,ddddaf0
eviddie-20230801-19940419,20230801,19940419,rare,1shot,0,EviDDIE,PT-18886153,XUFQPHANEAPEMJ,TTWJBBZEZQICBI,0,1,0.50134891,0.8860563,0.12555173,0.13164109,fe0b1e9b4160439ea16a4c1977115a5d1be23db6f9bb65e508e413498830e2ee,17c85f44910f43939d8c336b8e11d77e86e561a15bc4c215773e76a4b95d3f27,d5b11d25f3b2415dc959ae176b1986eff29aab886b60ed1119de835aef19a109,ddddaf0
eviddie-20230801-19940419,20230801,19940419,rare,1shot,0,EviDDIE,PT-18927750,BMCQMVFGOVHVNG,OEYIOHPDSNJKLS,1,1,0.50130981,0.88813245,0.12300845,0.12890781,fe0b1e9b4160439ea16a4c1977115a5d1be23db6f9bb65e508e413498830e2ee,17c85f44910f43939d8c336b8e11d77e86e561a15bc4c215773e76a4b95d3f27,d5b11d25f3b2415dc959ae176b1986eff29aab886b60ed1119de835aef19a109,ddddaf0
eviddie-20230801-19940419,20230801,19940419,rare,1shot,0,EviDDIE,PT-18927750,BMCQMVFGOVHVNG,QYSPLQLAKJAUJT,0,1,0.50126678,0.89037484,0.12027676,0.12596798,fe0b1e9b4160439ea16a4c1977115a5d1be23db6f9bb65e508e413498830e2ee,17c85f44910f43939d8c336b8e11d77e86e561a15bc4c215773e76a4b95d3f27,d5b11d25f3b2415dc959ae176b1986eff29aab886b60ed1119de835aef19a109,ddddaf0
eviddie-20230801-19940419,20230801,19940419,rare,1shot,0,EviDDIE,PT-19056156,CTRLABGOLIVAIY,GFNANZIMVAIWHM,1,1,0.50124764,0.89142537,0.11899971,0.12459806,fe0b1e9b4160439ea16a4c1977115a5d1be23db6f9bb65e508e413498830e2ee,17c85f44910f43939d8c336b8e11d77e86e561a15bc4c215773e76a4b95d3f27,d5b11d25f3b2415dc959ae176b1986eff29aab886b60ed1119de835aef19a109,ddddaf0
eviddie-20230801-19940419,20230801,19940419,rare,1shot,0,EviDDIE,PT-19056156,CTRLABGOLIVAIY,QHMBSVQNZZTUGM,0,1,0.50125825,0.89085239,0.11969567,0.1253452,fe0b1e9b4160439ea16a4c1977115a5d1be23db6f9bb65e508e413498830e2ee,17c85f44910f43939d8c336b8e11d77e86e561a15bc4c215773e76a4b95d3f27,d5b11d25f3b2415dc959ae176b1986eff29aab886b60ed1119de835aef19a109,ddddaf0
eviddie-20230801-19940419,20230801,19940419,rare,1shot,0,EviDDIE,PT-19236117,LERNTVKEWCAPOY,USSIQXCVUWKGNF,1,1,0.50133115,0.88695943,0.12444569,0.13044882,fe0b1e9b4160439ea16a4c1977115a5d1be23db6f9bb65e508e413498830e2ee,17c85f44910f43939d8c336b8e11d77e86e561a15bc4c215773e76a4b95d3f27,d5b11d25f3b2415dc959ae176b1986eff29aab886b60ed1119de835aef19a109,ddddaf0
eviddie-20230801-19940419,20230801,19940419,rare,1shot,0,EviDDIE,PT-19236117,ODQWQRRAPPTVAG,UZHSEJADLWPNLE,1,1,0.50126404,0.89051569,0.12010582,0.12578373,fe0b1e9b4160439ea16a4c1977115a5d1be23db6f9bb65e508e413498830e2ee,17c85f44910f43939d8c336b8e11d77e86e561a15bc4c215773e76a4b95d3f27,d5b11d25f3b2415dc959ae176b1986eff29aab886b60ed1119de835aef19a109,ddddaf0
eviddie-20230801-19940419,20230801,19940419,rare,1shot,0,EviDDIE,PT-19236117,LERNTVKEWCAPOY,OFVLGDICTFRJMM,0,1,0.50129473,0.88891113,0.12205869,0.12788498,fe0b1e9b4160439ea16a4c1977115a5d1be23db6f9bb65e508e413498830e2ee,17c85f44910f43939d8c336b8e11d77e86e561a15bc4c215773e76a4b95d3f27,d5b11d25f3b2415dc959ae176b1986eff29aab886b60ed1119de835aef19a109,ddddaf0
eviddie-20230801-19940419,20230801,19940419,rare,1shot,0,EviDDIE,PT-19236117,ODQWQRRAPPTVAG,DJBNUMBKLMJRSA,0,1,0.50129604,0.88885158,0.1221311,0.12796342,fe0b1e9b4160439ea16a4c1977115a5d1be23db6f9bb65e508e413498830e2ee,17c85f44910f43939d8c336b8e11d77e86e561a15bc4c215773e76a4b95d3f27,d5b11d25f3b2415dc959ae176b1986eff29aab886b60ed1119de835aef19a109,ddddaf0
eviddie-20230801-19940419,20230801,19940419,rare,1shot,0,EviDDIE,PT-20711130,RDOIQAHITMMDAJ,WMWTYOKRWGGJOA,1,1,0.50130957,0.88814372,0.12299481,0.12889291,fe0b1e9b4160439ea16a4c1977115a5d1be23db6f9bb65e508e413498830e2ee,17c85f44910f43939d8c336b8e11d77e86e561a15bc4c215773e76a4b95d3f27,d5b11d25f3b2415dc959ae176b1986eff29aab886b60ed1119de835aef19a109,ddddaf0
eviddie-20230801-19940419,20230801,19940419,rare,1shot,0,EviDDIE,PT-20711130,RDOIQAHITMMDAJ,QWAXKHKRTORLEM,0,1,0.50131112,0.88804388,0.12311769,0.12902336,fe0b1e9b4160439ea16a4c1977115a5d1be23db6f9bb65e508e413498830e2ee,17c85f44910f43939d8c336b8e11d77e86e561a15bc4c215773e76a4b95d3f27,d5b11d25f3b2415dc959ae176b1986eff29aab886b60ed1119de835aef19a109,ddddaf0
eviddie-20230801-19940419,20230801,19940419,rare,1shot,0,EviDDIE,PT-20937945,ITRJWOMZKQRYTA,KWGRBVOPPLSCSI,1,1,0.50132489,0.88727981,0.12405389,0.13002662,fe0b1e9b4160439ea16a4c1977115a5d1be23db6f9bb65e508e413498830e2ee,17c85f44910f43939d8c336b8e11d77e86e561a15bc4c215773e76a4b95d3f27,d5b11d25f3b2415dc959ae176b1986eff29aab886b60ed1119de835aef19a109,ddddaf0
eviddie-20230801-19940419,20230801,19940419,rare,1shot,0,EviDDIE,PT-20937945,ITRJWOMZKQRYTA,MGNNYOODZCAHBA,0,1,0.50128281,0.88954163,0.1212903,0.1270586,fe0b1e9b4160439ea16a4c1977115a5d1be23db6f9bb65e508e413498830e2ee,17c85f44910f43939d8c336b8e11d77e86e561a15bc4c215773e76a4b95d3f27,d5b11d25f3b2415dc959ae176b1986eff29aab886b60ed1119de835aef19a109,ddddaf0
eviddie-20230801-19940419,20230801,19940419,rare,1shot,0,EviDDIE,PT-7302622,HBOMLICNUCNMMY,PYGWGZALEOIKDF,1,1,0.50131035,0.88804311,0.12312039,0.12902248,fe0b1e9b4160439ea16a4c1977115a5d1be23db6f9bb65e508e413498830e2ee,17c85f44910f43939d8c336b8e11d77e86e561a15bc4c215773e76a4b95d3f27,d5b11d25f3b2415dc959ae176b1986eff29aab886b60ed1119de835aef19a109,ddddaf0
eviddie-20230801-19940419,20230801,19940419,rare,1shot,0,EviDDIE,PT-7302622,HBOMLICNUCNMMY,OOGJQPCLVADCPB,0,1,0.50135779,0.88553804,0.12619033,0.13232367,fe0b1e9b4160439ea16a4c1977115a5d1be23db6f9bb65e508e413498830e2ee,17c85f44910f43939d8c336b8e11d77e86e561a15bc4c215773e76a4b95d3f27,d5b11d25f3b2415dc959ae176b1986eff29aab886b60ed1119de835aef19a109,ddddaf0
eviddie-20240115-19940419,20240115,19940419,rare,1shot,0,EviDDIE,PT-11090837,BOVGTQGAOIONJV,OIGNJSKKLXVSLS,1,0,0.49912739,0.98964232,0.01222945,0.00870267,d7bc70db46c9b861d2aaa0fe4040a7b19be4faa14939df384d353558c5f7720d,17c85f44910f43939d8c336b8e11d77e86e561a15bc4c215773e76a4b95d3f27,d5b11d25f3b2415dc959ae176b1986eff29aab886b60ed1119de835aef19a109,ddddaf0
eviddie-20240115-19940419,20240115,19940419,rare,1shot,0,EviDDIE,PT-11090837,BVKZGUZCCUSVTD,CDAISMWEOUEBRE,1,0,0.49909678,0.98913074,0.01281514,0.00916242,d7bc70db46c9b861d2aaa0fe4040a7b19be4faa14939df384d353558c5f7720d,17c85f44910f43939d8c336b8e11d77e86e561a15bc4c215773e76a4b95d3f27,d5b11d25f3b2415dc959ae176b1986eff29aab886b60ed1119de835aef19a109,ddddaf0
eviddie-20240115-19940419,20240115,19940419,rare,1shot,0,EviDDIE,PT-11090837,BOVGTQGAOIONJV,LOUPRKONTZGTKE,0,0,0.49913543,0.98977357,0.01207926,0.00858511,d7bc70db46c9b861d2aaa0fe4040a7b19be4faa14939df384d353558c5f7720d,17c85f44910f43939d8c336b8e11d77e86e561a15bc4c215773e76a4b95d3f27,d5b11d25f3b2415dc959ae176b1986eff29aab886b60ed1119de835aef19a109,ddddaf0
eviddie-20240115-19940419,20240115,19940419,rare,1shot,0,EviDDIE,PT-11090837,BVKZGUZCCUSVTD,KFQYTPMOWPVWEJ,0,0,0.49911875,0.98949909,0.01239354,0.00883114,d7bc70db46c9b861d2aaa0fe4040a7b19be4faa14939df384d353558c5f7720d,17c85f44910f43939d8c336b8e11d77e86e561a15bc4c215773e76a4b95d3f27,d5b11d25f3b2415dc959ae176b1986eff29aab886b60ed1119de835aef19a109,ddddaf0
eviddie-20240115-19940419,20240115,19940419,rare,1shot,0,EviDDIE,PT-11519456,BMCQMVFGOVHVNG,MFYSYFVPBJMHGN,1,0,0.4991231,0.98957062,0.01231144,0.00876696,d7bc70db46c9b861d2aaa0fe4040a7b19be4faa14939df384d353558c5f7720d,17c85f44910f43939d8c336b8e11d77e86e561a15bc4c215773e76a4b95d3f27,d5b11d25f3b2415dc959ae176b1986eff29aab886b60ed1119de835aef19a109,ddddaf0
eviddie-20240115-19940419,20240115,19940419,rare,1shot,0,EviDDIE,PT-11519456,BMCQMVFGOVHVNG,QYSPLQLAKJAUJT,0,0,0.4991385,0.98982424,0.01202101,0.00853963,d7bc70db46c9b861d2aaa0fe4040a7b19be4faa14939df384d353558c5f7720d,17c85f44910f43939d8c336b8e11d77e86e561a15bc4c215773e76a4b95d3f27,d5b11d25f3b2415dc959ae176b1986eff29aab886b60ed1119de835aef19a109,ddddaf0
eviddie-20240115-19940419,20240115,19940419,rare,1shot,0,EviDDIE,PT-12375546,OFHCOWSQAMBJIW,VWQWXZAWFPZJDA,1,0,0.49911985,0.98951715,0.01237268,0.00881494,d7bc70db46c9b861d2aaa0fe4040a7b19be4faa14939df384d353558c5f7720d,17c85f44910f43939d8c336b8e11d77e86e561a15bc4c215773e76a4b95d3f27,d5b11d25f3b2415dc959ae176b1986eff29aab886b60ed1119de835aef19a109,ddddaf0
eviddie-20240115-19940419,20240115,19940419,rare,1shot,0,EviDDIE,PT-12375546,OFHCOWSQAMBJIW,BMCQMVFGOVHVNG,0,0,0.49911782,0.98948306,0.01241176,0.00884558,d7bc70db46c9b861d2aaa0fe4040a7b19be4faa14939df384d353558c5f7720d,17c85f44910f43939d8c336b8e11d77e86e561a15bc4c215773e76a4b95d3f27,d5b11d25f3b2415dc959ae176b1986eff29aab886b60ed1119de835aef19a109,ddddaf0
eviddie-20240115-19940419,20240115,19940419,rare,1shot,0,EviDDIE,PT-12913352,IIDJRNMFWXDHID,SUBDBMMJDZJVOS,1,0,0.49914822,0.98998427,0.01183771,0.00839624,d7bc70db46c9b861d2aaa0fe4040a7b19be4faa14939df384d353558c5f7720d,17c85f44910f43939d8c336b8e11d77e86e561a15bc4c215773e76a4b95d3f27,d5b11d25f3b2415dc959ae176b1986eff29aab886b60ed1119de835aef19a109,ddddaf0
eviddie-20240115-19940419,20240115,19940419,rare,1shot,0,EviDDIE,PT-12913352,IIDJRNMFWXDHID,PGBHMTALBVVCIT,0,0,0.4991188,0.98949963,0.01239286,0.00883062,d7bc70db46c9b861d2aaa0fe4040a7b19be4faa14939df384d353558c5f7720d,17c85f44910f43939d8c336b8e11d77e86e561a15bc4c215773e76a4b95d3f27,d5b11d25f3b2415dc959ae176b1986eff29aab886b60ed1119de835aef19a109,ddddaf0
eviddie-20240115-19940419,20240115,19940419,rare,1shot,0,EviDDIE,PT-13906408,KJHKTHWMRKYKJE,VGKDLMBJGBXTGI,1,0,0.49913746,0.9898079,0.01203974,0.00855418,d7bc70db46c9b861d2aaa0fe4040a7b19be4faa14939df384d353558c5f7720d,17c85f44910f43939d8c336b8e11d77e86e561a15bc4c215773e76a4b95d3f27,d5b11d25f3b2415dc959ae176b1986eff29aab886b60ed1119de835aef19a109,ddddaf0
eviddie-20240115-19940419,20240115,19940419,rare,1shot,0,EviDDIE,PT-13906408,NCDNCNXCDXHOMX,SGOIRFVFHAKUTI,1,0,0.49914193,0.98988169,0.01195524,0.00848809,d7bc70db46c9b861d2aaa0fe4040a7b19be4faa14939df384d353558c5f7720d,17c85f44910f43939d8c336b8e11d77e86e561a15bc4c215773e76a4b95d3f27,d5b11d25f3b2415dc959ae176b1986eff29aab886b60ed1119de835aef19a109,ddddaf0
eviddie-20240115-19940419,20240115,19940419,rare,1shot,0,EviDDIE,PT-13906408,KJHKTHWMRKYKJE,OGHNVEJMJSYVRP,0,0,0.49914166,0.98987597,0.01196185,0.0084933,d7bc70db46c9b861d2aaa0fe4040a7b19be4faa14939df384d353558c5f7720d,17c85f44910f43939d8c336b8e11d77e86e561a15bc4c215773e76a4b95d3f27,d5b11d25f3b2415dc959ae176b1986eff29aab886b60ed1119de835aef19a109,ddddaf0
eviddie-20240115-19940419,20240115,19940419,rare,1shot,0,EviDDIE,PT-13906408,NCDNCNXCDXHOMX,MNDBXUUTURYVHR,0,0,0.49913582,0.98978126,0.01207029,0.00857805,d7bc70db46c9b861d2aaa0fe4040a7b19be4faa14939df384d353558c5f7720d,17c85f44910f43939d8c336b8e11d77e86e561a15bc4c215773e76a4b95d3f27,d5b11d25f3b2415dc959ae176b1986eff29aab886b60ed1119de835aef19a109,ddddaf0
eviddie-20240115-19940419,20240115,19940419,rare,1shot,0,EviDDIE,PT-14501669,IQPSEEYGBUAQFF,JIVPVXMEBJLZRO,1,0,0.4991537,0.99007189,0.01173733,0.00831803,d7bc70db46c9b861d2aaa0fe4040a7b19be4faa14939df384d353558c5f7720d,17c85f44910f43939d8c336b8e11d77e86e561a15bc4c215773e76a4b95d3f27,d5b11d25f3b2415dc959ae176b1986eff29aab886b60ed1119de835aef19a109,ddddaf0
eviddie-20240115-19940419,20240115,19940419,rare,1shot,0,EviDDIE,PT-14501669,IQPSEEYGBUAQFF,SEEPANYCNGTZFQ,0,0,0.49915877,0.99015534,0.01164158,0.00824336,d7bc70db46c9b861d2aaa0fe4040a7b19be4faa14939df384d353558c5f7720d,17c85f44910f43939d8c336b8e11d77e86e561a15bc4c215773e76a4b95d3f27,d5b11d25f3b2415dc959ae176b1986eff29aab886b60ed1119de835aef19a109,ddddaf0
eviddie-20240115-19940419,20240115,19940419,rare,1shot,0,EviDDIE,PT-14550837,MBUVEWMHONZEQD,QWCRAEMEVRGPNT,1,0,0.49913996,0.98984843,0.01199339,0.00851792,d7bc70db46c9b861d2aaa0fe4040a7b19be4faa14939df384d353558c5f7720d,17c85f44910f43939d8c336b8e11d77e86e561a15bc4c215773e76a4b95d3f27,d5b11d25f3b2415dc959ae176b1986eff29aab886b60ed1119de835aef19a109,ddddaf0
eviddie-20240115-19940419,20240115,19940419,rare,1shot,0,EviDDIE,PT-14550837,MBUVEWMHONZEQD,SGTNSNPWRIOYBX,0,0,0.49914095,0.98986489,0.01197448,0.0085032,d7bc70db46c9b861d2aaa0fe4040a7b19be4faa14939df384d353558c5f7720d,17c85f44910f43939d8c336b8e11d77e86e561a15bc4c215773e76a4b95d3f27,d5b11d25f3b2415dc959ae176b1986eff29aab886b60ed1119de835aef19a109,ddddaf0
eviddie-20240115-19940419,20240115,19940419,rare,1shot,0,EviDDIE,PT-15104610,BPZSYCZIITTYBL,CEUORZQYGODEFX,1,0,0.49913555,0.98977613,0.01207628,0.00858272,d7bc70db46c9b861d2aaa0fe4040a7b19be4faa14939df384d353558c5f7720d,17c85f44910f43939d8c336b8e11d77e86e561a15bc4c215773e76a4b95d3f27,d5b11d25f3b2415dc959ae176b1986eff29aab886b60ed1119de835aef19a109,ddddaf0
eviddie-20240115-19940419,20240115,19940419,rare,1shot,0,EviDDIE,PT-15104610,BPZSYCZIITTYBL,HYIMSNHJOBLJNT,0,0,0.49913698,0.98980004,0.01204882,0.00856128,d7bc70db46c9b861d2aaa0fe4040a7b19be4faa14939df384d353558c5f7720d,17c85f44910f43939d8c336b8e11d77e86e561a15bc4c215773e76a4b95d3f27,d5b11d25f3b2415dc959ae176b1986eff29aab886b60ed1119de835aef19a109,ddddaf0
eviddie-20240115-19940419,20240115,19940419,rare,1shot,0,EviDDIE,PT-15204755,GSDSWSVVBLHKDQ,LXNHXLLTXMVWPM,1,0,0.49913666,0.98979366,0.01205614,0.00856709,d7bc70db46c9b861d2aaa0fe4040a7b19be4faa14939df384d353558c5f7720d,17c85f44910f43939d8c336b8e11d77e86e561a15bc4c215773e76a4b95d3f27,d5b11d25f3b2415dc959ae176b1986eff29aab886b60ed1119de835aef19a109,ddddaf0
eviddie-20240115-19940419,20240115,19940419,rare,1shot,0,EviDDIE,PT-15204755,GSDSWSVVBLHKDQ,NJMYODHXAKYRHW,0,0,0.49913844,0.98982316,0.01202229,0.00854061,d7bc70db46c9b861d2aaa0fe4040a7b19be4faa14939df384d353558c5f7720d,17c85f44910f43939d8c336b8e11d77e86e561a15bc4c215773e76a4b95d3f27,d5b11d25f3b2415dc959ae176b1986eff29aab886b60ed1119de835aef19a109,ddddaf0
eviddie-20240115-19940419,20240115,19940419,rare,1shot,0,EviDDIE,PT-15396329,NCEXYHBECQHGNR,ZNNLBTZKUZBEKO,1,0,0.49915066,0.99002343,0.01179295,0.00836136,d7bc70db46c9b861d2aaa0fe4040a7b19be4faa14939df384d353558c5f7720d,17c85f44910f43939d8c336b8e11d77e86e561a15bc4c215773e76a4b95d3f27,d5b11d25f3b2415dc959ae176b1986eff29aab886b60ed1119de835aef19a109,ddddaf0
eviddie-20240115-19940419,20240115,19940419,rare,1shot,0,EviDDIE,PT-15396329,NCEXYHBECQHGNR,HYIMSNHJOBLJNT,0,0,0.49914876,0.98999196,0.01182885,0.00838942,d7bc70db46c9b861d2aaa0fe4040a7b19be4faa14939df384d353558c5f7720d,17c85f44910f43939d8c336b8e11d77e86e561a15bc4c215773e76a4b95d3f27,d5b11d25f3b2415dc959ae176b1986eff29aab886b60ed1119de835aef19a109,ddddaf0
eviddie-20240115-19940419,20240115,19940419,rare,1shot,0,EviDDIE,PT-15626751,AXRYRYVKAWYZBR,CZFFBEXEKNGXKS,1,0,0.49913979,0.98984587,0.01199635,0.00852024,d7bc70db46c9b861d2aaa0fe4040a7b19be4faa14939df384d353558c5f7720d,17c85f44910f43939d8c336b8e11d77e86e561a15bc4c215773e76a4b95d3f27,d5b11d25f3b2415dc959ae176b1986eff29aab886b60ed1119de835aef19a109,ddddaf0
eviddie-20240115-19940419,20240115,19940419,rare,1shot,0,EviDDIE,PT-15626751,NIJJYAXOARWZEE,SNPPWIUOZRMYNY,1,0,0.49911526,0.98944128,0.0124597,0.00888305,d7bc70db46c9b861d2aaa0fe4040a7b19be4faa14939df384d353558c5f7720d,17c85f44910f43939d8c336b8e11d77e86e561a15bc4c215773e76a4b95d3f27,d5b11d25f3b2415dc959ae176b1986eff29aab886b60ed1119de835aef19a109,ddddaf0
eviddie-20240115-19940419,20240115,19940419,rare,1shot,0,EviDDIE,PT-15626751,AXRYRYVKAWYZBR,LUZRJRNZXALNLM,0,0,0.49913213,0.98971915,0.01214162,0.00863386,d7bc70db46c9b861d2aaa0fe4040a7b19be4faa14939df384d353558c5f7720d,17c85f44910f43939d8c336b8e11d77e86e561a15bc4c215773e76a4b95d3f27,d5b11d25f3b2415dc959ae176b1986eff29aab886b60ed1119de835aef19a109,ddddaf0
eviddie-20240115-19940419,20240115,19940419,rare,1shot,0,EviDDIE,PT-15626751,NIJJYAXOARWZEE,JAUOIFJMECXRGI,0,0,0.49912176,0.98955005,0.01233516,0.00878529,d7bc70db46c9b861d2aaa0fe4040a7b19be4faa14939df384d353558c5f7720d,17c85f44910f43939d8c336b8e11d77e86e561a15bc4c215773e76a4b95d3f27,d5b11d25f3b2415dc959ae176b1986eff29aab886b60ed1119de835aef19a109,ddddaf0
eviddie-20240115-19940419,20240115,19940419,rare,1shot,0,EviDDIE,PT-16020885,ASUTZQLVASHGKV,HSUGRBWQSSZJOP,1,0,0.49913421,0.98975337,0.01210223,0.00860316,d7bc70db46c9b861d2aaa0fe4040a7b19be4faa14939df384d353558c5f7720d,17c85f44910f43939d8c336b8e11d77e86e561a15bc4c215773e76a4b95d3f27,d5b11d25f3b2415dc959ae176b1986eff29aab886b60ed1119de835aef19a109,ddddaf0
eviddie-20240115-19940419,20240115,19940419,rare,1shot,0,EviDDIE,PT-16020885,ASUTZQLVASHGKV,HTIQEAQVCYTUBX,1,0,0.49913228,0.98972219,0.01213794,0.0086311,d7bc70db46c9b861d2aaa0fe4040a7b19be4faa14939df384d353558c5f7720d,17c85f44910f43939d8c336b8e11d77e86e561a15bc4c215773e76a4b95d3f27,d5b11d25f3b2415dc959ae176b1986eff29aab886b60ed1119de835aef19a109,ddddaf0
eviddie-20240115-19940419,20240115,19940419,rare,1shot,0,EviDDIE,PT-16020885,ASUTZQLVASHGKV,WIKYUJGCLQQFNW,0,0,0.49913159,0.98971039,0.01215153,0.00864171,d7bc70db46c9b861d2aaa0fe4040a7b19be4faa14939df384d353558c5f7720d,17c85f44910f43939d8c336b8e11d77e86e561a15bc4c215773e76a4b95d3f27,d5b11d25f3b2415dc959ae176b1986eff29aab886b60ed1119de835aef19a109,ddddaf0
eviddie-20240115-19940419,20240115,19940419,rare,1shot,0,EviDDIE,PT-16020885,ASUTZQLVASHGKV,GJSURZIOUXUGAL,0,0,0.49913526,0.98977125,0.0120818,0.00858714,d7bc70db46c9b861d2aaa0fe4040a7b19be4faa14939df384d353558c5f7720d,17c85f44910f43939d8c336b8e11d77e86e561a15bc4c215773e76a4b95d3f27,d5b11d25f3b2415dc959ae176b1986eff29aab886b60ed1119de835aef19a109,ddddaf0
eviddie-20240115-19940419,20240115,19940419,rare,1shot,0,EviDDIE,PT-16031872,VWPOSFSPZNDTMJ,WIKYUJGCLQQFNW,1,0,0.49912733,0.98964125,0.01223071,0.00870359,d7bc70db46c9b861d2aaa0fe4040a7b19be4faa14939df384d353558c5f7720d,17c85f44910f43939d8c336b8e11d77e86e561a15bc4c215773e76a4b95d3f27,d5b11d25f3b2415dc959ae176b1986eff29aab886b60ed1119de835aef19a109,ddddaf0
eviddie-20240115-19940419,20240115,19940419,rare,1shot,0,EviDDIE,PT-16031872,VWPOSFSPZNDTMJ,ADIMAYPTOBDMTL,0,0,0.49913415,0.98975325,0.01210251,0.00860326,d7bc70db46c9b861d2aaa0fe4040a7b19be4faa14939df384d353558c5f7720d,17c85f44910f43939d8c336b8e11d77e86e561a15bc4c215773e76a4b95d3f27,d5b11d25f3b2415dc959ae176b1986eff29aab886b60ed1119de835aef19a109,ddddaf0
eviddie-20240115-19940419,20240115,19940419,rare,1shot,0,EviDDIE,PT-16075454,BPZSYCZIITTYBL,HSUGRBWQSSZJOP,1,0,0.49913716,0.9898023,0.01204635,0.00855933,d7bc70db46c9b861d2aaa0fe4040a7b19be4faa14939df384d353558c5f7720d,17c85f44910f43939d8c336b8e11d77e86e561a15bc4c215773e76a4b95d3f27,d5b11d25f3b2415dc959ae176b1986eff29aab886b60ed1119de835aef19a109,ddddaf0
eviddie-20240115-19940419,20240115,19940419,rare,1shot,0,EviDDIE,PT-16075454,BPZSYCZIITTYBL,RYMZZMVNJRMUDD,1,0,0.4991253,0.98960727,0.0122696,0.00873406,d7bc70db46c9b861d2aaa0fe4040a7b19be4faa14939df384d353558c5f7720d,17c85f44910f43939d8c336b8e11d77e86e561a15bc4c215773e76a4b95d3f27,d5b11d25f3b2415dc959ae176b1986eff29aab886b60ed1119de835aef19a109,ddddaf0
eviddie-20240115-19940419,20240115,19940419,rare,1shot,0,EviDDIE,PT-16075454,WDJHALXBUFZDSR,XOFYZVNMUHMLCC,1,0,0.49912828,0.98965669,0.0122131,0.00868974,d7bc70db46c9b861d2aaa0fe4040a7b19be4faa14939df384d353558c5f7720d,17c85f44910f43939d8c336b8e11d77e86e561a15bc4c215773e76a4b95d3f27,d5b11d25f3b2415dc959ae176b1986eff29aab886b60ed1119de835aef19a109,ddddaf0
eviddie-20240115-19940419,20240115,19940419,rare,1shot,0,EviDDIE,PT-16075454,BPZSYCZIITTYBL,AQHHHDLHHXJYJD,0,0,0.49913594,0.98978287,0.01206843,0.00857661,d7bc70db46c9b861d2aaa0fe4040a7b19be4faa14939df384d353558c5f7720d,17c85f44910f43939d8c336b8e11d77e86e561a15bc4c215773e76a4b95d3f27,d5b11d25f3b2415dc959ae176b1986eff29aab886b60ed1119de835aef19a109,ddddaf0
eviddie-20240115-19940419,20240115,19940419,rare,1shot,0,EviDDIE,PT-16075454,BPZSYCZIITTYBL,JBIWCJUYHHGXTC,0,0,0.49912873,0.98966402,0.01220462,0.00868321,d7bc70db46c9b861d2aaa0fe4040a7b19be4faa14939df384d353558c5f7720d,17c85f44910f43939d8c336b8e11d77e86e561a15bc4c215773e76a4b95d3f27,d5b11d25f3b2415dc959ae176b1986eff29aab886b60ed1119de835aef19a109,ddddaf0
eviddie-20240115-19940419,20240115,19940419,rare,1shot,0,EviDDIE,PT-16075454,WDJHALXBUFZDSR,OFVLGDICTFRJMM,0,0,0.49912745,0.98964298,0.01222877,0.00870203,d7bc70db46c9b861d2aaa0fe4040a7b19be4faa14939df384d353558c5f7720d,17c85f44910f43939d8c336b8e11d77e86e561a15bc4c215773e76a4b95d3f27,d5b11d25f3b2415dc959ae176b1986eff29aab886b60ed1119de835aef19a109,ddddaf0
eviddie-20240115-19940419,20240115,19940419,rare,1shot,0,EviDDIE,PT-16123123,IMBXEJJVJRTNOW,NDAUXUAQIAJITI,1,0,0.49912351,0.98957705,0.01230424,0.00876134,d7bc70db46c9b861d2aaa0fe4040a7b19be4faa14939df384d353558c5f7720d,17c85f44910f43939d8c336b8e11d77e86e561a15bc4c215773e76a4b95d3f27,d5b11d25f3b2415dc959ae176b1986eff29aab886b60ed1119de835aef19a109,ddddaf0
eviddie-20240115-19940419,20240115,19940419,rare,1shot,0,EviDDIE,PT-16123123,IMBXEJJVJRTNOW,LOUPRKONTZGTKE,0,0,0.49913079,0.9896974,0.01216636,0.00865334,d7bc70db46c9b861d2aaa0fe4040a7b19be4faa14939df384d353558c5f7720d,17c85f44910f43939d8c336b8e11d77e86e561a15bc4c215773e76a4b95d3f27,d5b11d25f3b2415dc959ae176b1986eff29aab886b60ed1119de835aef19a109,ddddaf0
eviddie-20240115-19940419,20240115,19940419,rare,1shot,0,EviDDIE,PT-16259298,ACWBQPMHZXGDFX,SNIOPGDIGTZGOP,1,0,0.49913582,0.98978102,0.01207062,0.00857832,d7bc70db46c9b861d2aaa0fe4040a7b19be4faa14939df384d353558c5f7720d,17c85f44910f43939d8c336b8e11d77e86e561a15bc4c215773e76a4b95d3f27,d5b11d25f3b2415dc959ae176b1986eff29aab886b60ed1119de835aef19a109,ddddaf0
eviddie-20240115-19940419,20240115,19940419,rare,1shot,0,EviDDIE,PT-16259298,GBBSUAFBMRNDJC,QRXWMOHMRWLFEY,1,0,0.49914363,0.9899081,0.01192493,0.00846455,d7bc70db46c9b861d2aaa0fe4040a7b19be4faa14939df384d353558c5f7720d,17c85f44910f43939d8c336b8e11d77e86e561a15bc4c215773e76a4b95d3f27,d5b11d25f3b2415dc959ae176b1986eff29aab886b60ed1119de835aef19a109,ddddaf0
eviddie-20240115-19940419,20240115,19940419,rare,1shot,0,EviDDIE,PT-16259298,ACWBQPMHZXGDFX,ULGZDMOVFRHVEP,0,0,0.49912402,0.98958606,0.0122939,0.00875313,d7bc70db46c9b861d2aaa0fe4040a7b19be4faa14939df384d353558c5f7720d,17c85f44910f43939d8c336b8e11d77e86e561a15bc4c215773e76a4b95d3f27,d5b11d25f3b2415dc959ae176b1986eff29aab886b60ed1119de835aef19a109,ddddaf0
eviddie-20240115-19940419,20240115,19940419,rare,1shot,0,EviDDIE,PT-16259298,GBBSUAFBMRNDJC,LTXREWYXXSTFRX,0,0,0.49914631,0.98995155,0.0118753,0.00842575,d7bc70db46c9b861d2aaa0fe4040a7b19be4faa14939df384d353558c5f7720d,17c85f44910f43939d8c336b8e11d77e86e561a15bc4c215773e76a4b95d3f27,d5b11d25f3b2415dc959ae176b1986eff29aab886b60ed1119de835aef19a109,ddddaf0
eviddie-20240115-19940419,20240115,19940419,rare,1shot,0,EviDDIE,PT-16280284,RGCVKNLCSQQDEP,XLYOFNOQVPJJNP,1,0,0.49928114,0.99205822,0.0094545,0.00655616,d7bc70db46c9b861d2aaa0fe4040a7b19be4faa14939df384d353558c5f7720d,17c85f44910f43939d8c336b8e11d77e86e561a15bc4c215773e76a4b95d3f27,d5b11d25f3b2415dc959ae176b1986eff29aab886b60ed1119de835aef19a109,ddddaf0
eviddie-20240115-19940419,20240115,19940419,rare,1shot,0,EviDDIE,PT-16280284,RGCVKNLCSQQDEP,PPTYJKAXVCCBDU,0,0,0.49914303,0.9898985,0.01193597,0.00847312,d7bc70db46c9b861d2aaa0fe4040a7b19be4faa14939df384d353558c5f7720d,17c85f44910f43939d8c336b8e11d77e86e561a15bc4c215773e76a4b95d3f27,d5b11d25f3b2415dc959ae176b1986eff29aab886b60ed1119de835aef19a109,ddddaf0
eviddie-20240115-19940419,20240115,19940419,rare,1shot,0,EviDDIE,PT-16382811,PPTYJKAXVCCBDU,VOKSWYLNZZRQPF,1,0,0.49913704,0.98979998,0.01204899,0.00856145,d7bc70db46c9b861d2aaa0fe4040a7b19be4faa14939df384d353558c5f7720d,17c85f44910f43939d8c336b8e11d77e86e561a15bc4c215773e76a4b95d3f27,d5b11d25f3b2415dc959ae176b1986eff29aab886b60ed1119de835aef19a109,ddddaf0
eviddie-20240115-19940419,20240115,19940419,rare,1shot,0,EviDDIE,PT-16382811,PPTYJKAXVCCBDU,OGHNVEJMJSYVRP,0,0,0.49914753,0.98997259,0.01185102,0.00840681,d7bc70db46c9b861d2aaa0fe4040a7b19be4faa14939df384d353558c5f7720d,17c85f44910f43939d8c336b8e11d77e86e561a15bc4c215773e76a4b95d3f27,d5b11d25f3b2415dc959ae176b1986eff29aab886b60ed1119de835aef19a109,ddddaf0
eviddie-20240115-19940419,20240115,19940419,rare,1shot,0,EviDDIE,PT-16388032,HEFNNWSXXWATRW,URKOMYMAXPYINW,1,0,0.49913502,0.98976785,0.01208575,0.00859008,d7bc70db46c9b861d2aaa0fe4040a7b19be4faa14939df384d353558c5f7720d,17c85f44910f43939d8c336b8e11d77e86e561a15bc4c215773e76a4b95d3f27,d5b11d25f3b2415dc959ae176b1986eff29aab886b60ed1119de835aef19a109,ddddaf0
eviddie-20240115-19940419,20240115,19940419,rare,1shot,0,EviDDIE,PT-16388032,HEFNNWSXXWATRW,SGUAFYQXFOLMHL,0,0,0.4991346,0.98976141,0.01209306,0.00859584,d7bc70db46c9b861d2aaa0fe4040a7b19be4faa14939df384d353558c5f7720d,17c85f44910f43939d8c336b8e11d77e86e561a15bc4c215773e76a4b95d3f27,d5b11d25f3b2415dc959ae176b1986eff29aab886b60ed1119de835aef19a109,ddddaf0
eviddie-20240115-19940419,20240115,19940419,rare,1shot,0,EviDDIE,PT-16542855,CMSMOCZEIVJLDB,UVKZSORBKUEBAZ,1,0,0.4991281,0.98965305,0.01221725,0.00869305,d7bc70db46c9b861d2aaa0fe4040a7b19be4faa14939df384d353558c5f7720d,17c85f44910f43939d8c336b8e11d77e86e561a15bc4c215773e76a4b95d3f27,d5b11d25f3b2415dc959ae176b1986eff29aab886b60ed1119de835aef19a109,ddddaf0
eviddie-20240115-19940419,20240115,19940419,rare,1shot,0,EviDDIE,PT-16542855,CMSMOCZEIVJLDB,OOGJQPCLVADCPB,0,0,0.49912497,0.98960155,0.01227617,0.00873925,d7bc70db46c9b861d2aaa0fe4040a7b19be4faa14939df384d353558c5f7720d,17c85f44910f43939d8c336b8e11d77e86e561a15bc4c215773e76a4b95d3f27,d5b11d25f3b2415dc959ae176b1986eff29aab886b60ed1119de835aef19a109,ddddaf0
eviddie-20240115-19940419,20240115,19940419,rare,1shot,0,EviDDIE,PT-16749091,FBOZXECLQNJBKD,PDMMFKSKQVNJMI,1,0,0.49912989,0.98968363,0.01218214,0.0086656,d7bc70db46c9b861d2aaa0fe4040a7b19be4faa14939df384d353558c5f7720d,17c85f44910f43939d8c336b8e11d77e86e561a15bc4c215773e76a4b95d3f27,d5b11d25f3b2415dc959ae176b1986eff29aab886b60ed1119de835aef19a109,ddddaf0
eviddie-20240115-19940419,20240115,19940419,rare,1shot,0,EviDDIE,PT-16749091,FBOZXECLQNJBKD,UZHSEJADLWPNLE,0,0,0.499136,0.98978347,0.01206785,0.00857618,d7bc70db46c9b861d2aaa0fe4040a7b19be4faa14939df384d353558c5f7720d,17c85f44910f43939d8c336b8e11d77e86e561a15bc4c215773e76a4b95d3f27,d5b11d25f3b2415dc959ae176b1986eff29aab886b60ed1119de835aef19a109,ddddaf0
eviddie-20240115-19940419,20240115,19940419,rare,1shot,0,EviDDIE,PT-16783023,GHOSNRCGJFBJIB,ZAFYATHCZYHLPB,1,0,0.49915126,0.99003243,0.01178264,0.00835338,d7bc70db46c9b861d2aaa0fe4040a7b19be4faa14939df384d353558c5f7720d,17c85f44910f43939d8c336b8e11d77e86e561a15bc4c215773e76a4b95d3f27,d5b11d25f3b2415dc959ae176b1986eff29aab886b60ed1119de835aef19a109,ddddaf0
eviddie-20240115-19940419,20240115,19940419,rare,1shot,0,EviDDIE,PT-16783023,GHOSNRCGJFBJIB,HYAFETHFCAUJAY,0,0,0.49914759,0.98997307,0.01185058,0.00840639,d7bc70db46c9b861d2aaa0fe4040a7b19be4faa14939df384d353558c5f7720d,17c85f44910f43939d8c336b8e11d77e86e561a15bc4c215773e76a4b95d3f27,d5b11d25f3b2415dc959ae176b1986eff29aab886b60ed1119de835aef19a109,ddddaf0
eviddie-20240115-19940419,20240115,19940419,rare,1shot,0,EviDDIE,PT-16803939,LUZRJRNZXALNLM,WVLOADHCBXTIJK,1,0,0.49912933,0.9896729,0.01219452,0.00867535,d7bc70db46c9b861d2aaa0fe4040a7b19be4faa14939df384d353558c5f7720d,17c85f44910f43939d8c336b8e11d77e86e561a15bc4c215773e76a4b95d3f27,d5b11d25f3b2415dc959ae176b1986eff29aab886b60ed1119de835aef19a109,ddddaf0
eviddie-20240115-19940419,20240115,19940419,rare,1shot,0,EviDDIE,PT-16803939,LUZRJRNZXALNLM,AXRYRYVKAWYZBR,0,0,0.49913362,0.98974365,0.01211348,0.00861196,d7bc70db46c9b861d2aaa0fe4040a7b19be4faa14939df384d353558c5f7720d,17c85f44910f43939d8c336b8e11d77e86e561a15bc4c215773e76a4b95d3f27,d5b11d25f3b2415dc959ae176b1986eff29aab886b60ed1119de835aef19a109,ddddaf0
eviddie-20240115-19940419,20240115,19940419,rare,1shot,0,EviDDIE,PT-16879674,BVKZGUZCCUSVTD,ZAFYATHCZYHLPB,1,0,0.4991284,0.98965818,0.01221148,0.00868846,d7bc70db46c9b861d2aaa0fe4040a7b19be4faa14939df384d353558c5f7720d,17c85f44910f43939d8c336b8e11d77e86e561a15bc4c215773e76a4b95d3f27,d5b11d25f3b2415dc959ae176b1986eff29aab886b60ed1119de835aef19a109,ddddaf0
eviddie-20240115-19940419,20240115,19940419,rare,1shot,0,EviDDIE,PT-16879674,BVKZGUZCCUSVTD,ZNNLBTZKUZBEKO,0,0,0.49912298,0.98956937,0.0123131,0.00876809,d7bc70db46c9b861d2aaa0fe4040a7b19be4faa14939df384d353558c5f7720d,17c85f44910f43939d8c336b8e11d77e86e561a15bc4c215773e76a4b95d3f27,d5b11d25f3b2415dc959ae176b1986eff29aab886b60ed1119de835aef19a109,ddddaf0
eviddie-20240115-19940419,20240115,19940419,rare,1shot,0,EviDDIE,PT-16886720,BMCQMVFGOVHVNG,GBBSUAFBMRNDJC,1,0,0.49913153,0.98970968,0.01215231,0.0086423,d7bc70db46c9b861d2aaa0fe4040a7b19be4faa14939df384d353558c5f7720d,17c85f44910f43939d8c336b8e11d77e86e561a15bc4c215773e76a4b95d3f27,d5b11d25f3b2415dc959ae176b1986eff29aab886b60ed1119de835aef19a109,ddddaf0
eviddie-20240115-19940419,20240115,19940419,rare,1shot,0,EviDDIE,PT-16886720,RPLCPCMSCLEKRS,UREBDLICKHMUKA,1,0,0.49911937,0.98950922,0.01238175,0.00882213,d7bc70db46c9b861d2aaa0fe4040a7b19be4faa14939df384d353558c5f7720d,17c85f44910f43939d8c336b8e11d77e86e561a15bc4c215773e76a4b95d3f27,d5b11d25f3b2415dc959ae176b1986eff29aab886b60ed1119de835aef19a109,ddddaf0
eviddie-20240115-19940419,20240115,19940419,rare,1shot,0,EviDDIE,PT-16886720,BMCQMVFGOVHVNG,QWAXKHKRTORLEM,0,0,0.49912804,0.98965257,0.01221766,0.00869351,d7bc70db46c9b861d2aaa0fe4040a7b19be4faa14939df384d353558c5f7720d,17c85f44910f43939d8c336b8e11d77e86e561a15bc4c215773e76a4b95d3f27,d5b11d25f3b2415dc959ae176b1986eff29aab886b60ed1119de835aef19a109,ddddaf0
eviddie-20240115-19940419,20240115,19940419,rare,1shot,0,EviDDIE,PT-16886720,RPLCPCMSCLEKRS,HSUGRBWQSSZJOP,0,0,0.49913049,0.98969299,0.01217134,0.00865726,d7bc70db46c9b861d2aaa0fe4040a7b19be4faa14939df384d353558c5f7720d,17c85f44910f43939d8c336b8e11d77e86e561a15bc4c215773e76a4b95d3f27,d5b11d25f3b2415dc959ae176b1986eff29aab886b60ed1119de835aef19a109,ddddaf0
eviddie-20240115-19940419,20240115,19940419,rare,1shot,0,EviDDIE,PT-16914645,DRLFMBDRBRZALE,YFGHCGITMMYXAQ,1,0,0.49915487,0.99009132,0.0117151,0.0083007,d7bc70db46c9b861d2aaa0fe4040a7b19be4faa14939df384d353558c5f7720d,17c85f44910f43939d8c336b8e11d77e86e561a15bc4c215773e76a4b95d3f27,d5b11d25f3b2415dc959ae176b1986eff29aab886b60ed1119de835aef19a109,ddddaf0
eviddie-20240115-19940419,20240115,19940419,rare,1shot,0,EviDDIE,PT-16914645,DRLFMBDRBRZALE,VOKSWYLNZZRQPF,0,0,0.49913827,0.98982143,0.01202431,0.0085421,d7bc70db46c9b861d2aaa0fe4040a7b19be4faa14939df384d353558c5f7720d,17c85f44910f43939d8c336b8e11d77e86e561a15bc4c215773e76a4b95d3f27,d5b11d25f3b2415dc959ae176b1986eff29aab886b60ed1119de835aef19a109,ddddaf0
eviddie-20240115-19940419,20240115,19940419,rare,1shot,0,EviDDIE,PT-17040020,AUYYCJSJGJYCDS,MAEIEVLCKWDQJH,1,0,0.49914265,0.98989201,0.01194353,0.00847894,d7bc70db46c9b861d2aaa0fe4040a7b19be4faa14939df384d353558c5f7720d,17c85f44910f43939d8c336b8e11d77e86e561a15bc4c215773e76a4b95d3f27,d5b11d25f3b2415dc959ae176b1986eff29aab886b60ed1119de835aef19a109,ddddaf0
eviddie-20240115-19940419,20240115,19940419,rare,1shot,0,EviDDIE,PT-17040020,FKNQFGJONOIPTF,PHIQHXFUZVPYII,1,0,0.49929631,0.99228317,0.00919522,0.00635847,d7bc70db46c9b861d2aaa0fe4040a7b19be4faa14939df384d353558c5f7720d,17c85f44910f43939d8c336b8e11d77e86e561a15bc4c215773e76a4b95d3f27,d5b11d25f3b2415dc959ae176b1986eff29aab886b60ed1119de835aef19a109,ddddaf0
eviddie-20240115-19940419,20240115,19940419,rare,1shot,0,EviDDIE,PT-17040020,ORFOPKXBNMVMKC,RFHAOTPXVQNOHP,1,0,0.49914265,0.98989177,0.01194381,0.00847923,d7bc70db46c9b861d2aaa0fe4040a7b19be4faa14939df384d353558c5f7720d,17c85f44910f43939d8c336b8e11d77e86e561a15bc4c215773e76a4b95d3f27,d5b11d25f3b2415dc959ae176b1986eff29aab886b60ed1119de835aef19a109,ddddaf0
eviddie-20240115-19940419,20240115,19940419,rare,1shot,0,EviDDIE,PT-17040020,ORFOPKXBNMVMKC,ZKLPARSLTMPFCP,1,0,0.49913543,0.98977405,0.01207864,0.00858464,d7bc70db46c9b861d2aaa0fe4040a7b19be4faa14939df384d353558c5f7720d,17c85f44910f43939d8c336b8e11d77e86e561a15bc4c215773e76a4b95d3f27,d5b11d25f3b2415dc959ae176b1986eff29aab886b60ed1119de835aef19a109,ddddaf0
eviddie-20240115-19940419,20240115,19940419,rare,1shot,0,EviDDIE,PT-17040020,AUYYCJSJGJYCDS,HUNXMJYCHXQEGX,0,0,0.49914631,0.98995274,0.01187381,0.00842447,d7bc70db46c9b861d2aaa0fe4040a7b19be4faa14939df384d353558c5f7720d,17c85f44910f43939d8c336b8e11d77e86e561a15bc4c215773e76a4b95d3f27,d5b11d25f3b2415dc959ae176b1986eff29aab886b60ed1119de835aef19a109,ddddaf0
eviddie-20240115-19940419,20240115,19940419,rare,1shot,0,EviDDIE,PT-17040020,FKNQFGJONOIPTF,MCGSCOLBFJQGHM,0,0,0.49930918,0.99247348,0.00897557,0.00619151,d7bc70db46c9b861d2aaa0fe4040a7b19be4faa14939df384d353558c5f7720d,17c85f44910f43939d8c336b8e11d77e86e561a15bc4c215773e76a4b95d3f27,d5b11d25f3b2415dc959ae176b1986eff29aab886b60ed1119de835aef19a109,ddddaf0
eviddie-20240115-19940419,20240115,19940419,rare,1shot,0,EviDDIE,PT-17040020,ORFOPKXBNMVMKC,CNBGNNVCVSKAQZ,0,0,0.49914071,0.98986059,0.01197948,0.00850711,d7bc70db46c9b861d2aaa0fe4040a7b19be4faa14939df384d353558c5f7720d,17c85f44910f43939d8c336b8e11d77e86e561a15bc4c215773e76a4b95d3f27,d5b11d25f3b2415dc959ae176b1986eff29aab886b60ed1119de835aef19a109,ddddaf0
eviddie-20240115-19940419,20240115,19940419,rare,1shot,0,EviDDIE,PT-17040020,ORFOPKXBNMVMKC,JIVPVXMEBJLZRO,0,0,0.49914473,0.98992586,0.01190468,0.00844869,d7bc70db46c9b861d2aaa0fe4040a7b19be4faa14939df384d353558c5f7720d,17c85f44910f43939d8c336b8e11d77e86e561a15bc4c215773e76a4b95d3f27,d5b11d25f3b2415dc959ae176b1986eff29aab886b60ed1119de835aef19a109,ddddaf0
eviddie-20240115-19940419,20240115,19940419,rare,1shot,0,EviDDIE,PT-17228333,RZTAMFZIAATZDJ,TUZYXOIXSAXUGO,1,0,0.49912614,0.98962104,0.01225373,0.00872171,d7bc70db46c9b861d2aaa0fe4040a7b19be4faa14939df384d353558c5f7720d,17c85f44910f43939d8c336b8e11d77e86e561a15bc4c215773e76a4b95d3f27,d5b11d25f3b2415dc959ae176b1986eff29aab886b60ed1119de835aef19a109,ddddaf0
eviddie-20240115-19940419,20240115,19940419,rare,1shot,0,EviDDIE,PT-17228333,RZTAMFZIAATZDJ,ADEBPBSSDYVVLD,0,0,0.49913478,0.9897635,0.0120906,0.008594,d7bc70db46c9b861d2aaa0fe4040a7b19be4faa14939df384d353558c5f7720d,17c85f44910f43939d8c336b8e11d77e86e561a15bc4c215773e76a4b95d3f27,d5b11d25f3b2415dc959ae176b1986eff29aab886b60ed1119de835aef19a109,ddddaf0
eviddie-20240115-19940419,20240115,19940419,rare,1shot,0,EviDDIE,PT-17265807,AQHHHDLHHXJYJD,KPYSYYIEGFHWSV,1,0,0.49913996,0.98984832,0.01199362,0.00851809,d7bc70db46c9b861d2aaa0fe4040a7b19be4faa14939df384d353558c5f7720d,17c85f44910f43939d8c336b8e11d77e86e561a15bc4c215773e76a4b95d3f27,d5b11d25f3b2415dc959ae176b1986eff29aab886b60ed1119de835aef19a109,ddddaf0
eviddie-20240115-19940419,20240115,19940419,rare,1shot,0,EviDDIE,PT-17265807,AQHHHDLHHXJYJD,TUZYXOIXSAXUGO,0,0,0.49912763,0.98964614,0.01222511,0.0086992,d7bc70db46c9b861d2aaa0fe4040a7b19be4faa14939df384d353558c5f7720d,17c85f44910f43939d8c336b8e11d77e86e561a15bc4c215773e76a4b95d3f27,d5b11d25f3b2415dc959ae176b1986eff29aab886b60ed1119de835aef19a109,ddddaf0
eviddie-20240115-19940419,20240115,19940419,rare,1shot,0,EviDDIE,PT-17332255,XUIIKFGFIJCVMT,ZZUFCTLCJUWOSV,1,0,0.49914637,0.98995364,0.01187274,0.00842366,d7bc70db46c9b861d2aaa0fe4040a7b19be4faa14939df384d353558c5f7720d,17c85f44910f43939d8c336b8e11d77e86e561a15bc4c215773e76a4b95d3f27,d5b11d25f3b2415dc959ae176b1986eff29aab886b60ed1119de835aef19a109,ddddaf0
eviddie-20240115-19940419,20240115,19940419,rare,1shot,0,EviDDIE,PT-17332255,XUIIKFGFIJCVMT,AOJJSUZBOXZQNB,0,0,0.49913147,0.98970908,0.01215301,0.00864277,d7bc70db46c9b861d2aaa0fe4040a7b19be4faa14939df384d353558c5f7720d,17c85f44910f43939d8c336b8e11d77e86e561a15bc4c215773e76a4b95d3f27,d5b11d25f3b2415dc959ae176b1986eff29aab886b60ed1119de835aef19a109,ddddaf0
eviddie-20240115-19940419,20240115,19940419,rare,1shot,0,EviDDIE,PT-17358898,CMWTZPSULFXXJA,FEBLZLNTKCEFIT,1,0,0.49913222,0.98972219,0.01213797,0.00863102,d7bc70db46c9b861d2aaa0fe4040a7b19be4faa14939df384d353558c5f7720d,17c85f44910f43939d8c336b8e11d77e86e561a15bc4c215773e76a4b95d3f27,d5b11d25f3b2415dc959ae176b1986eff29aab886b60ed1119de835aef19a109,ddddaf0
eviddie-20240115-19940419,20240115,19940419,rare,1shot,0,EviDDIE,PT-17358898,CMWTZPSULFXXJA,ODAIHABQVKJNIY,0,0,0.49913216,0.98972064,0.01213985,0.00863245,d7bc70db46c9b861d2aaa0fe4040a7b19be4faa14939df384d353558c5f7720d,17c85f44910f43939d8c336b8e11d77e86e561a15bc4c215773e76a4b95d3f27,d5b11d25f3b2415dc959ae176b1986eff29aab886b60ed1119de835aef19a109,ddddaf0
eviddie-20240115-19940419,20240115,19940419,rare,1shot,0,EviDDIE,PT-17428893,JBIWCJUYHHGXTC,ZZVUWRFHKOJYTH,1,0,0.49913216,0.98972028,0.01214015,0.00863284,d7bc70db46c9b861d2aaa0fe4040a7b19be4faa14939df384d353558c5f7720d,17c85f44910f43939d8c336b8e11d77e86e561a15bc4c215773e76a4b95d3f27,d5b11d25f3b2415dc959ae176b1986eff29aab886b60ed1119de835aef19a109,ddddaf0
eviddie-20240115-19940419,20240115,19940419,rare,1shot,0,EviDDIE,PT-17428893,JBIWCJUYHHGXTC,BPZSYCZIITTYBL,0,0,0.4991281,0.98965305,0.01221708,0.00869306,d7bc70db46c9b861d2aaa0fe4040a7b19be4faa14939df384d353558c5f7720d,17c85f44910f43939d8c336b8e11d77e86e561a15bc4c215773e76a4b95d3f27,d5b11d25f3b2415dc959ae176b1986eff29aab886b60ed1119de835aef19a109,ddddaf0
eviddie-20240115-19940419,20240115,19940419,rare,1shot,0,EviDDIE,PT-17433139,ATALOFNDEOCMKK,BQJCRHHNABKAKU,1,0,0.49912956,0.98967689,0.01218996,0.0086717,d7bc70db46c9b861d2aaa0fe4040a7b19be4faa14939df384d353558c5f7720d,17c85f44910f43939d8c336b8e11d77e86e561a15bc4c215773e76a4b95d3f27,d5b11d25f3b2415dc959ae176b1986eff29aab886b60ed1119de835aef19a109,ddddaf0
eviddie-20240115-19940419,20240115,19940419,rare,1shot,0,EviDDIE,PT-17433139,BFPYWIDHMRZLRN,ITRJWOMZKQRYTA,1,0,0.49912614,0.98962015,0.01225499,0.00872272,d7bc70db46c9b861d2aaa0fe4040a7b19be4faa14939df384d353558c5f7720d,17c85f44910f43939d8c336b8e11d77e86e561a15bc4c215773e76a4b95d3f27,d5b11d25f3b2415dc959ae176b1986eff29aab886b60ed1119de835aef19a109,ddddaf0
eviddie-20240115-19940419,20240115,19940419,rare,1shot,0,EviDDIE,PT-17433139,ATALOFNDEOCMKK,GBABOYUKABKIAF,0,0,0.49913704,0.98980039,0.01204843,0.00856097,d7bc70db46c9b861d2aaa0fe4040a7b19be4faa14939df384d353558c5f7720d,17c85f44910f43939d8c336b8e11d77e86e561a15bc4c215773e76a4b95d3f27,d5b11d25f3b2415dc959ae176b1986eff29aab886b60ed1119de835aef19a109,ddddaf0
eviddie-20240115-19940419,20240115,19940419,rare,1shot,0,EviDDIE,PT-17433139,BFPYWIDHMRZLRN,RDOIQAHITMMDAJ,0,0,0.49913403,0.98975092,0.0121051,0.00860539,d7bc70db46c9b861d2aaa0fe4040a7b19be4faa14939df384d353558c5f7720d,17c85f44910f43939d8c336b8e11d77e86e561a15bc4c215773e76a4b95d3f27,d5b11d25f3b2415dc959ae176b1986eff29aab886b60ed1119de835aef19a109,ddddaf0
eviddie-20240115-19940419,20240115,19940419,rare,1shot,0,EviDDIE,PT-17583915,LZFZMUMEGBBDTC,SGUAFYQXFOLMHL,1,0,0.49913239,0.98972428,0.01213568,0.00862925,d7bc70db46c9b861d2aaa0fe4040a7b19be4faa14939df384d353558c5f7720d,17c85f44910f43939d8c336b8e11d77e86e561a15bc4c215773e76a4b95d3f27,d5b11d25f3b2415dc959ae176b1986eff29aab886b60ed1119de835aef19a109,ddddaf0
eviddie-20240115-19940419,20240115,19940419,rare,1shot,0,EviDDIE,PT-17583915,LZFZMUMEGBBDTC,IEDVJHCEMCRBQM,0,0,0.49913183,0.98971504,0.01214622,0.00863748,d7bc70db46c9b861d2aaa0fe4040a7b19be4faa14939df384d353558c5f7720d,17c85f44910f43939d8c336b8e11d77e86e561a15bc4c215773e76a4b95d3f27,d5b11d25f3b2415dc959ae176b1986eff29aab886b60ed1119de835aef19a109,ddddaf0
eviddie-20240115-19940419,20240115,19940419,rare,1shot,0,EviDDIE,PT-17661894,GRYLNZFGIOXLOG,MBWXNTAXLNYFJB,1,0,0.49911433,0.98942429,0.0124792,0.00889845,d7bc70db46c9b861d2aaa0fe4040a7b19be4faa14939df384d353558c5f7720d,17c85f44910f43939d8c336b8e11d77e86e561a15bc4c215773e76a4b95d3f27,d5b11d25f3b2415dc959ae176b1986eff29aab886b60ed1119de835aef19a109,ddddaf0
eviddie-20240115-19940419,20240115,19940419,rare,1shot,0,EviDDIE,PT-17661894,GRYLNZFGIOXLOG,OZOMQRBLCMDCEG,0,0,0.49912491,0.9896003,0.01227772,0.00874042,d7bc70db46c9b861d2aaa0fe4040a7b19be4faa14939df384d353558c5f7720d,17c85f44910f43939d8c336b8e11d77e86e561a15bc4c215773e76a4b95d3f27,d5b11d25f3b2415dc959ae176b1986eff29aab886b60ed1119de835aef19a109,ddddaf0
eviddie-20240115-19940419,20240115,19940419,rare,1shot,0,EviDDIE,PT-17730751,CNBGNNVCVSKAQZ,KUVIULQEHSCUHY,1,0,0.49913812,0.98981768,0.01202875,0.00854556,d7bc70db46c9b861d2aaa0fe4040a7b19be4faa14939df384d353558c5f7720d,17c85f44910f43939d8c336b8e11d77e86e561a15bc4c215773e76a4b95d3f27,d5b11d25f3b2415dc959ae176b1986eff29aab886b60ed1119de835aef19a109,ddddaf0
eviddie-20240115-19940419,20240115,19940419,rare,1shot,0,EviDDIE,PT-17730751,QRXWMOHMRWLFEY,RDOIQAHITMMDAJ,1,0,0.49914253,0.98989081,0.01194485,0.00848001,d7bc70db46c9b861d2aaa0fe4040a7b19be4faa14939df384d353558c5f7720d,17c85f44910f43939d8c336b8e11d77e86e561a15bc4c215773e76a4b95d3f27,d5b11d25f3b2415dc959ae176b1986eff29aab886b60ed1119de835aef19a109,ddddaf0
eviddie-20240115-19940419,20240115,19940419,rare,1shot,0,EviDDIE,PT-17730751,CNBGNNVCVSKAQZ,QZUDBNBUXVUHMW,0,0,0.49914479,0.98992759,0.01190274,0.00844705,d7bc70db46c9b861d2aaa0fe4040a7b19be4faa14939df384d353558c5f7720d,17c85f44910f43939d8c336b8e11d77e86e561a15bc4c215773e76a4b95d3f27,d5b11d25f3b2415dc959ae176b1986eff29aab886b60ed1119de835aef19a109,ddddaf0
eviddie-20240115-19940419,20240115,19940419,rare,1shot,0,EviDDIE,PT-17730751,QRXWMOHMRWLFEY,XZWYZXLIPXDOLR,0,0,0.49913043,0.98969144,0.0121732,0.00865861,d7bc70db46c9b861d2aaa0fe4040a7b19be4faa14939df384d353558c5f7720d,17c85f44910f43939d8c336b8e11d77e86e561a15bc4c215773e76a4b95d3f27,d5b11d25f3b2415dc959ae176b1986eff29aab886b60ed1119de835aef19a109,ddddaf0
eviddie-20240115-19940419,20240115,19940419,rare,1shot,0,EviDDIE,PT-17750120,FABPRXSRWADJSP,OIGNJSKKLXVSLS,1,0,0.49912542,0.98960936,0.01226707,0.0087322,d7bc70db46c9b861d2aaa0fe4040a7b19be4faa14939df384d353558c5f7720d,17c85f44910f43939d8c336b8e11d77e86e561a15bc4c215773e76a4b95d3f27,d5b11d25f3b2415dc959ae176b1986eff29aab886b60ed1119de835aef19a109,ddddaf0
eviddie-20240115-19940419,20240115,19940419,rare,1shot,0,EviDDIE,PT-17750120,KJADKKWYZYXHBB,XZWYZXLIPXDOLR,1,0,0.49911937,0.98950899,0.0123821,0.00882234,d7bc70db46c9b861d2aaa0fe4040a7b19be4faa14939df384d353558c5f7720d,17c85f44910f43939d8c336b8e11d77e86e561a15bc4c215773e76a4b95d3f27,d5b11d25f3b2415dc959ae176b1986eff29aab886b60ed1119de835aef19a109,ddddaf0
eviddie-20240115-19940419,20240115,19940419,rare,1shot,0,EviDDIE,PT-17750120,FABPRXSRWADJSP,UHSKFQJFRQCDBE,0,0,0.49913129,0.98970556,0.01215707,0.00864603,d7bc70db46c9b861d2aaa0fe4040a7b19be4faa14939df384d353558c5f7720d,17c85f44910f43939d8c336b8e11d77e86e561a15bc4c215773e76a4b95d3f27,d5b11d25f3b2415dc959ae176b1986eff29aab886b60ed1119de835aef19a109,ddddaf0
eviddie-20240115-19940419,20240115,19940419,rare,1shot,0,EviDDIE,PT-17750120,KJADKKWYZYXHBB,SGOIRFVFHAKUTI,0,0,0.49913329,0.98973876,0.01211892,0.00861615,d7bc70db46c9b861d2aaa0fe4040a7b19be4faa14939df384d353558c5f7720d,17c85f44910f43939d8c336b8e11d77e86e561a15bc4c215773e76a4b95d3f27,d5b11d25f3b2415dc959ae176b1986eff29aab886b60ed1119de835aef19a109,ddddaf0
eviddie-20240115-19940419,20240115,19940419,rare,1shot,0,EviDDIE,PT-17777361,BUGYDGFZZOZRHP,IQPSEEYGBUAQFF,1,0,0.49912584,0.98961568,0.01225989,0.00872656,d7bc70db46c9b861d2aaa0fe4040a7b19be4faa14939df384d353558c5f7720d,17c85f44910f43939d8c336b8e11d77e86e561a15bc4c215773e76a4b95d3f27,d5b11d25f3b2415dc959ae176b1986eff29aab886b60ed1119de835aef19a109,ddddaf0
eviddie-20240115-19940419,20240115,19940419,rare,1shot,0,EviDDIE,PT-17777361,BUGYDGFZZOZRHP,AHOUBRCZNHFOSL,0,0,0.4991166,0.98946279,0.01243493,0.00886375,d7bc70db46c9b861d2aaa0fe4040a7b19be4faa14939df384d353558c5f7720d,17c85f44910f43939d8c336b8e11d77e86e561a15bc4c215773e76a4b95d3f27,d5b11d25f3b2415dc959ae176b1986eff29aab886b60ed1119de835aef19a109,ddddaf0
eviddie-20240115-19940419,20240115,19940419,rare,1shot,0,EviDDIE,PT-17841554,DIWRORZWFLOCLC,WFPIAZLQTJBIFN,1,0,0.49914277,0.98989409,0.01194113,0.0084771,d7bc70db46c9b861d2aaa0fe4040a7b19be4faa14939df384d353558c5f7720d,17c85f44910f43939d8c336b8e11d77e86e561a15bc4c215773e76a4b95d3f27,d5b11d25f3b2415dc959ae176b1986eff29aab886b60ed1119de835aef19a109,ddddaf0
eviddie-20240115-19940419,20240115,19940419,rare,1shot,0,EviDDIE,PT-17841554,DIWRORZWFLOCLC,FEBLZLNTKCEFIT,0,0,0.49913129,0.98970616,0.01215634,0.00864543,d7bc70db46c9b861d2aaa0fe4040a7b19be4faa14939df384d353558c5f7720d,17c85f44910f43939d8c336b8e11d77e86e561a15bc4c215773e76a4b95d3f27,d5b11d25f3b2415dc959ae176b1986eff29aab886b60ed1119de835aef19a109,ddddaf0
eviddie-20240115-19940419,20240115,19940419,rare,1shot,0,EviDDIE,PT-17851687,FBOZXECLQNJBKD,RMRCNWBMXRMIRW,1,0,0.49913844,0.98982328,0.01202226,0.00854053,d7bc70db46c9b861d2aaa0fe4040a7b19be4faa14939df384d353558c5f7720d,17c85f44910f43939d8c336b8e11d77e86e561a15bc4c215773e76a4b95d3f27,d5b11d25f3b2415dc959ae176b1986eff29aab886b60ed1119de835aef19a109,ddddaf0
eviddie-20240115-19940419,20240115,19940419,rare,1shot,0,EviDDIE,PT-17851687,FBOZXECLQNJBKD,TZFNLOMSOLWIDK,0,0,0.49913496,0.9897663,0.01208744,0.00859154,d7bc70db46c9b861d2aaa0fe4040a7b19be4faa14939df384d353558c5f7720d,17c85f44910f43939d8c336b8e11d77e86e561a15bc4c215773e76a4b95d3f27,d5b11d25f3b2415dc959ae176b1986eff29aab886b60ed1119de835aef19a109,ddddaf0
eviddie-20240115-19940419,20240115,19940419,rare,1shot,0,EviDDIE,PT-17888714,GRYLNZFGIOXLOG,RZVAJINKPMORJF,1,0,0.49912146,0.98954427,0.01234174,0.0087906,d7bc70db46c9b861d2aaa0fe4040a7b19be4faa14939df384d353558c5f7720d,17c85f44910f43939d8c336b8e11d77e86e561a15bc4c215773e76a4b95d3f27,d5b11d25f3b2415dc959ae176b1986eff29aab886b60ed1119de835aef19a109,ddddaf0
eviddie-20240115-19940419,20240115,19940419,rare,1shot,0,EviDDIE,PT-17888714,GRYLNZFGIOXLOG,AUYYCJSJGJYCDS,0,0,0.49911857,0.98949593,0.01239701,0.00883397,d7bc70db46c9b861d2aaa0fe4040a7b19be4faa14939df384d353558c5f7720d,17c85f44910f43939d8c336b8e11d77e86e561a15bc4c215773e76a4b95d3f27,d5b11d25f3b2415dc959ae176b1986eff29aab886b60ed1119de835aef19a109,ddddaf0
eviddie-20240115-19940419,20240115,19940419,rare,1shot,0,EviDDIE,PT-17920922,CGIGDMFJXJATDK,NDAUXUAQIAJITI,1,0,0.49913692,0.98979902,0.01205,0.0085622,d7bc70db46c9b861d2aaa0fe4040a7b19be4faa14939df384d353558c5f7720d,17c85f44910f43939d8c336b8e11d77e86e561a15bc4c215773e76a4b95d3f27,d5b11d25f3b2415dc959ae176b1986eff29aab886b60ed1119de835aef19a109,ddddaf0
eviddie-20240115-19940419,20240115,19940419,rare,1shot,0,EviDDIE,PT-17920922,CGIGDMFJXJATDK,KJHKTHWMRKYKJE,0,0,0.49914509,0.98993266,0.01189687,0.00844252,d7bc70db46c9b861d2aaa0fe4040a7b19be4faa14939df384d353558c5f7720d,17c85f44910f43939d8c336b8e11d77e86e561a15bc4c215773e76a4b95d3f27,d5b11d25f3b2415dc959ae176b1986eff29aab886b60ed1119de835aef19a109,ddddaf0
eviddie-20240115-19940419,20240115,19940419,rare,1shot,0,EviDDIE,PT-17924382,HYIMSNHJOBLJNT,UCHDWCPVSPXUMX,1,0,0.49914026,0.98985285,0.01198826,0.00851402,d7bc70db46c9b861d2aaa0fe4040a7b19be4faa14939df384d353558c5f7720d,17c85f44910f43939d8c336b8e11d77e86e561a15bc4c215773e76a4b95d3f27,d5b11d25f3b2415dc959ae176b1986eff29aab886b60ed1119de835aef19a109,ddddaf0
eviddie-20240115-19940419,20240115,19940419,rare,1shot,0,EviDDIE,PT-17924382,HYIMSNHJOBLJNT,BLJRIMJGRPQVNF,0,0,0.49912712,0.98963696,0.01223564,0.00870752,d7bc70db46c9b861d2aaa0fe4040a7b19be4faa14939df384d353558c5f7720d,17c85f44910f43939d8c336b8e11d77e86e561a15bc4c215773e76a4b95d3f27,d5b11d25f3b2415dc959ae176b1986eff29aab886b60ed1119de835aef19a109,ddddaf0
eviddie-20240115-19940419,20240115,19940419,rare,1shot,0,EviDDIE,PT-17926716,KDLRVYVGXIQJDK,VOVIALXJUBGFJZ,1,0,0.49911189,0.98938376,0.01252548,0.0089348,d7bc70db46c9b861d2aaa0fe4040a7b19be4faa14939df384d353558c5f7720d,17c85f44910f43939d8c336b8e11d77e86e561a15bc4c215773e76a4b95d3f27,d5b11d25f3b2415dc959ae176b1986eff29aab886b60ed1119de835aef19a109,ddddaf0
eviddie-20240115-19940419,20240115,19940419,rare,1shot,0,EviDDIE,PT-17926716,KDLRVYVGXIQJDK,KUVIULQEHSCUHY,0,0,0.49911642,0.98946023,0.01243795,0.00886611,d7bc70db46c9b861d2aaa0fe4040a7b19be4faa14939df384d353558c5f7720d,17c85f44910f43939d8c336b8e11d77e86e561a15bc4c215773e76a4b95d3f27,d5b11d25f3b2415dc959ae176b1986eff29aab886b60ed1119de835aef19a109,ddddaf0
eviddie-20240115-19940419,20240115,19940419,rare,1shot,0,EviDDIE,PT-17936618,HSUGRBWQSSZJOP,KWMLJOLKUYYJFJ,1,0,0.49912053,0.98952824,0.01236009,0.00880508,d7bc70db46c9b861d2aaa0fe4040a7b19be4faa14939df384d353558c5f7720d,17c85f44910f43939d8c336b8e11d77e86e561a15bc4c215773e76a4b95d3f27,d5b11d25f3b2415dc959ae176b1986eff29aab886b60ed1119de835aef19a109,ddddaf0
eviddie-20240115-19940419,20240115,19940419,rare,1shot,0,EviDDIE,PT-17936618,HSUGRBWQSSZJOP,PHVGLTMQBUFIQQ,0,0,0.49914297,0.9898985,0.01193593,0.00847306,d7bc70db46c9b861d2aaa0fe4040a7b19be4faa14939df384d353558c5f7720d,17c85f44910f43939d8c336b8e11d77e86e561a15bc4c215773e76a4b95d3f27,d5b11d25f3b2415dc959ae176b1986eff29aab886b60ed1119de835aef19a109,ddddaf0
eviddie-20240115-19940419,20240115,19940419,rare,1shot,0,EviDDIE,PT-18015884,PMATZTZNYRCHOR,TTWJBBZEZQICBI,1,0,0.49912322,0.98957205,0.01230992,0.00876577,d7bc70db46c9b861d2aaa0fe4040a7b19be4faa14939df384d353558c5f7720d,17c85f44910f43939d8c336b8e11d77e86e561a15bc4c215773e76a4b95d3f27,d5b11d25f3b2415dc959ae176b1986eff29aab886b60ed1119de835aef19a109,ddddaf0
eviddie-20240115-19940419,20240115,19940419,rare,1shot,0,EviDDIE,PT-18015884,PMATZTZNYRCHOR,BPZSYCZIITTYBL,0,0,0.4991267,0.98962992,0.01224358,0.00871381,d7bc70db46c9b861d2aaa0fe4040a7b19be4faa14939df384d353558c5f7720d,17c85f44910f43939d8c336b8e11d77e86e561a15bc4c215773e76a4b95d3f27,d5b11d25f3b2415dc959ae176b1986eff29aab886b60ed1119de835aef19a109,ddddaf0
eviddie-20240115-19940419,20240115,19940419,rare,1shot,0,EviDDIE,PT-18021133,AVOLMBLBETYQHX,IRSCQMHQWWYFCW,1,0,0.49914002,0.98984921,0.01199248,0.00851722,d7bc70db46c9b861d2aaa0fe4040a7b19be4faa14939df384d353558c5f7720d,17c85f44910f43939d8c336b8e11d77e86e561a15bc4c215773e76a4b95d3f27,d5b11d25f3b2415dc959ae176b1986eff29aab886b60ed1119de835aef19a109,ddddaf0
eviddie-20240115-19940419,20240115,19940419,rare,1shot,0,EviDDIE,PT-18021133,AVOLMBLBETYQHX,VWQWXZAWFPZJDA,0,0,0.49913135,0.98970699,0.0121554,0.00864466,d7bc70db46c9b861d2aaa0fe4040a7b19be4faa14939df384d353558c5f7720d,17c85f44910f43939d8c336b8e11d77e86e561a15bc4c215773e76a4b95d3f27,d5b11d25f3b2415dc959ae176b1986eff29aab886b60ed1119de835aef19a109,ddddaf0
eviddie-20240115-19940419,20240115,19940419,rare,1shot,0,EviDDIE,PT-18223309,LTMHDMANZUZIPE,XUKUURHRXDUEBC,1,0,0.49912694,0.98963368,0.01223933,0.00871052,d7bc70db46c9b861d2aaa0fe4040a7b19be4faa14939df384d353558c5f7720d,17c85f44910f43939d8c336b8e11d77e86e561a15bc4c215773e76a4b95d3f27,d5b11d25f3b2415dc959ae176b1986eff29aab886b60ed1119de835aef19a109,ddddaf0
eviddie-20240115-19940419,20240115,19940419,rare,1shot,0,EviDDIE,PT-18223309,LTMHDMANZUZIPE,GBABOYUKABKIAF,0,0,0.49912247,0.98955917,0.01232466,0.00877737,d7bc70db46c9b861d2aaa0fe4040a7b19be4faa14939df384d353558c5f7720d,17c85f44910f43939d8c336b8e11d77e86e561a15bc4c215773e76a4b95d3f27,d5b11d25f3b2415dc959ae176b1986eff29aab886b60ed1119de835aef19a109,ddddaf0
eviddie-20240115-19940419,20240115,19940419,rare,1shot,0,EviDDIE,PT-18257545,MOYKHGMNXAOIAT,XFYDIVBRZNQMJC,1,0,0.49912903,0.98966891,0.01219893,0.00867876,d7bc70db46c9b861d2aaa0fe4040a7b19be4faa14939df384d353558c5f7720d,17c85f44910f43939d8c336b8e11d77e86e561a15bc4c215773e76a4b95d3f27,d5b11d25f3b2415dc959ae176b1986eff29aab886b60ed1119de835aef19a109,ddddaf0
eviddie-20240115-19940419,20240115,19940419,rare,1shot,0,EviDDIE,PT-18257545,MOYKHGMNXAOIAT,SEEPANYCNGTZFQ,0,0,0.49913502,0.98976749,0.01208611,0.00859051,d7bc70db46c9b861d2aaa0fe4040a7b19be4faa14939df384d353558c5f7720d,17c85f44910f43939d8c336b8e11d77e86e561a15bc4c215773e76a4b95d3f27,d5b11d25f3b2415dc959ae176b1986eff29aab886b60ed1119de835aef19a109,ddddaf0
eviddie-20240115-19940419,20240115,19940419,rare,1shot,0,EviDDIE,PT-18263331,RJKFOVLPORLFTN,WUTYZMFRCNBCHQ,1,0,0.4991127,0.98939812,0.01250897,0.0089219,d7bc70db46c9b861d2aaa0fe4040a7b19be4faa14939df384d353558c5f7720d,17c85f44910f43939d8c336b8e11d77e86e561a15bc4c215773e76a4b95d3f27,d5b11d25f3b2415dc959ae176b1986eff29aab886b60ed1119de835aef19a109,ddddaf0
eviddie-20240115-19940419,20240115,19940419,rare,1shot,0,EviDDIE,PT-18263331,RJKFOVLPORLFTN,TTWJBBZEZQICBI,0,0,0.49912506,0.98960298,0.01227448,0.00873806,d7bc70db46c9b861d2aaa0fe4040a7b19be4faa14939df384d353558c5f7720d,17c85f44910f43939d8c336b8e11d77e86e561a15bc4c215773e76a4b95d3f27,d5b11d25f3b2415dc959ae176b1986eff29aab886b60ed1119de835aef19a109,ddddaf0
eviddie-20240115-19940419,20240115,19940419,rare,1shot,0,EviDDIE,PT-18265723,ANGKOCUUWGHLCE,NDAUXUAQIAJITI,1,0,0.49912259,0.98956209,0.01232131,0.00877465,d7bc70db46c9b861d2aaa0fe4040a7b19be4faa14939df384d353558c5f7720d,17c85f44910f43939d8c336b8e11d77e86e561a15bc4c215773e76a4b95d3f27,d5b11d25f3b2415dc959ae176b1986eff29aab886b60ed1119de835aef19a109,ddddaf0
eviddie-20240115-19940419,20240115,19940419,rare,1shot,0,EviDDIE,PT-18265723,ANGKOCUUWGHLCE,IPQVTOJGNYVQEO,0,0,0.49912724,0.98963904,0.01223315,0.0087056,d7bc70db46c9b861d2aaa0fe4040a7b19be4faa14939df384d353558c5f7720d,17c85f44910f43939d8c336b8e11d77e86e561a15bc4c215773e76a4b95d3f27,d5b11d25f3b2415dc959ae176b1986eff29aab886b60ed1119de835aef19a109,ddddaf0
eviddie-20240115-19940419,20240115,19940419,rare,1shot,0,EviDDIE,PT-18274582,DDBREPKUVSBGFI,OIGNJSKKLXVSLS,1,0,0.49912834,0.98965722,0.0122123,0.00868926,d7bc70db46c9b861d2aaa0fe4040a7b19be4faa14939df384d353558c5f7720d,17c85f44910f43939d8c336b8e11d77e86e561a15bc4c215773e76a4b95d3f27,d5b11d25f3b2415dc959ae176b1986eff29aab886b60ed1119de835aef19a109,ddddaf0
eviddie-20240115-19940419,20240115,19940419,rare,1shot,0,EviDDIE,PT-18274582,DDBREPKUVSBGFI,GAGWJHPBXLXJQN,0,0,0.49913299,0.98973316,0.01212554,0.00862131,d7bc70db46c9b861d2aaa0fe4040a7b19be4faa14939df384d353558c5f7720d,17c85f44910f43939d8c336b8e11d77e86e561a15bc4c215773e76a4b95d3f27,d5b11d25f3b2415dc959ae176b1986eff29aab886b60ed1119de835aef19a109,ddddaf0
eviddie-20240115-19940419,20240115,19940419,rare,1shot,0,EviDDIE,PT-18331313,CMWTZPSULFXXJA,XMAYWYJOQHXEEK,1,0,0.49914601,0.98994714,0.01188039,0.00842963,d7bc70db46c9b861d2aaa0fe4040a7b19be4faa14939df384d353558c5f7720d,17c85f44910f43939d8c336b8e11d77e86e561a15bc4c215773e76a4b95d3f27,d5b11d25f3b2415dc959ae176b1986eff29aab886b60ed1119de835aef19a109,ddddaf0
eviddie-20240115-19940419,20240115,19940419,rare,1shot,0,EviDDIE,PT-18331313,CMWTZPSULFXXJA,MCJGNVYPOGVAJF,0,0,0.4991551,0.99009597,0.0117097,0.00829642,d7bc70db46c9b861d2aaa0fe4040a7b19be4faa14939df384d353558c5f7720d,17c85f44910f43939d8c336b8e11d77e86e561a15bc4c215773e76a4b95d3f27,d5b11d25f3b2415dc959ae176b1986eff29aab886b60ed1119de835aef19a109,ddddaf0
eviddie-20240115-19940419,20240115,19940419,rare,1shot,0,EviDDIE,PT-18343320,CDAISMWEOUEBRE,HEFNNWSXXWATRW,1,0,0.49911311,0.9894051,0.01250104,0.00891558,d7bc70db46c9b861d2aaa0fe4040a7b19be4faa14939df384d353558c5f7720d,17c85f44910f43939d8c336b8e11d77e86e561a15bc4c215773e76a4b95d3f27,d5b11d25f3b2415dc959ae176b1986eff29aab886b60ed1119de835aef19a109,ddddaf0
eviddie-20240115-19940419,20240115,19940419,rare,1shot,0,EviDDIE,PT-18343320,CDAISMWEOUEBRE,HUNXMJYCHXQEGX,0,0,0.4991242,0.98958921,0.01229038,0.00875031,d7bc70db46c9b861d2aaa0fe4040a7b19be4faa14939df384d353558c5f7720d,17c85f44910f43939d8c336b8e11d77e86e561a15bc4c215773e76a4b95d3f27,d5b11d25f3b2415dc959ae176b1986eff29aab886b60ed1119de835aef19a109,ddddaf0
eviddie-20240115-19940419,20240115,19940419,rare,1shot,0,EviDDIE,PT-18358513,KLDXJTOLSGUMSJ,OEYIOHPDSNJKLS,1,0,0.49909616,0.98912036,0.0128269,0.00917178,d7bc70db46c9b861d2aaa0fe4040a7b19be4faa14939df384d353558c5f7720d,17c85f44910f43939d8c336b8e11d77e86e561a15bc4c215773e76a4b95d3f27,d5b11d25f3b2415dc959ae176b1986eff29aab886b60ed1119de835aef19a109,ddddaf0
eviddie-20240115-19940419,20240115,19940419,rare,1shot,0,EviDDIE,PT-18358513,NDAUXUAQIAJITI,YWXYYJSYQOXTPL,1,0,0.49911264,0.98939729,0.01251006,0.00892261,d7bc70db46c9b861d2aaa0fe4040a7b19be4faa14939df384d353558c5f7720d,17c85f44910f43939d8c336b8e11d77e86e561a15bc4c215773e76a4b95d3f27,d5b11d25f3b2415dc959ae176b1986eff29aab886b60ed1119de835aef19a109,ddddaf0
eviddie-20240115-19940419,20240115,19940419,rare,1shot,0,EviDDIE,PT-18358513,KLDXJTOLSGUMSJ,IEDVJHCEMCRBQM,0,0,0.49911925,0.98950642,0.01238512,0.00882471,d7bc70db46c9b861d2aaa0fe4040a7b19be4faa14939df384d353558c5f7720d,17c85f44910f43939d8c336b8e11d77e86e561a15bc4c215773e76a4b95d3f27,d5b11d25f3b2415dc959ae176b1986eff29aab886b60ed1119de835aef19a109,ddddaf0
eviddie-20240115-19940419,20240115,19940419,rare,1shot,0,EviDDIE,PT-18358513,NDAUXUAQIAJITI,LTMHDMANZUZIPE,0,0,0.49911374,0.98941565,0.01248903,0.0089061,d7bc70db46c9b861d2aaa0fe4040a7b19be4faa14939df384d353558c5f7720d,17c85f44910f43939d8c336b8e11d77e86e561a15bc4c215773e76a4b95d3f27,d5b11d25f3b2415dc959ae176b1986eff29aab886b60ed1119de835aef19a109,ddddaf0
eviddie-20240115-19940419,20240115,19940419,rare,1shot,0,EviDDIE,PT-18475368,BSYNRYMUTXBXSQ,IUBSYMUCCVWXPE,1,0,0.49913183,0.98971468,0.0121466,0.00863775,d7bc70db46c9b861d2aaa0fe4040a7b19be4faa14939df384d353558c5f7720d,17c85f44910f43939d8c336b8e11d77e86e561a15bc4c215773e76a4b95d3f27,d5b11d25f3b2415dc959ae176b1986eff29aab886b60ed1119de835aef19a109,ddddaf0
eviddie-20240115-19940419,20240115,19940419,rare,1shot,0,EviDDIE,PT-18475368,BSYNRYMUTXBXSQ,IRSCQMHQWWYFCW,0,0,0.49914119,0.98986888,0.01196992,0.00849957,d7bc70db46c9b861d2aaa0fe4040a7b19be4faa14939df384d353558c5f7720d,17c85f44910f43939d8c336b8e11d77e86e561a15bc4c215773e76a4b95d3f27,d5b11d25f3b2415dc959ae176b1986eff29aab886b60ed1119de835aef19a109,ddddaf0
eviddie-20240115-19940419,20240115,19940419,rare,1shot,0,EviDDIE,PT-18498370,HSUGRBWQSSZJOP,NGBFQHCMQULJNZ,1,0,0.49914607,0.98994863,0.01187859,0.00842827,d7bc70db46c9b861d2aaa0fe4040a7b19be4faa14939df384d353558c5f7720d,17c85f44910f43939d8c336b8e11d77e86e561a15bc4c215773e76a4b95d3f27,d5b11d25f3b2415dc959ae176b1986eff29aab886b60ed1119de835aef19a109,ddddaf0
eviddie-20240115-19940419,20240115,19940419,rare,1shot,0,EviDDIE,PT-18498370,HSUGRBWQSSZJOP,PHVGLTMQBUFIQQ,0,0,0.49914297,0.9898985,0.01193594,0.00847306,d7bc70db46c9b861d2aaa0fe4040a7b19be4faa14939df384d353558c5f7720d,17c85f44910f43939d8c336b8e11d77e86e561a15bc4c215773e76a4b95d3f27,d5b11d25f3b2415dc959ae176b1986eff29aab886b60ed1119de835aef19a109,ddddaf0
eviddie-20240115-19940419,20240115,19940419,rare,1shot,0,EviDDIE,PT-18498415,QWCRAEMEVRGPNT,SHGAZHPCJJPHSC,1,0,0.49913183,0.98971468,0.01214651,0.00863779,d7bc70db46c9b861d2aaa0fe4040a7b19be4faa14939df384d353558c5f7720d,17c85f44910f43939d8c336b8e11d77e86e561a15bc4c215773e76a4b95d3f27,d5b11d25f3b2415dc959ae176b1986eff29aab886b60ed1119de835aef19a109,ddddaf0
eviddie-20240115-19940419,20240115,19940419,rare,1shot,0,EviDDIE,PT-18498415,QWCRAEMEVRGPNT,METKIMKYRPQLGS,0,0,0.49912763,0.98964536,0.0122259,0.00869998,d7bc70db46c9b861d2aaa0fe4040a7b19be4faa14939df384d353558c5f7720d,17c85f44910f43939d8c336b8e11d77e86e561a15bc4c215773e76a4b95d3f27,d5b11d25f3b2415dc959ae176b1986eff29aab886b60ed1119de835aef19a109,ddddaf0
eviddie-20240115-19940419,20240115,19940419,rare,1shot,0,EviDDIE,PT-18517210,JIVPVXMEBJLZRO,SNPPWIUOZRMYNY,1,0,0.49914369,0.98990995,0.01192285,0.0084628,d7bc70db46c9b861d2aaa0fe4040a7b19be4faa14939df384d353558c5f7720d,17c85f44910f43939d8c336b8e11d77e86e561a15bc4c215773e76a4b95d3f27,d5b11d25f3b2415dc959ae176b1986eff29aab886b60ed1119de835aef19a109,ddddaf0
eviddie-20240115-19940419,20240115,19940419,rare,1shot,0,EviDDIE,PT-18517210,JIVPVXMEBJLZRO,QYIYFLOTGYLRGG,0,0,0.49914503,0.98993099,0.01189885,0.00844407,d7bc70db46c9b861d2aaa0fe4040a7b19be4faa14939df384d353558c5f7720d,17c85f44910f43939d8c336b8e11d77e86e561a15bc4c215773e76a4b95d3f27,d5b11d25f3b2415dc959ae176b1986eff29aab886b60ed1119de835aef19a109,ddddaf0
eviddie-20240115-19940419,20240115,19940419,rare,1shot,0,EviDDIE,PT-18663418,MYSWGUAQZAJSOK,PDMMFKSKQVNJMI,1,0,0.49912927,0.98967206,0.01219536,0.008676,d7bc70db46c9b861d2aaa0fe4040a7b19be4faa14939df384d353558c5f7720d,17c85f44910f43939d8c336b8e11d77e86e561a15bc4c215773e76a4b95d3f27,d5b11d25f3b2415dc959ae176b1986eff29aab886b60ed1119de835aef19a109,ddddaf0
eviddie-20240115-19940419,20240115,19940419,rare,1shot,0,EviDDIE,PT-18663418,MYSWGUAQZAJSOK,NIJJYAXOARWZEE,0,0,0.49912298,0.98956865,0.01231386,0.00876884,d7bc70db46c9b861d2aaa0fe4040a7b19be4faa14939df384d353558c5f7720d,17c85f44910f43939d8c336b8e11d77e86e561a15bc4c215773e76a4b95d3f27,d5b11d25f3b2415dc959ae176b1986eff29aab886b60ed1119de835aef19a109,ddddaf0
eviddie-20240115-19940419,20240115,19940419,rare,1shot,0,EviDDIE,PT-18665049,WIIZWVCIJKGZOK,WMWTYOKRWGGJOA,1,0,0.49912351,0.98957753,0.01230374,0.00876081,d7bc70db46c9b861d2aaa0fe4040a7b19be4faa14939df384d353558c5f7720d,17c85f44910f43939d8c336b8e11d77e86e561a15bc4c215773e76a4b95d3f27,d5b11d25f3b2415dc959ae176b1986eff29aab886b60ed1119de835aef19a109,ddddaf0
eviddie-20240115-19940419,20240115,19940419,rare,1shot,0,EviDDIE,PT-18665049,WIIZWVCIJKGZOK,PHVGLTMQBUFIQQ,0,0,0.4991352,0.98977041,0.01208282,0.0085878,d7bc70db46c9b861d2aaa0fe4040a7b19be4faa14939df384d353558c5f7720d,17c85f44910f43939d8c336b8e11d77e86e561a15bc4c215773e76a4b95d3f27,d5b11d25f3b2415dc959ae176b1986eff29aab886b60ed1119de835aef19a109,ddddaf0
eviddie-20240115-19940419,20240115,19940419,rare,1shot,0,EviDDIE,PT-18672493,IUBSYMUCCVWXPE,USSIQXCVUWKGNF,1,0,0.49913466,0.98976189,0.01209262,0.00859552,d7bc70db46c9b861d2aaa0fe4040a7b19be4faa14939df384d353558c5f7720d,17c85f44910f43939d8c336b8e11d77e86e561a15bc4c215773e76a4b95d3f27,d5b11d25f3b2415dc959ae176b1986eff29aab886b60ed1119de835aef19a109,ddddaf0
eviddie-20240115-19940419,20240115,19940419,rare,1shot,0,EviDDIE,PT-18672493,IUBSYMUCCVWXPE,HUNXMJYCHXQEGX,0,0,0.49913967,0.98984432,0.01199819,0.00852161,d7bc70db46c9b861d2aaa0fe4040a7b19be4faa14939df384d353558c5f7720d,17c85f44910f43939d8c336b8e11d77e86e561a15bc4c215773e76a4b95d3f27,d5b11d25f3b2415dc959ae176b1986eff29aab886b60ed1119de835aef19a109,ddddaf0
eviddie-20240115-19940419,20240115,19940419,rare,1shot,0,EviDDIE,PT-18690392,CGIGDMFJXJATDK,RYMZZMVNJRMUDD,1,0,0.49913514,0.98976982,0.0120834,0.00858831,d7bc70db46c9b861d2aaa0fe4040a7b19be4faa14939df384d353558c5f7720d,17c85f44910f43939d8c336b8e11d77e86e561a15bc4c215773e76a4b95d3f27,d5b11d25f3b2415dc959ae176b1986eff29aab886b60ed1119de835aef19a109,ddddaf0
eviddie-20240115-19940419,20240115,19940419,rare,1shot,0,EviDDIE,PT-18690392,CGIGDMFJXJATDK,QAOWNCQODCNURD,0,0,0.49915615,0.9901135,0.01168963,0.00828069,d7bc70db46c9b861d2aaa0fe4040a7b19be4faa14939df384d353558c5f7720d,17c85f44910f43939d8c336b8e11d77e86e561a15bc4c215773e76a4b95d3f27,d5b11d25f3b2415dc959ae176b1986eff29aab886b60ed1119de835aef19a109,ddddaf0
eviddie-20240115-19940419,20240115,19940419,rare,1shot,0,EviDDIE,PT-18690915,FBOZXECLQNJBKD,RFHAOTPXVQNOHP,1,0,0.49914718,0.98996639,0.01185818,0.00841234,d7bc70db46c9b861d2aaa0fe4040a7b19be4faa14939df384d353558c5f7720d,17c85f44910f43939d8c336b8e11d77e86e561a15bc4c215773e76a4b95d3f27,d5b11d25f3b2415dc959ae176b1986eff29aab886b60ed1119de835aef19a109,ddddaf0
eviddie-20240115-19940419,20240115,19940419,rare,1shot,0,EviDDIE,PT-18690915,FBOZXECLQNJBKD,TZFNLOMSOLWIDK,0,0,0.49913496,0.9897663,0.01208744,0.00859154,d7bc70db46c9b861d2aaa0fe4040a7b19be4faa14939df384d353558c5f7720d,17c85f44910f43939d8c336b8e11d77e86e561a15bc4c215773e76a4b95d3f27,d5b11d25f3b2415dc959ae176b1986eff29aab886b60ed1119de835aef19a109,ddddaf0
eviddie-20240115-19940419,20240115,19940419,rare,1shot,0,EviDDIE,PT-18712929,AQCHWTWZEMGIFD,QYSXJUFSXHHAJI,1,0,0.49913281,0.98973095,0.01212804,0.00862322,d7bc70db46c9b861d2aaa0fe4040a7b19be4faa14939df384d353558c5f7720d,17c85f44910f43939d8c336b8e11d77e86e561a15bc4c215773e76a4b95d3f27,d5b11d25f3b2415dc959ae176b1986eff29aab886b60ed1119de835aef19a109,ddddaf0
eviddie-20240115-19940419,20240115,19940419,rare,1shot,0,EviDDIE,PT-18712929,AQCHWTWZEMGIFD,UZHSEJADLWPNLE,0,0,0.49914083,0.98986304,0.01197673,0.00850491,d7bc70db46c9b861d2aaa0fe4040a7b19be4faa14939df384d353558c5f7720d,17c85f44910f43939d8c336b8e11d77e86e561a15bc4c215773e76a4b95d3f27,d5b11d25f3b2415dc959ae176b1986eff29aab886b60ed1119de835aef19a109,ddddaf0
eviddie-20240115-19940419,20240115,19940419,rare,1shot,0,EviDDIE,PT-18813849,IPVQLZZIHOAWMC,ZBMZVLHSJCTVON,1,0,0.49912572,0.98961383,0.01226208,0.00872824,d7bc70db46c9b861d2aaa0fe4040a7b19be4faa14939df384d353558c5f7720d,17c85f44910f43939d8c336b8e11d77e86e561a15bc4c215773e76a4b95d3f27,d5b11d25f3b2415dc959ae176b1986eff29aab886b60ed1119de835aef19a109,ddddaf0
eviddie-20240115-19940419,20240115,19940419,rare,1shot,0,EviDDIE,PT-18813849,IPVQLZZIHOAWMC,XKLMZUWKNUAPSZ,0,0,0.49912211,0.98955405,0.01233061,0.00878193,d7bc70db46c9b861d2aaa0fe4040a7b19be4faa14939df384d353558c5f7720d,17c85f44910f43939d8c336b8e11d77e86e561a15bc4c215773e76a4b95d3f27,d5b11d25f3b2415dc959ae176b1986eff29aab886b60ed1119de835aef19a109,ddddaf0
eviddie-20240115-19940419,20240115,19940419,rare,1shot,0,EviDDIE,PT-18886153,AUYYCJSJGJYCDS,RGHNJXZEOKUKBD,1,0,0.49912021,0.9895224,0.01236674,0.00881025,d7bc70db46c9b861d2aaa0fe4040a7b19be4faa14939df384d353558c5f7720d,17c85f44910f43939d8c336b8e11d77e86e561a15bc4c215773e76a4b95d3f27,d5b11d25f3b2415dc959ae176b1986eff29aab886b60ed1119de835aef19a109,ddddaf0
eviddie-20240115-19940419,20240115,19940419,rare,1shot,0,EviDDIE,PT-18886153,URKOMYMAXPYINW,ZZUFCTLCJUWOSV,1,0,0.4991484,0.98998547,0.01183637,0.00839538,d7bc70db46c9b861d2aaa0fe4040a7b19be4faa14939df384d353558c5f7720d,17c85f44910f43939d8c336b8e11d77e86e561a15bc4c215773e76a4b95d3f27,d5b11d25f3b2415dc959ae176b1986eff29aab886b60ed1119de835aef19a109,ddddaf0
eviddie-20240115-19940419,20240115,19940419,rare,1shot,0,EviDDIE,PT-18886153,XUFQPHANEAPEMJ,ZQDWXGKKHFNSQK,1,0,0.4991374,0.98980671,0.01204119,0.00855529,d7bc70db46c9b861d2aaa0fe4040a7b19be4faa14939df384d353558c5f7720d,17c85f44910f43939d8c336b8e11d77e86e561a15bc4c215773e76a4b95d3f27,d5b11d25f3b2415dc959ae176b1986eff29aab886b60ed1119de835aef19a109,ddddaf0
eviddie-20240115-19940419,20240115,19940419,rare,1shot,0,EviDDIE,PT-18886153,AUYYCJSJGJYCDS,GRYLNZFGIOXLOG,0,0,0.499138,0.98981619,0.01203038,0.00854689,d7bc70db46c9b861d2aaa0fe4040a7b19be4faa14939df384d353558c5f7720d,17c85f44910f43939d8c336b8e11d77e86e561a15bc4c215773e76a4b95d3f27,d5b11d25f3b2415dc959ae176b1986eff29aab886b60ed1119de835aef19a109,ddddaf0
eviddie-20240115-19940419,20240115,19940419,rare,1shot,0,EviDDIE,PT-18886153,URKOMYMAXPYINW,JZQKKSLKJUAGIC,0,0,0.4991371,0.98980206,0.01204642,0.00855949,d7bc70db46c9b861d2aaa0fe4040a7b19be4faa14939df384d353558c5f7720d,17c85f44910f43939d8c336b8e11d77e86e561a15bc4c215773e76a4b95d3f27,d5b11d25f3b2415dc959ae176b1986eff29aab886b60ed1119de835aef19a109,ddddaf0
eviddie-20240115-19940419,20240115,19940419,rare,1shot,0,EviDDIE,PT-18886153,XUFQPHANEAPEMJ,TTWJBBZEZQICBI,0,0,0.49913374,0.98974597,0.01211075,0.00860972,d7bc70db46c9b861d2aaa0fe4040a7b19be4faa14939df384d353558c5f7720d,17c85f44910f43939d8c336b8e11d77e86e561a15bc4c215773e76a4b95d3f27,d5b11d25f3b2415dc959ae176b1986eff29aab886b60ed1119de835aef19a109,ddddaf0
eviddie-20240115-19940419,20240115,19940419,rare,1shot,0,EviDDIE,PT-18927750,BMCQMVFGOVHVNG,OEYIOHPDSNJKLS,1,0,0.49910671,0.98929709,0.01262473,0.00901277,d7bc70db46c9b861d2aaa0fe4040a7b19be4faa14939df384d353558c5f7720d,17c85f44910f43939d8c336b8e11d77e86e561a15bc4c215773e76a4b95d3f27,d5b11d25f3b2415dc959ae176b1986eff29aab886b60ed1119de835aef19a109,ddddaf0
eviddie-20240115-19940419,20240115,19940419,rare,1shot,0,EviDDIE,PT-18927750,BMCQMVFGOVHVNG,QYSPLQLAKJAUJT,0,0,0.4991385,0.98982424,0.01202101,0.00853963,d7bc70db46c9b861d2aaa0fe4040a7b19be4faa14939df384d353558c5f7720d,17c85f44910f43939d8c336b8e11d77e86e561a15bc4c215773e76a4b95d3f27,d5b11d25f3b2415dc959ae176b1986eff29aab886b60ed1119de835aef19a109,ddddaf0
eviddie-20240115-19940419,20240115,19940419,rare,1shot,0,EviDDIE,PT-19056156,CTRLABGOLIVAIY,GFNANZIMVAIWHM,1,0,0.49913362,0.98974425,0.01211269,0.00861129,d7bc70db46c9b861d2aaa0fe4040a7b19be4faa14939df384d353558c5f7720d,17c85f44910f43939d8c336b8e11d77e86e561a15bc4c215773e76a4b95d3f27,d5b11d25f3b2415dc959ae176b1986eff29aab886b60ed1119de835aef19a109,ddddaf0
eviddie-20240115-19940419,20240115,19940419,rare,1shot,0,EviDDIE,PT-19056156,CTRLABGOLIVAIY,QHMBSVQNZZTUGM,0,0,0.49913928,0.98983711,0.0120064,0.00852813,d7bc70db46c9b861d2aaa0fe4040a7b19be4faa14939df384d353558c5f7720d,17c85f44910f43939d8c336b8e11d77e86e561a15bc4c215773e76a4b95d3f27,d5b11d25f3b2415dc959ae176b1986eff29aab886b60ed1119de835aef19a109,ddddaf0
eviddie-20240115-19940419,20240115,19940419,rare,1shot,0,EviDDIE,PT-19236117,LERNTVKEWCAPOY,USSIQXCVUWKGNF,1,0,0.49913782,0.98981303,0.01203385,0.00854964,d7bc70db46c9b861d2aaa0fe4040a7b19be4faa14939df384d353558c5f7720d,17c85f44910f43939d8c336b8e11d77e86e561a15bc4c215773e76a4b95d3f27,d5b11d25f3b2415dc959ae176b1986eff29aab886b60ed1119de835aef19a109,ddddaf0
eviddie-20240115-19940419,20240115,19940419,rare,1shot,0,EviDDIE,PT-19236117,ODQWQRRAPPTVAG,UZHSEJADLWPNLE,1,0,0.49913678,0.98979586,0.01205357,0.00856501,d7bc70db46c9b861d2aaa0fe4040a7b19be4faa14939df384d353558c5f7720d,17c85f44910f43939d8c336b8e11d77e86e561a15bc4c215773e76a4b95d3f27,d5b11d25f3b2415dc959ae176b1986eff29aab886b60ed1119de835aef19a109,ddddaf0
eviddie-20240115-19940419,20240115,19940419,rare,1shot,0,EviDDIE,PT-19236117,LERNTVKEWCAPOY,OFVLGDICTFRJMM,0,0,0.4991273,0.98963964,0.01223252,0.00870512,d7bc70db46c9b861d2aaa0fe4040a7b19be4faa14939df384d353558c5f7720d,17c85f44910f43939d8c336b8e11d77e86e561a15bc4c215773e76a4b95d3f27,d5b11d25f3b2415dc959ae176b1986eff29aab886b60ed1119de835aef19a109,ddddaf0
eviddie-20240115-19940419,20240115,19940419,rare,1shot,0,EviDDIE,PT-19236117,ODQWQRRAPPTVAG,DJBNUMBKLMJRSA,0,0,0.49913368,0.98974544,0.01211146,0.00861029,d7bc70db46c9b861d2aaa0fe4040a7b19be4faa14939df384d353558c5f7720d,17c85f44910f43939d8c336b8e11d77e86e561a15bc4c215773e76a4b95d3f27,d5b11d25f3b2415dc959ae176b1986eff29aab886b60ed1119de835aef19a109,ddddaf0
eviddie-20240115-19940419,20240115,19940419,rare,1shot,0,EviDDIE,PT-20711130,RDOIQAHITMMDAJ,WMWTYOKRWGGJOA,1,0,0.49913466,0.98976117,0.01209343,0.00859619,d7bc70db46c9b861d2aaa0fe4040a7b19be4faa14939df384d353558c5f7720d,17c85f44910f43939d8c336b8e11d77e86e561a15bc4c215773e76a4b95d3f27,d5b11d25f3b2415dc959ae176b1986eff29aab886b60ed1119de835aef19a109,ddddaf0
eviddie-20240115-19940419,20240115,19940419,rare,1shot,0,EviDDIE,PT-20711130,RDOIQAHITMMDAJ,QWAXKHKRTORLEM,0,0,0.49913955,0.98984188,0.01200097,0.00852388,d7bc70db46c9b861d2aaa0fe4040a7b19be4faa14939df384d353558c5f7720d,17c85f44910f43939d8c336b8e11d77e86e561a15bc4c215773e76a4b95d3f27,d5b11d25f3b2415dc959ae176b1986eff29aab886b60ed1119de835aef19a109,ddddaf0
eviddie-20240115-19940419,20240115,19940419,rare,1shot,0,EviDDIE,PT-20937945,ITRJWOMZKQRYTA,KWGRBVOPPLSCSI,1,0,0.49912852,0.98966002,0.01220908,0.00868684,d7bc70db46c9b861d2aaa0fe4040a7b19be4faa14939df384d353558c5f7720d,17c85f44910f43939d8c336b8e11d77e86e561a15bc4c215773e76a4b95d3f27,d5b11d25f3b2415dc959ae176b1986eff29aab886b60ed1119de835aef19a109,ddddaf0
eviddie-20240115-19940419,20240115,19940419,rare,1shot,0,EviDDIE,PT-20937945,ITRJWOMZKQRYTA,MGNNYOODZCAHBA,0,0,0.49912414,0.98958766,0.01229195,0.00875173,d7bc70db46c9b861d2aaa0fe4040a7b19be4faa14939df384d353558c5f7720d,17c85f44910f43939d8c336b8e11d77e86e561a15bc4c215773e76a4b95d3f27,d5b11d25f3b2415dc959ae176b1986eff29aab886b60ed1119de835aef19a109,ddddaf0
eviddie-20240115-19940419,20240115,19940419,rare,1shot,0,EviDDIE,PT-7302622,HBOMLICNUCNMMY,PYGWGZALEOIKDF,1,0,0.49914113,0.98986816,0.01197081,0.00850026,d7bc70db46c9b861d2aaa0fe4040a7b19be4faa14939df384d353558c5f7720d,17c85f44910f43939d8c336b8e11d77e86e561a15bc4c215773e76a4b95d3f27,d5b11d25f3b2415dc959ae176b1986eff29aab886b60ed1119de835aef19a109,ddddaf0
eviddie-20240115-19940419,20240115,19940419,rare,1shot,0,EviDDIE,PT-7302622,HBOMLICNUCNMMY,OOGJQPCLVADCPB,0,0,0.4991391,0.98983359,0.01201049,0.00853133,d7bc70db46c9b861d2aaa0fe4040a7b19be4faa14939df384d353558c5f7720d,17c85f44910f43939d8c336b8e11d77e86e561a15bc4c215773e76a4b95d3f27,d5b11d25f3b2415dc959ae176b1986eff29aab886b60ed1119de835aef19a109,ddddaf0
eviddie-20240520-19940419,20240520,19940419,rare,1shot,0,EviDDIE,PT-11090837,BOVGTQGAOIONJV,OIGNJSKKLXVSLS,1,1,0.50348431,0.85882115,0.15627271,0.17250088,cef85baa2df0893bc2964a3d3f36b9277e37b3c2f393a1c5de9d6dd48b09782c,17c85f44910f43939d8c336b8e11d77e86e561a15bc4c215773e76a4b95d3f27,d5b11d25f3b2415dc959ae176b1986eff29aab886b60ed1119de835aef19a109,ddddaf0
eviddie-20240520-19940419,20240520,19940419,rare,1shot,0,EviDDIE,PT-11090837,BVKZGUZCCUSVTD,CDAISMWEOUEBRE,1,1,0.50347769,0.85955316,0.1553034,0.17148711,cef85baa2df0893bc2964a3d3f36b9277e37b3c2f393a1c5de9d6dd48b09782c,17c85f44910f43939d8c336b8e11d77e86e561a15bc4c215773e76a4b95d3f27,d5b11d25f3b2415dc959ae176b1986eff29aab886b60ed1119de835aef19a109,ddddaf0
eviddie-20240520-19940419,20240520,19940419,rare,1shot,0,EviDDIE,PT-11090837,BOVGTQGAOIONJV,LOUPRKONTZGTKE,0,1,0.50348377,0.858859,0.15622289,0.17244805,cef85baa2df0893bc2964a3d3f36b9277e37b3c2f393a1c5de9d6dd48b09782c,17c85f44910f43939d8c336b8e11d77e86e561a15bc4c215773e76a4b95d3f27,d5b11d25f3b2415dc959ae176b1986eff29aab886b60ed1119de835aef19a109,ddddaf0
eviddie-20240520-19940419,20240520,19940419,rare,1shot,0,EviDDIE,PT-11090837,BVKZGUZCCUSVTD,KFQYTPMOWPVWEJ,0,1,0.50347388,0.85979635,0.15498528,0.17114693,cef85baa2df0893bc2964a3d3f36b9277e37b3c2f393a1c5de9d6dd48b09782c,17c85f44910f43939d8c336b8e11d77e86e561a15bc4c215773e76a4b95d3f27,d5b11d25f3b2415dc959ae176b1986eff29aab886b60ed1119de835aef19a109,ddddaf0
eviddie-20240520-19940419,20240520,19940419,rare,1shot,0,EviDDIE,PT-11519456,BMCQMVFGOVHVNG,MFYSYFVPBJMHGN,1,1,0.50349116,0.85821491,0.15707323,0.17334519,cef85baa2df0893bc2964a3d3f36b9277e37b3c2f393a1c5de9d6dd48b09782c,17c85f44910f43939d8c336b8e11d77e86e561a15bc4c215773e76a4b95d3f27,d5b11d25f3b2415dc959ae176b1986eff29aab886b60ed1119de835aef19a109,ddddaf0
eviddie-20240520-19940419,20240520,19940419,rare,1shot,0,EviDDIE,PT-11519456,BMCQMVFGOVHVNG,QYSPLQLAKJAUJT,0,1,0.50348979,0.85829562,0.15696777,0.17323177,cef85baa2df0893bc2964a3d3f36b9277e37b3c2f393a1c5de9d6dd48b09782c,17c85f44910f43939d8c336b8e11d77e86e561a15bc4c215773e76a4b95d3f27,d5b11d25f3b2415dc959ae176b1986eff29aab886b60ed1119de835aef19a109,ddddaf0
eviddie-20240520-19940419,20240520,19940419,rare,1shot,0,EviDDIE,PT-12375546,OFHCOWSQAMBJIW,VWQWXZAWFPZJDA,1,1,0.50348979,0.85829782,0.15696473,0.17322858,cef85baa2df0893bc2964a3d3f36b9277e37b3c2f393a1c5de9d6dd48b09782c,17c85f44910f43939d8c336b8e11d77e86e561a15bc4c215773e76a4b95d3f27,d5b11d25f3b2415dc959ae176b1986eff29aab886b60ed1119de835aef19a109,ddddaf0
eviddie-20240520-19940419,20240520,19940419,rare,1shot,0,EviDDIE,PT-12375546,OFHCOWSQAMBJIW,BMCQMVFGOVHVNG,0,1,0.50349051,0.8582589,0.15701564,0.1732835,cef85baa2df0893bc2964a3d3f36b9277e37b3c2f393a1c5de9d6dd48b09782c,17c85f44910f43939d8c336b8e11d77e86e561a15bc4c215773e76a4b95d3f27,d5b11d25f3b2415dc959ae176b1986eff29aab886b60ed1119de835aef19a109,ddddaf0
eviddie-20240520-19940419,20240520,19940419,rare,1shot,0,EviDDIE,PT-12913352,IIDJRNMFWXDHID,SUBDBMMJDZJVOS,1,1,0.50348043,0.85911125,0.15589122,0.17209607,cef85baa2df0893bc2964a3d3f36b9277e37b3c2f393a1c5de9d6dd48b09782c,17c85f44910f43939d8c336b8e11d77e86e561a15bc4c215773e76a4b95d3f27,d5b11d25f3b2415dc959ae176b1986eff29aab886b60ed1119de835aef19a109,ddddaf0
eviddie-20240520-19940419,20240520,19940419,rare,1shot,0,EviDDIE,PT-12913352,IIDJRNMFWXDHID,PGBHMTALBVVCIT,0,1,0.50347626,0.8594873,0.1553953,0.17157352,cef85baa2df0893bc2964a3d3f36b9277e37b3c2f393a1c5de9d6dd48b09782c,17c85f44910f43939d8c336b8e11d77e86e561a15bc4c215773e76a4b95d3f27,d5b11d25f3b2415dc959ae176b1986eff29aab886b60ed1119de835aef19a109,ddddaf0
eviddie-20240520-19940419,20240520,19940419,rare,1shot,0,EviDDIE,PT-13906408,KJHKTHWMRKYKJE,VGKDLMBJGBXTGI,1,1,0.50348473,0.85876054,0.15635325,0.17258467,cef85baa2df0893bc2964a3d3f36b9277e37b3c2f393a1c5de9d6dd48b09782c,17c85f44910f43939d8c336b8e11d77e86e561a15bc4c215773e76a4b95d3f27,d5b11d25f3b2415dc959ae176b1986eff29aab886b60ed1119de835aef19a109,ddddaf0
eviddie-20240520-19940419,20240520,19940419,rare,1shot,0,EviDDIE,PT-13906408,NCDNCNXCDXHOMX,SGOIRFVFHAKUTI,1,1,0.50348598,0.85863268,0.15652254,0.17276222,cef85baa2df0893bc2964a3d3f36b9277e37b3c2f393a1c5de9d6dd48b09782c,17c85f44910f43939d8c336b8e11d77e86e561a15bc4c215773e76a4b95d3f27,d5b11d25f3b2415dc959ae176b1986eff29aab886b60ed1119de835aef19a109,ddddaf0
eviddie-20240520-19940419,20240520,19940419,rare,1shot,0,EviDDIE,PT-13906408,KJHKTHWMRKYKJE,OGHNVEJMJSYVRP,0,1,0.50348532,0.85871059,0.15641926,0.17265424,cef85baa2df0893bc2964a3d3f36b9277e37b3c2f393a1c5de9d6dd48b09782c,17c85f44910f43939d8c336b8e11d77e86e561a15bc4c215773e76a4b95d3f27,d5b11d25f3b2415dc959ae176b1986eff29aab886b60ed1119de835aef19a109,ddddaf0
eviddie-20240520-19940419,20240520,19940419,rare,1shot,0,EviDDIE,PT-13906408,NCDNCNXCDXHOMX,MNDBXUUTURYVHR,0,1,0.50348324,0.85888886,0.15618381,0.17240594,cef85baa2df0893bc2964a3d3f36b9277e37b3c2f393a1c5de9d6dd48b09782c,17c85f44910f43939d8c336b8e11d77e86e561a15bc4c215773e76a4b95d3f27,d5b11d25f3b2415dc959ae176b1986eff29aab886b60ed1119de835aef19a109,ddddaf0
eviddie-20240520-19940419,20240520,19940419,rare,1shot,0,EviDDIE,PT-14501669,IQPSEEYGBUAQFF,JIVPVXMEBJLZRO,1,1,0.50348717,0.85854059,0.15664369,0.1728908,cef85baa2df0893bc2964a3d3f36b9277e37b3c2f393a1c5de9d6dd48b09782c,17c85f44910f43939d8c336b8e11d77e86e561a15bc4c215773e76a4b95d3f27,d5b11d25f3b2415dc959ae176b1986eff29aab886b60ed1119de835aef19a109,ddddaf0
eviddie-20240520-19940419,20240520,19940419,rare,1shot,0,EviDDIE,PT-14501669,IQPSEEYGBUAQFF,SEEPANYCNGTZFQ,0,1,0.5034892,0.85837799,0.15685816,0.17311764,cef85baa2df0893bc2964a3d3f36b9277e37b3c2f393a1c5de9d6dd48b09782c,17c85f44910f43939d8c336b8e11d77e86e561a15bc4c215773e76a4b95d3f27,d5b11d25f3b2415dc959ae176b1986eff29aab886b60ed1119de835aef19a109,ddddaf0
eviddie-20240520-19940419,20240520,19940419,rare,1shot,0,EviDDIE,PT-14550837,MBUVEWMHONZEQD,QWCRAEMEVRGPNT,1,1,0.50348675,0.85868001,0.15645689,0.17269945,cef85baa2df0893bc2964a3d3f36b9277e37b3c2f393a1c5de9d6dd48b09782c,17c85f44910f43939d8c336b8e11d77e86e561a15bc4c215773e76a4b95d3f27,d5b11d25f3b2415dc959ae176b1986eff29aab886b60ed1119de835aef19a109,ddddaf0
eviddie-20240520-19940419,20240520,19940419,rare,1shot,0,EviDDIE,PT-14550837,MBUVEWMHONZEQD,SGTNSNPWRIOYBX,0,1,0.50348592,0.85873765,0.15638115,0.17261878,cef85baa2df0893bc2964a3d3f36b9277e37b3c2f393a1c5de9d6dd48b09782c,17c85f44910f43939d8c336b8e11d77e86e561a15bc4c215773e76a4b95d3f27,d5b11d25f3b2415dc959ae176b1986eff29aab886b60ed1119de835aef19a109,ddddaf0
eviddie-20240520-19940419,20240520,19940419,rare,1shot,0,EviDDIE,PT-15104610,BPZSYCZIITTYBL,CEUORZQYGODEFX,1,1,0.50348246,0.85900235,0.15603304,0.17224927,cef85baa2df0893bc2964a3d3f36b9277e37b3c2f393a1c5de9d6dd48b09782c,17c85f44910f43939d8c336b8e11d77e86e561a15bc4c215773e76a4b95d3f27,d5b11d25f3b2415dc959ae176b1986eff29aab886b60ed1119de835aef19a109,ddddaf0
eviddie-20240520-19940419,20240520,19940419,rare,1shot,0,EviDDIE,PT-15104610,BPZSYCZIITTYBL,HYIMSNHJOBLJNT,0,1,0.50347447,0.85971773,0.15508959,0.17125535,cef85baa2df0893bc2964a3d3f36b9277e37b3c2f393a1c5de9d6dd48b09782c,17c85f44910f43939d8c336b8e11d77e86e561a15bc4c215773e76a4b95d3f27,d5b11d25f3b2415dc959ae176b1986eff29aab886b60ed1119de835aef19a109,ddddaf0
eviddie-20240520-19940419,20240520,19940419,rare,1shot,0,EviDDIE,PT-15204755,GSDSWSVVBLHKDQ,LXNHXLLTXMVWPM,1,1,0.50349575,0.85810333,0.15721315,0.17350839,cef85baa2df0893bc2964a3d3f36b9277e37b3c2f393a1c5de9d6dd48b09782c,17c85f44910f43939d8c336b8e11d77e86e561a15bc4c215773e76a4b95d3f27,d5b11d25f3b2415dc959ae176b1986eff29aab886b60ed1119de835aef19a109,ddddaf0
eviddie-20240520-19940419,20240520,19940419,rare,1shot,0,EviDDIE,PT-15204755,GSDSWSVVBLHKDQ,NJMYODHXAKYRHW,0,1,0.50348502,0.85877109,0.15633842,0.172571,cef85baa2df0893bc2964a3d3f36b9277e37b3c2f393a1c5de9d6dd48b09782c,17c85f44910f43939d8c336b8e11d77e86e561a15bc4c215773e76a4b95d3f27,d5b11d25f3b2415dc959ae176b1986eff29aab886b60ed1119de835aef19a109,ddddaf0
eviddie-20240520-19940419,20240520,19940419,rare,1shot,0,EviDDIE,PT-15396329,NCEXYHBECQHGNR,ZNNLBTZKUZBEKO,1,1,0.50347561,0.85946578,0.15542544,0.17160131,cef85baa2df0893bc2964a3d3f36b9277e37b3c2f393a1c5de9d6dd48b09782c,17c85f44910f43939d8c336b8e11d77e86e561a15bc4c215773e76a4b95d3f27,d5b11d25f3b2415dc959ae176b1986eff29aab886b60ed1119de835aef19a109,ddddaf0
eviddie-20240520-19940419,20240520,19940419,rare,1shot,0,EviDDIE,PT-15396329,NCEXYHBECQHGNR,HYIMSNHJOBLJNT,0,1,0.50346774,0.86019129,0.15446937,0.17059478,cef85baa2df0893bc2964a3d3f36b9277e37b3c2f393a1c5de9d6dd48b09782c,17c85f44910f43939d8c336b8e11d77e86e561a15bc4c215773e76a4b95d3f27,d5b11d25f3b2415dc959ae176b1986eff29aab886b60ed1119de835aef19a109,ddddaf0
eviddie-20240520-19940419,20240520,19940419,rare,1shot,0,EviDDIE,PT-15626751,AXRYRYVKAWYZBR,CZFFBEXEKNGXKS,1,1,0.50347382,0.85957164,0.15528752,0.17145281,cef85baa2df0893bc2964a3d3f36b9277e37b3c2f393a1c5de9d6dd48b09782c,17c85f44910f43939d8c336b8e11d77e86e561a15bc4c215773e76a4b95d3f27,d5b11d25f3b2415dc959ae176b1986eff29aab886b60ed1119de835aef19a109,ddddaf0
eviddie-20240520-19940419,20240520,19940419,rare,1shot,0,EviDDIE,PT-15626751,NIJJYAXOARWZEE,SNPPWIUOZRMYNY,1,1,0.50348777,0.85875803,0.15634961,0.17259511,cef85baa2df0893bc2964a3d3f36b9277e37b3c2f393a1c5de9d6dd48b09782c,17c85f44910f43939d8c336b8e11d77e86e561a15bc4c215773e76a4b95d3f27,d5b11d25f3b2415dc959ae176b1986eff29aab886b60ed1119de835aef19a109,ddddaf0
eviddie-20240520-19940419,20240520,19940419,rare,1shot,0,EviDDIE,PT-15626751,AXRYRYVKAWYZBR,LUZRJRNZXALNLM,0,1,0.50347686,0.85931462,0.15562591,0.1718103,cef85baa2df0893bc2964a3d3f36b9277e37b3c2f393a1c5de9d6dd48b09782c,17c85f44910f43939d8c336b8e11d77e86e561a15bc4c215773e76a4b95d3f27,d5b11d25f3b2415dc959ae176b1986eff29aab886b60ed1119de835aef19a109,ddddaf0
eviddie-20240520-19940419,20240520,19940419,rare,1shot,0,EviDDIE,PT-15626751,NIJJYAXOARWZEE,JAUOIFJMECXRGI,0,1,0.50348198,0.85922301,0.15573733,0.17194717,cef85baa2df0893bc2964a3d3f36b9277e37b3c2f393a1c5de9d6dd48b09782c,17c85f44910f43939d8c336b8e11d77e86e561a15bc4c215773e76a4b95d3f27,d5b11d25f3b2415dc959ae176b1986eff29aab886b60ed1119de835aef19a109,ddddaf0
eviddie-20240520-19940419,20240520,19940419,rare,1shot,0,EviDDIE,PT-16020885,ASUTZQLVASHGKV,HSUGRBWQSSZJOP,1,1,0.50348753,0.85856819,0.15660597,0.17285383,cef85baa2df0893bc2964a3d3f36b9277e37b3c2f393a1c5de9d6dd48b09782c,17c85f44910f43939d8c336b8e11d77e86e561a15bc4c215773e76a4b95d3f27,d5b11d25f3b2415dc959ae176b1986eff29aab886b60ed1119de835aef19a109,ddddaf0
eviddie-20240520-19940419,20240520,19940419,rare,1shot,0,EviDDIE,PT-16020885,ASUTZQLVASHGKV,HTIQEAQVCYTUBX,1,1,0.50348824,0.85855573,0.1566209,0.17287256,cef85baa2df0893bc2964a3d3f36b9277e37b3c2f393a1c5de9d6dd48b09782c,17c85f44910f43939d8c336b8e11d77e86e561a15bc4c215773e76a4b95d3f27,d5b11d25f3b2415dc959ae176b1986eff29aab886b60ed1119de835aef19a109,ddddaf0
eviddie-20240520-19940419,20240520,19940419,rare,1shot,0,EviDDIE,PT-16020885,ASUTZQLVASHGKV,WIKYUJGCLQQFNW,0,1,0.50349104,0.85828507,0.15697908,0.17324896,cef85baa2df0893bc2964a3d3f36b9277e37b3c2f393a1c5de9d6dd48b09782c,17c85f44910f43939d8c336b8e11d77e86e561a15bc4c215773e76a4b95d3f27,d5b11d25f3b2415dc959ae176b1986eff29aab886b60ed1119de835aef19a109,ddddaf0
eviddie-20240520-19940419,20240520,19940419,rare,1shot,0,EviDDIE,PT-16020885,ASUTZQLVASHGKV,GJSURZIOUXUGAL,0,1,0.50349528,0.85807145,0.15725741,0.17355089,cef85baa2df0893bc2964a3d3f36b9277e37b3c2f393a1c5de9d6dd48b09782c,17c85f44910f43939d8c336b8e11d77e86e561a15bc4c215773e76a4b95d3f27,d5b11d25f3b2415dc959ae176b1986eff29aab886b60ed1119de835aef19a109,ddddaf0
eviddie-20240520-19940419,20240520,19940419,rare,1shot,0,EviDDIE,PT-16031872,VWPOSFSPZNDTMJ,WIKYUJGCLQQFNW,1,1,0.50349092,0.85827553,0.15699227,0.17326172,cef85baa2df0893bc2964a3d3f36b9277e37b3c2f393a1c5de9d6dd48b09782c,17c85f44910f43939d8c336b8e11d77e86e561a15bc4c215773e76a4b95d3f27,d5b11d25f3b2415dc959ae176b1986eff29aab886b60ed1119de835aef19a109,ddddaf0
eviddie-20240520-19940419,20240520,19940419,rare,1shot,0,EviDDIE,PT-16031872,VWPOSFSPZNDTMJ,ADIMAYPTOBDMTL,0,1,0.50348979,0.8584041,0.15682174,0.17308347,cef85baa2df0893bc2964a3d3f36b9277e37b3c2f393a1c5de9d6dd48b09782c,17c85f44910f43939d8c336b8e11d77e86e561a15bc4c215773e76a4b95d3f27,d5b11d25f3b2415dc959ae176b1986eff29aab886b60ed1119de835aef19a109,ddddaf0
eviddie-20240520-19940419,20240520,19940419,rare,1shot,0,EviDDIE,PT-16075454,BPZSYCZIITTYBL,HSUGRBWQSSZJOP,1,1,0.50348026,0.85918111,0.15579765,0.17200024,cef85baa2df0893bc2964a3d3f36b9277e37b3c2f393a1c5de9d6dd48b09782c,17c85f44910f43939d8c336b8e11d77e86e561a15bc4c215773e76a4b95d3f27,d5b11d25f3b2415dc959ae176b1986eff29aab886b60ed1119de835aef19a109,ddddaf0
eviddie-20240520-19940419,20240520,19940419,rare,1shot,0,EviDDIE,PT-16075454,BPZSYCZIITTYBL,RYMZZMVNJRMUDD,1,1,0.50348037,0.8591764,0.15580352,0.17200708,cef85baa2df0893bc2964a3d3f36b9277e37b3c2f393a1c5de9d6dd48b09782c,17c85f44910f43939d8c336b8e11d77e86e561a15bc4c215773e76a4b95d3f27,d5b11d25f3b2415dc959ae176b1986eff29aab886b60ed1119de835aef19a109,ddddaf0
eviddie-20240520-19940419,20240520,19940419,rare,1shot,0,EviDDIE,PT-16075454,WDJHALXBUFZDSR,XOFYZVNMUHMLCC,1,1,0.50346893,0.8603192,0.15429506,0.17042348,cef85baa2df0893bc2964a3d3f36b9277e37b3c2f393a1c5de9d6dd48b09782c,17c85f44910f43939d8c336b8e11d77e86e561a15bc4c215773e76a4b95d3f27,d5b11d25f3b2415dc959ae176b1986eff29aab886b60ed1119de835aef19a109,ddddaf0
eviddie-20240520-19940419,20240520,19940419,rare,1shot,0,EviDDIE,PT-16075454,BPZSYCZIITTYBL,AQHHHDLHHXJYJD,0,1,0.50348777,0.85859615,0.15656747,0.17281632,cef85baa2df0893bc2964a3d3f36b9277e37b3c2f393a1c5de9d6dd48b09782c,17c85f44910f43939d8c336b8e11d77e86e561a15bc4c215773e76a4b95d3f27,d5b11d25f3b2415dc959ae176b1986eff29aab886b60ed1119de835aef19a109,ddddaf0
eviddie-20240520-19940419,20240520,19940419,rare,1shot,0,EviDDIE,PT-16075454,BPZSYCZIITTYBL,JBIWCJUYHHGXTC,0,1,0.50347465,0.85965502,0.1551737,0.17134117,cef85baa2df0893bc2964a3d3f36b9277e37b3c2f393a1c5de9d6dd48b09782c,17c85f44910f43939d8c336b8e11d77e86e561a15bc4c215773e76a4b95d3f27,d5b11d25f3b2415dc959ae176b1986eff29aab886b60ed1119de835aef19a109,ddddaf0
eviddie-20240520-19940419,20240520,19940419,rare,1shot,0,EviDDIE,PT-16075454,WDJHALXBUFZDSR,OFVLGDICTFRJMM,0,1,0.50346267,0.86081856,0.15363999,0.16973004,cef85baa2df0893bc2964a3d3f36b9277e37b3c2f393a1c5de9d6dd48b09782c,17c85f44910f43939d8c336b8e11d77e86e561a15bc4c215773e76a4b95d3f27,d5b11d25f3b2415dc959ae176b1986eff29aab886b60ed1119de835aef19a109,ddddaf0
eviddie-20240520-19940419,20240520,19940419,rare,1shot,0,EviDDIE,PT-16123123,IMBXEJJVJRTNOW,NDAUXUAQIAJITI,1,1,0.5034954,0.85796064,0.15740642,0.17370282,cef85baa2df0893bc2964a3d3f36b9277e37b3c2f393a1c5de9d6dd48b09782c,17c85f44910f43939d8c336b8e11d77e86e561a15bc4c215773e76a4b95d3f27,d5b11d25f3b2415dc959ae176b1986eff29aab886b60ed1119de835aef19a109,ddddaf0
eviddie-20240520-19940419,20240520,19940419,rare,1shot,0,EviDDIE,PT-16123123,IMBXEJJVJRTNOW,LOUPRKONTZGTKE,0,1,0.50348788,0.85846031,0.15675016,0.17300211,cef85baa2df0893bc2964a3d3f36b9277e37b3c2f393a1c5de9d6dd48b09782c,17c85f44910f43939d8c336b8e11d77e86e561a15bc4c215773e76a4b95d3f27,d5b11d25f3b2415dc959ae176b1986eff29aab886b60ed1119de835aef19a109,ddddaf0
eviddie-20240520-19940419,20240520,19940419,rare,1shot,0,EviDDIE,PT-16259298,ACWBQPMHZXGDFX,SNIOPGDIGTZGOP,1,1,0.50348163,0.85933638,0.1555858,0.17179164,cef85baa2df0893bc2964a3d3f36b9277e37b3c2f393a1c5de9d6dd48b09782c,17c85f44910f43939d8c336b8e11d77e86e561a15bc4c215773e76a4b95d3f27,d5b11d25f3b2415dc959ae176b1986eff29aab886b60ed1119de835aef19a109,ddddaf0
eviddie-20240520-19940419,20240520,19940419,rare,1shot,0,EviDDIE,PT-16259298,GBBSUAFBMRNDJC,QRXWMOHMRWLFEY,1,1,0.50349295,0.85832626,0.15691903,0.17319712,cef85baa2df0893bc2964a3d3f36b9277e37b3c2f393a1c5de9d6dd48b09782c,17c85f44910f43939d8c336b8e11d77e86e561a15bc4c215773e76a4b95d3f27,d5b11d25f3b2415dc959ae176b1986eff29aab886b60ed1119de835aef19a109,ddddaf0
eviddie-20240520-19940419,20240520,19940419,rare,1shot,0,EviDDIE,PT-16259298,ACWBQPMHZXGDFX,ULGZDMOVFRHVEP,0,1,0.50347704,0.85941684,0.15548792,0.17167139,cef85baa2df0893bc2964a3d3f36b9277e37b3c2f393a1c5de9d6dd48b09782c,17c85f44910f43939d8c336b8e11d77e86e561a15bc4c215773e76a4b95d3f27,d5b11d25f3b2415dc959ae176b1986eff29aab886b60ed1119de835aef19a109,ddddaf0
eviddie-20240520-19940419,20240520,19940419,rare,1shot,0,EviDDIE,PT-16259298,GBBSUAFBMRNDJC,LTXREWYXXSTFRX,0,1,0.50347841,0.85929555,0.15564796,0.17183997,cef85baa2df0893bc2964a3d3f36b9277e37b3c2f393a1c5de9d6dd48b09782c,17c85f44910f43939d8c336b8e11d77e86e561a15bc4c215773e76a4b95d3f27,d5b11d25f3b2415dc959ae176b1986eff29aab886b60ed1119de835aef19a109,ddddaf0
eviddie-20240520-19940419,20240520,19940419,rare,1shot,0,EviDDIE,PT-16280284,RGCVKNLCSQQDEP,XLYOFNOQVPJJNP,1,1,0.50353634,0.85561007,0.1604905,0.17702299,cef85baa2df0893bc2964a3d3f36b9277e37b3c2f393a1c5de9d6dd48b09782c,17c85f44910f43939d8c336b8e11d77e86e561a15bc4c215773e76a4b95d3f27,d5b11d25f3b2415dc959ae176b1986eff29aab886b60ed1119de835aef19a109,ddddaf0
eviddie-20240520-19940419,20240520,19940419,rare,1shot,0,EviDDIE,PT-16280284,RGCVKNLCSQQDEP,PPTYJKAXVCCBDU,0,1,0.50348401,0.85894191,0.15611081,0.17233542,cef85baa2df0893bc2964a3d3f36b9277e37b3c2f393a1c5de9d6dd48b09782c,17c85f44910f43939d8c336b8e11d77e86e561a15bc4c215773e76a4b95d3f27,d5b11d25f3b2415dc959ae176b1986eff29aab886b60ed1119de835aef19a109,ddddaf0
eviddie-20240520-19940419,20240520,19940419,rare,1shot,0,EviDDIE,PT-16382811,PPTYJKAXVCCBDU,VOKSWYLNZZRQPF,1,1,0.50347191,0.85991758,0.15482703,0.17097706,cef85baa2df0893bc2964a3d3f36b9277e37b3c2f393a1c5de9d6dd48b09782c,17c85f44910f43939d8c336b8e11d77e86e561a15bc4c215773e76a4b95d3f27,d5b11d25f3b2415dc959ae176b1986eff29aab886b60ed1119de835aef19a109,ddddaf0
eviddie-20240520-19940419,20240520,19940419,rare,1shot,0,EviDDIE,PT-16382811,PPTYJKAXVCCBDU,OGHNVEJMJSYVRP,0,1,0.503474,0.85976005,0.15503396,0.17119658,cef85baa2df0893bc2964a3d3f36b9277e37b3c2f393a1c5de9d6dd48b09782c,17c85f44910f43939d8c336b8e11d77e86e561a15bc4c215773e76a4b95d3f27,d5b11d25f3b2415dc959ae176b1986eff29aab886b60ed1119de835aef19a109,ddddaf0
eviddie-20240520-19940419,20240520,19940419,rare,1shot,0,EviDDIE,PT-16388032,HEFNNWSXXWATRW,URKOMYMAXPYINW,1,1,0.50348115,0.8592239,0.15573783,0.17194404,cef85baa2df0893bc2964a3d3f36b9277e37b3c2f393a1c5de9d6dd48b09782c,17c85f44910f43939d8c336b8e11d77e86e561a15bc4c215773e76a4b95d3f27,d5b11d25f3b2415dc959ae176b1986eff29aab886b60ed1119de835aef19a109,ddddaf0
eviddie-20240520-19940419,20240520,19940419,rare,1shot,0,EviDDIE,PT-16388032,HEFNNWSXXWATRW,SGUAFYQXFOLMHL,0,1,0.50348103,0.85926324,0.15568541,0.17189005,cef85baa2df0893bc2964a3d3f36b9277e37b3c2f393a1c5de9d6dd48b09782c,17c85f44910f43939d8c336b8e11d77e86e561a15bc4c215773e76a4b95d3f27,d5b11d25f3b2415dc959ae176b1986eff29aab886b60ed1119de835aef19a109,ddddaf0
eviddie-20240520-19940419,20240520,19940419,rare,1shot,0,EviDDIE,PT-16542855,CMSMOCZEIVJLDB,UVKZSORBKUEBAZ,1,1,0.50348997,0.85845828,0.15674819,0.17300978,cef85baa2df0893bc2964a3d3f36b9277e37b3c2f393a1c5de9d6dd48b09782c,17c85f44910f43939d8c336b8e11d77e86e561a15bc4c215773e76a4b95d3f27,d5b11d25f3b2415dc959ae176b1986eff29aab886b60ed1119de835aef19a109,ddddaf0
eviddie-20240520-19940419,20240520,19940419,rare,1shot,0,EviDDIE,PT-16542855,CMSMOCZEIVJLDB,OOGJQPCLVADCPB,0,1,0.50349075,0.85839212,0.15683548,0.17310195,cef85baa2df0893bc2964a3d3f36b9277e37b3c2f393a1c5de9d6dd48b09782c,17c85f44910f43939d8c336b8e11d77e86e561a15bc4c215773e76a4b95d3f27,d5b11d25f3b2415dc959ae176b1986eff29aab886b60ed1119de835aef19a109,ddddaf0
eviddie-20240520-19940419,20240520,19940419,rare,1shot,0,EviDDIE,PT-16749091,FBOZXECLQNJBKD,PDMMFKSKQVNJMI,1,1,0.50347507,0.85958523,0.15526618,0.1714372,cef85baa2df0893bc2964a3d3f36b9277e37b3c2f393a1c5de9d6dd48b09782c,17c85f44910f43939d8c336b8e11d77e86e561a15bc4c215773e76a4b95d3f27,d5b11d25f3b2415dc959ae176b1986eff29aab886b60ed1119de835aef19a109,ddddaf0
eviddie-20240520-19940419,20240520,19940419,rare,1shot,0,EviDDIE,PT-16749091,FBOZXECLQNJBKD,UZHSEJADLWPNLE,0,1,0.50347281,0.85975915,0.15503784,0.17119505,cef85baa2df0893bc2964a3d3f36b9277e37b3c2f393a1c5de9d6dd48b09782c,17c85f44910f43939d8c336b8e11d77e86e561a15bc4c215773e76a4b95d3f27,d5b11d25f3b2415dc959ae176b1986eff29aab886b60ed1119de835aef19a109,ddddaf0
eviddie-20240520-19940419,20240520,19940419,rare,1shot,0,EviDDIE,PT-16783023,GHOSNRCGJFBJIB,ZAFYATHCZYHLPB,1,1,0.50348109,0.85911351,0.15588653,0.17209446,cef85baa2df0893bc2964a3d3f36b9277e37b3c2f393a1c5de9d6dd48b09782c,17c85f44910f43939d8c336b8e11d77e86e561a15bc4c215773e76a4b95d3f27,d5b11d25f3b2415dc959ae176b1986eff29aab886b60ed1119de835aef19a109,ddddaf0
eviddie-20240520-19940419,20240520,19940419,rare,1shot,0,EviDDIE,PT-16783023,GHOSNRCGJFBJIB,HYAFETHFCAUJAY,0,1,0.5034802,0.85921288,0.155755,0.17195682,cef85baa2df0893bc2964a3d3f36b9277e37b3c2f393a1c5de9d6dd48b09782c,17c85f44910f43939d8c336b8e11d77e86e561a15bc4c215773e76a4b95d3f27,d5b11d25f3b2415dc959ae176b1986eff29aab886b60ed1119de835aef19a109,ddddaf0
eviddie-20240520-19940419,20240520,19940419,rare,1shot,0,EviDDIE,PT-16803939,LUZRJRNZXALNLM,WVLOADHCBXTIJK,1,1,0.50348836,0.85843414,0.15678462,0.17303902,cef85baa2df0893bc2964a3d3f36b9277e37b3c2f393a1c5de9d6dd48b09782c,17c85f44910f43939d8c336b8e11d77e86e561a15bc4c215773e76a4b95d3f27,d5b11d25f3b2415dc959ae176b1986eff29aab886b60ed1119de835aef19a109,ddddaf0
eviddie-20240520-19940419,20240520,19940419,rare,1shot,0,EviDDIE,PT-16803939,LUZRJRNZXALNLM,AXRYRYVKAWYZBR,0,1,0.50348359,0.85881042,0.15628883,0.17251384,cef85baa2df0893bc2964a3d3f36b9277e37b3c2f393a1c5de9d6dd48b09782c,17c85f44910f43939d8c336b8e11d77e86e561a15bc4c215773e76a4b95d3f27,d5b11d25f3b2415dc959ae176b1986eff29aab886b60ed1119de835aef19a109,ddddaf0
eviddie-20240520-19940419,20240520,19940419,rare,1shot,0,EviDDIE,PT-16879674,BVKZGUZCCUSVTD,ZAFYATHCZYHLPB,1,1,0.50346875,0.86016041,0.15450835,0.1706392,cef85baa2df0893bc2964a3d3f36b9277e37b3c2f393a1c5de9d6dd48b09782c,17c85f44910f43939d8c336b8e11d77e86e561a15bc4c215773e76a4b95d3f27,d5b11d25f3b2415dc959ae176b1986eff29aab886b60ed1119de835aef19a109,ddddaf0
eviddie-20240520-19940419,20240520,19940419,rare,1shot,0,EviDDIE,PT-16879674,BVKZGUZCCUSVTD,ZNNLBTZKUZBEKO,0,1,0.50346869,0.86014915,0.15452366,0.17065443,cef85baa2df0893bc2964a3d3f36b9277e37b3c2f393a1c5de9d6dd48b09782c,17c85f44910f43939d8c336b8e11d77e86e561a15bc4c215773e76a4b95d3f27,d5b11d25f3b2415dc959ae176b1986eff29aab886b60ed1119de835aef19a109,ddddaf0
eviddie-20240520-19940419,20240520,19940419,rare,1shot,0,EviDDIE,PT-16886720,BMCQMVFGOVHVNG,GBBSUAFBMRNDJC,1,1,0.50348872,0.85842341,0.15679826,0.17305452,cef85baa2df0893bc2964a3d3f36b9277e37b3c2f393a1c5de9d6dd48b09782c,17c85f44910f43939d8c336b8e11d77e86e561a15bc4c215773e76a4b95d3f27,d5b11d25f3b2415dc959ae176b1986eff29aab886b60ed1119de835aef19a109,ddddaf0
eviddie-20240520-19940419,20240520,19940419,rare,1shot,0,EviDDIE,PT-16886720,RPLCPCMSCLEKRS,UREBDLICKHMUKA,1,1,0.50349212,0.8581937,0.15709986,0.17337649,cef85baa2df0893bc2964a3d3f36b9277e37b3c2f393a1c5de9d6dd48b09782c,17c85f44910f43939d8c336b8e11d77e86e561a15bc4c215773e76a4b95d3f27,d5b11d25f3b2415dc959ae176b1986eff29aab886b60ed1119de835aef19a109,ddddaf0
eviddie-20240520-19940419,20240520,19940419,rare,1shot,0,EviDDIE,PT-16886720,BMCQMVFGOVHVNG,QWAXKHKRTORLEM,0,1,0.50348669,0.858558,0.15662156,0.17286584,cef85baa2df0893bc2964a3d3f36b9277e37b3c2f393a1c5de9d6dd48b09782c,17c85f44910f43939d8c336b8e11d77e86e561a15bc4c215773e76a4b95d3f27,d5b11d25f3b2415dc959ae176b1986eff29aab886b60ed1119de835aef19a109,ddddaf0
eviddie-20240520-19940419,20240520,19940419,rare,1shot,0,EviDDIE,PT-16886720,RPLCPCMSCLEKRS,HSUGRBWQSSZJOP,0,1,0.50349039,0.8583166,0.15693814,0.17320426,cef85baa2df0893bc2964a3d3f36b9277e37b3c2f393a1c5de9d6dd48b09782c,17c85f44910f43939d8c336b8e11d77e86e561a15bc4c215773e76a4b95d3f27,d5b11d25f3b2415dc959ae176b1986eff29aab886b60ed1119de835aef19a109,ddddaf0
eviddie-20240520-19940419,20240520,19940419,rare,1shot,0,EviDDIE,PT-16914645,DRLFMBDRBRZALE,YFGHCGITMMYXAQ,1,1,0.50348407,0.85897243,0.15606952,0.17229389,cef85baa2df0893bc2964a3d3f36b9277e37b3c2f393a1c5de9d6dd48b09782c,17c85f44910f43939d8c336b8e11d77e86e561a15bc4c215773e76a4b95d3f27,d5b11d25f3b2415dc959ae176b1986eff29aab886b60ed1119de835aef19a109,ddddaf0
eviddie-20240520-19940419,20240520,19940419,rare,1shot,0,EviDDIE,PT-16914645,DRLFMBDRBRZALE,VOKSWYLNZZRQPF,0,1,0.50348085,0.85923707,0.15572104,0.17192529,cef85baa2df0893bc2964a3d3f36b9277e37b3c2f393a1c5de9d6dd48b09782c,17c85f44910f43939d8c336b8e11d77e86e561a15bc4c215773e76a4b95d3f27,d5b11d25f3b2415dc959ae176b1986eff29aab886b60ed1119de835aef19a109,ddddaf0
eviddie-20240520-19940419,20240520,19940419,rare,1shot,0,EviDDIE,PT-17040020,AUYYCJSJGJYCDS,MAEIEVLCKWDQJH,1,1,0.50347763,0.85941035,0.15549535,0.17168152,cef85baa2df0893bc2964a3d3f36b9277e37b3c2f393a1c5de9d6dd48b09782c,17c85f44910f43939d8c336b8e11d77e86e561a15bc4c215773e76a4b95d3f27,d5b11d25f3b2415dc959ae176b1986eff29aab886b60ed1119de835aef19a109,ddddaf0
eviddie-20240520-19940419,20240520,19940419,rare,1shot,0,EviDDIE,PT-17040020,FKNQFGJONOIPTF,PHIQHXFUZVPYII,1,1,0.50348186,0.85945737,0.15542234,0.17162727,cef85baa2df0893bc2964a3d3f36b9277e37b3c2f393a1c5de9d6dd48b09782c,17c85f44910f43939d8c336b8e11d77e86e561a15bc4c215773e76a4b95d3f27,d5b11d25f3b2415dc959ae176b1986eff29aab886b60ed1119de835aef19a109,ddddaf0
eviddie-20240520-19940419,20240520,19940419,rare,1shot,0,EviDDIE,PT-17040020,ORFOPKXBNMVMKC,RFHAOTPXVQNOHP,1,1,0.50347376,0.85960591,0.15524165,0.17140587,cef85baa2df0893bc2964a3d3f36b9277e37b3c2f393a1c5de9d6dd48b09782c,17c85f44910f43939d8c336b8e11d77e86e561a15bc4c215773e76a4b95d3f27,d5b11d25f3b2415dc959ae176b1986eff29aab886b60ed1119de835aef19a109,ddddaf0
eviddie-20240520-19940419,20240520,19940419,rare,1shot,0,EviDDIE,PT-17040020,ORFOPKXBNMVMKC,ZKLPARSLTMPFCP,1,1,0.5034731,0.8596971,0.15512063,0.17128015,cef85baa2df0893bc2964a3d3f36b9277e37b3c2f393a1c5de9d6dd48b09782c,17c85f44910f43939d8c336b8e11d77e86e561a15bc4c215773e76a4b95d3f27,d5b11d25f3b2415dc959ae176b1986eff29aab886b60ed1119de835aef19a109,ddddaf0
eviddie-20240520-19940419,20240520,19940419,rare,1shot,0,EviDDIE,PT-17040020,AUYYCJSJGJYCDS,HUNXMJYCHXQEGX,0,1,0.50346935,0.86008513,0.15460822,0.17074311,cef85baa2df0893bc2964a3d3f36b9277e37b3c2f393a1c5de9d6dd48b09782c,17c85f44910f43939d8c336b8e11d77e86e561a15bc4c215773e76a4b95d3f27,d5b11d25f3b2415dc959ae176b1986eff29aab886b60ed1119de835aef19a109,ddddaf0
eviddie-20240520-19940419,20240520,19940419,rare,1shot,0,EviDDIE,PT-17040020,FKNQFGJONOIPTF,MCGSCOLBFJQGHM,0,1,0.5034672,0.86050951,0.15404366,0.17016061,cef85baa2df0893bc2964a3d3f36b9277e37b3c2f393a1c5de9d6dd48b09782c,17c85f44910f43939d8c336b8e11d77e86e561a15bc4c215773e76a4b95d3f27,d5b11d25f3b2415dc959ae176b1986eff29aab886b60ed1119de835aef19a109,ddddaf0
eviddie-20240520-19940419,20240520,19940419,rare,1shot,0,EviDDIE,PT-17040020,ORFOPKXBNMVMKC,CNBGNNVCVSKAQZ,0,1,0.50347441,0.85959023,0.15526117,0.1714288,cef85baa2df0893bc2964a3d3f36b9277e37b3c2f393a1c5de9d6dd48b09782c,17c85f44910f43939d8c336b8e11d77e86e561a15bc4c215773e76a4b95d3f27,d5b11d25f3b2415dc959ae176b1986eff29aab886b60ed1119de835aef19a109,ddddaf0
eviddie-20240520-19940419,20240520,19940419,rare,1shot,0,EviDDIE,PT-17040020,ORFOPKXBNMVMKC,JIVPVXMEBJLZRO,0,1,0.50347763,0.85927474,0.15567765,0.17186648,cef85baa2df0893bc2964a3d3f36b9277e37b3c2f393a1c5de9d6dd48b09782c,17c85f44910f43939d8c336b8e11d77e86e561a15bc4c215773e76a4b95d3f27,d5b11d25f3b2415dc959ae176b1986eff29aab886b60ed1119de835aef19a109,ddddaf0
eviddie-20240520-19940419,20240520,19940419,rare,1shot,0,EviDDIE,PT-17228333,RZTAMFZIAATZDJ,TUZYXOIXSAXUGO,1,1,0.50347638,0.85954541,0.15531695,0.17149447,cef85baa2df0893bc2964a3d3f36b9277e37b3c2f393a1c5de9d6dd48b09782c,17c85f44910f43939d8c336b8e11d77e86e561a15bc4c215773e76a4b95d3f27,d5b11d25f3b2415dc959ae176b1986eff29aab886b60ed1119de835aef19a109,ddddaf0
eviddie-20240520-19940419,20240520,19940419,rare,1shot,0,EviDDIE,PT-17228333,RZTAMFZIAATZDJ,ADEBPBSSDYVVLD,0,1,0.50347674,0.85949373,0.15538543,0.17156576,cef85baa2df0893bc2964a3d3f36b9277e37b3c2f393a1c5de9d6dd48b09782c,17c85f44910f43939d8c336b8e11d77e86e561a15bc4c215773e76a4b95d3f27,d5b11d25f3b2415dc959ae176b1986eff29aab886b60ed1119de835aef19a109,ddddaf0
eviddie-20240520-19940419,20240520,19940419,rare,1shot,0,EviDDIE,PT-17265807,AQHHHDLHHXJYJD,KPYSYYIEGFHWSV,1,1,0.50349301,0.85830748,0.15694454,0.17322287,cef85baa2df0893bc2964a3d3f36b9277e37b3c2f393a1c5de9d6dd48b09782c,17c85f44910f43939d8c336b8e11d77e86e561a15bc4c215773e76a4b95d3f27,d5b11d25f3b2415dc959ae176b1986eff29aab886b60ed1119de835aef19a109,ddddaf0
eviddie-20240520-19940419,20240520,19940419,rare,1shot,0,EviDDIE,PT-17265807,AQHHHDLHHXJYJD,TUZYXOIXSAXUGO,0,1,0.50348467,0.8589105,0.15615168,0.17237967,cef85baa2df0893bc2964a3d3f36b9277e37b3c2f393a1c5de9d6dd48b09782c,17c85f44910f43939d8c336b8e11d77e86e561a15bc4c215773e76a4b95d3f27,d5b11d25f3b2415dc959ae176b1986eff29aab886b60ed1119de835aef19a109,ddddaf0
eviddie-20240520-19940419,20240520,19940419,rare,1shot,0,EviDDIE,PT-17332255,XUIIKFGFIJCVMT,ZZUFCTLCJUWOSV,1,1,0.50347883,0.85928726,0.15565811,0.17185223,cef85baa2df0893bc2964a3d3f36b9277e37b3c2f393a1c5de9d6dd48b09782c,17c85f44910f43939d8c336b8e11d77e86e561a15bc4c215773e76a4b95d3f27,d5b11d25f3b2415dc959ae176b1986eff29aab886b60ed1119de835aef19a109,ddddaf0
eviddie-20240520-19940419,20240520,19940419,rare,1shot,0,EviDDIE,PT-17332255,XUIIKFGFIJCVMT,AOJJSUZBOXZQNB,0,1,0.50347006,0.85999465,0.15472779,0.17086793,cef85baa2df0893bc2964a3d3f36b9277e37b3c2f393a1c5de9d6dd48b09782c,17c85f44910f43939d8c336b8e11d77e86e561a15bc4c215773e76a4b95d3f27,d5b11d25f3b2415dc959ae176b1986eff29aab886b60ed1119de835aef19a109,ddddaf0
eviddie-20240520-19940419,20240520,19940419,rare,1shot,0,EviDDIE,PT-17358898,CMWTZPSULFXXJA,FEBLZLNTKCEFIT,1,1,0.5034762,0.85961801,0.15521985,0.17139517,cef85baa2df0893bc2964a3d3f36b9277e37b3c2f393a1c5de9d6dd48b09782c,17c85f44910f43939d8c336b8e11d77e86e561a15bc4c215773e76a4b95d3f27,d5b11d25f3b2415dc959ae176b1986eff29aab886b60ed1119de835aef19a109,ddddaf0
eviddie-20240520-19940419,20240520,19940419,rare,1shot,0,EviDDIE,PT-17358898,CMWTZPSULFXXJA,ODAIHABQVKJNIY,0,1,0.5034762,0.85967863,0.15513809,0.1713127,cef85baa2df0893bc2964a3d3f36b9277e37b3c2f393a1c5de9d6dd48b09782c,17c85f44910f43939d8c336b8e11d77e86e561a15bc4c215773e76a4b95d3f27,d5b11d25f3b2415dc959ae176b1986eff29aab886b60ed1119de835aef19a109,ddddaf0
eviddie-20240520-19940419,20240520,19940419,rare,1shot,0,EviDDIE,PT-17428893,JBIWCJUYHHGXTC,ZZVUWRFHKOJYTH,1,1,0.50348312,0.85886842,0.15621179,0.17243364,cef85baa2df0893bc2964a3d3f36b9277e37b3c2f393a1c5de9d6dd48b09782c,17c85f44910f43939d8c336b8e11d77e86e561a15bc4c215773e76a4b95d3f27,d5b11d25f3b2415dc959ae176b1986eff29aab886b60ed1119de835aef19a109,ddddaf0
eviddie-20240520-19940419,20240520,19940419,rare,1shot,0,EviDDIE,PT-17428893,JBIWCJUYHHGXTC,BPZSYCZIITTYBL,0,1,0.50348067,0.85908681,0.15592365,0.17212981,cef85baa2df0893bc2964a3d3f36b9277e37b3c2f393a1c5de9d6dd48b09782c,17c85f44910f43939d8c336b8e11d77e86e561a15bc4c215773e76a4b95d3f27,d5b11d25f3b2415dc959ae176b1986eff29aab886b60ed1119de835aef19a109,ddddaf0
eviddie-20240520-19940419,20240520,19940419,rare,1shot,0,EviDDIE,PT-17433139,ATALOFNDEOCMKK,BQJCRHHNABKAKU,1,1,0.50348526,0.85867083,0.1564728,0.17270839,cef85baa2df0893bc2964a3d3f36b9277e37b3c2f393a1c5de9d6dd48b09782c,17c85f44910f43939d8c336b8e11d77e86e561a15bc4c215773e76a4b95d3f27,d5b11d25f3b2415dc959ae176b1986eff29aab886b60ed1119de835aef19a109,ddddaf0
eviddie-20240520-19940419,20240520,19940419,rare,1shot,0,EviDDIE,PT-17433139,BFPYWIDHMRZLRN,ITRJWOMZKQRYTA,1,1,0.503492,0.8582077,0.15708113,0.17335701,cef85baa2df0893bc2964a3d3f36b9277e37b3c2f393a1c5de9d6dd48b09782c,17c85f44910f43939d8c336b8e11d77e86e561a15bc4c215773e76a4b95d3f27,d5b11d25f3b2415dc959ae176b1986eff29aab886b60ed1119de835aef19a109,ddddaf0
eviddie-20240520-19940419,20240520,19940419,rare,1shot,0,EviDDIE,PT-17433139,ATALOFNDEOCMKK,GBABOYUKABKIAF,0,1,0.50348133,0.85895008,0.15610594,0.17231794,cef85baa2df0893bc2964a3d3f36b9277e37b3c2f393a1c5de9d6dd48b09782c,17c85f44910f43939d8c336b8e11d77e86e561a15bc4c215773e76a4b95d3f27,d5b11d25f3b2415dc959ae176b1986eff29aab886b60ed1119de835aef19a109,ddddaf0
eviddie-20240520-19940419,20240520,19940419,rare,1shot,0,EviDDIE,PT-17433139,BFPYWIDHMRZLRN,RDOIQAHITMMDAJ,0,1,0.50348967,0.8583793,0.15685509,0.17311704,cef85baa2df0893bc2964a3d3f36b9277e37b3c2f393a1c5de9d6dd48b09782c,17c85f44910f43939d8c336b8e11d77e86e561a15bc4c215773e76a4b95d3f27,d5b11d25f3b2415dc959ae176b1986eff29aab886b60ed1119de835aef19a109,ddddaf0
eviddie-20240520-19940419,20240520,19940419,rare,1shot,0,EviDDIE,PT-17583915,LZFZMUMEGBBDTC,SGUAFYQXFOLMHL,1,1,0.50348103,0.85916966,0.15581112,0.17201771,cef85baa2df0893bc2964a3d3f36b9277e37b3c2f393a1c5de9d6dd48b09782c,17c85f44910f43939d8c336b8e11d77e86e561a15bc4c215773e76a4b95d3f27,d5b11d25f3b2415dc959ae176b1986eff29aab886b60ed1119de835aef19a109,ddddaf0
eviddie-20240520-19940419,20240520,19940419,rare,1shot,0,EviDDIE,PT-17583915,LZFZMUMEGBBDTC,IEDVJHCEMCRBQM,0,1,0.50348014,0.85924292,0.15571475,0.17191575,cef85baa2df0893bc2964a3d3f36b9277e37b3c2f393a1c5de9d6dd48b09782c,17c85f44910f43939d8c336b8e11d77e86e561a15bc4c215773e76a4b95d3f27,d5b11d25f3b2415dc959ae176b1986eff29aab886b60ed1119de835aef19a109,ddddaf0
eviddie-20240520-19940419,20240520,19940419,rare,1shot,0,EviDDIE,PT-17661894,GRYLNZFGIOXLOG,MBWXNTAXLNYFJB,1,1,0.50347513,0.85984248,0.1549204,0.17108692,cef85baa2df0893bc2964a3d3f36b9277e37b3c2f393a1c5de9d6dd48b09782c,17c85f44910f43939d8c336b8e11d77e86e561a15bc4c215773e76a4b95d3f27,d5b11d25f3b2415dc959ae176b1986eff29aab886b60ed1119de835aef19a109,ddddaf0
eviddie-20240520-19940419,20240520,19940419,rare,1shot,0,EviDDIE,PT-17661894,GRYLNZFGIOXLOG,OZOMQRBLCMDCEG,0,1,0.50346851,0.86042863,0.15414925,0.17027363,cef85baa2df0893bc2964a3d3f36b9277e37b3c2f393a1c5de9d6dd48b09782c,17c85f44910f43939d8c336b8e11d77e86e561a15bc4c215773e76a4b95d3f27,d5b11d25f3b2415dc959ae176b1986eff29aab886b60ed1119de835aef19a109,ddddaf0
eviddie-20240520-19940419,20240520,19940419,rare,1shot,0,EviDDIE,PT-17730751,CNBGNNVCVSKAQZ,KUVIULQEHSCUHY,1,1,0.50348341,0.85895813,0.15609041,0.17231195,cef85baa2df0893bc2964a3d3f36b9277e37b3c2f393a1c5de9d6dd48b09782c,17c85f44910f43939d8c336b8e11d77e86e561a15bc4c215773e76a4b95d3f27,d5b11d25f3b2415dc959ae176b1986eff29aab886b60ed1119de835aef19a109,ddddaf0
eviddie-20240520-19940419,20240520,19940419,rare,1shot,0,EviDDIE,PT-17730751,QRXWMOHMRWLFEY,RDOIQAHITMMDAJ,1,1,0.50346947,0.86023438,0.15440772,0.17054017,cef85baa2df0893bc2964a3d3f36b9277e37b3c2f393a1c5de9d6dd48b09782c,17c85f44910f43939d8c336b8e11d77e86e561a15bc4c215773e76a4b95d3f27,d5b11d25f3b2415dc959ae176b1986eff29aab886b60ed1119de835aef19a109,ddddaf0
eviddie-20240520-19940419,20240520,19940419,rare,1shot,0,EviDDIE,PT-17730751,CNBGNNVCVSKAQZ,QZUDBNBUXVUHMW,0,1,0.5034849,0.85884666,0.1562368,0.17246747,cef85baa2df0893bc2964a3d3f36b9277e37b3c2f393a1c5de9d6dd48b09782c,17c85f44910f43939d8c336b8e11d77e86e561a15bc4c215773e76a4b95d3f27,d5b11d25f3b2415dc959ae176b1986eff29aab886b60ed1119de835aef19a109,ddddaf0
eviddie-20240520-19940419,20240520,19940419,rare,1shot,0,EviDDIE,PT-17730751,QRXWMOHMRWLFEY,XZWYZXLIPXDOLR,0,1,0.50349033,0.85878336,0.15630931,0.17256649,cef85baa2df0893bc2964a3d3f36b9277e37b3c2f393a1c5de9d6dd48b09782c,17c85f44910f43939d8c336b8e11d77e86e561a15bc4c215773e76a4b95d3f27,d5b11d25f3b2415dc959ae176b1986eff29aab886b60ed1119de835aef19a109,ddddaf0
eviddie-20240520-19940419,20240520,19940419,rare,1shot,0,EviDDIE,PT-17750120,FABPRXSRWADJSP,OIGNJSKKLXVSLS,1,1,0.50348645,0.85866046,0.15648402,0.17272529,cef85baa2df0893bc2964a3d3f36b9277e37b3c2f393a1c5de9d6dd48b09782c,17c85f44910f43939d8c336b8e11d77e86e561a15bc4c215773e76a4b95d3f27,d5b11d25f3b2415dc959ae176b1986eff29aab886b60ed1119de835aef19a109,ddddaf0
eviddie-20240520-19940419,20240520,19940419,rare,1shot,0,EviDDIE,PT-17750120,KJADKKWYZYXHBB,XZWYZXLIPXDOLR,1,1,0.50351214,0.85698903,0.15867965,0.17507254,cef85baa2df0893bc2964a3d3f36b9277e37b3c2f393a1c5de9d6dd48b09782c,17c85f44910f43939d8c336b8e11d77e86e561a15bc4c215773e76a4b95d3f27,d5b11d25f3b2415dc959ae176b1986eff29aab886b60ed1119de835aef19a109,ddddaf0
eviddie-20240520-19940419,20240520,19940419,rare,1shot,0,EviDDIE,PT-17750120,FABPRXSRWADJSP,UHSKFQJFRQCDBE,0,1,0.50349063,0.8583802,0.15685178,0.17311803,cef85baa2df0893bc2964a3d3f36b9277e37b3c2f393a1c5de9d6dd48b09782c,17c85f44910f43939d8c336b8e11d77e86e561a15bc4c215773e76a4b95d3f27,d5b11d25f3b2415dc959ae176b1986eff29aab886b60ed1119de835aef19a109,ddddaf0
eviddie-20240520-19940419,20240520,19940419,rare,1shot,0,EviDDIE,PT-17750120,KJADKKWYZYXHBB,SGOIRFVFHAKUTI,0,1,0.5034945,0.85793757,0.15743971,0.17373222,cef85baa2df0893bc2964a3d3f36b9277e37b3c2f393a1c5de9d6dd48b09782c,17c85f44910f43939d8c336b8e11d77e86e561a15bc4c215773e76a4b95d3f27,d5b11d25f3b2415dc959ae176b1986eff29aab886b60ed1119de835aef19a109,ddddaf0
eviddie-20240520-19940419,20240520,19940419,rare,1shot,0,EviDDIE,PT-17777361,BUGYDGFZZOZRHP,IQPSEEYGBUAQFF,1,1,0.50349218,0.85815734,0.15714873,0.17342627,cef85baa2df0893bc2964a3d3f36b9277e37b3c2f393a1c5de9d6dd48b09782c,17c85f44910f43939d8c336b8e11d77e86e561a15bc4c215773e76a4b95d3f27,d5b11d25f3b2415dc959ae176b1986eff29aab886b60ed1119de835aef19a109,ddddaf0
eviddie-20240520-19940419,20240520,19940419,rare,1shot,0,EviDDIE,PT-17777361,BUGYDGFZZOZRHP,AHOUBRCZNHFOSL,0,1,0.50349152,0.85823917,0.15703972,0.17331286,cef85baa2df0893bc2964a3d3f36b9277e37b3c2f393a1c5de9d6dd48b09782c,17c85f44910f43939d8c336b8e11d77e86e561a15bc4c215773e76a4b95d3f27,d5b11d25f3b2415dc959ae176b1986eff29aab886b60ed1119de835aef19a109,ddddaf0
eviddie-20240520-19940419,20240520,19940419,rare,1shot,0,EviDDIE,PT-17841554,DIWRORZWFLOCLC,WFPIAZLQTJBIFN,1,1,0.50348061,0.8591727,0.15580791,0.17201267,cef85baa2df0893bc2964a3d3f36b9277e37b3c2f393a1c5de9d6dd48b09782c,17c85f44910f43939d8c336b8e11d77e86e561a15bc4c215773e76a4b95d3f27,d5b11d25f3b2415dc959ae176b1986eff29aab886b60ed1119de835aef19a109,ddddaf0
eviddie-20240520-19940419,20240520,19940419,rare,1shot,0,EviDDIE,PT-17841554,DIWRORZWFLOCLC,FEBLZLNTKCEFIT,0,1,0.50347918,0.8592627,0.15569033,0.17188655,cef85baa2df0893bc2964a3d3f36b9277e37b3c2f393a1c5de9d6dd48b09782c,17c85f44910f43939d8c336b8e11d77e86e561a15bc4c215773e76a4b95d3f27,d5b11d25f3b2415dc959ae176b1986eff29aab886b60ed1119de835aef19a109,ddddaf0
eviddie-20240520-19940419,20240520,19940419,rare,1shot,0,EviDDIE,PT-17851687,FBOZXECLQNJBKD,RMRCNWBMXRMIRW,1,1,0.50346547,0.86030245,0.15432535,0.17043824,cef85baa2df0893bc2964a3d3f36b9277e37b3c2f393a1c5de9d6dd48b09782c,17c85f44910f43939d8c336b8e11d77e86e561a15bc4c215773e76a4b95d3f27,d5b11d25f3b2415dc959ae176b1986eff29aab886b60ed1119de835aef19a109,ddddaf0
eviddie-20240520-19940419,20240520,19940419,rare,1shot,0,EviDDIE,PT-17851687,FBOZXECLQNJBKD,TZFNLOMSOLWIDK,0,1,0.50347722,0.85949612,0.15538096,0.17156379,cef85baa2df0893bc2964a3d3f36b9277e37b3c2f393a1c5de9d6dd48b09782c,17c85f44910f43939d8c336b8e11d77e86e561a15bc4c215773e76a4b95d3f27,d5b11d25f3b2415dc959ae176b1986eff29aab886b60ed1119de835aef19a109,ddddaf0
eviddie-20240520-19940419,20240520,19940419,rare,1shot,0,EviDDIE,PT-17888714,GRYLNZFGIOXLOG,RZVAJINKPMORJF,1,1,0.50348634,0.85899389,0.15603557,0.17226981,cef85baa2df0893bc2964a3d3f36b9277e37b3c2f393a1c5de9d6dd48b09782c,17c85f44910f43939d8c336b8e11d77e86e561a15bc4c215773e76a4b95d3f27,d5b11d25f3b2415dc959ae176b1986eff29aab886b60ed1119de835aef19a109,ddddaf0
eviddie-20240520-19940419,20240520,19940419,rare,1shot,0,EviDDIE,PT-17888714,GRYLNZFGIOXLOG,AUYYCJSJGJYCDS,0,1,0.50347406,0.85990894,0.15483384,0.17099382,cef85baa2df0893bc2964a3d3f36b9277e37b3c2f393a1c5de9d6dd48b09782c,17c85f44910f43939d8c336b8e11d77e86e561a15bc4c215773e76a4b95d3f27,d5b11d25f3b2415dc959ae176b1986eff29aab886b60ed1119de835aef19a109,ddddaf0
eviddie-20240520-19940419,20240520,19940419,rare,1shot,0,EviDDIE,PT-17920922,CGIGDMFJXJATDK,NDAUXUAQIAJITI,1,1,0.5034833,0.85903734,0.15598394,0.1722035,cef85baa2df0893bc2964a3d3f36b9277e37b3c2f393a1c5de9d6dd48b09782c,17c85f44910f43939d8c336b8e11d77e86e561a15bc4c215773e76a4b95d3f27,d5b11d25f3b2415dc959ae176b1986eff29aab886b60ed1119de835aef19a109,ddddaf0
eviddie-20240520-19940419,20240520,19940419,rare,1shot,0,EviDDIE,PT-17920922,CGIGDMFJXJATDK,KJHKTHWMRKYKJE,0,1,0.50347263,0.85984302,0.15492545,0.17108029,cef85baa2df0893bc2964a3d3f36b9277e37b3c2f393a1c5de9d6dd48b09782c,17c85f44910f43939d8c336b8e11d77e86e561a15bc4c215773e76a4b95d3f27,d5b11d25f3b2415dc959ae176b1986eff29aab886b60ed1119de835aef19a109,ddddaf0
eviddie-20240520-19940419,20240520,19940419,rare,1shot,0,EviDDIE,PT-17924382,HYIMSNHJOBLJNT,UCHDWCPVSPXUMX,1,1,0.50346684,0.86026919,0.15436693,0.17048672,cef85baa2df0893bc2964a3d3f36b9277e37b3c2f393a1c5de9d6dd48b09782c,17c85f44910f43939d8c336b8e11d77e86e561a15bc4c215773e76a4b95d3f27,d5b11d25f3b2415dc959ae176b1986eff29aab886b60ed1119de835aef19a109,ddddaf0
eviddie-20240520-19940419,20240520,19940419,rare,1shot,0,EviDDIE,PT-17924382,HYIMSNHJOBLJNT,BLJRIMJGRPQVNF,0,1,0.5034734,0.85977703,0.15501246,0.17117201,cef85baa2df0893bc2964a3d3f36b9277e37b3c2f393a1c5de9d6dd48b09782c,17c85f44910f43939d8c336b8e11d77e86e561a15bc4c215773e76a4b95d3f27,d5b11d25f3b2415dc959ae176b1986eff29aab886b60ed1119de835aef19a109,ddddaf0
eviddie-20240520-19940419,20240520,19940419,rare,1shot,0,EviDDIE,PT-17926716,KDLRVYVGXIQJDK,VOVIALXJUBGFJZ,1,1,0.50348914,0.85835856,0.15688427,0.17314413,cef85baa2df0893bc2964a3d3f36b9277e37b3c2f393a1c5de9d6dd48b09782c,17c85f44910f43939d8c336b8e11d77e86e561a15bc4c215773e76a4b95d3f27,d5b11d25f3b2415dc959ae176b1986eff29aab886b60ed1119de835aef19a109,ddddaf0
eviddie-20240520-19940419,20240520,19940419,rare,1shot,0,EviDDIE,PT-17926716,KDLRVYVGXIQJDK,KUVIULQEHSCUHY,0,1,0.50348771,0.85846961,0.15673803,0.17298898,cef85baa2df0893bc2964a3d3f36b9277e37b3c2f393a1c5de9d6dd48b09782c,17c85f44910f43939d8c336b8e11d77e86e561a15bc4c215773e76a4b95d3f27,d5b11d25f3b2415dc959ae176b1986eff29aab886b60ed1119de835aef19a109,ddddaf0
eviddie-20240520-19940419,20240520,19940419,rare,1shot,0,EviDDIE,PT-17936618,HSUGRBWQSSZJOP,KWMLJOLKUYYJFJ,1,1,0.50349438,0.85818487,0.15710652,0.17339371,cef85baa2df0893bc2964a3d3f36b9277e37b3c2f393a1c5de9d6dd48b09782c,17c85f44910f43939d8c336b8e11d77e86e561a15bc4c215773e76a4b95d3f27,d5b11d25f3b2415dc959ae176b1986eff29aab886b60ed1119de835aef19a109,ddddaf0
eviddie-20240520-19940419,20240520,19940419,rare,1shot,0,EviDDIE,PT-17936618,HSUGRBWQSSZJOP,PHVGLTMQBUFIQQ,0,1,0.50348455,0.85882336,0.15626912,0.17249849,cef85baa2df0893bc2964a3d3f36b9277e37b3c2f393a1c5de9d6dd48b09782c,17c85f44910f43939d8c336b8e11d77e86e561a15bc4c215773e76a4b95d3f27,d5b11d25f3b2415dc959ae176b1986eff29aab886b60ed1119de835aef19a109,ddddaf0
eviddie-20240520-19940419,20240520,19940419,rare,1shot,0,EviDDIE,PT-18015884,PMATZTZNYRCHOR,TTWJBBZEZQICBI,1,1,0.50349146,0.85820562,0.15708514,0.1733586,cef85baa2df0893bc2964a3d3f36b9277e37b3c2f393a1c5de9d6dd48b09782c,17c85f44910f43939d8c336b8e11d77e86e561a15bc4c215773e76a4b95d3f27,d5b11d25f3b2415dc959ae176b1986eff29aab886b60ed1119de835aef19a109,ddddaf0
eviddie-20240520-19940419,20240520,19940419,rare,1shot,0,EviDDIE,PT-18015884,PMATZTZNYRCHOR,BPZSYCZIITTYBL,0,1,0.50348747,0.85847294,0.15673438,0.17298383,cef85baa2df0893bc2964a3d3f36b9277e37b3c2f393a1c5de9d6dd48b09782c,17c85f44910f43939d8c336b8e11d77e86e561a15bc4c215773e76a4b95d3f27,d5b11d25f3b2415dc959ae176b1986eff29aab886b60ed1119de835aef19a109,ddddaf0
eviddie-20240520-19940419,20240520,19940419,rare,1shot,0,EviDDIE,PT-18021133,AVOLMBLBETYQHX,IRSCQMHQWWYFCW,1,1,0.50347275,0.85991144,0.15483357,0.17098744,cef85baa2df0893bc2964a3d3f36b9277e37b3c2f393a1c5de9d6dd48b09782c,17c85f44910f43939d8c336b8e11d77e86e561a15bc4c215773e76a4b95d3f27,d5b11d25f3b2415dc959ae176b1986eff29aab886b60ed1119de835aef19a109,ddddaf0
eviddie-20240520-19940419,20240520,19940419,rare,1shot,0,EviDDIE,PT-18021133,AVOLMBLBETYQHX,VWQWXZAWFPZJDA,0,1,0.50346947,0.86012125,0.15455946,0.17069417,cef85baa2df0893bc2964a3d3f36b9277e37b3c2f393a1c5de9d6dd48b09782c,17c85f44910f43939d8c336b8e11d77e86e561a15bc4c215773e76a4b95d3f27,d5b11d25f3b2415dc959ae176b1986eff29aab886b60ed1119de835aef19a109,ddddaf0
eviddie-20240520-19940419,20240520,19940419,rare,1shot,0,EviDDIE,PT-18223309,LTMHDMANZUZIPE,XUKUURHRXDUEBC,1,1,0.50349241,0.85806656,0.1572704,0.17355099,cef85baa2df0893bc2964a3d3f36b9277e37b3c2f393a1c5de9d6dd48b09782c,17c85f44910f43939d8c336b8e11d77e86e561a15bc4c215773e76a4b95d3f27,d5b11d25f3b2415dc959ae176b1986eff29aab886b60ed1119de835aef19a109,ddddaf0
eviddie-20240520-19940419,20240520,19940419,rare,1shot,0,EviDDIE,PT-18223309,LTMHDMANZUZIPE,GBABOYUKABKIAF,0,1,0.50348967,0.85823512,0.1570497,0.17331409,cef85baa2df0893bc2964a3d3f36b9277e37b3c2f393a1c5de9d6dd48b09782c,17c85f44910f43939d8c336b8e11d77e86e561a15bc4c215773e76a4b95d3f27,d5b11d25f3b2415dc959ae176b1986eff29aab886b60ed1119de835aef19a109,ddddaf0
eviddie-20240520-19940419,20240520,19940419,rare,1shot,0,EviDDIE,PT-18257545,MOYKHGMNXAOIAT,XFYDIVBRZNQMJC,1,1,0.5034765,0.85955828,0.15529928,0.17147736,cef85baa2df0893bc2964a3d3f36b9277e37b3c2f393a1c5de9d6dd48b09782c,17c85f44910f43939d8c336b8e11d77e86e561a15bc4c215773e76a4b95d3f27,d5b11d25f3b2415dc959ae176b1986eff29aab886b60ed1119de835aef19a109,ddddaf0
eviddie-20240520-19940419,20240520,19940419,rare,1shot,0,EviDDIE,PT-18257545,MOYKHGMNXAOIAT,SEEPANYCNGTZFQ,0,1,0.50348234,0.85902065,0.15600884,0.17222407,cef85baa2df0893bc2964a3d3f36b9277e37b3c2f393a1c5de9d6dd48b09782c,17c85f44910f43939d8c336b8e11d77e86e561a15bc4c215773e76a4b95d3f27,d5b11d25f3b2415dc959ae176b1986eff29aab886b60ed1119de835aef19a109,ddddaf0
eviddie-20240520-19940419,20240520,19940419,rare,1shot,0,EviDDIE,PT-18263331,RJKFOVLPORLFTN,WUTYZMFRCNBCHQ,1,1,0.50349343,0.85817719,0.15711918,0.17340206,cef85baa2df0893bc2964a3d3f36b9277e37b3c2f393a1c5de9d6dd48b09782c,17c85f44910f43939d8c336b8e11d77e86e561a15bc4c215773e76a4b95d3f27,d5b11d25f3b2415dc959ae176b1986eff29aab886b60ed1119de835aef19a109,ddddaf0
eviddie-20240520-19940419,20240520,19940419,rare,1shot,0,EviDDIE,PT-18263331,RJKFOVLPORLFTN,TTWJBBZEZQICBI,0,1,0.50349772,0.85785562,0.15754271,0.173852,cef85baa2df0893bc2964a3d3f36b9277e37b3c2f393a1c5de9d6dd48b09782c,17c85f44910f43939d8c336b8e11d77e86e561a15bc4c215773e76a4b95d3f27,d5b11d25f3b2415dc959ae176b1986eff29aab886b60ed1119de835aef19a109,ddddaf0
eviddie-20240520-19940419,20240520,19940419,rare,1shot,0,EviDDIE,PT-18265723,ANGKOCUUWGHLCE,NDAUXUAQIAJITI,1,1,0.50349462,0.85808307,0.15724297,0.17353359,cef85baa2df0893bc2964a3d3f36b9277e37b3c2f393a1c5de9d6dd48b09782c,17c85f44910f43939d8c336b8e11d77e86e561a15bc4c215773e76a4b95d3f27,d5b11d25f3b2415dc959ae176b1986eff29aab886b60ed1119de835aef19a109,ddddaf0
eviddie-20240520-19940419,20240520,19940419,rare,1shot,0,EviDDIE,PT-18265723,ANGKOCUUWGHLCE,IPQVTOJGNYVQEO,0,1,0.50348413,0.85884106,0.15624605,0.17247346,cef85baa2df0893bc2964a3d3f36b9277e37b3c2f393a1c5de9d6dd48b09782c,17c85f44910f43939d8c336b8e11d77e86e561a15bc4c215773e76a4b95d3f27,d5b11d25f3b2415dc959ae176b1986eff29aab886b60ed1119de835aef19a109,ddddaf0
eviddie-20240520-19940419,20240520,19940419,rare,1shot,0,EviDDIE,PT-18274582,DDBREPKUVSBGFI,OIGNJSKKLXVSLS,1,1,0.50347322,0.85981292,0.15496454,0.17112274,cef85baa2df0893bc2964a3d3f36b9277e37b3c2f393a1c5de9d6dd48b09782c,17c85f44910f43939d8c336b8e11d77e86e561a15bc4c215773e76a4b95d3f27,d5b11d25f3b2415dc959ae176b1986eff29aab886b60ed1119de835aef19a109,ddddaf0
eviddie-20240520-19940419,20240520,19940419,rare,1shot,0,EviDDIE,PT-18274582,DDBREPKUVSBGFI,GAGWJHPBXLXJQN,0,1,0.50347185,0.85994589,0.15478933,0.17093833,cef85baa2df0893bc2964a3d3f36b9277e37b3c2f393a1c5de9d6dd48b09782c,17c85f44910f43939d8c336b8e11d77e86e561a15bc4c215773e76a4b95d3f27,d5b11d25f3b2415dc959ae176b1986eff29aab886b60ed1119de835aef19a109,ddddaf0
eviddie-20240520-19940419,20240520,19940419,rare,1shot,0,EviDDIE,PT-18331313,CMWTZPSULFXXJA,XMAYWYJOQHXEEK,1,1,0.5034771,0.85952818,0.1553382,0.17151982,cef85baa2df0893bc2964a3d3f36b9277e37b3c2f393a1c5de9d6dd48b09782c,17c85f44910f43939d8c336b8e11d77e86e561a15bc4c215773e76a4b95d3f27,d5b11d25f3b2415dc959ae176b1986eff29aab886b60ed1119de835aef19a109,ddddaf0
eviddie-20240520-19940419,20240520,19940419,rare,1shot,0,EviDDIE,PT-18331313,CMWTZPSULFXXJA,MCJGNVYPOGVAJF,0,1,0.50347793,0.85964805,0.15517525,0.17135841,cef85baa2df0893bc2964a3d3f36b9277e37b3c2f393a1c5de9d6dd48b09782c,17c85f44910f43939d8c336b8e11d77e86e561a15bc4c215773e76a4b95d3f27,d5b11d25f3b2415dc959ae176b1986eff29aab886b60ed1119de835aef19a109,ddddaf0
eviddie-20240520-19940419,20240520,19940419,rare,1shot,0,EviDDIE,PT-18343320,CDAISMWEOUEBRE,HEFNNWSXXWATRW,1,1,0.50349295,0.85829395,0.15696283,0.17324126,cef85baa2df0893bc2964a3d3f36b9277e37b3c2f393a1c5de9d6dd48b09782c,17c85f44910f43939d8c336b8e11d77e86e561a15bc4c215773e76a4b95d3f27,d5b11d25f3b2415dc959ae176b1986eff29aab886b60ed1119de835aef19a109,ddddaf0
eviddie-20240520-19940419,20240520,19940419,rare,1shot,0,EviDDIE,PT-18343320,CDAISMWEOUEBRE,HUNXMJYCHXQEGX,0,1,0.50348353,0.85894555,0.15610681,0.17232944,cef85baa2df0893bc2964a3d3f36b9277e37b3c2f393a1c5de9d6dd48b09782c,17c85f44910f43939d8c336b8e11d77e86e561a15bc4c215773e76a4b95d3f27,d5b11d25f3b2415dc959ae176b1986eff29aab886b60ed1119de835aef19a109,ddddaf0
eviddie-20240520-19940419,20240520,19940419,rare,1shot,0,EviDDIE,PT-18358513,KLDXJTOLSGUMSJ,OEYIOHPDSNJKLS,1,1,0.50351954,0.85663092,0.15914662,0.17558108,cef85baa2df0893bc2964a3d3f36b9277e37b3c2f393a1c5de9d6dd48b09782c,17c85f44910f43939d8c336b8e11d77e86e561a15bc4c215773e76a4b95d3f27,d5b11d25f3b2415dc959ae176b1986eff29aab886b60ed1119de835aef19a109,ddddaf0
eviddie-20240520-19940419,20240520,19940419,rare,1shot,0,EviDDIE,PT-18358513,NDAUXUAQIAJITI,YWXYYJSYQOXTPL,1,1,0.50348634,0.85882735,0.15625942,0.17249723,cef85baa2df0893bc2964a3d3f36b9277e37b3c2f393a1c5de9d6dd48b09782c,17c85f44910f43939d8c336b8e11d77e86e561a15bc4c215773e76a4b95d3f27,d5b11d25f3b2415dc959ae176b1986eff29aab886b60ed1119de835aef19a109,ddddaf0
eviddie-20240520-19940419,20240520,19940419,rare,1shot,0,EviDDIE,PT-18358513,KLDXJTOLSGUMSJ,IEDVJHCEMCRBQM,0,1,0.50348914,0.85851902,0.15666829,0.17292486,cef85baa2df0893bc2964a3d3f36b9277e37b3c2f393a1c5de9d6dd48b09782c,17c85f44910f43939d8c336b8e11d77e86e561a15bc4c215773e76a4b95d3f27,d5b11d25f3b2415dc959ae176b1986eff29aab886b60ed1119de835aef19a109,ddddaf0
eviddie-20240520-19940419,20240520,19940419,rare,1shot,0,EviDDIE,PT-18358513,NDAUXUAQIAJITI,LTMHDMANZUZIPE,0,1,0.503483,0.8589654,0.15608151,0.1723009,cef85baa2df0893bc2964a3d3f36b9277e37b3c2f393a1c5de9d6dd48b09782c,17c85f44910f43939d8c336b8e11d77e86e561a15bc4c215773e76a4b95d3f27,d5b11d25f3b2415dc959ae176b1986eff29aab886b60ed1119de835aef19a109,ddddaf0
eviddie-20240520-19940419,20240520,19940419,rare,1shot,0,EviDDIE,PT-18475368,BSYNRYMUTXBXSQ,IUBSYMUCCVWXPE,1,1,0.50347751,0.85963154,0.15519838,0.17137986,cef85baa2df0893bc2964a3d3f36b9277e37b3c2f393a1c5de9d6dd48b09782c,17c85f44910f43939d8c336b8e11d77e86e561a15bc4c215773e76a4b95d3f27,d5b11d25f3b2415dc959ae176b1986eff29aab886b60ed1119de835aef19a109,ddddaf0
eviddie-20240520-19940419,20240520,19940419,rare,1shot,0,EviDDIE,PT-18475368,BSYNRYMUTXBXSQ,IRSCQMHQWWYFCW,0,1,0.50347084,0.86015302,0.15451364,0.17065418,cef85baa2df0893bc2964a3d3f36b9277e37b3c2f393a1c5de9d6dd48b09782c,17c85f44910f43939d8c336b8e11d77e86e561a15bc4c215773e76a4b95d3f27,d5b11d25f3b2415dc959ae176b1986eff29aab886b60ed1119de835aef19a109,ddddaf0
eviddie-20240520-19940419,20240520,19940419,rare,1shot,0,EviDDIE,PT-18498370,HSUGRBWQSSZJOP,NGBFQHCMQULJNZ,1,1,0.50348425,0.85878146,0.15632613,0.17255497,cef85baa2df0893bc2964a3d3f36b9277e37b3c2f393a1c5de9d6dd48b09782c,17c85f44910f43939d8c336b8e11d77e86e561a15bc4c215773e76a4b95d3f27,d5b11d25f3b2415dc959ae176b1986eff29aab886b60ed1119de835aef19a109,ddddaf0
eviddie-20240520-19940419,20240520,19940419,rare,1shot,0,EviDDIE,PT-18498370,HSUGRBWQSSZJOP,PHVGLTMQBUFIQQ,0,1,0.50348455,0.85882336,0.15626909,0.17249849,cef85baa2df0893bc2964a3d3f36b9277e37b3c2f393a1c5de9d6dd48b09782c,17c85f44910f43939d8c336b8e11d77e86e561a15bc4c215773e76a4b95d3f27,d5b11d25f3b2415dc959ae176b1986eff29aab886b60ed1119de835aef19a109,ddddaf0
eviddie-20240520-19940419,20240520,19940419,rare,1shot,0,EviDDIE,PT-18498415,QWCRAEMEVRGPNT,SHGAZHPCJJPHSC,1,1,0.50348753,0.85865396,0.15649015,0.17273679,cef85baa2df0893bc2964a3d3f36b9277e37b3c2f393a1c5de9d6dd48b09782c,17c85f44910f43939d8c336b8e11d77e86e561a15bc4c215773e76a4b95d3f27,d5b11d25f3b2415dc959ae176b1986eff29aab886b60ed1119de835aef19a109,ddddaf0
eviddie-20240520-19940419,20240520,19940419,rare,1shot,0,EviDDIE,PT-18498415,QWCRAEMEVRGPNT,METKIMKYRPQLGS,0,1,0.50349748,0.85787946,0.15751119,0.17381866,cef85baa2df0893bc2964a3d3f36b9277e37b3c2f393a1c5de9d6dd48b09782c,17c85f44910f43939d8c336b8e11d77e86e561a15bc4c215773e76a4b95d3f27,d5b11d25f3b2415dc959ae176b1986eff29aab886b60ed1119de835aef19a109,ddddaf0
eviddie-20240520-19940419,20240520,19940419,rare,1shot,0,EviDDIE,PT-18517210,JIVPVXMEBJLZRO,SNPPWIUOZRMYNY,1,1,0.50348902,0.85839146,0.15684041,0.17309897,cef85baa2df0893bc2964a3d3f36b9277e37b3c2f393a1c5de9d6dd48b09782c,17c85f44910f43939d8c336b8e11d77e86e561a15bc4c215773e76a4b95d3f27,d5b11d25f3b2415dc959ae176b1986eff29aab886b60ed1119de835aef19a109,ddddaf0
eviddie-20240520-19940419,20240520,19940419,rare,1shot,0,EviDDIE,PT-18517210,JIVPVXMEBJLZRO,QYIYFLOTGYLRGG,0,1,0.50347751,0.85933751,0.15559359,0.17178065,cef85baa2df0893bc2964a3d3f36b9277e37b3c2f393a1c5de9d6dd48b09782c,17c85f44910f43939d8c336b8e11d77e86e561a15bc4c215773e76a4b95d3f27,d5b11d25f3b2415dc959ae176b1986eff29aab886b60ed1119de835aef19a109,ddddaf0
eviddie-20240520-19940419,20240520,19940419,rare,1shot,0,EviDDIE,PT-18663418,MYSWGUAQZAJSOK,PDMMFKSKQVNJMI,1,1,0.5034852,0.85882223,0.15626918,0.17250159,cef85baa2df0893bc2964a3d3f36b9277e37b3c2f393a1c5de9d6dd48b09782c,17c85f44910f43939d8c336b8e11d77e86e561a15bc4c215773e76a4b95d3f27,d5b11d25f3b2415dc959ae176b1986eff29aab886b60ed1119de835aef19a109,ddddaf0
eviddie-20240520-19940419,20240520,19940419,rare,1shot,0,EviDDIE,PT-18663418,MYSWGUAQZAJSOK,NIJJYAXOARWZEE,0,1,0.50350606,0.8575334,0.1579583,0.17431235,cef85baa2df0893bc2964a3d3f36b9277e37b3c2f393a1c5de9d6dd48b09782c,17c85f44910f43939d8c336b8e11d77e86e561a15bc4c215773e76a4b95d3f27,d5b11d25f3b2415dc959ae176b1986eff29aab886b60ed1119de835aef19a109,ddddaf0
eviddie-20240520-19940419,20240520,19940419,rare,1shot,0,EviDDIE,PT-18665049,WIIZWVCIJKGZOK,WMWTYOKRWGGJOA,1,1,0.50347233,0.85984355,0.15492563,0.17107895,cef85baa2df0893bc2964a3d3f36b9277e37b3c2f393a1c5de9d6dd48b09782c,17c85f44910f43939d8c336b8e11d77e86e561a15bc4c215773e76a4b95d3f27,d5b11d25f3b2415dc959ae176b1986eff29aab886b60ed1119de835aef19a109,ddddaf0
eviddie-20240520-19940419,20240520,19940419,rare,1shot,0,EviDDIE,PT-18665049,WIIZWVCIJKGZOK,PHVGLTMQBUFIQQ,0,1,0.50347632,0.8595683,0.15528613,0.17146309,cef85baa2df0893bc2964a3d3f36b9277e37b3c2f393a1c5de9d6dd48b09782c,17c85f44910f43939d8c336b8e11d77e86e561a15bc4c215773e76a4b95d3f27,d5b11d25f3b2415dc959ae176b1986eff29aab886b60ed1119de835aef19a109,ddddaf0
eviddie-20240520-19940419,20240520,19940419,rare,1shot,0,EviDDIE,PT-18672493,IUBSYMUCCVWXPE,USSIQXCVUWKGNF,1,1,0.50348854,0.85853708,0.15664536,0.17289875,cef85baa2df0893bc2964a3d3f36b9277e37b3c2f393a1c5de9d6dd48b09782c,17c85f44910f43939d8c336b8e11d77e86e561a15bc4c215773e76a4b95d3f27,d5b11d25f3b2415dc959ae176b1986eff29aab886b60ed1119de835aef19a109,ddddaf0
eviddie-20240520-19940419,20240520,19940419,rare,1shot,0,EviDDIE,PT-18672493,IUBSYMUCCVWXPE,HUNXMJYCHXQEGX,0,1,0.50348377,0.85892409,0.15613541,0.17235917,cef85baa2df0893bc2964a3d3f36b9277e37b3c2f393a1c5de9d6dd48b09782c,17c85f44910f43939d8c336b8e11d77e86e561a15bc4c215773e76a4b95d3f27,d5b11d25f3b2415dc959ae176b1986eff29aab886b60ed1119de835aef19a109,ddddaf0
eviddie-20240520-19940419,20240520,19940419,rare,1shot,0,EviDDIE,PT-18690392,CGIGDMFJXJATDK,RYMZZMVNJRMUDD,1,1,0.50347465,0.8597008,0.15511215,0.17127867,cef85baa2df0893bc2964a3d3f36b9277e37b3c2f393a1c5de9d6dd48b09782c,17c85f44910f43939d8c336b8e11d77e86e561a15bc4c215773e76a4b95d3f27,d5b11d25f3b2415dc959ae176b1986eff29aab886b60ed1119de835aef19a109,ddddaf0
eviddie-20240520-19940419,20240520,19940419,rare,1shot,0,EviDDIE,PT-18690392,CGIGDMFJXJATDK,QAOWNCQODCNURD,0,1,0.50349486,0.85837555,0.1568483,0.17313424,cef85baa2df0893bc2964a3d3f36b9277e37b3c2f393a1c5de9d6dd48b09782c,17c85f44910f43939d8c336b8e11d77e86e561a15bc4c215773e76a4b95d3f27,d5b11d25f3b2415dc959ae176b1986eff29aab886b60ed1119de835aef19a109,ddddaf0
eviddie-20240520-19940419,20240520,19940419,rare,1shot,0,EviDDIE,PT-18690915,FBOZXECLQNJBKD,RFHAOTPXVQNOHP,1,1,0.50347459,0.8595981,0.15525018,0.17141858,cef85baa2df0893bc2964a3d3f36b9277e37b3c2f393a1c5de9d6dd48b09782c,17c85f44910f43939d8c336b8e11d77e86e561a15bc4c215773e76a4b95d3f27,d5b11d25f3b2415dc959ae176b1986eff29aab886b60ed1119de835aef19a109,ddddaf0
eviddie-20240520-19940419,20240520,19940419,rare,1shot,0,EviDDIE,PT-18690915,FBOZXECLQNJBKD,TZFNLOMSOLWIDK,0,1,0.50347722,0.85949612,0.15538096,0.17156379,cef85baa2df0893bc2964a3d3f36b9277e37b3c2f393a1c5de9d6dd48b09782c,17c85f44910f43939d8c336b8e11d77e86e561a15bc4c215773e76a4b95d3f27,d5b11d25f3b2415dc959ae176b1986eff29aab886b60ed1119de835aef19a109,ddddaf0
eviddie-20240520-19940419,20240520,19940419,rare,1shot,0,EviDDIE,PT-18712929,AQCHWTWZEMGIFD,QYSXJUFSXHHAJI,1,1,0.50348175,0.85901511,0.15601759,0.17223023,cef85baa2df0893bc2964a3d3f36b9277e37b3c2f393a1c5de9d6dd48b09782c,17c85f44910f43939d8c336b8e11d77e86e561a15bc4c215773e76a4b95d3f27,d5b11d25f3b2415dc959ae176b1986eff29aab886b60ed1119de835aef19a109,ddddaf0
eviddie-20240520-19940419,20240520,19940419,rare,1shot,0,EviDDIE,PT-18712929,AQCHWTWZEMGIFD,UZHSEJADLWPNLE,0,1,0.50348181,0.85897672,0.15606907,0.17228265,cef85baa2df0893bc2964a3d3f36b9277e37b3c2f393a1c5de9d6dd48b09782c,17c85f44910f43939d8c336b8e11d77e86e561a15bc4c215773e76a4b95d3f27,d5b11d25f3b2415dc959ae176b1986eff29aab886b60ed1119de835aef19a109,ddddaf0
eviddie-20240520-19940419,20240520,19940419,rare,1shot,0,EviDDIE,PT-18813849,IPVQLZZIHOAWMC,ZBMZVLHSJCTVON,1,1,0.50349432,0.8580578,0.15727785,0.17356744,cef85baa2df0893bc2964a3d3f36b9277e37b3c2f393a1c5de9d6dd48b09782c,17c85f44910f43939d8c336b8e11d77e86e561a15bc4c215773e76a4b95d3f27,d5b11d25f3b2415dc959ae176b1986eff29aab886b60ed1119de835aef19a109,ddddaf0
eviddie-20240520-19940419,20240520,19940419,rare,1shot,0,EviDDIE,PT-18813849,IPVQLZZIHOAWMC,XKLMZUWKNUAPSZ,0,1,0.50348634,0.85866594,0.15647693,0.17271765,cef85baa2df0893bc2964a3d3f36b9277e37b3c2f393a1c5de9d6dd48b09782c,17c85f44910f43939d8c336b8e11d77e86e561a15bc4c215773e76a4b95d3f27,d5b11d25f3b2415dc959ae176b1986eff29aab886b60ed1119de835aef19a109,ddddaf0
eviddie-20240520-19940419,20240520,19940419,rare,1shot,0,EviDDIE,PT-18886153,AUYYCJSJGJYCDS,RGHNJXZEOKUKBD,1,1,0.50348771,0.85875785,0.15634973,0.1725952,cef85baa2df0893bc2964a3d3f36b9277e37b3c2f393a1c5de9d6dd48b09782c,17c85f44910f43939d8c336b8e11d77e86e561a15bc4c215773e76a4b95d3f27,d5b11d25f3b2415dc959ae176b1986eff29aab886b60ed1119de835aef19a109,ddddaf0
eviddie-20240520-19940419,20240520,19940419,rare,1shot,0,EviDDIE,PT-18886153,URKOMYMAXPYINW,ZZUFCTLCJUWOSV,1,1,0.50349325,0.8581267,0.15718748,0.17347075,cef85baa2df0893bc2964a3d3f36b9277e37b3c2f393a1c5de9d6dd48b09782c,17c85f44910f43939d8c336b8e11d77e86e561a15bc4c215773e76a4b95d3f27,d5b11d25f3b2415dc959ae176b1986eff29aab886b60ed1119de835aef19a109,ddddaf0
eviddie-20240520-19940419,20240520,19940419,rare,1shot,0,EviDDIE,PT-18886153,XUFQPHANEAPEMJ,ZQDWXGKKHFNSQK,1,1,0.50347495,0.85952973,0.15534118,0.1715126,cef85baa2df0893bc2964a3d3f36b9277e37b3c2f393a1c5de9d6dd48b09782c,17c85f44910f43939d8c336b8e11d77e86e561a15bc4c215773e76a4b95d3f27,d5b11d25f3b2415dc959ae176b1986eff29aab886b60ed1119de835aef19a109,ddddaf0
eviddie-20240520-19940419,20240520,19940419,rare,1shot,0,EviDDIE,PT-18886153,AUYYCJSJGJYCDS,GRYLNZFGIOXLOG,0,1,0.50352389,0.85647017,0.15935418,0.17581184,cef85baa2df0893bc2964a3d3f36b9277e37b3c2f393a1c5de9d6dd48b09782c,17c85f44910f43939d8c336b8e11d77e86e561a15bc4c215773e76a4b95d3f27,d5b11d25f3b2415dc959ae176b1986eff29aab886b60ed1119de835aef19a109,ddddaf0
eviddie-20240520-19940419,20240520,19940419,rare,1shot,0,EviDDIE,PT-18886153,URKOMYMAXPYINW,JZQKKSLKJUAGIC,0,1,0.50349581,0.85802424,0.15731972,0.17361675,cef85baa2df0893bc2964a3d3f36b9277e37b3c2f393a1c5de9d6dd48b09782c,17c85f44910f43939d8c336b8e11d77e86e561a15bc4c215773e76a4b95d3f27,d5b11d25f3b2415dc959ae176b1986eff29aab886b60ed1119de835aef19a109,ddddaf0
eviddie-20240520-19940419,20240520,19940419,rare,1shot,0,EviDDIE,PT-18886153,XUFQPHANEAPEMJ,TTWJBBZEZQICBI,0,1,0.50347805,0.85933763,0.15559225,0.17178182,cef85baa2df0893bc2964a3d3f36b9277e37b3c2f393a1c5de9d6dd48b09782c,17c85f44910f43939d8c336b8e11d77e86e561a15bc4c215773e76a4b95d3f27,d5b11d25f3b2415dc959ae176b1986eff29aab886b60ed1119de835aef19a109,ddddaf0
eviddie-20240520-19940419,20240520,19940419,rare,1shot,0,EviDDIE,PT-18927750,BMCQMVFGOVHVNG,OEYIOHPDSNJKLS,1,1,0.50352287,0.85628963,0.15960093,0.17605729,cef85baa2df0893bc2964a3d3f36b9277e37b3c2f393a1c5de9d6dd48b09782c,17c85f44910f43939d8c336b8e11d77e86e561a15bc4c215773e76a4b95d3f27,d5b11d25f3b2415dc959ae176b1986eff29aab886b60ed1119de835aef19a109,ddddaf0
eviddie-20240520-19940419,20240520,19940419,rare,1shot,0,EviDDIE,PT-18927750,BMCQMVFGOVHVNG,QYSPLQLAKJAUJT,0,1,0.50348979,0.85829562,0.15696777,0.17323177,cef85baa2df0893bc2964a3d3f36b9277e37b3c2f393a1c5de9d6dd48b09782c,17c85f44910f43939d8c336b8e11d77e86e561a15bc4c215773e76a4b95d3f27,d5b11d25f3b2415dc959ae176b1986eff29aab886b60ed1119de835aef19a109,ddddaf0
eviddie-20240520-19940419,20240520,19940419,rare,1shot,0,EviDDIE,PT-19056156,CTRLABGOLIVAIY,GFNANZIMVAIWHM,1,1,0.50347829,0.85939991,0.1555081,0.17169729,cef85baa2df0893bc2964a3d3f36b9277e37b3c2f393a1c5de9d6dd48b09782c,17c85f44910f43939d8c336b8e11d77e86e561a15bc4c215773e76a4b95d3f27,d5b11d25f3b2415dc959ae176b1986eff29aab886b60ed1119de835aef19a109,ddddaf0
eviddie-20240520-19940419,20240520,19940419,rare,1shot,0,EviDDIE,PT-19056156,CTRLABGOLIVAIY,QHMBSVQNZZTUGM,0,1,0.50347579,0.85961914,0.15521906,0.17139266,cef85baa2df0893bc2964a3d3f36b9277e37b3c2f393a1c5de9d6dd48b09782c,17c85f44910f43939d8c336b8e11d77e86e561a15bc4c215773e76a4b95d3f27,d5b11d25f3b2415dc959ae176b1986eff29aab886b60ed1119de835aef19a109,ddddaf0
eviddie-20240520-19940419,20240520,19940419,rare,1shot,0,EviDDIE,PT-19236117,LERNTVKEWCAPOY,USSIQXCVUWKGNF,1,1,0.50348771,0.85852534,0.15666313,0.1729129,cef85baa2df0893bc2964a3d3f36b9277e37b3c2f393a1c5de9d6dd48b09782c,17c85f44910f43939d8c336b8e11d77e86e561a15bc4c215773e76a4b95d3f27,d5b11d25f3b2415dc959ae176b1986eff29aab886b60ed1119de835aef19a109,ddddaf0
eviddie-20240520-19940419,20240520,19940419,rare,1shot,0,EviDDIE,PT-19236117,ODQWQRRAPPTVAG,UZHSEJADLWPNLE,1,1,0.50348473,0.85883033,0.15625921,0.17248946,cef85baa2df0893bc2964a3d3f36b9277e37b3c2f393a1c5de9d6dd48b09782c,17c85f44910f43939d8c336b8e11d77e86e561a15bc4c215773e76a4b95d3f27,d5b11d25f3b2415dc959ae176b1986eff29aab886b60ed1119de835aef19a109,ddddaf0
eviddie-20240520-19940419,20240520,19940419,rare,1shot,0,EviDDIE,PT-19236117,LERNTVKEWCAPOY,OFVLGDICTFRJMM,0,1,0.50348055,0.85911554,0.15588512,0.17209044,cef85baa2df0893bc2964a3d3f36b9277e37b3c2f393a1c5de9d6dd48b09782c,17c85f44910f43939d8c336b8e11d77e86e561a15bc4c215773e76a4b95d3f27,d5b11d25f3b2415dc959ae176b1986eff29aab886b60ed1119de835aef19a109,ddddaf0
eviddie-20240520-19940419,20240520,19940419,rare,1shot,0,EviDDIE,PT-19236117,ODQWQRRAPPTVAG,DJBNUMBKLMJRSA,0,1,0.50349218,0.85823423,0.15704519,0.17332108,cef85baa2df0893bc2964a3d3f36b9277e37b3c2f393a1c5de9d6dd48b09782c,17c85f44910f43939d8c336b8e11d77e86e561a15bc4c215773e76a4b95d3f27,d5b11d25f3b2415dc959ae176b1986eff29aab886b60ed1119de835aef19a109,ddddaf0
eviddie-20240520-19940419,20240520,19940419,rare,1shot,0,EviDDIE,PT-20711130,RDOIQAHITMMDAJ,WMWTYOKRWGGJOA,1,1,0.50348353,0.85889542,0.15617447,0.17239779,cef85baa2df0893bc2964a3d3f36b9277e37b3c2f393a1c5de9d6dd48b09782c,17c85f44910f43939d8c336b8e11d77e86e561a15bc4c215773e76a4b95d3f27,d5b11d25f3b2415dc959ae176b1986eff29aab886b60ed1119de835aef19a109,ddddaf0
eviddie-20240520-19940419,20240520,19940419,rare,1shot,0,EviDDIE,PT-20711130,RDOIQAHITMMDAJ,QWAXKHKRTORLEM,0,1,0.50348139,0.85906446,0.15595195,0.17216201,cef85baa2df0893bc2964a3d3f36b9277e37b3c2f393a1c5de9d6dd48b09782c,17c85f44910f43939d8c336b8e11d77e86e561a15bc4c215773e76a4b95d3f27,d5b11d25f3b2415dc959ae176b1986eff29aab886b60ed1119de835aef19a109,ddddaf0
eviddie-20240520-19940419,20240520,19940419,rare,1shot,0,EviDDIE,PT-20937945,ITRJWOMZKQRYTA,KWGRBVOPPLSCSI,1,1,0.50350159,0.85759932,0.15787955,0.17421174,cef85baa2df0893bc2964a3d3f36b9277e37b3c2f393a1c5de9d6dd48b09782c,17c85f44910f43939d8c336b8e11d77e86e561a15bc4c215773e76a4b95d3f27,d5b11d25f3b2415dc959ae176b1986eff29aab886b60ed1119de835aef19a109,ddddaf0
eviddie-20240520-19940419,20240520,19940419,rare,1shot,0,EviDDIE,PT-20937945,ITRJWOMZKQRYTA,MGNNYOODZCAHBA,0,1,0.50348932,0.85835207,0.1568929,0.17315334,cef85baa2df0893bc2964a3d3f36b9277e37b3c2f393a1c5de9d6dd48b09782c,17c85f44910f43939d8c336b8e11d77e86e561a15bc4c215773e76a4b95d3f27,d5b11d25f3b2415dc959ae176b1986eff29aab886b60ed1119de835aef19a109,ddddaf0
eviddie-20240520-19940419,20240520,19940419,rare,1shot,0,EviDDIE,PT-7302622,HBOMLICNUCNMMY,PYGWGZALEOIKDF,1,1,0.50345796,0.86094463,0.15348202,0.16954778,cef85baa2df0893bc2964a3d3f36b9277e37b3c2f393a1c5de9d6dd48b09782c,17c85f44910f43939d8c336b8e11d77e86e561a15bc4c215773e76a4b95d3f27,d5b11d25f3b2415dc959ae176b1986eff29aab886b60ed1119de835aef19a109,ddddaf0
eviddie-20240520-19940419,20240520,19940419,rare,1shot,0,EviDDIE,PT-7302622,HBOMLICNUCNMMY,OOGJQPCLVADCPB,0,1,0.50347191,0.85986966,0.15489145,0.17104243,cef85baa2df0893bc2964a3d3f36b9277e37b3c2f393a1c5de9d6dd48b09782c,17c85f44910f43939d8c336b8e11d77e86e561a15bc4c215773e76a4b95d3f27,d5b11d25f3b2415dc959ae176b1986eff29aab886b60ed1119de835aef19a109,ddddaf0
eviddie-20240910-19940419,20240910,19940419,rare,1shot,0,EviDDIE,PT-11090837,BOVGTQGAOIONJV,OIGNJSKKLXVSLS,1,1,0.54762584,0.9045822,0.00018361,0.21078187,f35e02ba46327c8eeae98a7dc4c30e07cf11ace88ec8cff9f275a5102ef402a0,17c85f44910f43939d8c336b8e11d77e86e561a15bc4c215773e76a4b95d3f27,d5b11d25f3b2415dc959ae176b1986eff29aab886b60ed1119de835aef19a109,ddddaf0
eviddie-20240910-19940419,20240910,19940419,rare,1shot,0,EviDDIE,PT-11090837,BVKZGUZCCUSVTD,CDAISMWEOUEBRE,1,1,0.61501378,0.76993537,4.815e-05,0.59757251,f35e02ba46327c8eeae98a7dc4c30e07cf11ace88ec8cff9f275a5102ef402a0,17c85f44910f43939d8c336b8e11d77e86e561a15bc4c215773e76a4b95d3f27,d5b11d25f3b2415dc959ae176b1986eff29aab886b60ed1119de835aef19a109,ddddaf0
eviddie-20240910-19940419,20240910,19940419,rare,1shot,0,EviDDIE,PT-11090837,BOVGTQGAOIONJV,LOUPRKONTZGTKE,0,1,0.60208237,0.79578066,6.868e-05,0.51318663,f35e02ba46327c8eeae98a7dc4c30e07cf11ace88ec8cff9f275a5102ef402a0,17c85f44910f43939d8c336b8e11d77e86e561a15bc4c215773e76a4b95d3f27,d5b11d25f3b2415dc959ae176b1986eff29aab886b60ed1119de835aef19a109,ddddaf0
eviddie-20240910-19940419,20240910,19940419,rare,1shot,0,EviDDIE,PT-11090837,BVKZGUZCCUSVTD,KFQYTPMOWPVWEJ,0,1,0.64259976,0.71477515,3.548e-05,0.7980473,f35e02ba46327c8eeae98a7dc4c30e07cf11ace88ec8cff9f275a5102ef402a0,17c85f44910f43939d8c336b8e11d77e86e561a15bc4c215773e76a4b95d3f27,d5b11d25f3b2415dc959ae176b1986eff29aab886b60ed1119de835aef19a109,ddddaf0
eviddie-20240910-19940419,20240910,19940419,rare,1shot,0,EviDDIE,PT-11519456,BMCQMVFGOVHVNG,MFYSYFVPBJMHGN,1,1,0.50599301,0.98512876,0.00292871,0.02726267,f35e02ba46327c8eeae98a7dc4c30e07cf11ace88ec8cff9f275a5102ef402a0,17c85f44910f43939d8c336b8e11d77e86e561a15bc4c215773e76a4b95d3f27,d5b11d25f3b2415dc959ae176b1986eff29aab886b60ed1119de835aef19a109,ddddaf0
eviddie-20240910-19940419,20240910,19940419,rare,1shot,0,EviDDIE,PT-11519456,BMCQMVFGOVHVNG,QYSPLQLAKJAUJT,0,1,0.52130997,0.95661032,0.00080466,0.08991072,f35e02ba46327c8eeae98a7dc4c30e07cf11ace88ec8cff9f275a5102ef402a0,17c85f44910f43939d8c336b8e11d77e86e561a15bc4c215773e76a4b95d3f27,d5b11d25f3b2415dc959ae176b1986eff29aab886b60ed1119de835aef19a109,ddddaf0
eviddie-20240910-19940419,20240910,19940419,rare,1shot,0,EviDDIE,PT-12375546,OFHCOWSQAMBJIW,VWQWXZAWFPZJDA,1,1,0.51104897,0.97648776,0.0014485,0.04670835,f35e02ba46327c8eeae98a7dc4c30e07cf11ace88ec8cff9f275a5102ef402a0,17c85f44910f43939d8c336b8e11d77e86e561a15bc4c215773e76a4b95d3f27,d5b11d25f3b2415dc959ae176b1986eff29aab886b60ed1119de835aef19a109,ddddaf0
eviddie-20240910-19940419,20240910,19940419,rare,1shot,0,EviDDIE,PT-12375546,OFHCOWSQAMBJIW,BMCQMVFGOVHVNG,0,1,0.50686371,0.98367739,0.00263818,0.03054865,f35e02ba46327c8eeae98a7dc4c30e07cf11ace88ec8cff9f275a5102ef402a0,17c85f44910f43939d8c336b8e11d77e86e561a15bc4c215773e76a4b95d3f27,d5b11d25f3b2415dc959ae176b1986eff29aab886b60ed1119de835aef19a109,ddddaf0
eviddie-20240910-19940419,20240910,19940419,rare,1shot,0,EviDDIE,PT-12913352,IIDJRNMFWXDHID,SUBDBMMJDZJVOS,1,1,0.54767746,0.90438044,0.00029272,0.21116604,f35e02ba46327c8eeae98a7dc4c30e07cf11ace88ec8cff9f275a5102ef402a0,17c85f44910f43939d8c336b8e11d77e86e561a15bc4c215773e76a4b95d3f27,d5b11d25f3b2415dc959ae176b1986eff29aab886b60ed1119de835aef19a109,ddddaf0
eviddie-20240910-19940419,20240910,19940419,rare,1shot,0,EviDDIE,PT-12913352,IIDJRNMFWXDHID,PGBHMTALBVVCIT,0,1,0.50192827,0.98936218,0.00685417,0.01465021,f35e02ba46327c8eeae98a7dc4c30e07cf11ace88ec8cff9f275a5102ef402a0,17c85f44910f43939d8c336b8e11d77e86e561a15bc4c215773e76a4b95d3f27,d5b11d25f3b2415dc959ae176b1986eff29aab886b60ed1119de835aef19a109,ddddaf0
eviddie-20240910-19940419,20240910,19940419,rare,1shot,0,EviDDIE,PT-13906408,KJHKTHWMRKYKJE,VGKDLMBJGBXTGI,1,1,0.60556775,0.78882039,5.586e-05,0.53537548,f35e02ba46327c8eeae98a7dc4c30e07cf11ace88ec8cff9f275a5102ef402a0,17c85f44910f43939d8c336b8e11d77e86e561a15bc4c215773e76a4b95d3f27,d5b11d25f3b2415dc959ae176b1986eff29aab886b60ed1119de835aef19a109,ddddaf0
eviddie-20240910-19940419,20240910,19940419,rare,1shot,0,EviDDIE,PT-13906408,NCDNCNXCDXHOMX,SGOIRFVFHAKUTI,1,1,0.69531339,0.60936731,9.75e-06,1.28208303,f35e02ba46327c8eeae98a7dc4c30e07cf11ace88ec8cff9f275a5102ef402a0,17c85f44910f43939d8c336b8e11d77e86e561a15bc4c215773e76a4b95d3f27,d5b11d25f3b2415dc959ae176b1986eff29aab886b60ed1119de835aef19a109,ddddaf0
eviddie-20240910-19940419,20240910,19940419,rare,1shot,0,EviDDIE,PT-13906408,KJHKTHWMRKYKJE,OGHNVEJMJSYVRP,0,1,0.56453931,0.8707673,0.00017677,0.29664803,f35e02ba46327c8eeae98a7dc4c30e07cf11ace88ec8cff9f275a5102ef402a0,17c85f44910f43939d8c336b8e11d77e86e561a15bc4c215773e76a4b95d3f27,d5b11d25f3b2415dc959ae176b1986eff29aab886b60ed1119de835aef19a109,ddddaf0
eviddie-20240910-19940419,20240910,19940419,rare,1shot,0,EviDDIE,PT-13906408,NCDNCNXCDXHOMX,MNDBXUUTURYVHR,0,1,0.55404186,0.89170253,0.00023984,0.24266063,f35e02ba46327c8eeae98a7dc4c30e07cf11ace88ec8cff9f275a5102ef402a0,17c85f44910f43939d8c336b8e11d77e86e561a15bc4c215773e76a4b95d3f27,d5b11d25f3b2415dc959ae176b1986eff29aab886b60ed1119de835aef19a109,ddddaf0
eviddie-20240910-19940419,20240910,19940419,rare,1shot,0,EviDDIE,PT-14501669,IQPSEEYGBUAQFF,JIVPVXMEBJLZRO,1,1,0.50100416,0.98968643,0.00839186,0.01245032,f35e02ba46327c8eeae98a7dc4c30e07cf11ace88ec8cff9f275a5102ef402a0,17c85f44910f43939d8c336b8e11d77e86e561a15bc4c215773e76a4b95d3f27,d5b11d25f3b2415dc959ae176b1986eff29aab886b60ed1119de835aef19a109,ddddaf0
eviddie-20240910-19940419,20240910,19940419,rare,1shot,0,EviDDIE,PT-14501669,IQPSEEYGBUAQFF,SEEPANYCNGTZFQ,0,1,0.61332411,0.77329844,6.896e-05,0.5862546,f35e02ba46327c8eeae98a7dc4c30e07cf11ace88ec8cff9f275a5102ef402a0,17c85f44910f43939d8c336b8e11d77e86e561a15bc4c215773e76a4b95d3f27,d5b11d25f3b2415dc959ae176b1986eff29aab886b60ed1119de835aef19a109,ddddaf0
eviddie-20240910-19940419,20240910,19940419,rare,1shot,0,EviDDIE,PT-14550837,MBUVEWMHONZEQD,QWCRAEMEVRGPNT,1,1,0.59731114,0.80531096,8.289e-05,0.48342976,f35e02ba46327c8eeae98a7dc4c30e07cf11ace88ec8cff9f275a5102ef402a0,17c85f44910f43939d8c336b8e11d77e86e561a15bc4c215773e76a4b95d3f27,d5b11d25f3b2415dc959ae176b1986eff29aab886b60ed1119de835aef19a109,ddddaf0
eviddie-20240910-19940419,20240910,19940419,rare,1shot,0,EviDDIE,PT-14550837,MBUVEWMHONZEQD,SGTNSNPWRIOYBX,0,1,0.54825282,0.90323317,0.0002891,0.21397851,f35e02ba46327c8eeae98a7dc4c30e07cf11ace88ec8cff9f275a5102ef402a0,17c85f44910f43939d8c336b8e11d77e86e561a15bc4c215773e76a4b95d3f27,d5b11d25f3b2415dc959ae176b1986eff29aab886b60ed1119de835aef19a109,ddddaf0
eviddie-20240910-19940419,20240910,19940419,rare,1shot,0,EviDDIE,PT-15104610,BPZSYCZIITTYBL,CEUORZQYGODEFX,1,1,0.51184773,0.97461873,0.00172974,0.0503547,f35e02ba46327c8eeae98a7dc4c30e07cf11ace88ec8cff9f275a5102ef402a0,17c85f44910f43939d8c336b8e11d77e86e561a15bc4c215773e76a4b95d3f27,d5b11d25f3b2415dc959ae176b1986eff29aab886b60ed1119de835aef19a109,ddddaf0
eviddie-20240910-19940419,20240910,19940419,rare,1shot,0,EviDDIE,PT-15104610,BPZSYCZIITTYBL,HYIMSNHJOBLJNT,0,1,0.54949486,0.90076035,0.00027766,0.22006887,f35e02ba46327c8eeae98a7dc4c30e07cf11ace88ec8cff9f275a5102ef402a0,17c85f44910f43939d8c336b8e11d77e86e561a15bc4c215773e76a4b95d3f27,d5b11d25f3b2415dc959ae176b1986eff29aab886b60ed1119de835aef19a109,ddddaf0
eviddie-20240910-19940419,20240910,19940419,rare,1shot,0,EviDDIE,PT-15204755,GSDSWSVVBLHKDQ,LXNHXLLTXMVWPM,1,1,0.64872849,0.70251906,3.415e-05,0.84686375,f35e02ba46327c8eeae98a7dc4c30e07cf11ace88ec8cff9f275a5102ef402a0,17c85f44910f43939d8c336b8e11d77e86e561a15bc4c215773e76a4b95d3f27,d5b11d25f3b2415dc959ae176b1986eff29aab886b60ed1119de835aef19a109,ddddaf0
eviddie-20240910-19940419,20240910,19940419,rare,1shot,0,EviDDIE,PT-15204755,GSDSWSVVBLHKDQ,NJMYODHXAKYRHW,0,1,0.54365897,0.9124229,0.00028421,0.19168194,f35e02ba46327c8eeae98a7dc4c30e07cf11ace88ec8cff9f275a5102ef402a0,17c85f44910f43939d8c336b8e11d77e86e561a15bc4c215773e76a4b95d3f27,d5b11d25f3b2415dc959ae176b1986eff29aab886b60ed1119de835aef19a109,ddddaf0
eviddie-20240910-19940419,20240910,19940419,rare,1shot,0,EviDDIE,PT-15396329,NCEXYHBECQHGNR,ZNNLBTZKUZBEKO,1,1,0.52416903,0.95107448,0.00061768,0.10226702,f35e02ba46327c8eeae98a7dc4c30e07cf11ace88ec8cff9f275a5102ef402a0,17c85f44910f43939d8c336b8e11d77e86e561a15bc4c215773e76a4b95d3f27,d5b11d25f3b2415dc959ae176b1986eff29aab886b60ed1119de835aef19a109,ddddaf0
eviddie-20240910-19940419,20240910,19940419,rare,1shot,0,EviDDIE,PT-15396329,NCEXYHBECQHGNR,HYIMSNHJOBLJNT,0,1,0.53276116,0.93395394,0.00056075,0.14087243,f35e02ba46327c8eeae98a7dc4c30e07cf11ace88ec8cff9f275a5102ef402a0,17c85f44910f43939d8c336b8e11d77e86e561a15bc4c215773e76a4b95d3f27,d5b11d25f3b2415dc959ae176b1986eff29aab886b60ed1119de835aef19a109,ddddaf0
eviddie-20240910-19940419,20240910,19940419,rare,1shot,0,EviDDIE,PT-15626751,AXRYRYVKAWYZBR,CZFFBEXEKNGXKS,1,1,0.54214185,0.9154281,0.0003147,0.18445532,f35e02ba46327c8eeae98a7dc4c30e07cf11ace88ec8cff9f275a5102ef402a0,17c85f44910f43939d8c336b8e11d77e86e561a15bc4c215773e76a4b95d3f27,d5b11d25f3b2415dc959ae176b1986eff29aab886b60ed1119de835aef19a109,ddddaf0
eviddie-20240910-19940419,20240910,19940419,rare,1shot,0,EviDDIE,PT-15626751,NIJJYAXOARWZEE,SNPPWIUOZRMYNY,1,1,0.50922364,0.97912449,0.00248003,0.0401611,f35e02ba46327c8eeae98a7dc4c30e07cf11ace88ec8cff9f275a5102ef402a0,17c85f44910f43939d8c336b8e11d77e86e561a15bc4c215773e76a4b95d3f27,d5b11d25f3b2415dc959ae176b1986eff29aab886b60ed1119de835aef19a109,ddddaf0
eviddie-20240910-19940419,20240910,19940419,rare,1shot,0,EviDDIE,PT-15626751,AXRYRYVKAWYZBR,LUZRJRNZXALNLM,0,1,0.54725873,0.90526086,0.00024484,0.20906311,f35e02ba46327c8eeae98a7dc4c30e07cf11ace88ec8cff9f275a5102ef402a0,17c85f44910f43939d8c336b8e11d77e86e561a15bc4c215773e76a4b95d3f27,d5b11d25f3b2415dc959ae176b1986eff29aab886b60ed1119de835aef19a109,ddddaf0
eviddie-20240910-19940419,20240910,19940419,rare,1shot,0,EviDDIE,PT-15626751,NIJJYAXOARWZEE,JAUOIFJMECXRGI,0,1,0.51370168,0.97120088,0.00143698,0.05786912,f35e02ba46327c8eeae98a7dc4c30e07cf11ace88ec8cff9f275a5102ef402a0,17c85f44910f43939d8c336b8e11d77e86e561a15bc4c215773e76a4b95d3f27,d5b11d25f3b2415dc959ae176b1986eff29aab886b60ed1119de835aef19a109,ddddaf0
eviddie-20240910-19940419,20240910,19940419,rare,1shot,0,EviDDIE,PT-16020885,ASUTZQLVASHGKV,HSUGRBWQSSZJOP,1,1,0.56952602,0.86083686,0.00012916,0.32319155,f35e02ba46327c8eeae98a7dc4c30e07cf11ace88ec8cff9f275a5102ef402a0,17c85f44910f43939d8c336b8e11d77e86e561a15bc4c215773e76a4b95d3f27,d5b11d25f3b2415dc959ae176b1986eff29aab886b60ed1119de835aef19a109,ddddaf0
eviddie-20240910-19940419,20240910,19940419,rare,1shot,0,EviDDIE,PT-16020885,ASUTZQLVASHGKV,HTIQEAQVCYTUBX,1,1,0.58139426,0.8371225,0.0001062,0.38903034,f35e02ba46327c8eeae98a7dc4c30e07cf11ace88ec8cff9f275a5102ef402a0,17c85f44910f43939d8c336b8e11d77e86e561a15bc4c215773e76a4b95d3f27,d5b11d25f3b2415dc959ae176b1986eff29aab886b60ed1119de835aef19a109,ddddaf0
eviddie-20240910-19940419,20240910,19940419,rare,1shot,0,EviDDIE,PT-16020885,ASUTZQLVASHGKV,WIKYUJGCLQQFNW,0,1,0.55338442,0.89306808,0.00018272,0.23928827,f35e02ba46327c8eeae98a7dc4c30e07cf11ace88ec8cff9f275a5102ef402a0,17c85f44910f43939d8c336b8e11d77e86e561a15bc4c215773e76a4b95d3f27,d5b11d25f3b2415dc959ae176b1986eff29aab886b60ed1119de835aef19a109,ddddaf0
eviddie-20240910-19940419,20240910,19940419,rare,1shot,0,EviDDIE,PT-16020885,ASUTZQLVASHGKV,GJSURZIOUXUGAL,0,1,0.56752223,0.86483258,0.00014208,0.31244406,f35e02ba46327c8eeae98a7dc4c30e07cf11ace88ec8cff9f275a5102ef402a0,17c85f44910f43939d8c336b8e11d77e86e561a15bc4c215773e76a4b95d3f27,d5b11d25f3b2415dc959ae176b1986eff29aab886b60ed1119de835aef19a109,ddddaf0
eviddie-20240910-19940419,20240910,19940419,rare,1shot,0,EviDDIE,PT-16031872,VWPOSFSPZNDTMJ,WIKYUJGCLQQFNW,1,1,0.53645313,0.92679101,0.00032656,0.15765716,f35e02ba46327c8eeae98a7dc4c30e07cf11ace88ec8cff9f275a5102ef402a0,17c85f44910f43939d8c336b8e11d77e86e561a15bc4c215773e76a4b95d3f27,d5b11d25f3b2415dc959ae176b1986eff29aab886b60ed1119de835aef19a109,ddddaf0
eviddie-20240910-19940419,20240910,19940419,rare,1shot,0,EviDDIE,PT-16031872,VWPOSFSPZNDTMJ,ADIMAYPTOBDMTL,0,1,0.56091124,0.87799734,0.00020522,0.27770603,f35e02ba46327c8eeae98a7dc4c30e07cf11ace88ec8cff9f275a5102ef402a0,17c85f44910f43939d8c336b8e11d77e86e561a15bc4c215773e76a4b95d3f27,d5b11d25f3b2415dc959ae176b1986eff29aab886b60ed1119de835aef19a109,ddddaf0
eviddie-20240910-19940419,20240910,19940419,rare,1shot,0,EviDDIE,PT-16075454,BPZSYCZIITTYBL,HSUGRBWQSSZJOP,1,1,0.52372348,0.9519124,0.00067288,0.10036068,f35e02ba46327c8eeae98a7dc4c30e07cf11ace88ec8cff9f275a5102ef402a0,17c85f44910f43939d8c336b8e11d77e86e561a15bc4c215773e76a4b95d3f27,d5b11d25f3b2415dc959ae176b1986eff29aab886b60ed1119de835aef19a109,ddddaf0
eviddie-20240910-19940419,20240910,19940419,rare,1shot,0,EviDDIE,PT-16075454,BPZSYCZIITTYBL,RYMZZMVNJRMUDD,1,1,0.56232625,0.87522817,0.00013633,0.28498191,f35e02ba46327c8eeae98a7dc4c30e07cf11ace88ec8cff9f275a5102ef402a0,17c85f44910f43939d8c336b8e11d77e86e561a15bc4c215773e76a4b95d3f27,d5b11d25f3b2415dc959ae176b1986eff29aab886b60ed1119de835aef19a109,ddddaf0
eviddie-20240910-19940419,20240910,19940419,rare,1shot,0,EviDDIE,PT-16075454,WDJHALXBUFZDSR,XOFYZVNMUHMLCC,1,1,0.50521296,0.98617327,0.00344853,0.02459268,f35e02ba46327c8eeae98a7dc4c30e07cf11ace88ec8cff9f275a5102ef402a0,17c85f44910f43939d8c336b8e11d77e86e561a15bc4c215773e76a4b95d3f27,d5b11d25f3b2415dc959ae176b1986eff29aab886b60ed1119de835aef19a109,ddddaf0
eviddie-20240910-19940419,20240910,19940419,rare,1shot,0,EviDDIE,PT-16075454,BPZSYCZIITTYBL,AQHHHDLHHXJYJD,0,1,0.51924038,0.96072292,0.00082873,0.08093681,f35e02ba46327c8eeae98a7dc4c30e07cf11ace88ec8cff9f275a5102ef402a0,17c85f44910f43939d8c336b8e11d77e86e561a15bc4c215773e76a4b95d3f27,d5b11d25f3b2415dc959ae176b1986eff29aab886b60ed1119de835aef19a109,ddddaf0
eviddie-20240910-19940419,20240910,19940419,rare,1shot,0,EviDDIE,PT-16075454,BPZSYCZIITTYBL,JBIWCJUYHHGXTC,0,1,0.51405936,0.97037876,0.00154835,0.05950249,f35e02ba46327c8eeae98a7dc4c30e07cf11ace88ec8cff9f275a5102ef402a0,17c85f44910f43939d8c336b8e11d77e86e561a15bc4c215773e76a4b95d3f27,d5b11d25f3b2415dc959ae176b1986eff29aab886b60ed1119de835aef19a109,ddddaf0
eviddie-20240910-19940419,20240910,19940419,rare,1shot,0,EviDDIE,PT-16075454,WDJHALXBUFZDSR,OFVLGDICTFRJMM,0,1,0.50118035,0.9885084,0.00923702,0.01401325,f35e02ba46327c8eeae98a7dc4c30e07cf11ace88ec8cff9f275a5102ef402a0,17c85f44910f43939d8c336b8e11d77e86e561a15bc4c215773e76a4b95d3f27,d5b11d25f3b2415dc959ae176b1986eff29aab886b60ed1119de835aef19a109,ddddaf0
eviddie-20240910-19940419,20240910,19940419,rare,1shot,0,EviDDIE,PT-16123123,IMBXEJJVJRTNOW,NDAUXUAQIAJITI,1,1,0.52367526,0.95205998,0.00061932,0.10008889,f35e02ba46327c8eeae98a7dc4c30e07cf11ace88ec8cff9f275a5102ef402a0,17c85f44910f43939d8c336b8e11d77e86e561a15bc4c215773e76a4b95d3f27,d5b11d25f3b2415dc959ae176b1986eff29aab886b60ed1119de835aef19a109,ddddaf0
eviddie-20240910-19940419,20240910,19940419,rare,1shot,0,EviDDIE,PT-16123123,IMBXEJJVJRTNOW,LOUPRKONTZGTKE,0,1,0.50822908,0.9807092,0.00288814,0.0364522,f35e02ba46327c8eeae98a7dc4c30e07cf11ace88ec8cff9f275a5102ef402a0,17c85f44910f43939d8c336b8e11d77e86e561a15bc4c215773e76a4b95d3f27,d5b11d25f3b2415dc959ae176b1986eff29aab886b60ed1119de835aef19a109,ddddaf0
eviddie-20240910-19940419,20240910,19940419,rare,1shot,0,EviDDIE,PT-16259298,ACWBQPMHZXGDFX,SNIOPGDIGTZGOP,1,1,0.50014216,0.98967707,0.0101433,0.01071787,f35e02ba46327c8eeae98a7dc4c30e07cf11ace88ec8cff9f275a5102ef402a0,17c85f44910f43939d8c336b8e11d77e86e561a15bc4c215773e76a4b95d3f27,d5b11d25f3b2415dc959ae176b1986eff29aab886b60ed1119de835aef19a109,ddddaf0
eviddie-20240910-19940419,20240910,19940419,rare,1shot,0,EviDDIE,PT-16259298,GBBSUAFBMRNDJC,QRXWMOHMRWLFEY,1,1,0.63306659,0.73383737,3.998e-05,0.72535938,f35e02ba46327c8eeae98a7dc4c30e07cf11ace88ec8cff9f275a5102ef402a0,17c85f44910f43939d8c336b8e11d77e86e561a15bc4c215773e76a4b95d3f27,d5b11d25f3b2415dc959ae176b1986eff29aab886b60ed1119de835aef19a109,ddddaf0
eviddie-20240910-19940419,20240910,19940419,rare,1shot,0,EviDDIE,PT-16259298,ACWBQPMHZXGDFX,ULGZDMOVFRHVEP,0,1,0.55216986,0.89545441,0.00023006,0.23327287,f35e02ba46327c8eeae98a7dc4c30e07cf11ace88ec8cff9f275a5102ef402a0,17c85f44910f43939d8c336b8e11d77e86e561a15bc4c215773e76a4b95d3f27,d5b11d25f3b2415dc959ae176b1986eff29aab886b60ed1119de835aef19a109,ddddaf0
eviddie-20240910-19940419,20240910,19940419,rare,1shot,0,EviDDIE,PT-16259298,GBBSUAFBMRNDJC,LTXREWYXXSTFRX,0,1,0.55030441,0.89910477,0.00031844,0.22411633,f35e02ba46327c8eeae98a7dc4c30e07cf11ace88ec8cff9f275a5102ef402a0,17c85f44910f43939d8c336b8e11d77e86e561a15bc4c215773e76a4b95d3f27,d5b11d25f3b2415dc959ae176b1986eff29aab886b60ed1119de835aef19a109,ddddaf0
eviddie-20240910-19940419,20240910,19940419,rare,1shot,0,EviDDIE,PT-16280284,RGCVKNLCSQQDEP,XLYOFNOQVPJJNP,1,1,0.50681472,0.98277897,0.00365452,0.03139104,f35e02ba46327c8eeae98a7dc4c30e07cf11ace88ec8cff9f275a5102ef402a0,17c85f44910f43939d8c336b8e11d77e86e561a15bc4c215773e76a4b95d3f27,d5b11d25f3b2415dc959ae176b1986eff29aab886b60ed1119de835aef19a109,ddddaf0
eviddie-20240910-19940419,20240910,19940419,rare,1shot,0,EviDDIE,PT-16280284,RGCVKNLCSQQDEP,PPTYJKAXVCCBDU,0,1,0.68746465,0.6250602,1.671e-05,1.19967508,f35e02ba46327c8eeae98a7dc4c30e07cf11ace88ec8cff9f275a5102ef402a0,17c85f44910f43939d8c336b8e11d77e86e561a15bc4c215773e76a4b95d3f27,d5b11d25f3b2415dc959ae176b1986eff29aab886b60ed1119de835aef19a109,ddddaf0
eviddie-20240910-19940419,20240910,19940419,rare,1shot,0,EviDDIE,PT-16382811,PPTYJKAXVCCBDU,VOKSWYLNZZRQPF,1,1,0.51941174,0.96006411,0.0011588,0.0820355,f35e02ba46327c8eeae98a7dc4c30e07cf11ace88ec8cff9f275a5102ef402a0,17c85f44910f43939d8c336b8e11d77e86e561a15bc4c215773e76a4b95d3f27,d5b11d25f3b2415dc959ae176b1986eff29aab886b60ed1119de835aef19a109,ddddaf0
eviddie-20240910-19940419,20240910,19940419,rare,1shot,0,EviDDIE,PT-16382811,PPTYJKAXVCCBDU,OGHNVEJMJSYVRP,0,1,0.51428878,0.96984988,0.00162139,0.06055328,f35e02ba46327c8eeae98a7dc4c30e07cf11ace88ec8cff9f275a5102ef402a0,17c85f44910f43939d8c336b8e11d77e86e561a15bc4c215773e76a4b95d3f27,d5b11d25f3b2415dc959ae176b1986eff29aab886b60ed1119de835aef19a109,ddddaf0
eviddie-20240910-19940419,20240910,19940419,rare,1shot,0,EviDDIE,PT-16388032,HEFNNWSXXWATRW,URKOMYMAXPYINW,1,1,0.52494973,0.94949782,0.00063465,0.1057419,f35e02ba46327c8eeae98a7dc4c30e07cf11ace88ec8cff9f275a5102ef402a0,17c85f44910f43939d8c336b8e11d77e86e561a15bc4c215773e76a4b95d3f27,d5b11d25f3b2415dc959ae176b1986eff29aab886b60ed1119de835aef19a109,ddddaf0
eviddie-20240910-19940419,20240910,19940419,rare,1shot,0,EviDDIE,PT-16388032,HEFNNWSXXWATRW,SGUAFYQXFOLMHL,0,1,0.73168981,0.53661805,4.35e-06,1.72704124,f35e02ba46327c8eeae98a7dc4c30e07cf11ace88ec8cff9f275a5102ef402a0,17c85f44910f43939d8c336b8e11d77e86e561a15bc4c215773e76a4b95d3f27,d5b11d25f3b2415dc959ae176b1986eff29aab886b60ed1119de835aef19a109,ddddaf0
eviddie-20240910-19940419,20240910,19940419,rare,1shot,0,EviDDIE,PT-16542855,CMSMOCZEIVJLDB,UVKZSORBKUEBAZ,1,1,0.5037632,0.98755497,0.0049805,0.0202232,f35e02ba46327c8eeae98a7dc4c30e07cf11ace88ec8cff9f275a5102ef402a0,17c85f44910f43939d8c336b8e11d77e86e561a15bc4c215773e76a4b95d3f27,d5b11d25f3b2415dc959ae176b1986eff29aab886b60ed1119de835aef19a109,ddddaf0
eviddie-20240910-19940419,20240910,19940419,rare,1shot,0,EviDDIE,PT-16542855,CMSMOCZEIVJLDB,OOGJQPCLVADCPB,0,1,0.51063538,0.97605282,0.00274197,0.04632733,f35e02ba46327c8eeae98a7dc4c30e07cf11ace88ec8cff9f275a5102ef402a0,17c85f44910f43939d8c336b8e11d77e86e561a15bc4c215773e76a4b95d3f27,d5b11d25f3b2415dc959ae176b1986eff29aab886b60ed1119de835aef19a109,ddddaf0
eviddie-20240910-19940419,20240910,19940419,rare,1shot,0,EviDDIE,PT-16749091,FBOZXECLQNJBKD,PDMMFKSKQVNJMI,1,1,0.50730819,0.98274565,0.00268419,0.03243031,f35e02ba46327c8eeae98a7dc4c30e07cf11ace88ec8cff9f275a5102ef402a0,17c85f44910f43939d8c336b8e11d77e86e561a15bc4c215773e76a4b95d3f27,d5b11d25f3b2415dc959ae176b1986eff29aab886b60ed1119de835aef19a109,ddddaf0
eviddie-20240910-19940419,20240910,19940419,rare,1shot,0,EviDDIE,PT-16749091,FBOZXECLQNJBKD,UZHSEJADLWPNLE,0,1,0.58112556,0.83765709,0.00010962,0.38750228,f35e02ba46327c8eeae98a7dc4c30e07cf11ace88ec8cff9f275a5102ef402a0,17c85f44910f43939d8c336b8e11d77e86e561a15bc4c215773e76a4b95d3f27,d5b11d25f3b2415dc959ae176b1986eff29aab886b60ed1119de835aef19a109,ddddaf0
eviddie-20240910-19940419,20240910,19940419,rare,1shot,0,EviDDIE,PT-16783023,GHOSNRCGJFBJIB,ZAFYATHCZYHLPB,1,1,0.55624318,0.88730884,0.00023081,0.25377578,f35e02ba46327c8eeae98a7dc4c30e07cf11ace88ec8cff9f275a5102ef402a0,17c85f44910f43939d8c336b8e11d77e86e561a15bc4c215773e76a4b95d3f27,d5b11d25f3b2415dc959ae176b1986eff29aab886b60ed1119de835aef19a109,ddddaf0
eviddie-20240910-19940419,20240910,19940419,rare,1shot,0,EviDDIE,PT-16783023,GHOSNRCGJFBJIB,HYAFETHFCAUJAY,0,1,0.55599725,0.88776571,0.00027013,0.25257662,f35e02ba46327c8eeae98a7dc4c30e07cf11ace88ec8cff9f275a5102ef402a0,17c85f44910f43939d8c336b8e11d77e86e561a15bc4c215773e76a4b95d3f27,d5b11d25f3b2415dc959ae176b1986eff29aab886b60ed1119de835aef19a109,ddddaf0
eviddie-20240910-19940419,20240910,19940419,rare,1shot,0,EviDDIE,PT-16803939,LUZRJRNZXALNLM,WVLOADHCBXTIJK,1,1,0.6927247,0.61454326,1.181e-05,1.25443745,f35e02ba46327c8eeae98a7dc4c30e07cf11ace88ec8cff9f275a5102ef402a0,17c85f44910f43939d8c336b8e11d77e86e561a15bc4c215773e76a4b95d3f27,d5b11d25f3b2415dc959ae176b1986eff29aab886b60ed1119de835aef19a109,ddddaf0
eviddie-20240910-19940419,20240910,19940419,rare,1shot,0,EviDDIE,PT-16803939,LUZRJRNZXALNLM,AXRYRYVKAWYZBR,0,1,0.74964738,0.50070405,2.54e-06,1.99437332,f35e02ba46327c8eeae98a7dc4c30e07cf11ace88ec8cff9f275a5102ef402a0,17c85f44910f43939d8c336b8e11d77e86e561a15bc4c215773e76a4b95d3f27,d5b11d25f3b2415dc959ae176b1986eff29aab886b60ed1119de835aef19a109,ddddaf0
eviddie-20240910-19940419,20240910,19940419,rare,1shot,0,EviDDIE,PT-16879674,BVKZGUZCCUSVTD,ZAFYATHCZYHLPB,1,1,0.61624157,0.76747572,5.336e-05,0.60589206,f35e02ba46327c8eeae98a7dc4c30e07cf11ace88ec8cff9f275a5102ef402a0,17c85f44910f43939d8c336b8e11d77e86e561a15bc4c215773e76a4b95d3f27,d5b11d25f3b2415dc959ae176b1986eff29aab886b60ed1119de835aef19a109,ddddaf0
eviddie-20240910-19940419,20240910,19940419,rare,1shot,0,EviDDIE,PT-16879674,BVKZGUZCCUSVTD,ZNNLBTZKUZBEKO,0,1,0.58911359,0.82170618,8.103e-05,0.4338789,f35e02ba46327c8eeae98a7dc4c30e07cf11ace88ec8cff9f275a5102ef402a0,17c85f44910f43939d8c336b8e11d77e86e561a15bc4c215773e76a4b95d3f27,d5b11d25f3b2415dc959ae176b1986eff29aab886b60ed1119de835aef19a109,ddddaf0
eviddie-20240910-19940419,20240910,19940419,rare,1shot,0,EviDDIE,PT-16886720,BMCQMVFGOVHVNG,GBBSUAFBMRNDJC,1,1,0.50476831,0.98542166,0.00511629,0.0244716,f35e02ba46327c8eeae98a7dc4c30e07cf11ace88ec8cff9f275a5102ef402a0,17c85f44910f43939d8c336b8e11d77e86e561a15bc4c215773e76a4b95d3f27,d5b11d25f3b2415dc959ae176b1986eff29aab886b60ed1119de835aef19a109,ddddaf0
eviddie-20240910-19940419,20240910,19940419,rare,1shot,0,EviDDIE,PT-16886720,RPLCPCMSCLEKRS,UREBDLICKHMUKA,1,1,0.50941038,0.97955883,0.00165419,0.04008123,f35e02ba46327c8eeae98a7dc4c30e07cf11ace88ec8cff9f275a5102ef402a0,17c85f44910f43939d8c336b8e11d77e86e561a15bc4c215773e76a4b95d3f27,d5b11d25f3b2415dc959ae176b1986eff29aab886b60ed1119de835aef19a109,ddddaf0
eviddie-20240910-19940419,20240910,19940419,rare,1shot,0,EviDDIE,PT-16886720,BMCQMVFGOVHVNG,QWAXKHKRTORLEM,0,1,0.50694299,0.98361278,0.0025429,0.03077752,f35e02ba46327c8eeae98a7dc4c30e07cf11ace88ec8cff9f275a5102ef402a0,17c85f44910f43939d8c336b8e11d77e86e561a15bc4c215773e76a4b95d3f27,d5b11d25f3b2415dc959ae176b1986eff29aab886b60ed1119de835aef19a109,ddddaf0
eviddie-20240910-19940419,20240910,19940419,rare,1shot,0,EviDDIE,PT-16886720,RPLCPCMSCLEKRS,HSUGRBWQSSZJOP,0,1,0.50606185,0.98474574,0.00317924,0.02780194,f35e02ba46327c8eeae98a7dc4c30e07cf11ace88ec8cff9f275a5102ef402a0,17c85f44910f43939d8c336b8e11d77e86e561a15bc4c215773e76a4b95d3f27,d5b11d25f3b2415dc959ae176b1986eff29aab886b60ed1119de835aef19a109,ddddaf0
eviddie-20240910-19940419,20240910,19940419,rare,1shot,0,EviDDIE,PT-16914645,DRLFMBDRBRZALE,YFGHCGITMMYXAQ,1,1,0.65966469,0.68065608,2.117e-05,0.93832028,f35e02ba46327c8eeae98a7dc4c30e07cf11ace88ec8cff9f275a5102ef402a0,17c85f44910f43939d8c336b8e11d77e86e561a15bc4c215773e76a4b95d3f27,d5b11d25f3b2415dc959ae176b1986eff29aab886b60ed1119de835aef19a109,ddddaf0
eviddie-20240910-19940419,20240910,19940419,rare,1shot,0,EviDDIE,PT-16914645,DRLFMBDRBRZALE,VOKSWYLNZZRQPF,0,1,0.60015523,0.79962611,7.942e-05,0.50108951,f35e02ba46327c8eeae98a7dc4c30e07cf11ace88ec8cff9f275a5102ef402a0,17c85f44910f43939d8c336b8e11d77e86e561a15bc4c215773e76a4b95d3f27,d5b11d25f3b2415dc959ae176b1986eff29aab886b60ed1119de835aef19a109,ddddaf0
eviddie-20240910-19940419,20240910,19940419,rare,1shot,0,EviDDIE,PT-17040020,AUYYCJSJGJYCDS,MAEIEVLCKWDQJH,1,0,0.49853474,0.98921376,0.01386636,0.00794133,f35e02ba46327c8eeae98a7dc4c30e07cf11ace88ec8cff9f275a5102ef402a0,17c85f44910f43939d8c336b8e11d77e86e561a15bc4c215773e76a4b95d3f27,d5b11d25f3b2415dc959ae176b1986eff29aab886b60ed1119de835aef19a109,ddddaf0
eviddie-20240910-19940419,20240910,19940419,rare,1shot,0,EviDDIE,PT-17040020,FKNQFGJONOIPTF,PHIQHXFUZVPYII,1,1,0.55371076,0.89239305,0.00020775,0.24095716,f35e02ba46327c8eeae98a7dc4c30e07cf11ace88ec8cff9f275a5102ef402a0,17c85f44910f43939d8c336b8e11d77e86e561a15bc4c215773e76a4b95d3f27,d5b11d25f3b2415dc959ae176b1986eff29aab886b60ed1119de835aef19a109,ddddaf0
eviddie-20240910-19940419,20240910,19940419,rare,1shot,0,EviDDIE,PT-17040020,ORFOPKXBNMVMKC,RFHAOTPXVQNOHP,1,1,0.51969349,0.95953172,0.00112698,0.08322323,f35e02ba46327c8eeae98a7dc4c30e07cf11ace88ec8cff9f275a5102ef402a0,17c85f44910f43939d8c336b8e11d77e86e561a15bc4c215773e76a4b95d3f27,d5b11d25f3b2415dc959ae176b1986eff29aab886b60ed1119de835aef19a109,ddddaf0
eviddie-20240910-19940419,20240910,19940419,rare,1shot,0,EviDDIE,PT-17040020,ORFOPKXBNMVMKC,ZKLPARSLTMPFCP,1,1,0.50974691,0.97825158,0.00230466,0.04215925,f35e02ba46327c8eeae98a7dc4c30e07cf11ace88ec8cff9f275a5102ef402a0,17c85f44910f43939d8c336b8e11d77e86e561a15bc4c215773e76a4b95d3f27,d5b11d25f3b2415dc959ae176b1986eff29aab886b60ed1119de835aef19a109,ddddaf0
eviddie-20240910-19940419,20240910,19940419,rare,1shot,0,EviDDIE,PT-17040020,AUYYCJSJGJYCDS,HUNXMJYCHXQEGX,0,1,0.52553672,0.9482429,0.00072089,0.10844327,f35e02ba46327c8eeae98a7dc4c30e07cf11ace88ec8cff9f275a5102ef402a0,17c85f44910f43939d8c336b8e11d77e86e561a15bc4c215773e76a4b95d3f27,d5b11d25f3b2415dc959ae176b1986eff29aab886b60ed1119de835aef19a109,ddddaf0
eviddie-20240910-19940419,20240910,19940419,rare,1shot,0,EviDDIE,PT-17040020,FKNQFGJONOIPTF,MCGSCOLBFJQGHM,0,1,0.53878248,0.92212701,0.00033418,0.16856459,f35e02ba46327c8eeae98a7dc4c30e07cf11ace88ec8cff9f275a5102ef402a0,17c85f44910f43939d8c336b8e11d77e86e561a15bc4c215773e76a4b95d3f27,d5b11d25f3b2415dc959ae176b1986eff29aab886b60ed1119de835aef19a109,ddddaf0
eviddie-20240910-19940419,20240910,19940419,rare,1shot,0,EviDDIE,PT-17040020,ORFOPKXBNMVMKC,CNBGNNVCVSKAQZ,0,1,0.50365663,0.98668855,0.00607906,0.02090302,f35e02ba46327c8eeae98a7dc4c30e07cf11ace88ec8cff9f275a5102ef402a0,17c85f44910f43939d8c336b8e11d77e86e561a15bc4c215773e76a4b95d3f27,d5b11d25f3b2415dc959ae176b1986eff29aab886b60ed1119de835aef19a109,ddddaf0
eviddie-20240910-19940419,20240910,19940419,rare,1shot,0,EviDDIE,PT-17040020,ORFOPKXBNMVMKC,JIVPVXMEBJLZRO,0,0,0.49510431,0.98509359,0.02507167,0.00519239,f35e02ba46327c8eeae98a7dc4c30e07cf11ace88ec8cff9f275a5102ef402a0,17c85f44910f43939d8c336b8e11d77e86e561a15bc4c215773e76a4b95d3f27,d5b11d25f3b2415dc959ae176b1986eff29aab886b60ed1119de835aef19a109,ddddaf0
eviddie-20240910-19940419,20240910,19940419,rare,1shot,0,EviDDIE,PT-17228333,RZTAMFZIAATZDJ,TUZYXOIXSAXUGO,1,1,0.72029006,0.55941689,5.47e-06,1.57514596,f35e02ba46327c8eeae98a7dc4c30e07cf11ace88ec8cff9f275a5102ef402a0,17c85f44910f43939d8c336b8e11d77e86e561a15bc4c215773e76a4b95d3f27,d5b11d25f3b2415dc959ae176b1986eff29aab886b60ed1119de835aef19a109,ddddaf0
eviddie-20240910-19940419,20240910,19940419,rare,1shot,0,EviDDIE,PT-17228333,RZTAMFZIAATZDJ,ADEBPBSSDYVVLD,0,1,0.52717382,0.94505,0.0006375,0.1156527,f35e02ba46327c8eeae98a7dc4c30e07cf11ace88ec8cff9f275a5102ef402a0,17c85f44910f43939d8c336b8e11d77e86e561a15bc4c215773e76a4b95d3f27,d5b11d25f3b2415dc959ae176b1986eff29aab886b60ed1119de835aef19a109,ddddaf0
eviddie-20240910-19940419,20240910,19940419,rare,1shot,0,EviDDIE,PT-17265807,AQHHHDLHHXJYJD,KPYSYYIEGFHWSV,1,1,0.5582633,0.88332808,0.00016435,0.264,f35e02ba46327c8eeae98a7dc4c30e07cf11ace88ec8cff9f275a5102ef402a0,17c85f44910f43939d8c336b8e11d77e86e561a15bc4c215773e76a4b95d3f27,d5b11d25f3b2415dc959ae176b1986eff29aab886b60ed1119de835aef19a109,ddddaf0
eviddie-20240910-19940419,20240910,19940419,rare,1shot,0,EviDDIE,PT-17265807,AQHHHDLHHXJYJD,TUZYXOIXSAXUGO,0,1,0.74821824,0.50356245,2.26e-06,1.97169995,f35e02ba46327c8eeae98a7dc4c30e07cf11ace88ec8cff9f275a5102ef402a0,17c85f44910f43939d8c336b8e11d77e86e561a15bc4c215773e76a4b95d3f27,d5b11d25f3b2415dc959ae176b1986eff29aab886b60ed1119de835aef19a109,ddddaf0
eviddie-20240910-19940419,20240910,19940419,rare,1shot,0,EviDDIE,PT-17332255,XUIIKFGFIJCVMT,ZZUFCTLCJUWOSV,1,1,0.5031907,0.98883086,0.00484175,0.0177488,f35e02ba46327c8eeae98a7dc4c30e07cf11ace88ec8cff9f275a5102ef402a0,17c85f44910f43939d8c336b8e11d77e86e561a15bc4c215773e76a4b95d3f27,d5b11d25f3b2415dc959ae176b1986eff29aab886b60ed1119de835aef19a109,ddddaf0
eviddie-20240910-19940419,20240910,19940419,rare,1shot,0,EviDDIE,PT-17332255,XUIIKFGFIJCVMT,AOJJSUZBOXZQNB,0,0,0.4954817,0.9855904,0.02378889,0.0054516,f35e02ba46327c8eeae98a7dc4c30e07cf11ace88ec8cff9f275a5102ef402a0,17c85f44910f43939d8c336b8e11d77e86e561a15bc4c215773e76a4b95d3f27,d5b11d25f3b2415dc959ae176b1986eff29aab886b60ed1119de835aef19a109,ddddaf0
eviddie-20240910-19940419,20240910,19940419,rare,1shot,0,EviDDIE,PT-17358898,CMWTZPSULFXXJA,FEBLZLNTKCEFIT,1,1,0.52583635,0.94783813,0.00051607,0.1095488,f35e02ba46327c8eeae98a7dc4c30e07cf11ace88ec8cff9f275a5102ef402a0,17c85f44910f43939d8c336b8e11d77e86e561a15bc4c215773e76a4b95d3f27,d5b11d25f3b2415dc959ae176b1986eff29aab886b60ed1119de835aef19a109,ddddaf0
eviddie-20240910-19940419,20240910,19940419,rare,1shot,0,EviDDIE,PT-17358898,CMWTZPSULFXXJA,ODAIHABQVKJNIY,0,1,0.71802104,0.56395519,4.98e-06,1.54637611,f35e02ba46327c8eeae98a7dc4c30e07cf11ace88ec8cff9f275a5102ef402a0,17c85f44910f43939d8c336b8e11d77e86e561a15bc4c215773e76a4b95d3f27,d5b11d25f3b2415dc959ae176b1986eff29aab886b60ed1119de835aef19a109,ddddaf0
eviddie-20240910-19940419,20240910,19940419,rare,1shot,0,EviDDIE,PT-17428893,JBIWCJUYHHGXTC,ZZVUWRFHKOJYTH,1,1,0.50072777,0.98859286,0.0100664,0.01301107,f35e02ba46327c8eeae98a7dc4c30e07cf11ace88ec8cff9f275a5102ef402a0,17c85f44910f43939d8c336b8e11d77e86e561a15bc4c215773e76a4b95d3f27,d5b11d25f3b2415dc959ae176b1986eff29aab886b60ed1119de835aef19a109,ddddaf0
eviddie-20240910-19940419,20240910,19940419,rare,1shot,0,EviDDIE,PT-17428893,JBIWCJUYHHGXTC,BPZSYCZIITTYBL,0,1,0.62612373,0.74771941,4.43e-05,0.67475575,f35e02ba46327c8eeae98a7dc4c30e07cf11ace88ec8cff9f275a5102ef402a0,17c85f44910f43939d8c336b8e11d77e86e561a15bc4c215773e76a4b95d3f27,d5b11d25f3b2415dc959ae176b1986eff29aab886b60ed1119de835aef19a109,ddddaf0
eviddie-20240910-19940419,20240910,19940419,rare,1shot,0,EviDDIE,PT-17433139,ATALOFNDEOCMKK,BQJCRHHNABKAKU,1,1,0.5925492,0.81483263,8.462e-05,0.45440719,f35e02ba46327c8eeae98a7dc4c30e07cf11ace88ec8cff9f275a5102ef402a0,17c85f44910f43939d8c336b8e11d77e86e561a15bc4c215773e76a4b95d3f27,d5b11d25f3b2415dc959ae176b1986eff29aab886b60ed1119de835aef19a109,ddddaf0
eviddie-20240910-19940419,20240910,19940419,rare,1shot,0,EviDDIE,PT-17433139,BFPYWIDHMRZLRN,ITRJWOMZKQRYTA,1,1,0.54444617,0.91094875,0.00017458,0.19533871,f35e02ba46327c8eeae98a7dc4c30e07cf11ace88ec8cff9f275a5102ef402a0,17c85f44910f43939d8c336b8e11d77e86e561a15bc4c215773e76a4b95d3f27,d5b11d25f3b2415dc959ae176b1986eff29aab886b60ed1119de835aef19a109,ddddaf0
eviddie-20240910-19940419,20240910,19940419,rare,1shot,0,EviDDIE,PT-17433139,ATALOFNDEOCMKK,GBABOYUKABKIAF,0,1,0.52203596,0.95511466,0.00085169,0.09313772,f35e02ba46327c8eeae98a7dc4c30e07cf11ace88ec8cff9f275a5102ef402a0,17c85f44910f43939d8c336b8e11d77e86e561a15bc4c215773e76a4b95d3f27,d5b11d25f3b2415dc959ae176b1986eff29aab886b60ed1119de835aef19a109,ddddaf0
eviddie-20240910-19940419,20240910,19940419,rare,1shot,0,EviDDIE,PT-17433139,BFPYWIDHMRZLRN,RDOIQAHITMMDAJ,0,1,0.60162735,0.79670697,4.816e-05,0.51028508,f35e02ba46327c8eeae98a7dc4c30e07cf11ace88ec8cff9f275a5102ef402a0,17c85f44910f43939d8c336b8e11d77e86e561a15bc4c215773e76a4b95d3f27,d5b11d25f3b2415dc959ae176b1986eff29aab886b60ed1119de835aef19a109,ddddaf0
eviddie-20240910-19940419,20240910,19940419,rare,1shot,0,EviDDIE,PT-17583915,LZFZMUMEGBBDTC,SGUAFYQXFOLMHL,1,1,0.67680579,0.64637965,1.357e-05,1.09414315,f35e02ba46327c8eeae98a7dc4c30e07cf11ace88ec8cff9f275a5102ef402a0,17c85f44910f43939d8c336b8e11d77e86e561a15bc4c215773e76a4b95d3f27,d5b11d25f3b2415dc959ae176b1986eff29aab886b60ed1119de835aef19a109,ddddaf0
eviddie-20240910-19940419,20240910,19940419,rare,1shot,0,EviDDIE,PT-17583915,LZFZMUMEGBBDTC,IEDVJHCEMCRBQM,0,1,0.59705251,0.80584115,6.687e-05,0.481812,f35e02ba46327c8eeae98a7dc4c30e07cf11ace88ec8cff9f275a5102ef402a0,17c85f44910f43939d8c336b8e11d77e86e561a15bc4c215773e76a4b95d3f27,d5b11d25f3b2415dc959ae176b1986eff29aab886b60ed1119de835aef19a109,ddddaf0
eviddie-20240910-19940419,20240910,19940419,rare,1shot,0,EviDDIE,PT-17661894,GRYLNZFGIOXLOG,MBWXNTAXLNYFJB,1,1,0.60024911,0.79944861,6.642e-05,0.50165778,f35e02ba46327c8eeae98a7dc4c30e07cf11ace88ec8cff9f275a5102ef402a0,17c85f44910f43939d8c336b8e11d77e86e561a15bc4c215773e76a4b95d3f27,d5b11d25f3b2415dc959ae176b1986eff29aab886b60ed1119de835aef19a109,ddddaf0
eviddie-20240910-19940419,20240910,19940419,rare,1shot,0,EviDDIE,PT-17661894,GRYLNZFGIOXLOG,OZOMQRBLCMDCEG,0,1,0.55033636,0.89908117,0.00027374,0.22421961,f35e02ba46327c8eeae98a7dc4c30e07cf11ace88ec8cff9f275a5102ef402a0,17c85f44910f43939d8c336b8e11d77e86e561a15bc4c215773e76a4b95d3f27,d5b11d25f3b2415dc959ae176b1986eff29aab886b60ed1119de835aef19a109,ddddaf0
eviddie-20240910-19940419,20240910,19940419,rare,1shot,0,EviDDIE,PT-17730751,CNBGNNVCVSKAQZ,KUVIULQEHSCUHY,1,1,0.64339978,0.71318299,2.453e-05,0.8043049,f35e02ba46327c8eeae98a7dc4c30e07cf11ace88ec8cff9f275a5102ef402a0,17c85f44910f43939d8c336b8e11d77e86e561a15bc4c215773e76a4b95d3f27,d5b11d25f3b2415dc959ae176b1986eff29aab886b60ed1119de835aef19a109,ddddaf0
eviddie-20240910-19940419,20240910,19940419,rare,1shot,0,EviDDIE,PT-17730751,QRXWMOHMRWLFEY,RDOIQAHITMMDAJ,1,1,0.53081888,0.93795973,0.0004291,0.1318586,f35e02ba46327c8eeae98a7dc4c30e07cf11ace88ec8cff9f275a5102ef402a0,17c85f44910f43939d8c336b8e11d77e86e561a15bc4c215773e76a4b95d3f27,d5b11d25f3b2415dc959ae176b1986eff29aab886b60ed1119de835aef19a109,ddddaf0
eviddie-20240910-19940419,20240910,19940419,rare,1shot,0,EviDDIE,PT-17730751,CNBGNNVCVSKAQZ,QZUDBNBUXVUHMW,0,1,0.54727781,0.90518475,0.00028676,0.20920679,f35e02ba46327c8eeae98a7dc4c30e07cf11ace88ec8cff9f275a5102ef402a0,17c85f44910f43939d8c336b8e11d77e86e561a15bc4c215773e76a4b95d3f27,d5b11d25f3b2415dc959ae176b1986eff29aab886b60ed1119de835aef19a109,ddddaf0
eviddie-20240910-19940419,20240910,19940419,rare,1shot,0,EviDDIE,PT-17730751,QRXWMOHMRWLFEY,XZWYZXLIPXDOLR,0,1,0.51360029,0.97169578,0.00113587,0.05712146,f35e02ba46327c8eeae98a7dc4c30e07cf11ace88ec8cff9f275a5102ef402a0,17c85f44910f43939d8c336b8e11d77e86e561a15bc4c215773e76a4b95d3f27,d5b11d25f3b2415dc959ae176b1986eff29aab886b60ed1119de835aef19a109,ddddaf0
eviddie-20240910-19940419,20240910,19940419,rare,1shot,0,EviDDIE,PT-17750120,FABPRXSRWADJSP,OIGNJSKKLXVSLS,1,1,0.54798698,0.90382504,0.00022238,0.21259528,f35e02ba46327c8eeae98a7dc4c30e07cf11ace88ec8cff9f275a5102ef402a0,17c85f44910f43939d8c336b8e11d77e86e561a15bc4c215773e76a4b95d3f27,d5b11d25f3b2415dc959ae176b1986eff29aab886b60ed1119de835aef19a109,ddddaf0
eviddie-20240910-19940419,20240910,19940419,rare,1shot,0,EviDDIE,PT-17750120,KJADKKWYZYXHBB,XZWYZXLIPXDOLR,1,1,0.50055623,0.99106151,0.00789665,0.01014161,f35e02ba46327c8eeae98a7dc4c30e07cf11ace88ec8cff9f275a5102ef402a0,17c85f44910f43939d8c336b8e11d77e86e561a15bc4c215773e76a4b95d3f27,d5b11d25f3b2415dc959ae176b1986eff29aab886b60ed1119de835aef19a109,ddddaf0
eviddie-20240910-19940419,20240910,19940419,rare,1shot,0,EviDDIE,PT-17750120,FABPRXSRWADJSP,UHSKFQJFRQCDBE,0,1,0.56824702,0.86337388,0.00015296,0.31634054,f35e02ba46327c8eeae98a7dc4c30e07cf11ace88ec8cff9f275a5102ef402a0,17c85f44910f43939d8c336b8e11d77e86e561a15bc4c215773e76a4b95d3f27,d5b11d25f3b2415dc959ae176b1986eff29aab886b60ed1119de835aef19a109,ddddaf0
eviddie-20240910-19940419,20240910,19940419,rare,1shot,0,EviDDIE,PT-17750120,KJADKKWYZYXHBB,SGOIRFVFHAKUTI,0,1,0.55510783,0.88962924,0.00017435,0.24795315,f35e02ba46327c8eeae98a7dc4c30e07cf11ace88ec8cff9f275a5102ef402a0,17c85f44910f43939d8c336b8e11d77e86e561a15bc4c215773e76a4b95d3f27,d5b11d25f3b2415dc959ae176b1986eff29aab886b60ed1119de835aef19a109,ddddaf0
eviddie-20240910-19940419,20240910,19940419,rare,1shot,0,EviDDIE,PT-17777361,BUGYDGFZZOZRHP,IQPSEEYGBUAQFF,1,1,0.54409856,0.91151208,0.00031912,0.19383729,f35e02ba46327c8eeae98a7dc4c30e07cf11ace88ec8cff9f275a5102ef402a0,17c85f44910f43939d8c336b8e11d77e86e561a15bc4c215773e76a4b95d3f27,d5b11d25f3b2415dc959ae176b1986eff29aab886b60ed1119de835aef19a109,ddddaf0
eviddie-20240910-19940419,20240910,19940419,rare,1shot,0,EviDDIE,PT-17777361,BUGYDGFZZOZRHP,AHOUBRCZNHFOSL,0,1,0.50891095,0.98033524,0.00187975,0.03823863,f35e02ba46327c8eeae98a7dc4c30e07cf11ace88ec8cff9f275a5102ef402a0,17c85f44910f43939d8c336b8e11d77e86e561a15bc4c215773e76a4b95d3f27,d5b11d25f3b2415dc959ae176b1986eff29aab886b60ed1119de835aef19a109,ddddaf0
eviddie-20240910-19940419,20240910,19940419,rare,1shot,0,EviDDIE,PT-17841554,DIWRORZWFLOCLC,WFPIAZLQTJBIFN,1,1,0.53654975,0.92650276,0.00042936,0.15822585,f35e02ba46327c8eeae98a7dc4c30e07cf11ace88ec8cff9f275a5102ef402a0,17c85f44910f43939d8c336b8e11d77e86e561a15bc4c215773e76a4b95d3f27,d5b11d25f3b2415dc959ae176b1986eff29aab886b60ed1119de835aef19a109,ddddaf0
eviddie-20240910-19940419,20240910,19940419,rare,1shot,0,EviDDIE,PT-17841554,DIWRORZWFLOCLC,FEBLZLNTKCEFIT,0,1,0.53994685,0.91979158,0.0003422,0.17406343,f35e02ba46327c8eeae98a7dc4c30e07cf11ace88ec8cff9f275a5102ef402a0,17c85f44910f43939d8c336b8e11d77e86e561a15bc4c215773e76a4b95d3f27,d5b11d25f3b2415dc959ae176b1986eff29aab886b60ed1119de835aef19a109,ddddaf0
eviddie-20240910-19940419,20240910,19940419,rare,1shot,0,EviDDIE,PT-17851687,FBOZXECLQNJBKD,RMRCNWBMXRMIRW,1,1,0.54743898,0.90494269,0.00019814,0.20988658,f35e02ba46327c8eeae98a7dc4c30e07cf11ace88ec8cff9f275a5102ef402a0,17c85f44910f43939d8c336b8e11d77e86e561a15bc4c215773e76a4b95d3f27,d5b11d25f3b2415dc959ae176b1986eff29aab886b60ed1119de835aef19a109,ddddaf0
eviddie-20240910-19940419,20240910,19940419,rare,1shot,0,EviDDIE,PT-17851687,FBOZXECLQNJBKD,TZFNLOMSOLWIDK,0,1,0.5872848,0.82535696,8.896e-05,0.423105,f35e02ba46327c8eeae98a7dc4c30e07cf11ace88ec8cff9f275a5102ef402a0,17c85f44910f43939d8c336b8e11d77e86e561a15bc4c215773e76a4b95d3f27,d5b11d25f3b2415dc959ae176b1986eff29aab886b60ed1119de835aef19a109,ddddaf0
eviddie-20240910-19940419,20240910,19940419,rare,1shot,0,EviDDIE,PT-17888714,GRYLNZFGIOXLOG,RZVAJINKPMORJF,1,1,0.56392604,0.87198818,0.00018313,0.29342595,f35e02ba46327c8eeae98a7dc4c30e07cf11ace88ec8cff9f275a5102ef402a0,17c85f44910f43939d8c336b8e11d77e86e561a15bc4c215773e76a4b95d3f27,d5b11d25f3b2415dc959ae176b1986eff29aab886b60ed1119de835aef19a109,ddddaf0
eviddie-20240910-19940419,20240910,19940419,rare,1shot,0,EviDDIE,PT-17888714,GRYLNZFGIOXLOG,AUYYCJSJGJYCDS,0,1,0.5218761,0.95556098,0.00071875,0.09229267,f35e02ba46327c8eeae98a7dc4c30e07cf11ace88ec8cff9f275a5102ef402a0,17c85f44910f43939d8c336b8e11d77e86e561a15bc4c215773e76a4b95d3f27,d5b11d25f3b2415dc959ae176b1986eff29aab886b60ed1119de835aef19a109,ddddaf0
eviddie-20240910-19940419,20240910,19940419,rare,1shot,0,EviDDIE,PT-17920922,CGIGDMFJXJATDK,NDAUXUAQIAJITI,1,1,0.66747391,0.66504019,1.82e-05,1.00731909,f35e02ba46327c8eeae98a7dc4c30e07cf11ace88ec8cff9f275a5102ef402a0,17c85f44910f43939d8c336b8e11d77e86e561a15bc4c215773e76a4b95d3f27,d5b11d25f3b2415dc959ae176b1986eff29aab886b60ed1119de835aef19a109,ddddaf0
eviddie-20240910-19940419,20240910,19940419,rare,1shot,0,EviDDIE,PT-17920922,CGIGDMFJXJATDK,KJHKTHWMRKYKJE,0,1,0.54381353,0.91209519,0.00030444,0.19244906,f35e02ba46327c8eeae98a7dc4c30e07cf11ace88ec8cff9f275a5102ef402a0,17c85f44910f43939d8c336b8e11d77e86e561a15bc4c215773e76a4b95d3f27,d5b11d25f3b2415dc959ae176b1986eff29aab886b60ed1119de835aef19a109,ddddaf0
eviddie-20240910-19940419,20240910,19940419,rare,1shot,0,EviDDIE,PT-17924382,HYIMSNHJOBLJNT,UCHDWCPVSPXUMX,1,1,0.56140453,0.87699151,0.00022762,0.28029633,f35e02ba46327c8eeae98a7dc4c30e07cf11ace88ec8cff9f275a5102ef402a0,17c85f44910f43939d8c336b8e11d77e86e561a15bc4c215773e76a4b95d3f27,d5b11d25f3b2415dc959ae176b1986eff29aab886b60ed1119de835aef19a109,ddddaf0
eviddie-20240910-19940419,20240910,19940419,rare,1shot,0,EviDDIE,PT-17924382,HYIMSNHJOBLJNT,BLJRIMJGRPQVNF,0,1,0.52120125,0.9569419,0.0006851,0.08930598,f35e02ba46327c8eeae98a7dc4c30e07cf11ace88ec8cff9f275a5102ef402a0,17c85f44910f43939d8c336b8e11d77e86e561a15bc4c215773e76a4b95d3f27,d5b11d25f3b2415dc959ae176b1986eff29aab886b60ed1119de835aef19a109,ddddaf0
eviddie-20240910-19940419,20240910,19940419,rare,1shot,0,EviDDIE,PT-17926716,KDLRVYVGXIQJDK,VOVIALXJUBGFJZ,1,1,0.52392423,0.95160657,0.00057275,0.10113626,f35e02ba46327c8eeae98a7dc4c30e07cf11ace88ec8cff9f275a5102ef402a0,17c85f44910f43939d8c336b8e11d77e86e561a15bc4c215773e76a4b95d3f27,d5b11d25f3b2415dc959ae176b1986eff29aab886b60ed1119de835aef19a109,ddddaf0
eviddie-20240910-19940419,20240910,19940419,rare,1shot,0,EviDDIE,PT-17926716,KDLRVYVGXIQJDK,KUVIULQEHSCUHY,0,1,0.56105685,0.87776649,0.00013655,0.27837387,f35e02ba46327c8eeae98a7dc4c30e07cf11ace88ec8cff9f275a5102ef402a0,17c85f44910f43939d8c336b8e11d77e86e561a15bc4c215773e76a4b95d3f27,d5b11d25f3b2415dc959ae176b1986eff29aab886b60ed1119de835aef19a109,ddddaf0
eviddie-20240910-19940419,20240910,19940419,rare,1shot,0,EviDDIE,PT-17936618,HSUGRBWQSSZJOP,KWMLJOLKUYYJFJ,1,1,0.74841923,0.50316024,2.5e-06,1.97487426,f35e02ba46327c8eeae98a7dc4c30e07cf11ace88ec8cff9f275a5102ef402a0,17c85f44910f43939d8c336b8e11d77e86e561a15bc4c215773e76a4b95d3f27,d5b11d25f3b2415dc959ae176b1986eff29aab886b60ed1119de835aef19a109,ddddaf0
eviddie-20240910-19940419,20240910,19940419,rare,1shot,0,EviDDIE,PT-17936618,HSUGRBWQSSZJOP,PHVGLTMQBUFIQQ,0,1,0.5301615,0.93928754,0.00041467,0.12885876,f35e02ba46327c8eeae98a7dc4c30e07cf11ace88ec8cff9f275a5102ef402a0,17c85f44910f43939d8c336b8e11d77e86e561a15bc4c215773e76a4b95d3f27,d5b11d25f3b2415dc959ae176b1986eff29aab886b60ed1119de835aef19a109,ddddaf0
eviddie-20240910-19940419,20240910,19940419,rare,1shot,0,EviDDIE,PT-18015884,PMATZTZNYRCHOR,TTWJBBZEZQICBI,1,1,0.56871098,0.86247414,0.00012053,0.31878975,f35e02ba46327c8eeae98a7dc4c30e07cf11ace88ec8cff9f275a5102ef402a0,17c85f44910f43939d8c336b8e11d77e86e561a15bc4c215773e76a4b95d3f27,d5b11d25f3b2415dc959ae176b1986eff29aab886b60ed1119de835aef19a109,ddddaf0
eviddie-20240910-19940419,20240910,19940419,rare,1shot,0,EviDDIE,PT-18015884,PMATZTZNYRCHOR,BPZSYCZIITTYBL,0,1,0.56524926,0.86937642,0.00014382,0.3003557,f35e02ba46327c8eeae98a7dc4c30e07cf11ace88ec8cff9f275a5102ef402a0,17c85f44910f43939d8c336b8e11d77e86e561a15bc4c215773e76a4b95d3f27,d5b11d25f3b2415dc959ae176b1986eff29aab886b60ed1119de835aef19a109,ddddaf0
eviddie-20240910-19940419,20240910,19940419,rare,1shot,0,EviDDIE,PT-18021133,AVOLMBLBETYQHX,IRSCQMHQWWYFCW,1,1,0.71252251,0.57495046,7.86e-06,1.47855258,f35e02ba46327c8eeae98a7dc4c30e07cf11ace88ec8cff9f275a5102ef402a0,17c85f44910f43939d8c336b8e11d77e86e561a15bc4c215773e76a4b95d3f27,d5b11d25f3b2415dc959ae176b1986eff29aab886b60ed1119de835aef19a109,ddddaf0
eviddie-20240910-19940419,20240910,19940419,rare,1shot,0,EviDDIE,PT-18021133,AVOLMBLBETYQHX,VWQWXZAWFPZJDA,0,1,0.65579802,0.68839127,1.834e-05,0.90530598,f35e02ba46327c8eeae98a7dc4c30e07cf11ace88ec8cff9f275a5102ef402a0,17c85f44910f43939d8c336b8e11d77e86e561a15bc4c215773e76a4b95d3f27,d5b11d25f3b2415dc959ae176b1986eff29aab886b60ed1119de835aef19a109,ddddaf0
eviddie-20240910-19940419,20240910,19940419,rare,1shot,0,EviDDIE,PT-18223309,LTMHDMANZUZIPE,XUKUURHRXDUEBC,1,1,0.51415396,0.97024441,0.00149206,0.05984425,f35e02ba46327c8eeae98a7dc4c30e07cf11ace88ec8cff9f275a5102ef402a0,17c85f44910f43939d8c336b8e11d77e86e561a15bc4c215773e76a4b95d3f27,d5b11d25f3b2415dc959ae176b1986eff29aab886b60ed1119de835aef19a109,ddddaf0
eviddie-20240910-19940419,20240910,19940419,rare,1shot,0,EviDDIE,PT-18223309,LTMHDMANZUZIPE,GBABOYUKABKIAF,0,1,0.50238383,0.98860967,0.00669906,0.01634423,f35e02ba46327c8eeae98a7dc4c30e07cf11ace88ec8cff9f275a5102ef402a0,17c85f44910f43939d8c336b8e11d77e86e561a15bc4c215773e76a4b95d3f27,d5b11d25f3b2415dc959ae176b1986eff29aab886b60ed1119de835aef19a109,ddddaf0
eviddie-20240910-19940419,20240910,19940419,rare,1shot,0,EviDDIE,PT-18257545,MOYKHGMNXAOIAT,XFYDIVBRZNQMJC,1,1,0.5073632,0.98241776,0.00290696,0.03288692,f35e02ba46327c8eeae98a7dc4c30e07cf11ace88ec8cff9f275a5102ef402a0,17c85f44910f43939d8c336b8e11d77e86e561a15bc4c215773e76a4b95d3f27,d5b11d25f3b2415dc959ae176b1986eff29aab886b60ed1119de835aef19a109,ddddaf0
eviddie-20240910-19940419,20240910,19940419,rare,1shot,0,EviDDIE,PT-18257545,MOYKHGMNXAOIAT,SEEPANYCNGTZFQ,0,1,0.56914753,0.86157995,0.00014517,0.32117164,f35e02ba46327c8eeae98a7dc4c30e07cf11ace88ec8cff9f275a5102ef402a0,17c85f44910f43939d8c336b8e11d77e86e561a15bc4c215773e76a4b95d3f27,d5b11d25f3b2415dc959ae176b1986eff29aab886b60ed1119de835aef19a109,ddddaf0
eviddie-20240910-19940419,20240910,19940419,rare,1shot,0,EviDDIE,PT-18263331,RJKFOVLPORLFTN,WUTYZMFRCNBCHQ,1,1,0.50395352,0.98838323,0.00375337,0.01975331,f35e02ba46327c8eeae98a7dc4c30e07cf11ace88ec8cff9f275a5102ef402a0,17c85f44910f43939d8c336b8e11d77e86e561a15bc4c215773e76a4b95d3f27,d5b11d25f3b2415dc959ae176b1986eff29aab886b60ed1119de835aef19a109,ddddaf0
eviddie-20240910-19940419,20240910,19940419,rare,1shot,0,EviDDIE,PT-18263331,RJKFOVLPORLFTN,TTWJBBZEZQICBI,0,1,0.51670581,0.96569818,0.00092189,0.07011858,f35e02ba46327c8eeae98a7dc4c30e07cf11ace88ec8cff9f275a5102ef402a0,17c85f44910f43939d8c336b8e11d77e86e561a15bc4c215773e76a4b95d3f27,d5b11d25f3b2415dc959ae176b1986eff29aab886b60ed1119de835aef19a109,ddddaf0
eviddie-20240910-19940419,20240910,19940419,rare,1shot,0,EviDDIE,PT-18265723,ANGKOCUUWGHLCE,NDAUXUAQIAJITI,1,1,0.69289088,0.6142115,1.098e-05,1.25619626,f35e02ba46327c8eeae98a7dc4c30e07cf11ace88ec8cff9f275a5102ef402a0,17c85f44910f43939d8c336b8e11d77e86e561a15bc4c215773e76a4b95d3f27,d5b11d25f3b2415dc959ae176b1986eff29aab886b60ed1119de835aef19a109,ddddaf0
eviddie-20240910-19940419,20240910,19940419,rare,1shot,0,EviDDIE,PT-18265723,ANGKOCUUWGHLCE,IPQVTOJGNYVQEO,0,1,0.65994388,0.68009448,2.603e-05,0.94074166,f35e02ba46327c8eeae98a7dc4c30e07cf11ace88ec8cff9f275a5102ef402a0,17c85f44910f43939d8c336b8e11d77e86e561a15bc4c215773e76a4b95d3f27,d5b11d25f3b2415dc959ae176b1986eff29aab886b60ed1119de835aef19a109,ddddaf0
eviddie-20240910-19940419,20240910,19940419,rare,1shot,0,EviDDIE,PT-18274582,DDBREPKUVSBGFI,OIGNJSKKLXVSLS,1,1,0.50741065,0.98263514,0.00258852,0.03275485,f35e02ba46327c8eeae98a7dc4c30e07cf11ace88ec8cff9f275a5102ef402a0,17c85f44910f43939d8c336b8e11d77e86e561a15bc4c215773e76a4b95d3f27,d5b11d25f3b2415dc959ae176b1986eff29aab886b60ed1119de835aef19a109,ddddaf0
eviddie-20240910-19940419,20240910,19940419,rare,1shot,0,EviDDIE,PT-18274582,DDBREPKUVSBGFI,GAGWJHPBXLXJQN,0,1,0.51287997,0.97274482,0.00153704,0.0545006,f35e02ba46327c8eeae98a7dc4c30e07cf11ace88ec8cff9f275a5102ef402a0,17c85f44910f43939d8c336b8e11d77e86e561a15bc4c215773e76a4b95d3f27,d5b11d25f3b2415dc959ae176b1986eff29aab886b60ed1119de835aef19a109,ddddaf0
eviddie-20240910-19940419,20240910,19940419,rare,1shot,0,EviDDIE,PT-18331313,CMWTZPSULFXXJA,XMAYWYJOQHXEEK,1,1,0.53248173,0.93458015,0.00048827,0.13951004,f35e02ba46327c8eeae98a7dc4c30e07cf11ace88ec8cff9f275a5102ef402a0,17c85f44910f43939d8c336b8e11d77e86e561a15bc4c215773e76a4b95d3f27,d5b11d25f3b2415dc959ae176b1986eff29aab886b60ed1119de835aef19a109,ddddaf0
eviddie-20240910-19940419,20240910,19940419,rare,1shot,0,EviDDIE,PT-18331313,CMWTZPSULFXXJA,MCJGNVYPOGVAJF,0,1,0.51664519,0.96541625,0.00133981,0.07030559,f35e02ba46327c8eeae98a7dc4c30e07cf11ace88ec8cff9f275a5102ef402a0,17c85f44910f43939d8c336b8e11d77e86e561a15bc4c215773e76a4b95d3f27,d5b11d25f3b2415dc959ae176b1986eff29aab886b60ed1119de835aef19a109,ddddaf0
eviddie-20240910-19940419,20240910,19940419,rare,1shot,0,EviDDIE,PT-18343320,CDAISMWEOUEBRE,HEFNNWSXXWATRW,1,1,0.50215566,0.98774266,0.00804466,0.01677432,f35e02ba46327c8eeae98a7dc4c30e07cf11ace88ec8cff9f275a5102ef402a0,17c85f44910f43939d8c336b8e11d77e86e561a15bc4c215773e76a4b95d3f27,d5b11d25f3b2415dc959ae176b1986eff29aab886b60ed1119de835aef19a109,ddddaf0
eviddie-20240910-19940419,20240910,19940419,rare,1shot,0,EviDDIE,PT-18343320,CDAISMWEOUEBRE,HUNXMJYCHXQEGX,0,1,0.51607728,0.96647245,0.00142077,0.06796064,f35e02ba46327c8eeae98a7dc4c30e07cf11ace88ec8cff9f275a5102ef402a0,17c85f44910f43939d8c336b8e11d77e86e561a15bc4c215773e76a4b95d3f27,d5b11d25f3b2415dc959ae176b1986eff29aab886b60ed1119de835aef19a109,ddddaf0
eviddie-20240910-19940419,20240910,19940419,rare,1shot,0,EviDDIE,PT-18358513,KLDXJTOLSGUMSJ,OEYIOHPDSNJKLS,1,1,0.50750476,0.98241019,0.00262664,0.03318296,f35e02ba46327c8eeae98a7dc4c30e07cf11ace88ec8cff9f275a5102ef402a0,17c85f44910f43939d8c336b8e11d77e86e561a15bc4c215773e76a4b95d3f27,d5b11d25f3b2415dc959ae176b1986eff29aab886b60ed1119de835aef19a109,ddddaf0
eviddie-20240910-19940419,20240910,19940419,rare,1shot,0,EviDDIE,PT-18358513,NDAUXUAQIAJITI,YWXYYJSYQOXTPL,1,1,0.57400835,0.8519032,9.407e-05,0.34759054,f35e02ba46327c8eeae98a7dc4c30e07cf11ace88ec8cff9f275a5102ef402a0,17c85f44910f43939d8c336b8e11d77e86e561a15bc4c215773e76a4b95d3f27,d5b11d25f3b2415dc959ae176b1986eff29aab886b60ed1119de835aef19a109,ddddaf0
eviddie-20240910-19940419,20240910,19940419,rare,1shot,0,EviDDIE,PT-18358513,KLDXJTOLSGUMSJ,IEDVJHCEMCRBQM,0,1,0.52380329,0.9518249,0.00059719,0.10062958,f35e02ba46327c8eeae98a7dc4c30e07cf11ace88ec8cff9f275a5102ef402a0,17c85f44910f43939d8c336b8e11d77e86e561a15bc4c215773e76a4b95d3f27,d5b11d25f3b2415dc959ae176b1986eff29aab886b60ed1119de835aef19a109,ddddaf0
eviddie-20240910-19940419,20240910,19940419,rare,1shot,0,EviDDIE,PT-18358513,NDAUXUAQIAJITI,LTMHDMANZUZIPE,0,1,0.51108813,0.9762975,0.00156321,0.04699249,f35e02ba46327c8eeae98a7dc4c30e07cf11ace88ec8cff9f275a5102ef402a0,17c85f44910f43939d8c336b8e11d77e86e561a15bc4c215773e76a4b95d3f27,d5b11d25f3b2415dc959ae176b1986eff29aab886b60ed1119de835aef19a109,ddddaf0
eviddie-20240910-19940419,20240910,19940419,rare,1shot,0,EviDDIE,PT-18475368,BSYNRYMUTXBXSQ,IUBSYMUCCVWXPE,1,1,0.53512985,0.92933595,0.00043512,0.15163924,f35e02ba46327c8eeae98a7dc4c30e07cf11ace88ec8cff9f275a5102ef402a0,17c85f44910f43939d8c336b8e11d77e86e561a15bc4c215773e76a4b95d3f27,d5b11d25f3b2415dc959ae176b1986eff29aab886b60ed1119de835aef19a109,ddddaf0
eviddie-20240910-19940419,20240910,19940419,rare,1shot,0,EviDDIE,PT-18475368,BSYNRYMUTXBXSQ,IRSCQMHQWWYFCW,0,1,0.64401728,0.71194386,3.038e-05,0.80918008,f35e02ba46327c8eeae98a7dc4c30e07cf11ace88ec8cff9f275a5102ef402a0,17c85f44910f43939d8c336b8e11d77e86e561a15bc4c215773e76a4b95d3f27,d5b11d25f3b2415dc959ae176b1986eff29aab886b60ed1119de835aef19a109,ddddaf0
eviddie-20240910-19940419,20240910,19940419,rare,1shot,0,EviDDIE,PT-18498370,HSUGRBWQSSZJOP,NGBFQHCMQULJNZ,1,1,0.55857056,0.8826887,0.00019274,0.26561177,f35e02ba46327c8eeae98a7dc4c30e07cf11ace88ec8cff9f275a5102ef402a0,17c85f44910f43939d8c336b8e11d77e86e561a15bc4c215773e76a4b95d3f27,d5b11d25f3b2415dc959ae176b1986eff29aab886b60ed1119de835aef19a109,ddddaf0
eviddie-20240910-19940419,20240910,19940419,rare,1shot,0,EviDDIE,PT-18498370,HSUGRBWQSSZJOP,PHVGLTMQBUFIQQ,0,1,0.5301615,0.93928754,0.00041466,0.12885882,f35e02ba46327c8eeae98a7dc4c30e07cf11ace88ec8cff9f275a5102ef402a0,17c85f44910f43939d8c336b8e11d77e86e561a15bc4c215773e76a4b95d3f27,d5b11d25f3b2415dc959ae176b1986eff29aab886b60ed1119de835aef19a109,ddddaf0
eviddie-20240910-19940419,20240910,19940419,rare,1shot,0,EviDDIE,PT-18498415,QWCRAEMEVRGPNT,SHGAZHPCJJPHSC,1,1,0.64604896,0.70788366,2.587e-05,0.82529712,f35e02ba46327c8eeae98a7dc4c30e07cf11ace88ec8cff9f275a5102ef402a0,17c85f44910f43939d8c336b8e11d77e86e561a15bc4c215773e76a4b95d3f27,d5b11d25f3b2415dc959ae176b1986eff29aab886b60ed1119de835aef19a109,ddddaf0
eviddie-20240910-19940419,20240910,19940419,rare,1shot,0,EviDDIE,PT-18498415,QWCRAEMEVRGPNT,METKIMKYRPQLGS,0,1,0.70681846,0.58635801,8.6e-06,1.41087663,f35e02ba46327c8eeae98a7dc4c30e07cf11ace88ec8cff9f275a5102ef402a0,17c85f44910f43939d8c336b8e11d77e86e561a15bc4c215773e76a4b95d3f27,d5b11d25f3b2415dc959ae176b1986eff29aab886b60ed1119de835aef19a109,ddddaf0
eviddie-20240910-19940419,20240910,19940419,rare,1shot,0,EviDDIE,PT-18517210,JIVPVXMEBJLZRO,SNPPWIUOZRMYNY,1,1,0.50940937,0.97883064,0.00240147,0.04085285,f35e02ba46327c8eeae98a7dc4c30e07cf11ace88ec8cff9f275a5102ef402a0,17c85f44910f43939d8c336b8e11d77e86e561a15bc4c215773e76a4b95d3f27,d5b11d25f3b2415dc959ae176b1986eff29aab886b60ed1119de835aef19a109,ddddaf0
eviddie-20240910-19940419,20240910,19940419,rare,1shot,0,EviDDIE,PT-18517210,JIVPVXMEBJLZRO,QYIYFLOTGYLRGG,0,1,0.51658243,0.96580327,0.0010683,0.0697467,f35e02ba46327c8eeae98a7dc4c30e07cf11ace88ec8cff9f275a5102ef402a0,17c85f44910f43939d8c336b8e11d77e86e561a15bc4c215773e76a4b95d3f27,d5b11d25f3b2415dc959ae176b1986eff29aab886b60ed1119de835aef19a109,ddddaf0
eviddie-20240910-19940419,20240910,19940419,rare,1shot,0,EviDDIE,PT-18663418,MYSWGUAQZAJSOK,PDMMFKSKQVNJMI,1,1,0.54589713,0.90797669,0.00025213,0.20244744,f35e02ba46327c8eeae98a7dc4c30e07cf11ace88ec8cff9f275a5102ef402a0,17c85f44910f43939d8c336b8e11d77e86e561a15bc4c215773e76a4b95d3f27,d5b11d25f3b2415dc959ae176b1986eff29aab886b60ed1119de835aef19a109,ddddaf0
eviddie-20240910-19940419,20240910,19940419,rare,1shot,0,EviDDIE,PT-18663418,MYSWGUAQZAJSOK,NIJJYAXOARWZEE,0,1,0.75235742,0.49528393,2.27e-06,2.03808546,f35e02ba46327c8eeae98a7dc4c30e07cf11ace88ec8cff9f275a5102ef402a0,17c85f44910f43939d8c336b8e11d77e86e561a15bc4c215773e76a4b95d3f27,d5b11d25f3b2415dc959ae176b1986eff29aab886b60ed1119de835aef19a109,ddddaf0
eviddie-20240910-19940419,20240910,19940419,rare,1shot,0,EviDDIE,PT-18665049,WIIZWVCIJKGZOK,WMWTYOKRWGGJOA,1,1,0.54760152,0.90463239,0.00018192,0.2106609,f35e02ba46327c8eeae98a7dc4c30e07cf11ace88ec8cff9f275a5102ef402a0,17c85f44910f43939d8c336b8e11d77e86e561a15bc4c215773e76a4b95d3f27,d5b11d25f3b2415dc959ae176b1986eff29aab886b60ed1119de835aef19a109,ddddaf0
eviddie-20240910-19940419,20240910,19940419,rare,1shot,0,EviDDIE,PT-18665049,WIIZWVCIJKGZOK,PHVGLTMQBUFIQQ,0,1,0.5039537,0.98847139,0.00366339,0.01966272,f35e02ba46327c8eeae98a7dc4c30e07cf11ace88ec8cff9f275a5102ef402a0,17c85f44910f43939d8c336b8e11d77e86e561a15bc4c215773e76a4b95d3f27,d5b11d25f3b2415dc959ae176b1986eff29aab886b60ed1119de835aef19a109,ddddaf0
eviddie-20240910-19940419,20240910,19940419,rare,1shot,0,EviDDIE,PT-18672493,IUBSYMUCCVWXPE,USSIQXCVUWKGNF,1,1,0.50964725,0.97842658,0.00232906,0.04176903,f35e02ba46327c8eeae98a7dc4c30e07cf11ace88ec8cff9f275a5102ef402a0,17c85f44910f43939d8c336b8e11d77e86e561a15bc4c215773e76a4b95d3f27,d5b11d25f3b2415dc959ae176b1986eff29aab886b60ed1119de835aef19a109,ddddaf0
eviddie-20240910-19940419,20240910,19940419,rare,1shot,0,EviDDIE,PT-18672493,IUBSYMUCCVWXPE,HUNXMJYCHXQEGX,0,1,0.58881527,0.82227939,0.00010943,0.43215385,f35e02ba46327c8eeae98a7dc4c30e07cf11ace88ec8cff9f275a5102ef402a0,17c85f44910f43939d8c336b8e11d77e86e561a15bc4c215773e76a4b95d3f27,d5b11d25f3b2415dc959ae176b1986eff29aab886b60ed1119de835aef19a109,ddddaf0
eviddie-20240910-19940419,20240910,19940419,rare,1shot,0,EviDDIE,PT-18690392,CGIGDMFJXJATDK,RYMZZMVNJRMUDD,1,1,0.5923661,0.81521451,6.528e-05,0.45327669,f35e02ba46327c8eeae98a7dc4c30e07cf11ace88ec8cff9f275a5102ef402a0,17c85f44910f43939d8c336b8e11d77e86e561a15bc4c215773e76a4b95d3f27,d5b11d25f3b2415dc959ae176b1986eff29aab886b60ed1119de835aef19a109,ddddaf0
eviddie-20240910-19940419,20240910,19940419,rare,1shot,0,EviDDIE,PT-18690392,CGIGDMFJXJATDK,QAOWNCQODCNURD,0,1,0.74430305,0.51139265,2.25e-06,1.91088665,f35e02ba46327c8eeae98a7dc4c30e07cf11ace88ec8cff9f275a5102ef402a0,17c85f44910f43939d8c336b8e11d77e86e561a15bc4c215773e76a4b95d3f27,d5b11d25f3b2415dc959ae176b1986eff29aab886b60ed1119de835aef19a109,ddddaf0
eviddie-20240910-19940419,20240910,19940419,rare,1shot,0,EviDDIE,PT-18690915,FBOZXECLQNJBKD,RFHAOTPXVQNOHP,1,1,0.5175845,0.96359986,0.00127764,0.07427265,f35e02ba46327c8eeae98a7dc4c30e07cf11ace88ec8cff9f275a5102ef402a0,17c85f44910f43939d8c336b8e11d77e86e561a15bc4c215773e76a4b95d3f27,d5b11d25f3b2415dc959ae176b1986eff29aab886b60ed1119de835aef19a109,ddddaf0
eviddie-20240910-19940419,20240910,19940419,rare,1shot,0,EviDDIE,PT-18690915,FBOZXECLQNJBKD,TZFNLOMSOLWIDK,0,1,0.5872848,0.82535708,8.896e-05,0.42310473,f35e02ba46327c8eeae98a7dc4c30e07cf11ace88ec8cff9f275a5102ef402a0,17c85f44910f43939d8c336b8e11d77e86e561a15bc4c215773e76a4b95d3f27,d5b11d25f3b2415dc959ae176b1986eff29aab886b60ed1119de835aef19a109,ddddaf0
eviddie-20240910-19940419,20240910,19940419,rare,1shot,0,EviDDIE,PT-18712929,AQCHWTWZEMGIFD,QYSXJUFSXHHAJI,1,1,0.57570755,0.84851235,8.547e-05,0.35698089,f35e02ba46327c8eeae98a7dc4c30e07cf11ace88ec8cff9f275a5102ef402a0,17c85f44910f43939d8c336b8e11d77e86e561a15bc4c215773e76a4b95d3f27,d5b11d25f3b2415dc959ae176b1986eff29aab886b60ed1119de835aef19a109,ddddaf0
eviddie-20240910-19940419,20240910,19940419,rare,1shot,0,EviDDIE,PT-18712929,AQCHWTWZEMGIFD,UZHSEJADLWPNLE,0,1,0.65854818,0.68288887,2.166e-05,0.92871255,f35e02ba46327c8eeae98a7dc4c30e07cf11ace88ec8cff9f275a5102ef402a0,17c85f44910f43939d8c336b8e11d77e86e561a15bc4c215773e76a4b95d3f27,d5b11d25f3b2415dc959ae176b1986eff29aab886b60ed1119de835aef19a109,ddddaf0
eviddie-20240910-19940419,20240910,19940419,rare,1shot,0,EviDDIE,PT-18813849,IPVQLZZIHOAWMC,ZBMZVLHSJCTVON,1,1,0.60524583,0.78948069,3.5e-05,0.53327584,f35e02ba46327c8eeae98a7dc4c30e07cf11ace88ec8cff9f275a5102ef402a0,17c85f44910f43939d8c336b8e11d77e86e561a15bc4c215773e76a4b95d3f27,d5b11d25f3b2415dc959ae176b1986eff29aab886b60ed1119de835aef19a109,ddddaf0
eviddie-20240910-19940419,20240910,19940419,rare,1shot,0,EviDDIE,PT-18813849,IPVQLZZIHOAWMC,XKLMZUWKNUAPSZ,0,1,0.51177299,0.97511327,0.00137496,0.04966876,f35e02ba46327c8eeae98a7dc4c30e07cf11ace88ec8cff9f275a5102ef402a0,17c85f44910f43939d8c336b8e11d77e86e561a15bc4c215773e76a4b95d3f27,d5b11d25f3b2415dc959ae176b1986eff29aab886b60ed1119de835aef19a109,ddddaf0
eviddie-20240910-19940419,20240910,19940419,rare,1shot,0,EviDDIE,PT-18886153,AUYYCJSJGJYCDS,RGHNJXZEOKUKBD,1,1,0.66581827,0.66835237,1.663e-05,0.99241692,f35e02ba46327c8eeae98a7dc4c30e07cf11ace88ec8cff9f275a5102ef402a0,17c85f44910f43939d8c336b8e11d77e86e561a15bc4c215773e76a4b95d3f27,d5b11d25f3b2415dc959ae176b1986eff29aab886b60ed1119de835aef19a109,ddddaf0
eviddie-20240910-19940419,20240910,19940419,rare,1shot,0,EviDDIE,PT-18886153,URKOMYMAXPYINW,ZZUFCTLCJUWOSV,1,1,0.53940398,0.92088819,0.00032996,0.17148635,f35e02ba46327c8eeae98a7dc4c30e07cf11ace88ec8cff9f275a5102ef402a0,17c85f44910f43939d8c336b8e11d77e86e561a15bc4c215773e76a4b95d3f27,d5b11d25f3b2415dc959ae176b1986eff29aab886b60ed1119de835aef19a109,ddddaf0
eviddie-20240910-19940419,20240910,19940419,rare,1shot,0,EviDDIE,PT-18886153,XUFQPHANEAPEMJ,ZQDWXGKKHFNSQK,1,1,0.5094775,0.97929162,0.00179058,0.04050211,f35e02ba46327c8eeae98a7dc4c30e07cf11ace88ec8cff9f275a5102ef402a0,17c85f44910f43939d8c336b8e11d77e86e561a15bc4c215773e76a4b95d3f27,d5b11d25f3b2415dc959ae176b1986eff29aab886b60ed1119de835aef19a109,ddddaf0
eviddie-20240910-19940419,20240910,19940419,rare,1shot,0,EviDDIE,PT-18886153,AUYYCJSJGJYCDS,GRYLNZFGIOXLOG,0,1,0.5116657,0.97524035,0.00146453,0.04931201,f35e02ba46327c8eeae98a7dc4c30e07cf11ace88ec8cff9f275a5102ef402a0,17c85f44910f43939d8c336b8e11d77e86e561a15bc4c215773e76a4b95d3f27,d5b11d25f3b2415dc959ae176b1986eff29aab886b60ed1119de835aef19a109,ddddaf0
eviddie-20240910-19940419,20240910,19940419,rare,1shot,0,EviDDIE,PT-18886153,URKOMYMAXPYINW,JZQKKSLKJUAGIC,0,1,0.57008052,0.85970682,0.00015383,0.32622078,f35e02ba46327c8eeae98a7dc4c30e07cf11ace88ec8cff9f275a5102ef402a0,17c85f44910f43939d8c336b8e11d77e86e561a15bc4c215773e76a4b95d3f27,d5b11d25f3b2415dc959ae176b1986eff29aab886b60ed1119de835aef19a109,ddddaf0
eviddie-20240910-19940419,20240910,19940419,rare,1shot,0,EviDDIE,PT-18886153,XUFQPHANEAPEMJ,TTWJBBZEZQICBI,0,1,0.64797002,0.70404541,2.081e-05,0.84070522,f35e02ba46327c8eeae98a7dc4c30e07cf11ace88ec8cff9f275a5102ef402a0,17c85f44910f43939d8c336b8e11d77e86e561a15bc4c215773e76a4b95d3f27,d5b11d25f3b2415dc959ae176b1986eff29aab886b60ed1119de835aef19a109,ddddaf0
eviddie-20240910-19940419,20240910,19940419,rare,1shot,0,EviDDIE,PT-18927750,BMCQMVFGOVHVNG,OEYIOHPDSNJKLS,1,1,0.505261,0.98508888,0.00445557,0.02581806,f35e02ba46327c8eeae98a7dc4c30e07cf11ace88ec8cff9f275a5102ef402a0,17c85f44910f43939d8c336b8e11d77e86e561a15bc4c215773e76a4b95d3f27,d5b11d25f3b2415dc959ae176b1986eff29aab886b60ed1119de835aef19a109,ddddaf0
eviddie-20240910-19940419,20240910,19940419,rare,1shot,0,EviDDIE,PT-18927750,BMCQMVFGOVHVNG,QYSPLQLAKJAUJT,0,1,0.52131003,0.95661032,0.00080466,0.08991081,f35e02ba46327c8eeae98a7dc4c30e07cf11ace88ec8cff9f275a5102ef402a0,17c85f44910f43939d8c336b8e11d77e86e561a15bc4c215773e76a4b95d3f27,d5b11d25f3b2415dc959ae176b1986eff29aab886b60ed1119de835aef19a109,ddddaf0
eviddie-20240910-19940419,20240910,19940419,rare,1shot,0,EviDDIE,PT-19056156,CTRLABGOLIVAIY,GFNANZIMVAIWHM,1,1,0.50611293,0.98507404,0.00274096,0.02756319,f35e02ba46327c8eeae98a7dc4c30e07cf11ace88ec8cff9f275a5102ef402a0,17c85f44910f43939d8c336b8e11d77e86e561a15bc4c215773e76a4b95d3f27,d5b11d25f3b2415dc959ae176b1986eff29aab886b60ed1119de835aef19a109,ddddaf0
eviddie-20240910-19940419,20240910,19940419,rare,1shot,0,EviDDIE,PT-19056156,CTRLABGOLIVAIY,QHMBSVQNZZTUGM,0,1,0.50033754,0.9884361,0.0110162,0.01238214,f35e02ba46327c8eeae98a7dc4c30e07cf11ace88ec8cff9f275a5102ef402a0,17c85f44910f43939d8c336b8e11d77e86e561a15bc4c215773e76a4b95d3f27,d5b11d25f3b2415dc959ae176b1986eff29aab886b60ed1119de835aef19a109,ddddaf0
eviddie-20240910-19940419,20240910,19940419,rare,1shot,0,EviDDIE,PT-19236117,LERNTVKEWCAPOY,USSIQXCVUWKGNF,1,1,0.51316798,0.97215015,0.00155723,0.05573815,f35e02ba46327c8eeae98a7dc4c30e07cf11ace88ec8cff9f275a5102ef402a0,17c85f44910f43939d8c336b8e11d77e86e561a15bc4c215773e76a4b95d3f27,d5b11d25f3b2415dc959ae176b1986eff29aab886b60ed1119de835aef19a109,ddddaf0
eviddie-20240910-19940419,20240910,19940419,rare,1shot,0,EviDDIE,PT-19236117,ODQWQRRAPPTVAG,UZHSEJADLWPNLE,1,1,0.74450272,0.510993,3.23e-06,1.91394496,f35e02ba46327c8eeae98a7dc4c30e07cf11ace88ec8cff9f275a5102ef402a0,17c85f44910f43939d8c336b8e11d77e86e561a15bc4c215773e76a4b95d3f27,d5b11d25f3b2415dc959ae176b1986eff29aab886b60ed1119de835aef19a109,ddddaf0
eviddie-20240910-19940419,20240910,19940419,rare,1shot,0,EviDDIE,PT-19236117,LERNTVKEWCAPOY,OFVLGDICTFRJMM,0,1,0.58109212,0.83771497,0.00012021,0.3873266,f35e02ba46327c8eeae98a7dc4c30e07cf11ace88ec8cff9f275a5102ef402a0,17c85f44910f43939d8c336b8e11d77e86e561a15bc4c215773e76a4b95d3f27,d5b11d25f3b2415dc959ae176b1986eff29aab886b60ed1119de835aef19a109,ddddaf0
eviddie-20240910-19940419,20240910,19940419,rare,1shot,0,EviDDIE,PT-19236117,ODQWQRRAPPTVAG,DJBNUMBKLMJRSA,0,1,0.7839582,0.43208346,3.8e-07,2.6287353,f35e02ba46327c8eeae98a7dc4c30e07cf11ace88ec8cff9f275a5102ef402a0,17c85f44910f43939d8c336b8e11d77e86e561a15bc4c215773e76a4b95d3f27,d5b11d25f3b2415dc959ae176b1986eff29aab886b60ed1119de835aef19a109,ddddaf0
eviddie-20240910-19940419,20240910,19940419,rare,1shot,0,EviDDIE,PT-20711130,RDOIQAHITMMDAJ,WMWTYOKRWGGJOA,1,1,0.57892698,0.84206975,9.054e-05,0.3750096,f35e02ba46327c8eeae98a7dc4c30e07cf11ace88ec8cff9f275a5102ef402a0,17c85f44910f43939d8c336b8e11d77e86e561a15bc4c215773e76a4b95d3f27,d5b11d25f3b2415dc959ae176b1986eff29aab886b60ed1119de835aef19a109,ddddaf0
eviddie-20240910-19940419,20240910,19940419,rare,1shot,0,EviDDIE,PT-20711130,RDOIQAHITMMDAJ,QWAXKHKRTORLEM,0,1,0.5613817,0.87710887,0.0001456,0.28007302,f35e02ba46327c8eeae98a7dc4c30e07cf11ace88ec8cff9f275a5102ef402a0,17c85f44910f43939d8c336b8e11d77e86e561a15bc4c215773e76a4b95d3f27,d5b11d25f3b2415dc959ae176b1986eff29aab886b60ed1119de835aef19a109,ddddaf0
eviddie-20240910-19940419,20240910,19940419,rare,1shot,0,EviDDIE,PT-20937945,ITRJWOMZKQRYTA,KWGRBVOPPLSCSI,1,0,0.4489398,0.89697129,0.22871333,0.0010127,f35e02ba46327c8eeae98a7dc4c30e07cf11ace88ec8cff9f275a5102ef402a0,17c85f44910f43939d8c336b8e11d77e86e561a15bc4c215773e76a4b95d3f27,d5b11d25f3b2415dc959ae176b1986eff29aab886b60ed1119de835aef19a109,ddddaf0
eviddie-20240910-19940419,20240910,19940419,rare,1shot,0,EviDDIE,PT-20937945,ITRJWOMZKQRYTA,MGNNYOODZCAHBA,0,1,0.50660896,0.98425424,0.0025683,0.02942709,f35e02ba46327c8eeae98a7dc4c30e07cf11ace88ec8cff9f275a5102ef402a0,17c85f44910f43939d8c336b8e11d77e86e561a15bc4c215773e76a4b95d3f27,d5b11d25f3b2415dc959ae176b1986eff29aab886b60ed1119de835aef19a109,ddddaf0
eviddie-20240910-19940419,20240910,19940419,rare,1shot,0,EviDDIE,PT-7302622,HBOMLICNUCNMMY,PYGWGZALEOIKDF,1,1,0.58389211,0.83212703,0.00010657,0.40337244,f35e02ba46327c8eeae98a7dc4c30e07cf11ace88ec8cff9f275a5102ef402a0,17c85f44910f43939d8c336b8e11d77e86e561a15bc4c215773e76a4b95d3f27,d5b11d25f3b2415dc959ae176b1986eff29aab886b60ed1119de835aef19a109,ddddaf0
eviddie-20240910-19940419,20240910,19940419,rare,1shot,0,EviDDIE,PT-7302622,HBOMLICNUCNMMY,OOGJQPCLVADCPB,0,1,0.53370017,0.93203712,0.00060339,0.14523378,f35e02ba46327c8eeae98a7dc4c30e07cf11ace88ec8cff9f275a5102ef402a0,17c85f44910f43939d8c336b8e11d77e86e561a15bc4c215773e76a4b95d3f27,d5b11d25f3b2415dc959ae176b1986eff29aab886b60ed1119de835aef19a109,ddddaf0
