run_id,train_seed,eval_seed,setting,tier,shot,method,event_type,drug_a,drug_b,y_true,y_pred,prob,uncertainty,evidence_0,evidence_1,checkpoint_sha256,eval_manifest_sha256,event_embedding_sha256,git_commit
eviddie-19940419-19940419,19940419,19940419,rare,5shot,0,EviDDIE,PT-11090837,BOVGTQGAOIONJV,OIGNJSKKLXVSLS,1,1,0.50015122,0.99492258,0.00479951,0.00540732,56606b15d2b731af30344a33ca6a11986ff650ae53432c98fbcf22f64c67d7e6,643a91e0b9a1cc10067428184fff675682e61b9808c035aaa4af42bb81f063cc,d5b11d25f3b2415dc959ae176b1986eff29aab886b60ed1119de835aef19a109,ddddaf0
eviddie-19940419-19940419,19940419,19940419,rare,5shot,0,EviDDIE,PT-11090837,BVKZGUZCCUSVTD,CDAISMWEOUEBRE,1,1,0.50013393,0.99559444,0.00415585,0.00469409,56606b15d2b731af30344a33ca6a11986ff650ae53432c98fbcf22f64c67d7e6,643a91e0b9a1cc10067428184fff675682e61b9808c035aaa4af42bb81f063cc,d5b11d25f3b2415dc959ae176b1986eff29aab886b60ed1119de835aef19a109,ddddaf0
eviddie-19940419-19940419,19940419,19940419,rare,5shot,0,EviDDIE,PT-11090837,GBBSUAFBMRNDJC,MBMBGCFOFBJSGT,1,1,0.50014669,0.99510217,0.00462712,0.00521667,56606b15d2b731af30344a33ca6a11986ff650ae53432c98fbcf22f64c67d7e6,643a91e0b9a1cc10067428184fff675682e61b9808c035aaa4af42bb81f063cc,d5b11d25f3b2415dc959ae176b1986eff29aab886b60ed1119de835aef19a109,ddddaf0
eviddie-19940419-19940419,19940419,19940419,rare,5shot,0,EviDDIE,PT-11090837,GBBSUAFBMRNDJC,WOFMFGQZHJDGCX,1,1,0.50015098,0.994932,0.0047904,0.0053973,56606b15d2b731af30344a33ca6a11986ff650ae53432c98fbcf22f64c67d7e6,643a91e0b9a1cc10067428184fff675682e61b9808c035aaa4af42bb81f063cc,d5b11d25f3b2415dc959ae176b1986eff29aab886b60ed1119de835aef19a109,ddddaf0
eviddie-19940419-19940419,19940419,19940419,rare,5shot,0,EviDDIE,PT-11090837,HPNSFSBZBAHARI,OIGNJSKKLXVSLS,1,1,0.5001502,0.99496174,0.00476193,0.00536572,56606b15d2b731af30344a33ca6a11986ff650ae53432c98fbcf22f64c67d7e6,643a91e0b9a1cc10067428184fff675682e61b9808c035aaa4af42bb81f063cc,d5b11d25f3b2415dc959ae176b1986eff29aab886b60ed1119de835aef19a109,ddddaf0
eviddie-19940419-19940419,19940419,19940419,rare,5shot,0,EviDDIE,PT-11090837,HPNSFSBZBAHARI,SEEPANYCNGTZFQ,1,1,0.50013024,0.99574125,0.00401542,0.00453852,56606b15d2b731af30344a33ca6a11986ff650ae53432c98fbcf22f64c67d7e6,643a91e0b9a1cc10067428184fff675682e61b9808c035aaa4af42bb81f063cc,d5b11d25f3b2415dc959ae176b1986eff29aab886b60ed1119de835aef19a109,ddddaf0
eviddie-19940419-19940419,19940419,19940419,rare,5shot,0,EviDDIE,PT-11090837,IEDVJHCEMCRBQM,RMRCNWBMXRMIRW,1,1,0.50014234,0.99527365,0.00446288,0.00503477,56606b15d2b731af30344a33ca6a11986ff650ae53432c98fbcf22f64c67d7e6,643a91e0b9a1cc10067428184fff675682e61b9808c035aaa4af42bb81f063cc,d5b11d25f3b2415dc959ae176b1986eff29aab886b60ed1119de835aef19a109,ddddaf0
eviddie-19940419-19940419,19940419,19940419,rare,5shot,0,EviDDIE,PT-11090837,JCCNYMKQOSZNPW,SEEPANYCNGTZFQ,1,1,0.50013429,0.9955852,0.00416463,0.00470409,56606b15d2b731af30344a33ca6a11986ff650ae53432c98fbcf22f64c67d7e6,643a91e0b9a1cc10067428184fff675682e61b9808c035aaa4af42bb81f063cc,d5b11d25f3b2415dc959ae176b1986eff29aab886b60ed1119de835aef19a109,ddddaf0
eviddie-19940419-19940419,19940419,19940419,rare,5shot,0,EviDDIE,PT-11090837,OIGNJSKKLXVSLS,RTGDFNSFWBGLEC,1,1,0.5001536,0.9948284,0.00488979,0.00550722,56606b15d2b731af30344a33ca6a11986ff650ae53432c98fbcf22f64c67d7e6,643a91e0b9a1cc10067428184fff675682e61b9808c035aaa4af42bb81f063cc,d5b11d25f3b2415dc959ae176b1986eff29aab886b60ed1119de835aef19a109,ddddaf0
eviddie-19940419-19940419,19940419,19940419,rare,5shot,0,EviDDIE,PT-11090837,PJVWKTKQMONHTI,RTGDFNSFWBGLEC,1,1,0.50013548,0.99553841,0.00420935,0.00475372,56606b15d2b731af30344a33ca6a11986ff650ae53432c98fbcf22f64c67d7e6,643a91e0b9a1cc10067428184fff675682e61b9808c035aaa4af42bb81f063cc,d5b11d25f3b2415dc959ae176b1986eff29aab886b60ed1119de835aef19a109,ddddaf0
eviddie-19940419-19940419,19940419,19940419,rare,5shot,0,EviDDIE,PT-11090837,SNPLKNRPJHDVJA,WOFMFGQZHJDGCX,1,1,0.50013721,0.99547184,0.0042732,0.00482441,56606b15d2b731af30344a33ca6a11986ff650ae53432c98fbcf22f64c67d7e6,643a91e0b9a1cc10067428184fff675682e61b9808c035aaa4af42bb81f063cc,d5b11d25f3b2415dc959ae176b1986eff29aab886b60ed1119de835aef19a109,ddddaf0
eviddie-19940419-19940419,19940419,19940419,rare,5shot,0,EviDDIE,PT-11090837,BOVGTQGAOIONJV,VOVIALXJUBGFJZ,0,1,0.50015163,0.99490488,0.00481638,0.005426,56606b15d2b731af30344a33ca6a11986ff650ae53432c98fbcf22f64c67d7e6,643a91e0b9a1cc10067428184fff675682e61b9808c035aaa4af42bb81f063cc,d5b11d25f3b2415dc959ae176b1986eff29aab886b60ed1119de835aef19a109,ddddaf0
eviddie-19940419-19940419,19940419,19940419,rare,5shot,0,EviDDIE,PT-11090837,BVKZGUZCCUSVTD,XPCFTKFZXHTYIP,0,1,0.50013548,0.99553609,0.00421169,0.00475615,56606b15d2b731af30344a33ca6a11986ff650ae53432c98fbcf22f64c67d7e6,643a91e0b9a1cc10067428184fff675682e61b9808c035aaa4af42bb81f063cc,d5b11d25f3b2415dc959ae176b1986eff29aab886b60ed1119de835aef19a109,ddddaf0
eviddie-19940419-19940419,19940419,19940419,rare,5shot,0,EviDDIE,PT-11090837,GBBSUAFBMRNDJC,JCQLYHFGKNRPGE,0,1,0.50014538,0.99515247,0.00457902,0.00516332,56606b15d2b731af30344a33ca6a11986ff650ae53432c98fbcf22f64c67d7e6,643a91e0b9a1cc10067428184fff675682e61b9808c035aaa4af42bb81f063cc,d5b11d25f3b2415dc959ae176b1986eff29aab886b60ed1119de835aef19a109,ddddaf0
eviddie-19940419-19940419,19940419,19940419,rare,5shot,0,EviDDIE,PT-11090837,GBBSUAFBMRNDJC,QWCRAEMEVRGPNT,0,1,0.50015306,0.99484903,0.00486998,0.00548532,56606b15d2b731af30344a33ca6a11986ff650ae53432c98fbcf22f64c67d7e6,643a91e0b9a1cc10067428184fff675682e61b9808c035aaa4af42bb81f063cc,d5b11d25f3b2415dc959ae176b1986eff29aab886b60ed1119de835aef19a109,ddddaf0
eviddie-19940419-19940419,19940419,19940419,rare,5shot,0,EviDDIE,PT-11090837,HPNSFSBZBAHARI,MAEIEVLCKWDQJH,0,1,0.50013435,0.99558073,0.00416882,0.00470873,56606b15d2b731af30344a33ca6a11986ff650ae53432c98fbcf22f64c67d7e6,643a91e0b9a1cc10067428184fff675682e61b9808c035aaa4af42bb81f063cc,d5b11d25f3b2415dc959ae176b1986eff29aab886b60ed1119de835aef19a109,ddddaf0
eviddie-19940419-19940419,19940419,19940419,rare,5shot,0,EviDDIE,PT-11090837,HPNSFSBZBAHARI,WIKYUJGCLQQFNW,0,1,0.500144,0.9952063,0.00452751,0.00510627,56606b15d2b731af30344a33ca6a11986ff650ae53432c98fbcf22f64c67d7e6,643a91e0b9a1cc10067428184fff675682e61b9808c035aaa4af42bb81f063cc,d5b11d25f3b2415dc959ae176b1986eff29aab886b60ed1119de835aef19a109,ddddaf0
eviddie-19940419-19940419,19940419,19940419,rare,5shot,0,EviDDIE,PT-11090837,IEDVJHCEMCRBQM,FFGPTBGBLSHEPO,0,1,0.50013667,0.99549425,0.0042517,0.00480069,56606b15d2b731af30344a33ca6a11986ff650ae53432c98fbcf22f64c67d7e6,643a91e0b9a1cc10067428184fff675682e61b9808c035aaa4af42bb81f063cc,d5b11d25f3b2415dc959ae176b1986eff29aab886b60ed1119de835aef19a109,ddddaf0
eviddie-19940419-19940419,19940419,19940419,rare,5shot,0,EviDDIE,PT-11090837,JCCNYMKQOSZNPW,ASUTZQLVASHGKV,0,1,0.50015265,0.99486452,0.00485508,0.00546881,56606b15d2b731af30344a33ca6a11986ff650ae53432c98fbcf22f64c67d7e6,643a91e0b9a1cc10067428184fff675682e61b9808c035aaa4af42bb81f063cc,d5b11d25f3b2415dc959ae176b1986eff29aab886b60ed1119de835aef19a109,ddddaf0
eviddie-19940419-19940419,19940419,19940419,rare,5shot,0,EviDDIE,PT-11090837,OIGNJSKKLXVSLS,BFPYWIDHMRZLRN,0,1,0.50015938,0.99459559,0.00511339,0.00575436,56606b15d2b731af30344a33ca6a11986ff650ae53432c98fbcf22f64c67d7e6,643a91e0b9a1cc10067428184fff675682e61b9808c035aaa4af42bb81f063cc,d5b11d25f3b2415dc959ae176b1986eff29aab886b60ed1119de835aef19a109,ddddaf0
eviddie-19940419-19940419,19940419,19940419,rare,5shot,0,EviDDIE,PT-11090837,PJVWKTKQMONHTI,ZKLPARSLTMPFCP,0,1,0.50013167,0.99568427,0.00406991,0.00459903,56606b15d2b731af30344a33ca6a11986ff650ae53432c98fbcf22f64c67d7e6,643a91e0b9a1cc10067428184fff675682e61b9808c035aaa4af42bb81f063cc,d5b11d25f3b2415dc959ae176b1986eff29aab886b60ed1119de835aef19a109,ddddaf0
eviddie-19940419-19940419,19940419,19940419,rare,5shot,0,EviDDIE,PT-11090837,SNPLKNRPJHDVJA,KVWDHTXUZHCGIO,0,1,0.50013715,0.99547535,0.00426988,0.00482073,56606b15d2b731af30344a33ca6a11986ff650ae53432c98fbcf22f64c67d7e6,643a91e0b9a1cc10067428184fff675682e61b9808c035aaa4af42bb81f063cc,d5b11d25f3b2415dc959ae176b1986eff29aab886b60ed1119de835aef19a109,ddddaf0
eviddie-19940419-19940419,19940419,19940419,rare,5shot,0,EviDDIE,PT-16020885,ASUTZQLVASHGKV,HSUGRBWQSSZJOP,1,1,0.50014913,0.99500293,0.00472232,0.00532199,56606b15d2b731af30344a33ca6a11986ff650ae53432c98fbcf22f64c67d7e6,643a91e0b9a1cc10067428184fff675682e61b9808c035aaa4af42bb81f063cc,d5b11d25f3b2415dc959ae176b1986eff29aab886b60ed1119de835aef19a109,ddddaf0
eviddie-19940419-19940419,19940419,19940419,rare,5shot,0,EviDDIE,PT-16020885,ASUTZQLVASHGKV,HTIQEAQVCYTUBX,1,1,0.50014788,0.9950546,0.00467273,0.00526711,56606b15d2b731af30344a33ca6a11986ff650ae53432c98fbcf22f64c67d7e6,643a91e0b9a1cc10067428184fff675682e61b9808c035aaa4af42bb81f063cc,d5b11d25f3b2415dc959ae176b1986eff29aab886b60ed1119de835aef19a109,ddddaf0
eviddie-19940419-19940419,19940419,19940419,rare,5shot,0,EviDDIE,PT-16020885,BPRHUIZQVSMCRT,LOUPRKONTZGTKE,1,1,0.50013572,0.99552912,0.00421829,0.00476357,56606b15d2b731af30344a33ca6a11986ff650ae53432c98fbcf22f64c67d7e6,643a91e0b9a1cc10067428184fff675682e61b9808c035aaa4af42bb81f063cc,d5b11d25f3b2415dc959ae176b1986eff29aab886b60ed1119de835aef19a109,ddddaf0
eviddie-19940419-19940419,19940419,19940419,rare,5shot,0,EviDDIE,PT-16020885,HTIQEAQVCYTUBX,JSDRRTOADPPCHY,1,1,0.50013679,0.99548835,0.00425728,0.00480684,56606b15d2b731af30344a33ca6a11986ff650ae53432c98fbcf22f64c67d7e6,643a91e0b9a1cc10067428184fff675682e61b9808c035aaa4af42bb81f063cc,d5b11d25f3b2415dc959ae176b1986eff29aab886b60ed1119de835aef19a109,ddddaf0
eviddie-19940419-19940419,19940419,19940419,rare,5shot,0,EviDDIE,PT-16020885,JCQLYHFGKNRPGE,KJFMBFZCATUALV,1,1,0.50014019,0.99535525,0.00438475,0.00494815,56606b15d2b731af30344a33ca6a11986ff650ae53432c98fbcf22f64c67d7e6,643a91e0b9a1cc10067428184fff675682e61b9808c035aaa4af42bb81f063cc,d5b11d25f3b2415dc959ae176b1986eff29aab886b60ed1119de835aef19a109,ddddaf0
eviddie-19940419-19940419,19940419,19940419,rare,5shot,0,EviDDIE,PT-16020885,MBWXNTAXLNYFJB,SKZKKFZAGNVIMN,1,1,0.50012869,0.99579865,0.00396055,0.00447753,56606b15d2b731af30344a33ca6a11986ff650ae53432c98fbcf22f64c67d7e6,643a91e0b9a1cc10067428184fff675682e61b9808c035aaa4af42bb81f063cc,d5b11d25f3b2415dc959ae176b1986eff29aab886b60ed1119de835aef19a109,ddddaf0
eviddie-19940419-19940419,19940419,19940419,rare,5shot,0,EviDDIE,PT-16020885,ASUTZQLVASHGKV,UJLAWZDWDVHWOW,0,1,0.50014919,0.99500102,0.00472416,0.00532399,56606b15d2b731af30344a33ca6a11986ff650ae53432c98fbcf22f64c67d7e6,643a91e0b9a1cc10067428184fff675682e61b9808c035aaa4af42bb81f063cc,d5b11d25f3b2415dc959ae176b1986eff29aab886b60ed1119de835aef19a109,ddddaf0
eviddie-19940419-19940419,19940419,19940419,rare,5shot,0,EviDDIE,PT-16020885,ASUTZQLVASHGKV,KRKNYBCHXYNGOX,0,1,0.50014013,0.99535674,0.00438335,0.00494651,56606b15d2b731af30344a33ca6a11986ff650ae53432c98fbcf22f64c67d7e6,643a91e0b9a1cc10067428184fff675682e61b9808c035aaa4af42bb81f063cc,d5b11d25f3b2415dc959ae176b1986eff29aab886b60ed1119de835aef19a109,ddddaf0
eviddie-19940419-19940419,19940419,19940419,rare,5shot,0,EviDDIE,PT-16020885,BPRHUIZQVSMCRT,YWXYYJSYQOXTPL,0,1,0.50013846,0.99541986,0.00432286,0.00487942,56606b15d2b731af30344a33ca6a11986ff650ae53432c98fbcf22f64c67d7e6,643a91e0b9a1cc10067428184fff675682e61b9808c035aaa4af42bb81f063cc,d5b11d25f3b2415dc959ae176b1986eff29aab886b60ed1119de835aef19a109,ddddaf0
eviddie-19940419-19940419,19940419,19940419,rare,5shot,0,EviDDIE,PT-16020885,HTIQEAQVCYTUBX,HTQMVQVXFRQIKW,0,1,0.50013381,0.99560273,0.0041479,0.00468557,56606b15d2b731af30344a33ca6a11986ff650ae53432c98fbcf22f64c67d7e6,643a91e0b9a1cc10067428184fff675682e61b9808c035aaa4af42bb81f063cc,d5b11d25f3b2415dc959ae176b1986eff29aab886b60ed1119de835aef19a109,ddddaf0
eviddie-19940419-19940419,19940419,19940419,rare,5shot,0,EviDDIE,PT-16020885,JCQLYHFGKNRPGE,IAVUPMFITXYVAF,0,1,0.50013721,0.9954704,0.00427444,0.0048258,56606b15d2b731af30344a33ca6a11986ff650ae53432c98fbcf22f64c67d7e6,643a91e0b9a1cc10067428184fff675682e61b9808c035aaa4af42bb81f063cc,d5b11d25f3b2415dc959ae176b1986eff29aab886b60ed1119de835aef19a109,ddddaf0
eviddie-19940419-19940419,19940419,19940419,rare,5shot,0,EviDDIE,PT-16020885,MBWXNTAXLNYFJB,WIKYUJGCLQQFNW,0,1,0.50014096,0.9953258,0.00441293,0.00497932,56606b15d2b731af30344a33ca6a11986ff650ae53432c98fbcf22f64c67d7e6,643a91e0b9a1cc10067428184fff675682e61b9808c035aaa4af42bb81f063cc,d5b11d25f3b2415dc959ae176b1986eff29aab886b60ed1119de835aef19a109,ddddaf0
eviddie-19940419-19940419,19940419,19940419,rare,5shot,0,EviDDIE,PT-16022530,BVKZGUZCCUSVTD,KLBQZWRITKRQQV,1,1,0.50013977,0.99537116,0.00436959,0.00493116,56606b15d2b731af30344a33ca6a11986ff650ae53432c98fbcf22f64c67d7e6,643a91e0b9a1cc10067428184fff675682e61b9808c035aaa4af42bb81f063cc,d5b11d25f3b2415dc959ae176b1986eff29aab886b60ed1119de835aef19a109,ddddaf0
eviddie-19940419-19940419,19940419,19940419,rare,5shot,0,EviDDIE,PT-16022530,CEUORZQYGODEFX,UGJMXCAKCUNAIE,1,1,0.50014526,0.99515545,0.00457618,0.00516007,56606b15d2b731af30344a33ca6a11986ff650ae53432c98fbcf22f64c67d7e6,643a91e0b9a1cc10067428184fff675682e61b9808c035aaa4af42bb81f063cc,d5b11d25f3b2415dc959ae176b1986eff29aab886b60ed1119de835aef19a109,ddddaf0
eviddie-19940419-19940419,19940419,19940419,rare,5shot,0,EviDDIE,PT-16022530,CEUORZQYGODEFX,WSEQXVZVJXJVFP,1,1,0.50014198,0.99528694,0.00445014,0.00502058,56606b15d2b731af30344a33ca6a11986ff650ae53432c98fbcf22f64c67d7e6,643a91e0b9a1cc10067428184fff675682e61b9808c035aaa4af42bb81f063cc,d5b11d25f3b2415dc959ae176b1986eff29aab886b60ed1119de835aef19a109,ddddaf0
eviddie-19940419-19940419,19940419,19940419,rare,5shot,0,EviDDIE,PT-16022530,LNEPOXFFQSENCJ,PMXMIIMHBWHSKN,1,1,0.5001418,0.99529392,0.00444349,0.00501323,56606b15d2b731af30344a33ca6a11986ff650ae53432c98fbcf22f64c67d7e6,643a91e0b9a1cc10067428184fff675682e61b9808c035aaa4af42bb81f063cc,d5b11d25f3b2415dc959ae176b1986eff29aab886b60ed1119de835aef19a109,ddddaf0
eviddie-19940419-19940419,19940419,19940419,rare,5shot,0,EviDDIE,PT-16022530,MVWVFYHBGMAFLY,RAPZEAPATHNIPO,1,1,0.50014603,0.99512744,0.00460298,0.00518988,56606b15d2b731af30344a33ca6a11986ff650ae53432c98fbcf22f64c67d7e6,643a91e0b9a1cc10067428184fff675682e61b9808c035aaa4af42bb81f063cc,d5b11d25f3b2415dc959ae176b1986eff29aab886b60ed1119de835aef19a109,ddddaf0
eviddie-19940419-19940419,19940419,19940419,rare,5shot,0,EviDDIE,PT-16022530,NJMYODHXAKYRHW,PMXMIIMHBWHSKN,1,1,0.50014675,0.99509829,0.0046309,0.00522076,56606b15d2b731af30344a33ca6a11986ff650ae53432c98fbcf22f64c67d7e6,643a91e0b9a1cc10067428184fff675682e61b9808c035aaa4af42bb81f063cc,d5b11d25f3b2415dc959ae176b1986eff29aab886b60ed1119de835aef19a109,ddddaf0
eviddie-19940419-19940419,19940419,19940419,rare,5shot,0,EviDDIE,PT-16022530,NJMYODHXAKYRHW,RAPZEAPATHNIPO,1,1,0.50014699,0.99508899,0.00463985,0.00523067,56606b15d2b731af30344a33ca6a11986ff650ae53432c98fbcf22f64c67d7e6,643a91e0b9a1cc10067428184fff675682e61b9808c035aaa4af42bb81f063cc,d5b11d25f3b2415dc959ae176b1986eff29aab886b60ed1119de835aef19a109,ddddaf0
eviddie-19940419-19940419,19940419,19940419,rare,5shot,0,EviDDIE,PT-16022530,PMXMIIMHBWHSKN,UGJMXCAKCUNAIE,1,1,0.50014359,0.99522108,0.00451328,0.00509042,56606b15d2b731af30344a33ca6a11986ff650ae53432c98fbcf22f64c67d7e6,643a91e0b9a1cc10067428184fff675682e61b9808c035aaa4af42bb81f063cc,d5b11d25f3b2415dc959ae176b1986eff29aab886b60ed1119de835aef19a109,ddddaf0
eviddie-19940419-19940419,19940419,19940419,rare,5shot,0,EviDDIE,PT-16022530,PMXMIIMHBWHSKN,WFPIAZLQTJBIFN,1,1,0.5001477,0.99506181,0.00466584,0.00525947,56606b15d2b731af30344a33ca6a11986ff650ae53432c98fbcf22f64c67d7e6,643a91e0b9a1cc10067428184fff675682e61b9808c035aaa4af42bb81f063cc,d5b11d25f3b2415dc959ae176b1986eff29aab886b60ed1119de835aef19a109,ddddaf0
eviddie-19940419-19940419,19940419,19940419,rare,5shot,0,EviDDIE,PT-16022530,URKOMYMAXPYINW,XJGVXQDUIWGIRW,1,1,0.5001505,0.99494874,0.0047743,0.00537948,56606b15d2b731af30344a33ca6a11986ff650ae53432c98fbcf22f64c67d7e6,643a91e0b9a1cc10067428184fff675682e61b9808c035aaa4af42bb81f063cc,d5b11d25f3b2415dc959ae176b1986eff29aab886b60ed1119de835aef19a109,ddddaf0
eviddie-19940419-19940419,19940419,19940419,rare,5shot,0,EviDDIE,PT-16022530,BVKZGUZCCUSVTD,SHGAZHPCJJPHSC,0,1,0.50014311,0.99524128,0.00449402,0.00506901,56606b15d2b731af30344a33ca6a11986ff650ae53432c98fbcf22f64c67d7e6,643a91e0b9a1cc10067428184fff675682e61b9808c035aaa4af42bb81f063cc,d5b11d25f3b2415dc959ae176b1986eff29aab886b60ed1119de835aef19a109,ddddaf0
eviddie-19940419-19940419,19940419,19940419,rare,5shot,0,EviDDIE,PT-16022530,CEUORZQYGODEFX,DIWRORZWFLOCLC,0,1,0.50014275,0.99525636,0.00447944,0.00505305,56606b15d2b731af30344a33ca6a11986ff650ae53432c98fbcf22f64c67d7e6,643a91e0b9a1cc10067428184fff675682e61b9808c035aaa4af42bb81f063cc,d5b11d25f3b2415dc959ae176b1986eff29aab886b60ed1119de835aef19a109,ddddaf0
eviddie-19940419-19940419,19940419,19940419,rare,5shot,0,EviDDIE,PT-16022530,CEUORZQYGODEFX,GFNANZIMVAIWHM,0,1,0.50015318,0.99484515,0.00487381,0.00548952,56606b15d2b731af30344a33ca6a11986ff650ae53432c98fbcf22f64c67d7e6,643a91e0b9a1cc10067428184fff675682e61b9808c035aaa4af42bb81f063cc,d5b11d25f3b2415dc959ae176b1986eff29aab886b60ed1119de835aef19a109,ddddaf0
eviddie-19940419-19940419,19940419,19940419,rare,5shot,0,EviDDIE,PT-16022530,LNEPOXFFQSENCJ,OIGNJSKKLXVSLS,0,1,0.50014919,0.9950003,0.00472485,0.00532472,56606b15d2b731af30344a33ca6a11986ff650ae53432c98fbcf22f64c67d7e6,643a91e0b9a1cc10067428184fff675682e61b9808c035aaa4af42bb81f063cc,d5b11d25f3b2415dc959ae176b1986eff29aab886b60ed1119de835aef19a109,ddddaf0
eviddie-19940419-19940419,19940419,19940419,rare,5shot,0,EviDDIE,PT-16022530,MVWVFYHBGMAFLY,WIKYUJGCLQQFNW,0,1,0.50014716,0.99508399,0.00464468,0.00523604,56606b15d2b731af30344a33ca6a11986ff650ae53432c98fbcf22f64c67d7e6,643a91e0b9a1cc10067428184fff675682e61b9808c035aaa4af42bb81f063cc,d5b11d25f3b2415dc959ae176b1986eff29aab886b60ed1119de835aef19a109,ddddaf0
eviddie-19940419-19940419,19940419,19940419,rare,5shot,0,EviDDIE,PT-16022530,NJMYODHXAKYRHW,KQKPFRSPSRPDEB,0,1,0.5001353,0.99554551,0.00420258,0.00474616,56606b15d2b731af30344a33ca6a11986ff650ae53432c98fbcf22f64c67d7e6,643a91e0b9a1cc10067428184fff675682e61b9808c035aaa4af42bb81f063cc,d5b11d25f3b2415dc959ae176b1986eff29aab886b60ed1119de835aef19a109,ddddaf0
eviddie-19940419-19940419,19940419,19940419,rare,5shot,0,EviDDIE,PT-16022530,NJMYODHXAKYRHW,MOYKHGMNXAOIAT,0,1,0.5001483,0.99503583,0.00469073,0.00528692,56606b15d2b731af30344a33ca6a11986ff650ae53432c98fbcf22f64c67d7e6,643a91e0b9a1cc10067428184fff675682e61b9808c035aaa4af42bb81f063cc,d5b11d25f3b2415dc959ae176b1986eff29aab886b60ed1119de835aef19a109,ddddaf0
eviddie-19940419-19940419,19940419,19940419,rare,5shot,0,EviDDIE,PT-16022530,PMXMIIMHBWHSKN,LNEPOXFFQSENCJ,0,1,0.50014138,0.99531025,0.00442786,0.00499591,56606b15d2b731af30344a33ca6a11986ff650ae53432c98fbcf22f64c67d7e6,643a91e0b9a1cc10067428184fff675682e61b9808c035aaa4af42bb81f063cc,d5b11d25f3b2415dc959ae176b1986eff29aab886b60ed1119de835aef19a109,ddddaf0
eviddie-19940419-19940419,19940419,19940419,rare,5shot,0,EviDDIE,PT-16022530,PMXMIIMHBWHSKN,DLNKOYKMWOXYQA,0,1,0.5001322,0.9956637,0.00408955,0.00462074,56606b15d2b731af30344a33ca6a11986ff650ae53432c98fbcf22f64c67d7e6,643a91e0b9a1cc10067428184fff675682e61b9808c035aaa4af42bb81f063cc,d5b11d25f3b2415dc959ae176b1986eff29aab886b60ed1119de835aef19a109,ddddaf0
eviddie-19940419-19940419,19940419,19940419,rare,5shot,0,EviDDIE,PT-16022530,URKOMYMAXPYINW,ZKLPARSLTMPFCP,0,1,0.50014347,0.99522591,0.00450861,0.00508536,56606b15d2b731af30344a33ca6a11986ff650ae53432c98fbcf22f64c67d7e6,643a91e0b9a1cc10067428184fff675682e61b9808c035aaa4af42bb81f063cc,d5b11d25f3b2415dc959ae176b1986eff29aab886b60ed1119de835aef19a109,ddddaf0
eviddie-19940419-19940419,19940419,19940419,rare,5shot,0,EviDDIE,PT-16075454,BPZSYCZIITTYBL,DGBIGWXXNGSACT,1,1,0.50013453,0.99557579,0.00417363,0.0047141,56606b15d2b731af30344a33ca6a11986ff650ae53432c98fbcf22f64c67d7e6,643a91e0b9a1cc10067428184fff675682e61b9808c035aaa4af42bb81f063cc,d5b11d25f3b2415dc959ae176b1986eff29aab886b60ed1119de835aef19a109,ddddaf0
eviddie-19940419-19940419,19940419,19940419,rare,5shot,0,EviDDIE,PT-16075454,BPZSYCZIITTYBL,HSUGRBWQSSZJOP,1,1,0.50013483,0.99556422,0.00418477,0.00472645,56606b15d2b731af30344a33ca6a11986ff650ae53432c98fbcf22f64c67d7e6,643a91e0b9a1cc10067428184fff675682e61b9808c035aaa4af42bb81f063cc,d5b11d25f3b2415dc959ae176b1986eff29aab886b60ed1119de835aef19a109,ddddaf0
eviddie-19940419-19940419,19940419,19940419,rare,5shot,0,EviDDIE,PT-16075454,BPZSYCZIITTYBL,RYMZZMVNJRMUDD,1,1,0.5001412,0.99531651,0.00442185,0.00498924,56606b15d2b731af30344a33ca6a11986ff650ae53432c98fbcf22f64c67d7e6,643a91e0b9a1cc10067428184fff675682e61b9808c035aaa4af42bb81f063cc,d5b11d25f3b2415dc959ae176b1986eff29aab886b60ed1119de835aef19a109,ddddaf0
eviddie-19940419-19940419,19940419,19940419,rare,5shot,0,EviDDIE,PT-16075454,BPZSYCZIITTYBL,RZVAJINKPMORJF,1,1,0.50012726,0.99585563,0.00390617,0.00441719,56606b15d2b731af30344a33ca6a11986ff650ae53432c98fbcf22f64c67d7e6,643a91e0b9a1cc10067428184fff675682e61b9808c035aaa4af42bb81f063cc,d5b11d25f3b2415dc959ae176b1986eff29aab886b60ed1119de835aef19a109,ddddaf0
eviddie-19940419-19940419,19940419,19940419,rare,5shot,0,EviDDIE,PT-16075454,BPZSYCZIITTYBL,ZZVUWRFHKOJYTH,1,1,0.50012797,0.99582654,0.00393386,0.00444799,56606b15d2b731af30344a33ca6a11986ff650ae53432c98fbcf22f64c67d7e6,643a91e0b9a1cc10067428184fff675682e61b9808c035aaa4af42bb81f063cc,d5b11d25f3b2415dc959ae176b1986eff29aab886b60ed1119de835aef19a109,ddddaf0
eviddie-19940419-19940419,19940419,19940419,rare,5shot,0,EviDDIE,PT-16075454,HSUGRBWQSSZJOP,QAOWNCQODCNURD,1,1,0.50011104,0.99646473,0.00332492,0.00377075,56606b15d2b731af30344a33ca6a11986ff650ae53432c98fbcf22f64c67d7e6,643a91e0b9a1cc10067428184fff675682e61b9808c035aaa4af42bb81f063cc,d5b11d25f3b2415dc959ae176b1986eff29aab886b60ed1119de835aef19a109,ddddaf0
eviddie-19940419-19940419,19940419,19940419,rare,5shot,0,EviDDIE,PT-16075454,WDJHALXBUFZDSR,XOFYZVNMUHMLCC,1,1,0.50013578,0.9955253,0.00422205,0.00476754,56606b15d2b731af30344a33ca6a11986ff650ae53432c98fbcf22f64c67d7e6,643a91e0b9a1cc10067428184fff675682e61b9808c035aaa4af42bb81f063cc,d5b11d25f3b2415dc959ae176b1986eff29aab886b60ed1119de835aef19a109,ddddaf0
eviddie-19940419-19940419,19940419,19940419,rare,5shot,0,EviDDIE,PT-16075454,BPZSYCZIITTYBL,BPRHUIZQVSMCRT,0,1,0.50013006,0.99574775,0.0040092,0.00453166,56606b15d2b731af30344a33ca6a11986ff650ae53432c98fbcf22f64c67d7e6,643a91e0b9a1cc10067428184fff675682e61b9808c035aaa4af42bb81f063cc,d5b11d25f3b2415dc959ae176b1986eff29aab886b60ed1119de835aef19a109,ddddaf0
eviddie-19940419-19940419,19940419,19940419,rare,5shot,0,EviDDIE,PT-16075454,BPZSYCZIITTYBL,JZUFKLXOESDKRF,0,1,0.50012863,0.99580234,0.00395701,0.00447365,56606b15d2b731af30344a33ca6a11986ff650ae53432c98fbcf22f64c67d7e6,643a91e0b9a1cc10067428184fff675682e61b9808c035aaa4af42bb81f063cc,d5b11d25f3b2415dc959ae176b1986eff29aab886b60ed1119de835aef19a109,ddddaf0
eviddie-19940419-19940419,19940419,19940419,rare,5shot,0,EviDDIE,PT-16075454,BPZSYCZIITTYBL,YWXYYJSYQOXTPL,0,1,0.50013947,0.99538273,0.00435853,0.00491899,56606b15d2b731af30344a33ca6a11986ff650ae53432c98fbcf22f64c67d7e6,643a91e0b9a1cc10067428184fff675682e61b9808c035aaa4af42bb81f063cc,d5b11d25f3b2415dc959ae176b1986eff29aab886b60ed1119de835aef19a109,ddddaf0
eviddie-19940419-19940419,19940419,19940419,rare,5shot,0,EviDDIE,PT-16075454,BPZSYCZIITTYBL,LXNHXLLTXMVWPM,0,1,0.50012571,0.99591309,0.00385121,0.00435617,56606b15d2b731af30344a33ca6a11986ff650ae53432c98fbcf22f64c67d7e6,643a91e0b9a1cc10067428184fff675682e61b9808c035aaa4af42bb81f063cc,d5b11d25f3b2415dc959ae176b1986eff29aab886b60ed1119de835aef19a109,ddddaf0
eviddie-19940419-19940419,19940419,19940419,rare,5shot,0,EviDDIE,PT-16075454,BPZSYCZIITTYBL,BPZSYCZIITTYBL,0,1,0.50012982,0.99575657,0.00400066,0.00452218,56606b15d2b731af30344a33ca6a11986ff650ae53432c98fbcf22f64c67d7e6,643a91e0b9a1cc10067428184fff675682e61b9808c035aaa4af42bb81f063cc,d5b11d25f3b2415dc959ae176b1986eff29aab886b60ed1119de835aef19a109,ddddaf0
eviddie-19940419-19940419,19940419,19940419,rare,5shot,0,EviDDIE,PT-16075454,HSUGRBWQSSZJOP,KGFYHTZWPPHNLQ,0,1,0.50014424,0.99519521,0.00453802,0.00511794,56606b15d2b731af30344a33ca6a11986ff650ae53432c98fbcf22f64c67d7e6,643a91e0b9a1cc10067428184fff675682e61b9808c035aaa4af42bb81f063cc,d5b11d25f3b2415dc959ae176b1986eff29aab886b60ed1119de835aef19a109,ddddaf0
eviddie-19940419-19940419,19940419,19940419,rare,5shot,0,EviDDIE,PT-16075454,WDJHALXBUFZDSR,NNJVILVZKWQKPM,0,1,0.50012022,0.99611938,0.00365429,0.00413718,56606b15d2b731af30344a33ca6a11986ff650ae53432c98fbcf22f64c67d7e6,643a91e0b9a1cc10067428184fff675682e61b9808c035aaa4af42bb81f063cc,d5b11d25f3b2415dc959ae176b1986eff29aab886b60ed1119de835aef19a109,ddddaf0
eviddie-19940419-19940419,19940419,19940419,rare,5shot,0,EviDDIE,PT-16259298,ACWBQPMHZXGDFX,SNIOPGDIGTZGOP,1,1,0.50012654,0.99588311,0.00387994,0.00438809,56606b15d2b731af30344a33ca6a11986ff650ae53432c98fbcf22f64c67d7e6,643a91e0b9a1cc10067428184fff675682e61b9808c035aaa4af42bb81f063cc,d5b11d25f3b2415dc959ae176b1986eff29aab886b60ed1119de835aef19a109,ddddaf0
eviddie-19940419-19940419,19940419,19940419,rare,5shot,0,EviDDIE,PT-16259298,GBBSUAFBMRNDJC,QRXWMOHMRWLFEY,1,1,0.50013262,0.9956488,0.00410391,0.00463668,56606b15d2b731af30344a33ca6a11986ff650ae53432c98fbcf22f64c67d7e6,643a91e0b9a1cc10067428184fff675682e61b9808c035aaa4af42bb81f063cc,d5b11d25f3b2415dc959ae176b1986eff29aab886b60ed1119de835aef19a109,ddddaf0
eviddie-19940419-19940419,19940419,19940419,rare,5shot,0,EviDDIE,PT-16259298,OEYIOHPDSNJKLS,VEQOALNAAJBPNY,1,1,0.50011665,0.99625623,0.00352373,0.00399201,56606b15d2b731af30344a33ca6a11986ff650ae53432c98fbcf22f64c67d7e6,643a91e0b9a1cc10067428184fff675682e61b9808c035aaa4af42bb81f063cc,d5b11d25f3b2415dc959ae176b1986eff29aab886b60ed1119de835aef19a109,ddddaf0
eviddie-19940419-19940419,19940419,19940419,rare,5shot,0,EviDDIE,PT-16259298,OVBPIULPVIDEAO,VEQOALNAAJBPNY,1,1,0.5001241,0.99597615,0.00379094,0.00428923,56606b15d2b731af30344a33ca6a11986ff650ae53432c98fbcf22f64c67d7e6,643a91e0b9a1cc10067428184fff675682e61b9808c035aaa4af42bb81f063cc,d5b11d25f3b2415dc959ae176b1986eff29aab886b60ed1119de835aef19a109,ddddaf0
eviddie-19940419-19940419,19940419,19940419,rare,5shot,0,EviDDIE,PT-16259298,RDOIQAHITMMDAJ,VEQOALNAAJBPNY,1,1,0.50012809,0.99582219,0.00393804,0.00445261,56606b15d2b731af30344a33ca6a11986ff650ae53432c98fbcf22f64c67d7e6,643a91e0b9a1cc10067428184fff675682e61b9808c035aaa4af42bb81f063cc,d5b11d25f3b2415dc959ae176b1986eff29aab886b60ed1119de835aef19a109,ddddaf0
eviddie-19940419-19940419,19940419,19940419,rare,5shot,0,EviDDIE,PT-16259298,RFHAOTPXVQNOHP,RGHNJXZEOKUKBD,1,1,0.50012165,0.99606735,0.00370386,0.00419243,56606b15d2b731af30344a33ca6a11986ff650ae53432c98fbcf22f64c67d7e6,643a91e0b9a1cc10067428184fff675682e61b9808c035aaa4af42bb81f063cc,d5b11d25f3b2415dc959ae176b1986eff29aab886b60ed1119de835aef19a109,ddddaf0
eviddie-19940419-19940419,19940419,19940419,rare,5shot,0,EviDDIE,PT-16259298,RYMZZMVNJRMUDD,VWPOSFSPZNDTMJ,1,1,0.5001449,0.99516982,0.00456239,0.00514486,56606b15d2b731af30344a33ca6a11986ff650ae53432c98fbcf22f64c67d7e6,643a91e0b9a1cc10067428184fff675682e61b9808c035aaa4af42bb81f063cc,d5b11d25f3b2415dc959ae176b1986eff29aab886b60ed1119de835aef19a109,ddddaf0
eviddie-19940419-19940419,19940419,19940419,rare,5shot,0,EviDDIE,PT-16259298,SNPLKNRPJHDVJA,VWPOSFSPZNDTMJ,1,1,0.5001294,0.99577218,0.00398581,0.00450559,56606b15d2b731af30344a33ca6a11986ff650ae53432c98fbcf22f64c67d7e6,643a91e0b9a1cc10067428184fff675682e61b9808c035aaa4af42bb81f063cc,d5b11d25f3b2415dc959ae176b1986eff29aab886b60ed1119de835aef19a109,ddddaf0
eviddie-19940419-19940419,19940419,19940419,rare,5shot,0,EviDDIE,PT-16259298,ACWBQPMHZXGDFX,ZKLPARSLTMPFCP,0,1,0.50013381,0.9956032,0.00414747,0.00468506,56606b15d2b731af30344a33ca6a11986ff650ae53432c98fbcf22f64c67d7e6,643a91e0b9a1cc10067428184fff675682e61b9808c035aaa4af42bb81f063cc,d5b11d25f3b2415dc959ae176b1986eff29aab886b60ed1119de835aef19a109,ddddaf0
eviddie-19940419-19940419,19940419,19940419,rare,5shot,0,EviDDIE,PT-16259298,GBBSUAFBMRNDJC,LXMSZDCAJNLERA,0,1,0.50015813,0.99464709,0.00506382,0.00569961,56606b15d2b731af30344a33ca6a11986ff650ae53432c98fbcf22f64c67d7e6,643a91e0b9a1cc10067428184fff675682e61b9808c035aaa4af42bb81f063cc,d5b11d25f3b2415dc959ae176b1986eff29aab886b60ed1119de835aef19a109,ddddaf0
eviddie-19940419-19940419,19940419,19940419,rare,5shot,0,EviDDIE,PT-16259298,OEYIOHPDSNJKLS,HTIQEAQVCYTUBX,0,1,0.50012493,0.99594116,0.00382445,0.00432634,56606b15d2b731af30344a33ca6a11986ff650ae53432c98fbcf22f64c67d7e6,643a91e0b9a1cc10067428184fff675682e61b9808c035aaa4af42bb81f063cc,d5b11d25f3b2415dc959ae176b1986eff29aab886b60ed1119de835aef19a109,ddddaf0
eviddie-19940419-19940419,19940419,19940419,rare,5shot,0,EviDDIE,PT-16259298,OVBPIULPVIDEAO,JUKPWJGBANNWMW,0,1,0.50014865,0.99502373,0.00470248,0.00529995,56606b15d2b731af30344a33ca6a11986ff650ae53432c98fbcf22f64c67d7e6,643a91e0b9a1cc10067428184fff675682e61b9808c035aaa4af42bb81f063cc,d5b11d25f3b2415dc959ae176b1986eff29aab886b60ed1119de835aef19a109,ddddaf0
eviddie-19940419-19940419,19940419,19940419,rare,5shot,0,EviDDIE,PT-16259298,RDOIQAHITMMDAJ,RGHNJXZEOKUKBD,0,1,0.50012624,0.99589169,0.00387166,0.00437885,56606b15d2b731af30344a33ca6a11986ff650ae53432c98fbcf22f64c67d7e6,643a91e0b9a1cc10067428184fff675682e61b9808c035aaa4af42bb81f063cc,d5b11d25f3b2415dc959ae176b1986eff29aab886b60ed1119de835aef19a109,ddddaf0
eviddie-19940419-19940419,19940419,19940419,rare,5shot,0,EviDDIE,PT-16259298,RFHAOTPXVQNOHP,BPRHUIZQVSMCRT,0,1,0.50012863,0.99580246,0.00395682,0.00447353,56606b15d2b731af30344a33ca6a11986ff650ae53432c98fbcf22f64c67d7e6,643a91e0b9a1cc10067428184fff675682e61b9808c035aaa4af42bb81f063cc,d5b11d25f3b2415dc959ae176b1986eff29aab886b60ed1119de835aef19a109,ddddaf0
eviddie-19940419-19940419,19940419,19940419,rare,5shot,0,EviDDIE,PT-16259298,RYMZZMVNJRMUDD,RLAWWYSOJDYHDC,0,1,0.50014406,0.99520218,0.00453136,0.00511054,56606b15d2b731af30344a33ca6a11986ff650ae53432c98fbcf22f64c67d7e6,643a91e0b9a1cc10067428184fff675682e61b9808c035aaa4af42bb81f063cc,d5b11d25f3b2415dc959ae176b1986eff29aab886b60ed1119de835aef19a109,ddddaf0
eviddie-19940419-19940419,19940419,19940419,rare,5shot,0,EviDDIE,PT-16259298,SNPLKNRPJHDVJA,PJVWKTKQMONHTI,0,1,0.5001235,0.99599993,0.00376831,0.00426406,56606b15d2b731af30344a33ca6a11986ff650ae53432c98fbcf22f64c67d7e6,643a91e0b9a1cc10067428184fff675682e61b9808c035aaa4af42bb81f063cc,d5b11d25f3b2415dc959ae176b1986eff29aab886b60ed1119de835aef19a109,ddddaf0
eviddie-19940419-19940419,19940419,19940419,rare,5shot,0,EviDDIE,PT-16599628,AGOYDEPGAOXOCK,KVWDHTXUZHCGIO,1,1,0.50015301,0.99485141,0.00486773,0.00548277,56606b15d2b731af30344a33ca6a11986ff650ae53432c98fbcf22f64c67d7e6,643a91e0b9a1cc10067428184fff675682e61b9808c035aaa4af42bb81f063cc,d5b11d25f3b2415dc959ae176b1986eff29aab886b60ed1119de835aef19a109,ddddaf0
eviddie-19940419-19940419,19940419,19940419,rare,5shot,0,EviDDIE,PT-16599628,CEUORZQYGODEFX,VREFGVBLTWBCJP,1,1,0.50014132,0.99531108,0.00442705,0.00499503,56606b15d2b731af30344a33ca6a11986ff650ae53432c98fbcf22f64c67d7e6,643a91e0b9a1cc10067428184fff675682e61b9808c035aaa4af42bb81f063cc,d5b11d25f3b2415dc959ae176b1986eff29aab886b60ed1119de835aef19a109,ddddaf0
eviddie-19940419-19940419,19940419,19940419,rare,5shot,0,EviDDIE,PT-16599628,GBBSUAFBMRNDJC,GFNANZIMVAIWHM,1,1,0.50015277,0.99486238,0.00485723,0.0054712,56606b15d2b731af30344a33ca6a11986ff650ae53432c98fbcf22f64c67d7e6,643a91e0b9a1cc10067428184fff675682e61b9808c035aaa4af42bb81f063cc,d5b11d25f3b2415dc959ae176b1986eff29aab886b60ed1119de835aef19a109,ddddaf0
eviddie-19940419-19940419,19940419,19940419,rare,5shot,0,EviDDIE,PT-16599628,GFNANZIMVAIWHM,QZUDBNBUXVUHMW,1,1,0.50015521,0.99476349,0.00495208,0.0055761,56606b15d2b731af30344a33ca6a11986ff650ae53432c98fbcf22f64c67d7e6,643a91e0b9a1cc10067428184fff675682e61b9808c035aaa4af42bb81f063cc,d5b11d25f3b2415dc959ae176b1986eff29aab886b60ed1119de835aef19a109,ddddaf0
eviddie-19940419-19940419,19940419,19940419,rare,5shot,0,EviDDIE,PT-16599628,JLKIGFTWXXRPMT,QZUDBNBUXVUHMW,1,1,0.50013673,0.99549234,0.00425353,0.00480268,56606b15d2b731af30344a33ca6a11986ff650ae53432c98fbcf22f64c67d7e6,643a91e0b9a1cc10067428184fff675682e61b9808c035aaa4af42bb81f063cc,d5b11d25f3b2415dc959ae176b1986eff29aab886b60ed1119de835aef19a109,ddddaf0
eviddie-19940419-19940419,19940419,19940419,rare,5shot,0,EviDDIE,PT-16599628,JLVVSXFLKOJNIY,KVWDHTXUZHCGIO,1,1,0.50012833,0.99581075,0.00394918,0.00446465,56606b15d2b731af30344a33ca6a11986ff650ae53432c98fbcf22f64c67d7e6,643a91e0b9a1cc10067428184fff675682e61b9808c035aaa4af42bb81f063cc,d5b11d25f3b2415dc959ae176b1986eff29aab886b60ed1119de835aef19a109,ddddaf0
eviddie-19940419-19940419,19940419,19940419,rare,5shot,0,EviDDIE,PT-16599628,LSQZJLSUYDQPKJ,VREFGVBLTWBCJP,1,1,0.50013888,0.99540555,0.00433659,0.00489478,56606b15d2b731af30344a33ca6a11986ff650ae53432c98fbcf22f64c67d7e6,643a91e0b9a1cc10067428184fff675682e61b9808c035aaa4af42bb81f063cc,d5b11d25f3b2415dc959ae176b1986eff29aab886b60ed1119de835aef19a109,ddddaf0
eviddie-19940419-19940419,19940419,19940419,rare,5shot,0,EviDDIE,PT-16599628,XLYOFNOQVPJJNP,XTULMSXFIHGYFS,1,1,0.5001393,0.99538618,0.00435531,0.00491509,56606b15d2b731af30344a33ca6a11986ff650ae53432c98fbcf22f64c67d7e6,643a91e0b9a1cc10067428184fff675682e61b9808c035aaa4af42bb81f063cc,d5b11d25f3b2415dc959ae176b1986eff29aab886b60ed1119de835aef19a109,ddddaf0
eviddie-19940419-19940419,19940419,19940419,rare,5shot,0,EviDDIE,PT-16599628,AGOYDEPGAOXOCK,KRKNYBCHXYNGOX,0,1,0.50013685,0.99548364,0.00426186,0.00481178,56606b15d2b731af30344a33ca6a11986ff650ae53432c98fbcf22f64c67d7e6,643a91e0b9a1cc10067428184fff675682e61b9808c035aaa4af42bb81f063cc,d5b11d25f3b2415dc959ae176b1986eff29aab886b60ed1119de835aef19a109,ddddaf0
eviddie-19940419-19940419,19940419,19940419,rare,5shot,0,EviDDIE,PT-16599628,CEUORZQYGODEFX,ACWBQPMHZXGDFX,0,1,0.50013953,0.99538159,0.00435957,0.00492026,56606b15d2b731af30344a33ca6a11986ff650ae53432c98fbcf22f64c67d7e6,643a91e0b9a1cc10067428184fff675682e61b9808c035aaa4af42bb81f063cc,d5b11d25f3b2415dc959ae176b1986eff29aab886b60ed1119de835aef19a109,ddddaf0
eviddie-19940419-19940419,19940419,19940419,rare,5shot,0,EviDDIE,PT-16599628,GBBSUAFBMRNDJC,QWCRAEMEVRGPNT,0,1,0.50015306,0.99484903,0.00486998,0.00548532,56606b15d2b731af30344a33ca6a11986ff650ae53432c98fbcf22f64c67d7e6,643a91e0b9a1cc10067428184fff675682e61b9808c035aaa4af42bb81f063cc,d5b11d25f3b2415dc959ae176b1986eff29aab886b60ed1119de835aef19a109,ddddaf0
eviddie-19940419-19940419,19940419,19940419,rare,5shot,0,EviDDIE,PT-16599628,GFNANZIMVAIWHM,RZEKVGVHFLEQIL,0,1,0.50014126,0.99531305,0.00442512,0.00499286,56606b15d2b731af30344a33ca6a11986ff650ae53432c98fbcf22f64c67d7e6,643a91e0b9a1cc10067428184fff675682e61b9808c035aaa4af42bb81f063cc,d5b11d25f3b2415dc959ae176b1986eff29aab886b60ed1119de835aef19a109,ddddaf0
eviddie-19940419-19940419,19940419,19940419,rare,5shot,0,EviDDIE,PT-16599628,JLKIGFTWXXRPMT,TTWJBBZEZQICBI,0,1,0.50012481,0.99594671,0.00381913,0.00432056,56606b15d2b731af30344a33ca6a11986ff650ae53432c98fbcf22f64c67d7e6,643a91e0b9a1cc10067428184fff675682e61b9808c035aaa4af42bb81f063cc,d5b11d25f3b2415dc959ae176b1986eff29aab886b60ed1119de835aef19a109,ddddaf0
eviddie-19940419-19940419,19940419,19940419,rare,5shot,0,EviDDIE,PT-16599628,JLVVSXFLKOJNIY,ZRVUJXDFFKFLMG,0,1,0.50012064,0.99610257,0.00367032,0.00415486,56606b15d2b731af30344a33ca6a11986ff650ae53432c98fbcf22f64c67d7e6,643a91e0b9a1cc10067428184fff675682e61b9808c035aaa4af42bb81f063cc,d5b11d25f3b2415dc959ae176b1986eff29aab886b60ed1119de835aef19a109,ddddaf0
eviddie-19940419-19940419,19940419,19940419,rare,5shot,0,EviDDIE,PT-16599628,LSQZJLSUYDQPKJ,OVBPIULPVIDEAO,0,1,0.50013667,0.99549234,0.00425346,0.00480264,56606b15d2b731af30344a33ca6a11986ff650ae53432c98fbcf22f64c67d7e6,643a91e0b9a1cc10067428184fff675682e61b9808c035aaa4af42bb81f063cc,d5b11d25f3b2415dc959ae176b1986eff29aab886b60ed1119de835aef19a109,ddddaf0
eviddie-19940419-19940419,19940419,19940419,rare,5shot,0,EviDDIE,PT-16599628,XLYOFNOQVPJJNP,SUBDBMMJDZJVOS,0,1,0.50012636,0.99588615,0.00387708,0.00438459,56606b15d2b731af30344a33ca6a11986ff650ae53432c98fbcf22f64c67d7e6,643a91e0b9a1cc10067428184fff675682e61b9808c035aaa4af42bb81f063cc,d5b11d25f3b2415dc959ae176b1986eff29aab886b60ed1119de835aef19a109,ddddaf0
eviddie-19940419-19940419,19940419,19940419,rare,5shot,0,EviDDIE,PT-17040020,AUYYCJSJGJYCDS,MAEIEVLCKWDQJH,1,1,0.50012916,0.99578094,0.00397739,0.00449634,56606b15d2b731af30344a33ca6a11986ff650ae53432c98fbcf22f64c67d7e6,643a91e0b9a1cc10067428184fff675682e61b9808c035aaa4af42bb81f063cc,d5b11d25f3b2415dc959ae176b1986eff29aab886b60ed1119de835aef19a109,ddddaf0
eviddie-19940419-19940419,19940419,19940419,rare,5shot,0,EviDDIE,PT-17040020,FKNQFGJONOIPTF,PHIQHXFUZVPYII,1,1,0.50012302,0.99601436,0.0037547,0.00424857,56606b15d2b731af30344a33ca6a11986ff650ae53432c98fbcf22f64c67d7e6,643a91e0b9a1cc10067428184fff675682e61b9808c035aaa4af42bb81f063cc,d5b11d25f3b2415dc959ae176b1986eff29aab886b60ed1119de835aef19a109,ddddaf0
eviddie-19940419-19940419,19940419,19940419,rare,5shot,0,EviDDIE,PT-17040020,LXNHXLLTXMVWPM,VAAUVRVFOQPIGI,1,1,0.50013608,0.99551529,0.00423154,0.00477832,56606b15d2b731af30344a33ca6a11986ff650ae53432c98fbcf22f64c67d7e6,643a91e0b9a1cc10067428184fff675682e61b9808c035aaa4af42bb81f063cc,d5b11d25f3b2415dc959ae176b1986eff29aab886b60ed1119de835aef19a109,ddddaf0
eviddie-19940419-19940419,19940419,19940419,rare,5shot,0,EviDDIE,PT-17040020,MAEIEVLCKWDQJH,WVLOADHCBXTIJK,1,1,0.50014347,0.99522662,0.00450798,0.0050846,56606b15d2b731af30344a33ca6a11986ff650ae53432c98fbcf22f64c67d7e6,643a91e0b9a1cc10067428184fff675682e61b9808c035aaa4af42bb81f063cc,d5b11d25f3b2415dc959ae176b1986eff29aab886b60ed1119de835aef19a109,ddddaf0
eviddie-19940419-19940419,19940419,19940419,rare,5shot,0,EviDDIE,PT-17040020,OEYIOHPDSNJKLS,ORFOPKXBNMVMKC,1,1,0.50012934,0.99577373,0.00398442,0.00450399,56606b15d2b731af30344a33ca6a11986ff650ae53432c98fbcf22f64c67d7e6,643a91e0b9a1cc10067428184fff675682e61b9808c035aaa4af42bb81f063cc,d5b11d25f3b2415dc959ae176b1986eff29aab886b60ed1119de835aef19a109,ddddaf0
eviddie-19940419-19940419,19940419,19940419,rare,5shot,0,EviDDIE,PT-17040020,ORFOPKXBNMVMKC,RFHAOTPXVQNOHP,1,1,0.50013494,0.99555969,0.00418905,0.00473116,56606b15d2b731af30344a33ca6a11986ff650ae53432c98fbcf22f64c67d7e6,643a91e0b9a1cc10067428184fff675682e61b9808c035aaa4af42bb81f063cc,d5b11d25f3b2415dc959ae176b1986eff29aab886b60ed1119de835aef19a109,ddddaf0
eviddie-19940419-19940419,19940419,19940419,rare,5shot,0,EviDDIE,PT-17040020,ORFOPKXBNMVMKC,RZVAJINKPMORJF,1,1,0.50013405,0.99559277,0.00415745,0.00469604,56606b15d2b731af30344a33ca6a11986ff650ae53432c98fbcf22f64c67d7e6,643a91e0b9a1cc10067428184fff675682e61b9808c035aaa4af42bb81f063cc,d5b11d25f3b2415dc959ae176b1986eff29aab886b60ed1119de835aef19a109,ddddaf0
eviddie-19940419-19940419,19940419,19940419,rare,5shot,0,EviDDIE,PT-17040020,ORFOPKXBNMVMKC,ZKLPARSLTMPFCP,1,1,0.50014132,0.99531168,0.00442653,0.0049944,56606b15d2b731af30344a33ca6a11986ff650ae53432c98fbcf22f64c67d7e6,643a91e0b9a1cc10067428184fff675682e61b9808c035aaa4af42bb81f063cc,d5b11d25f3b2415dc959ae176b1986eff29aab886b60ed1119de835aef19a109,ddddaf0
eviddie-19940419-19940419,19940419,19940419,rare,5shot,0,EviDDIE,PT-17040020,ORFOPKXBNMVMKC,ZZUFCTLCJUWOSV,1,1,0.50013351,0.99561334,0.00413769,0.00467418,56606b15d2b731af30344a33ca6a11986ff650ae53432c98fbcf22f64c67d7e6,643a91e0b9a1cc10067428184fff675682e61b9808c035aaa4af42bb81f063cc,d5b11d25f3b2415dc959ae176b1986eff29aab886b60ed1119de835aef19a109,ddddaf0
eviddie-19940419-19940419,19940419,19940419,rare,5shot,0,EviDDIE,PT-17040020,AUYYCJSJGJYCDS,UCTWMZQNUQWSLP,0,1,0.50012684,0.99587005,0.00389229,0.00440179,56606b15d2b731af30344a33ca6a11986ff650ae53432c98fbcf22f64c67d7e6,643a91e0b9a1cc10067428184fff675682e61b9808c035aaa4af42bb81f063cc,d5b11d25f3b2415dc959ae176b1986eff29aab886b60ed1119de835aef19a109,ddddaf0
eviddie-19940419-19940419,19940419,19940419,rare,5shot,0,EviDDIE,PT-17040020,FKNQFGJONOIPTF,FELGMEQIXOGIFQ,0,1,0.50013328,0.99562079,0.00413076,0.00466618,56606b15d2b731af30344a33ca6a11986ff650ae53432c98fbcf22f64c67d7e6,643a91e0b9a1cc10067428184fff675682e61b9808c035aaa4af42bb81f063cc,d5b11d25f3b2415dc959ae176b1986eff29aab886b60ed1119de835aef19a109,ddddaf0
eviddie-19940419-19940419,19940419,19940419,rare,5shot,0,EviDDIE,PT-17040020,LXNHXLLTXMVWPM,ATALOFNDEOCMKK,0,1,0.50013179,0.99568009,0.00407387,0.0046034,56606b15d2b731af30344a33ca6a11986ff650ae53432c98fbcf22f64c67d7e6,643a91e0b9a1cc10067428184fff675682e61b9808c035aaa4af42bb81f063cc,d5b11d25f3b2415dc959ae176b1986eff29aab886b60ed1119de835aef19a109,ddddaf0
eviddie-19940419-19940419,19940419,19940419,rare,5shot,0,EviDDIE,PT-17040020,MAEIEVLCKWDQJH,PYNXFZCZUAOOQC,0,1,0.50012892,0.99579167,0.00396715,0.00448496,56606b15d2b731af30344a33ca6a11986ff650ae53432c98fbcf22f64c67d7e6,643a91e0b9a1cc10067428184fff675682e61b9808c035aaa4af42bb81f063cc,d5b11d25f3b2415dc959ae176b1986eff29aab886b60ed1119de835aef19a109,ddddaf0
eviddie-19940419-19940419,19940419,19940419,rare,5shot,0,EviDDIE,PT-17040020,OEYIOHPDSNJKLS,NJMYODHXAKYRHW,0,1,0.50013024,0.99573886,0.0040177,0.00454093,56606b15d2b731af30344a33ca6a11986ff650ae53432c98fbcf22f64c67d7e6,643a91e0b9a1cc10067428184fff675682e61b9808c035aaa4af42bb81f063cc,d5b11d25f3b2415dc959ae176b1986eff29aab886b60ed1119de835aef19a109,ddddaf0
eviddie-19940419-19940419,19940419,19940419,rare,5shot,0,EviDDIE,PT-17040020,ORFOPKXBNMVMKC,JZUFKLXOESDKRF,0,1,0.50013554,0.99553585,0.0042119,0.00475644,56606b15d2b731af30344a33ca6a11986ff650ae53432c98fbcf22f64c67d7e6,643a91e0b9a1cc10067428184fff675682e61b9808c035aaa4af42bb81f063cc,d5b11d25f3b2415dc959ae176b1986eff29aab886b60ed1119de835aef19a109,ddddaf0
eviddie-19940419-19940419,19940419,19940419,rare,5shot,0,EviDDIE,PT-17040020,ORFOPKXBNMVMKC,XLYOFNOQVPJJNP,0,1,0.50012791,0.99582678,0.00393374,0.00444755,56606b15d2b731af30344a33ca6a11986ff650ae53432c98fbcf22f64c67d7e6,643a91e0b9a1cc10067428184fff675682e61b9808c035aaa4af42bb81f063cc,d5b11d25f3b2415dc959ae176b1986eff29aab886b60ed1119de835aef19a109,ddddaf0
eviddie-19940419-19940419,19940419,19940419,rare,5shot,0,EviDDIE,PT-17040020,ORFOPKXBNMVMKC,LSQZJLSUYDQPKJ,0,1,0.50014377,0.99521482,0.00451924,0.00509709,56606b15d2b731af30344a33ca6a11986ff650ae53432c98fbcf22f64c67d7e6,643a91e0b9a1cc10067428184fff675682e61b9808c035aaa4af42bb81f063cc,d5b11d25f3b2415dc959ae176b1986eff29aab886b60ed1119de835aef19a109,ddddaf0
eviddie-19940419-19940419,19940419,19940419,rare,5shot,0,EviDDIE,PT-17040020,ORFOPKXBNMVMKC,WXURHACBFYSXBI,0,1,0.50015062,0.99494463,0.00477831,0.00538385,56606b15d2b731af30344a33ca6a11986ff650ae53432c98fbcf22f64c67d7e6,643a91e0b9a1cc10067428184fff675682e61b9808c035aaa4af42bb81f063cc,d5b11d25f3b2415dc959ae176b1986eff29aab886b60ed1119de835aef19a109,ddddaf0
eviddie-19940419-19940419,19940419,19940419,rare,5shot,0,EviDDIE,PT-17433139,ATALOFNDEOCMKK,BFPYWIDHMRZLRN,1,1,0.50014567,0.99514019,0.00459082,0.00517633,56606b15d2b731af30344a33ca6a11986ff650ae53432c98fbcf22f64c67d7e6,643a91e0b9a1cc10067428184fff675682e61b9808c035aaa4af42bb81f063cc,d5b11d25f3b2415dc959ae176b1986eff29aab886b60ed1119de835aef19a109,ddddaf0
eviddie-19940419-19940419,19940419,19940419,rare,5shot,0,EviDDIE,PT-17433139,ATALOFNDEOCMKK,BQJCRHHNABKAKU,1,1,0.50014657,0.99510598,0.00462358,0.00521261,56606b15d2b731af30344a33ca6a11986ff650ae53432c98fbcf22f64c67d7e6,643a91e0b9a1cc10067428184fff675682e61b9808c035aaa4af42bb81f063cc,d5b11d25f3b2415dc959ae176b1986eff29aab886b60ed1119de835aef19a109,ddddaf0
eviddie-19940419-19940419,19940419,19940419,rare,5shot,0,EviDDIE,PT-17433139,BFPYWIDHMRZLRN,ITRJWOMZKQRYTA,1,1,0.5001595,0.9945904,0.00511829,0.00575981,56606b15d2b731af30344a33ca6a11986ff650ae53432c98fbcf22f64c67d7e6,643a91e0b9a1cc10067428184fff675682e61b9808c035aaa4af42bb81f063cc,d5b11d25f3b2415dc959ae176b1986eff29aab886b60ed1119de835aef19a109,ddddaf0
eviddie-19940419-19940419,19940419,19940419,rare,5shot,0,EviDDIE,PT-17433139,BRUQQQPBMZOVGD,JYGXADMDTFJGBT,1,1,0.50016141,0.99451315,0.00519247,0.00584176,56606b15d2b731af30344a33ca6a11986ff650ae53432c98fbcf22f64c67d7e6,643a91e0b9a1cc10067428184fff675682e61b9808c035aaa4af42bb81f063cc,d5b11d25f3b2415dc959ae176b1986eff29aab886b60ed1119de835aef19a109,ddddaf0
eviddie-19940419-19940419,19940419,19940419,rare,5shot,0,EviDDIE,PT-17433139,JBIWCJUYHHGXTC,RZEKVGVHFLEQIL,1,1,0.50013828,0.99542809,0.00431492,0.00487075,56606b15d2b731af30344a33ca6a11986ff650ae53432c98fbcf22f64c67d7e6,643a91e0b9a1cc10067428184fff675682e61b9808c035aaa4af42bb81f063cc,d5b11d25f3b2415dc959ae176b1986eff29aab886b60ed1119de835aef19a109,ddddaf0
eviddie-19940419-19940419,19940419,19940419,rare,5shot,0,EviDDIE,PT-17433139,KEDYTOTWMPBSLG,KWGRBVOPPLSCSI,1,1,0.50013173,0.99568069,0.0040733,0.0046027,56606b15d2b731af30344a33ca6a11986ff650ae53432c98fbcf22f64c67d7e6,643a91e0b9a1cc10067428184fff675682e61b9808c035aaa4af42bb81f063cc,d5b11d25f3b2415dc959ae176b1986eff29aab886b60ed1119de835aef19a109,ddddaf0
eviddie-19940419-19940419,19940419,19940419,rare,5shot,0,EviDDIE,PT-17433139,ATALOFNDEOCMKK,RGHNJXZEOKUKBD,0,1,0.50012517,0.99593288,0.0038324,0.00433522,56606b15d2b731af30344a33ca6a11986ff650ae53432c98fbcf22f64c67d7e6,643a91e0b9a1cc10067428184fff675682e61b9808c035aaa4af42bb81f063cc,d5b11d25f3b2415dc959ae176b1986eff29aab886b60ed1119de835aef19a109,ddddaf0
eviddie-19940419-19940419,19940419,19940419,rare,5shot,0,EviDDIE,PT-17433139,ATALOFNDEOCMKK,BPRHUIZQVSMCRT,0,1,0.50013232,0.99565989,0.00409318,0.00462482,56606b15d2b731af30344a33ca6a11986ff650ae53432c98fbcf22f64c67d7e6,643a91e0b9a1cc10067428184fff675682e61b9808c035aaa4af42bb81f063cc,d5b11d25f3b2415dc959ae176b1986eff29aab886b60ed1119de835aef19a109,ddddaf0
eviddie-19940419-19940419,19940419,19940419,rare,5shot,0,EviDDIE,PT-17433139,BFPYWIDHMRZLRN,GJSURZIOUXUGAL,0,1,0.5001483,0.99503845,0.00468835,0.00528433,56606b15d2b731af30344a33ca6a11986ff650ae53432c98fbcf22f64c67d7e6,643a91e0b9a1cc10067428184fff675682e61b9808c035aaa4af42bb81f063cc,d5b11d25f3b2415dc959ae176b1986eff29aab886b60ed1119de835aef19a109,ddddaf0
eviddie-19940419-19940419,19940419,19940419,rare,5shot,0,EviDDIE,PT-17433139,BRUQQQPBMZOVGD,LXNHXLLTXMVWPM,0,1,0.50014043,0.99534601,0.00439357,0.00495786,56606b15d2b731af30344a33ca6a11986ff650ae53432c98fbcf22f64c67d7e6,643a91e0b9a1cc10067428184fff675682e61b9808c035aaa4af42bb81f063cc,d5b11d25f3b2415dc959ae176b1986eff29aab886b60ed1119de835aef19a109,ddddaf0
eviddie-19940419-19940419,19940419,19940419,rare,5shot,0,EviDDIE,PT-17433139,JBIWCJUYHHGXTC,KJADKKWYZYXHBB,0,1,0.50015116,0.99492282,0.00479925,0.005407,56606b15d2b731af30344a33ca6a11986ff650ae53432c98fbcf22f64c67d7e6,643a91e0b9a1cc10067428184fff675682e61b9808c035aaa4af42bb81f063cc,d5b11d25f3b2415dc959ae176b1986eff29aab886b60ed1119de835aef19a109,ddddaf0
eviddie-19940419-19940419,19940419,19940419,rare,5shot,0,EviDDIE,PT-17433139,KEDYTOTWMPBSLG,ZQDWXGKKHFNSQK,0,1,0.50014049,0.99534309,0.00439638,0.00496101,56606b15d2b731af30344a33ca6a11986ff650ae53432c98fbcf22f64c67d7e6,643a91e0b9a1cc10067428184fff675682e61b9808c035aaa4af42bb81f063cc,d5b11d25f3b2415dc959ae176b1986eff29aab886b60ed1119de835aef19a109,ddddaf0
eviddie-19940419-19940419,19940419,19940419,rare,5shot,0,EviDDIE,PT-17529495,HTQMVQVXFRQIKW,IAVUPMFITXYVAF,1,1,0.50012952,0.9957698,0.00398813,0.00450821,56606b15d2b731af30344a33ca6a11986ff650ae53432c98fbcf22f64c67d7e6,643a91e0b9a1cc10067428184fff675682e61b9808c035aaa4af42bb81f063cc,d5b11d25f3b2415dc959ae176b1986eff29aab886b60ed1119de835aef19a109,ddddaf0
eviddie-19940419-19940419,19940419,19940419,rare,5shot,0,EviDDIE,PT-17529495,HTQMVQVXFRQIKW,NXFQHRVNIOXGAQ,1,1,0.50013709,0.99547678,0.00426834,0.0048191,56606b15d2b731af30344a33ca6a11986ff650ae53432c98fbcf22f64c67d7e6,643a91e0b9a1cc10067428184fff675682e61b9808c035aaa4af42bb81f063cc,d5b11d25f3b2415dc959ae176b1986eff29aab886b60ed1119de835aef19a109,ddddaf0
eviddie-19940419-19940419,19940419,19940419,rare,5shot,0,EviDDIE,PT-17529495,HXHWSAZORRCQMX,ITRJWOMZKQRYTA,1,1,0.50014257,0.99526137,0.00447464,0.00504769,56606b15d2b731af30344a33ca6a11986ff650ae53432c98fbcf22f64c67d7e6,643a91e0b9a1cc10067428184fff675682e61b9808c035aaa4af42bb81f063cc,d5b11d25f3b2415dc959ae176b1986eff29aab886b60ed1119de835aef19a109,ddddaf0
eviddie-19940419-19940419,19940419,19940419,rare,5shot,0,EviDDIE,PT-17529495,HXHWSAZORRCQMX,SUBDBMMJDZJVOS,1,1,0.50012779,0.99583554,0.00392529,0.0044385,56606b15d2b731af30344a33ca6a11986ff650ae53432c98fbcf22f64c67d7e6,643a91e0b9a1cc10067428184fff675682e61b9808c035aaa4af42bb81f063cc,d5b11d25f3b2415dc959ae176b1986eff29aab886b60ed1119de835aef19a109,ddddaf0
eviddie-19940419-19940419,19940419,19940419,rare,5shot,0,EviDDIE,PT-17529495,ITRJWOMZKQRYTA,XZWYZXLIPXDOLR,1,1,0.50013971,0.99537379,0.00436712,0.00492843,56606b15d2b731af30344a33ca6a11986ff650ae53432c98fbcf22f64c67d7e6,643a91e0b9a1cc10067428184fff675682e61b9808c035aaa4af42bb81f063cc,d5b11d25f3b2415dc959ae176b1986eff29aab886b60ed1119de835aef19a109,ddddaf0
eviddie-19940419-19940419,19940419,19940419,rare,5shot,0,EviDDIE,PT-17529495,KGFYHTZWPPHNLQ,ZZUFCTLCJUWOSV,1,1,0.50013572,0.99553019,0.0042173,0.0047625,56606b15d2b731af30344a33ca6a11986ff650ae53432c98fbcf22f64c67d7e6,643a91e0b9a1cc10067428184fff675682e61b9808c035aaa4af42bb81f063cc,d5b11d25f3b2415dc959ae176b1986eff29aab886b60ed1119de835aef19a109,ddddaf0
eviddie-19940419-19940419,19940419,19940419,rare,5shot,0,EviDDIE,PT-17529495,HTQMVQVXFRQIKW,XOFYZVNMUHMLCC,0,1,0.50014359,0.99522263,0.00451185,0.00508891,56606b15d2b731af30344a33ca6a11986ff650ae53432c98fbcf22f64c67d7e6,643a91e0b9a1cc10067428184fff675682e61b9808c035aaa4af42bb81f063cc,d5b11d25f3b2415dc959ae176b1986eff29aab886b60ed1119de835aef19a109,ddddaf0
eviddie-19940419-19940419,19940419,19940419,rare,5shot,0,EviDDIE,PT-17529495,HTQMVQVXFRQIKW,FELGMEQIXOGIFQ,0,1,0.5001328,0.99564123,0.00411105,0.00464468,56606b15d2b731af30344a33ca6a11986ff650ae53432c98fbcf22f64c67d7e6,643a91e0b9a1cc10067428184fff675682e61b9808c035aaa4af42bb81f063cc,d5b11d25f3b2415dc959ae176b1986eff29aab886b60ed1119de835aef19a109,ddddaf0
eviddie-19940419-19940419,19940419,19940419,rare,5shot,0,EviDDIE,PT-17529495,HXHWSAZORRCQMX,PYNXFZCZUAOOQC,0,1,0.50012958,0.99576581,0.00399191,0.00451247,56606b15d2b731af30344a33ca6a11986ff650ae53432c98fbcf22f64c67d7e6,643a91e0b9a1cc10067428184fff675682e61b9808c035aaa4af42bb81f063cc,d5b11d25f3b2415dc959ae176b1986eff29aab886b60ed1119de835aef19a109,ddddaf0
eviddie-19940419-19940419,19940419,19940419,rare,5shot,0,EviDDIE,PT-17529495,HXHWSAZORRCQMX,BPZSYCZIITTYBL,0,1,0.50012928,0.99577689,0.00398123,0.00450061,56606b15d2b731af30344a33ca6a11986ff650ae53432c98fbcf22f64c67d7e6,643a91e0b9a1cc10067428184fff675682e61b9808c035aaa4af42bb81f063cc,d5b11d25f3b2415dc959ae176b1986eff29aab886b60ed1119de835aef19a109,ddddaf0
eviddie-19940419-19940419,19940419,19940419,rare,5shot,0,EviDDIE,PT-17529495,ITRJWOMZKQRYTA,VWPOSFSPZNDTMJ,0,1,0.50014734,0.99507338,0.0046548,0.00524716,56606b15d2b731af30344a33ca6a11986ff650ae53432c98fbcf22f64c67d7e6,643a91e0b9a1cc10067428184fff675682e61b9808c035aaa4af42bb81f063cc,d5b11d25f3b2415dc959ae176b1986eff29aab886b60ed1119de835aef19a109,ddddaf0
eviddie-19940419-19940419,19940419,19940419,rare,5shot,0,EviDDIE,PT-17529495,KGFYHTZWPPHNLQ,FKNQFGJONOIPTF,0,1,0.50013149,0.9956885,0.00406592,0.00459432,56606b15d2b731af30344a33ca6a11986ff650ae53432c98fbcf22f64c67d7e6,643a91e0b9a1cc10067428184fff675682e61b9808c035aaa4af42bb81f063cc,d5b11d25f3b2415dc959ae176b1986eff29aab886b60ed1119de835aef19a109,ddddaf0
eviddie-19940419-19940419,19940419,19940419,rare,5shot,0,EviDDIE,PT-17556663,FFGPTBGBLSHEPO,MBUVEWMHONZEQD,1,1,0.50014067,0.99533701,0.00440216,0.00496747,56606b15d2b731af30344a33ca6a11986ff650ae53432c98fbcf22f64c67d7e6,643a91e0b9a1cc10067428184fff675682e61b9808c035aaa4af42bb81f063cc,d5b11d25f3b2415dc959ae176b1986eff29aab886b60ed1119de835aef19a109,ddddaf0
eviddie-19940419-19940419,19940419,19940419,rare,5shot,0,EviDDIE,PT-17556663,FFGPTBGBLSHEPO,ZRVUJXDFFKFLMG,1,1,0.50013953,0.99538159,0.0043595,0.00492019,56606b15d2b731af30344a33ca6a11986ff650ae53432c98fbcf22f64c67d7e6,643a91e0b9a1cc10067428184fff675682e61b9808c035aaa4af42bb81f063cc,d5b11d25f3b2415dc959ae176b1986eff29aab886b60ed1119de835aef19a109,ddddaf0
eviddie-19940419-19940419,19940419,19940419,rare,5shot,0,EviDDIE,PT-17556663,HYIMSNHJOBLJNT,NGBFQHCMQULJNZ,1,1,0.50013304,0.99563181,0.00412006,0.00465464,56606b15d2b731af30344a33ca6a11986ff650ae53432c98fbcf22f64c67d7e6,643a91e0b9a1cc10067428184fff675682e61b9808c035aaa4af42bb81f063cc,d5b11d25f3b2415dc959ae176b1986eff29aab886b60ed1119de835aef19a109,ddddaf0
eviddie-19940419-19940419,19940419,19940419,rare,5shot,0,EviDDIE,PT-17556663,HYIMSNHJOBLJNT,VOVIALXJUBGFJZ,1,1,0.50015044,0.9949528,0.00477049,0.00537522,56606b15d2b731af30344a33ca6a11986ff650ae53432c98fbcf22f64c67d7e6,643a91e0b9a1cc10067428184fff675682e61b9808c035aaa4af42bb81f063cc,d5b11d25f3b2415dc959ae176b1986eff29aab886b60ed1119de835aef19a109,ddddaf0
eviddie-19940419-19940419,19940419,19940419,rare,5shot,0,EviDDIE,PT-17556663,JIVPVXMEBJLZRO,VOVIALXJUBGFJZ,1,1,0.50014484,0.99517161,0.00456065,0.00514295,56606b15d2b731af30344a33ca6a11986ff650ae53432c98fbcf22f64c67d7e6,643a91e0b9a1cc10067428184fff675682e61b9808c035aaa4af42bb81f063cc,d5b11d25f3b2415dc959ae176b1986eff29aab886b60ed1119de835aef19a109,ddddaf0
eviddie-19940419-19940419,19940419,19940419,rare,5shot,0,EviDDIE,PT-17556663,JYGXADMDTFJGBT,NGBFQHCMQULJNZ,1,1,0.50014305,0.99524349,0.00449176,0.00506667,56606b15d2b731af30344a33ca6a11986ff650ae53432c98fbcf22f64c67d7e6,643a91e0b9a1cc10067428184fff675682e61b9808c035aaa4af42bb81f063cc,d5b11d25f3b2415dc959ae176b1986eff29aab886b60ed1119de835aef19a109,ddddaf0
eviddie-19940419-19940419,19940419,19940419,rare,5shot,0,EviDDIE,PT-17556663,FFGPTBGBLSHEPO,AQHHHDLHHXJYJD,0,1,0.50013459,0.99557221,0.00417694,0.00471777,56606b15d2b731af30344a33ca6a11986ff650ae53432c98fbcf22f64c67d7e6,643a91e0b9a1cc10067428184fff675682e61b9808c035aaa4af42bb81f063cc,d5b11d25f3b2415dc959ae176b1986eff29aab886b60ed1119de835aef19a109,ddddaf0
eviddie-19940419-19940419,19940419,19940419,rare,5shot,0,EviDDIE,PT-17556663,FFGPTBGBLSHEPO,NDAUXUAQIAJITI,0,1,0.50013363,0.99560958,0.00414135,0.00467827,56606b15d2b731af30344a33ca6a11986ff650ae53432c98fbcf22f64c67d7e6,643a91e0b9a1cc10067428184fff675682e61b9808c035aaa4af42bb81f063cc,d5b11d25f3b2415dc959ae176b1986eff29aab886b60ed1119de835aef19a109,ddddaf0
eviddie-19940419-19940419,19940419,19940419,rare,5shot,0,EviDDIE,PT-17556663,HYIMSNHJOBLJNT,VAAUVRVFOQPIGI,0,1,0.50014269,0.99525779,0.00447799,0.00505147,56606b15d2b731af30344a33ca6a11986ff650ae53432c98fbcf22f64c67d7e6,643a91e0b9a1cc10067428184fff675682e61b9808c035aaa4af42bb81f063cc,d5b11d25f3b2415dc959ae176b1986eff29aab886b60ed1119de835aef19a109,ddddaf0
eviddie-19940419-19940419,19940419,19940419,rare,5shot,0,EviDDIE,PT-17556663,HYIMSNHJOBLJNT,MVWVFYHBGMAFLY,0,1,0.50014329,0.99523419,0.00450069,0.00507659,56606b15d2b731af30344a33ca6a11986ff650ae53432c98fbcf22f64c67d7e6,643a91e0b9a1cc10067428184fff675682e61b9808c035aaa4af42bb81f063cc,d5b11d25f3b2415dc959ae176b1986eff29aab886b60ed1119de835aef19a109,ddddaf0
eviddie-19940419-19940419,19940419,19940419,rare,5shot,0,EviDDIE,PT-17556663,JIVPVXMEBJLZRO,RTHCYVBBDHJXIQ,0,1,0.50012875,0.99579716,0.00396199,0.00447922,56606b15d2b731af30344a33ca6a11986ff650ae53432c98fbcf22f64c67d7e6,643a91e0b9a1cc10067428184fff675682e61b9808c035aaa4af42bb81f063cc,d5b11d25f3b2415dc959ae176b1986eff29aab886b60ed1119de835aef19a109,ddddaf0
eviddie-19940419-19940419,19940419,19940419,rare,5shot,0,EviDDIE,PT-17556663,JYGXADMDTFJGBT,XZWYZXLIPXDOLR,0,1,0.50014144,0.99530542,0.00443258,0.00500097,56606b15d2b731af30344a33ca6a11986ff650ae53432c98fbcf22f64c67d7e6,643a91e0b9a1cc10067428184fff675682e61b9808c035aaa4af42bb81f063cc,d5b11d25f3b2415dc959ae176b1986eff29aab886b60ed1119de835aef19a109,ddddaf0
eviddie-19940419-19940419,19940419,19940419,rare,5shot,0,EviDDIE,PT-17730751,AGOYDEPGAOXOCK,FEBLZLNTKCEFIT,1,1,0.50015652,0.9947083,0.00500506,0.0056346,56606b15d2b731af30344a33ca6a11986ff650ae53432c98fbcf22f64c67d7e6,643a91e0b9a1cc10067428184fff675682e61b9808c035aaa4af42bb81f063cc,d5b11d25f3b2415dc959ae176b1986eff29aab886b60ed1119de835aef19a109,ddddaf0
eviddie-19940419-19940419,19940419,19940419,rare,5shot,0,EviDDIE,PT-17730751,AYXYPKUFHZROOJ,QRXWMOHMRWLFEY,1,1,0.50012034,0.99611676,0.00365685,0.00414007,56606b15d2b731af30344a33ca6a11986ff650ae53432c98fbcf22f64c67d7e6,643a91e0b9a1cc10067428184fff675682e61b9808c035aaa4af42bb81f063cc,d5b11d25f3b2415dc959ae176b1986eff29aab886b60ed1119de835aef19a109,ddddaf0
eviddie-19940419-19940419,19940419,19940419,rare,5shot,0,EviDDIE,PT-17730751,CNBGNNVCVSKAQZ,KUVIULQEHSCUHY,1,1,0.50014043,0.99534661,0.00439308,0.00495737,56606b15d2b731af30344a33ca6a11986ff650ae53432c98fbcf22f64c67d7e6,643a91e0b9a1cc10067428184fff675682e61b9808c035aaa4af42bb81f063cc,d5b11d25f3b2415dc959ae176b1986eff29aab886b60ed1119de835aef19a109,ddddaf0
eviddie-19940419-19940419,19940419,19940419,rare,5shot,0,EviDDIE,PT-17730751,FEBLZLNTKCEFIT,MQTOSJVFKKJCRP,1,1,0.50015837,0.99463755,0.00507298,0.00570973,56606b15d2b731af30344a33ca6a11986ff650ae53432c98fbcf22f64c67d7e6,643a91e0b9a1cc10067428184fff675682e61b9808c035aaa4af42bb81f063cc,d5b11d25f3b2415dc959ae176b1986eff29aab886b60ed1119de835aef19a109,ddddaf0
eviddie-19940419-19940419,19940419,19940419,rare,5shot,0,EviDDIE,PT-17730751,GFNANZIMVAIWHM,RYMZZMVNJRMUDD,1,1,0.50015581,0.99473864,0.00497594,0.00560246,56606b15d2b731af30344a33ca6a11986ff650ae53432c98fbcf22f64c67d7e6,643a91e0b9a1cc10067428184fff675682e61b9808c035aaa4af42bb81f063cc,d5b11d25f3b2415dc959ae176b1986eff29aab886b60ed1119de835aef19a109,ddddaf0
eviddie-19940419-19940419,19940419,19940419,rare,5shot,0,EviDDIE,PT-17730751,MOVRKLZUVNCBIP,QYSXJUFSXHHAJI,1,1,0.50015867,0.9946242,0.00508577,0.00572384,56606b15d2b731af30344a33ca6a11986ff650ae53432c98fbcf22f64c67d7e6,643a91e0b9a1cc10067428184fff675682e61b9808c035aaa4af42bb81f063cc,d5b11d25f3b2415dc959ae176b1986eff29aab886b60ed1119de835aef19a109,ddddaf0
eviddie-19940419-19940419,19940419,19940419,rare,5shot,0,EviDDIE,PT-17730751,MOVRKLZUVNCBIP,RYMZZMVNJRMUDD,1,1,0.50015527,0.99475974,0.00495572,0.00558008,56606b15d2b731af30344a33ca6a11986ff650ae53432c98fbcf22f64c67d7e6,643a91e0b9a1cc10067428184fff675682e61b9808c035aaa4af42bb81f063cc,d5b11d25f3b2415dc959ae176b1986eff29aab886b60ed1119de835aef19a109,ddddaf0
eviddie-19940419-19940419,19940419,19940419,rare,5shot,0,EviDDIE,PT-17730751,MOVRKLZUVNCBIP,UREBDLICKHMUKA,1,1,0.50015789,0.99465668,0.00505468,0.00568946,56606b15d2b731af30344a33ca6a11986ff650ae53432c98fbcf22f64c67d7e6,643a91e0b9a1cc10067428184fff675682e61b9808c035aaa4af42bb81f063cc,d5b11d25f3b2415dc959ae176b1986eff29aab886b60ed1119de835aef19a109,ddddaf0
eviddie-19940419-19940419,19940419,19940419,rare,5shot,0,EviDDIE,PT-17730751,MQTOSJVFKKJCRP,ZKLPARSLTMPFCP,1,1,0.50014591,0.99513066,0.00459992,0.00518643,56606b15d2b731af30344a33ca6a11986ff650ae53432c98fbcf22f64c67d7e6,643a91e0b9a1cc10067428184fff675682e61b9808c035aaa4af42bb81f063cc,d5b11d25f3b2415dc959ae176b1986eff29aab886b60ed1119de835aef19a109,ddddaf0
eviddie-19940419-19940419,19940419,19940419,rare,5shot,0,EviDDIE,PT-17730751,QRXWMOHMRWLFEY,RDOIQAHITMMDAJ,1,1,0.50013155,0.99568909,0.00406528,0.00459386,56606b15d2b731af30344a33ca6a11986ff650ae53432c98fbcf22f64c67d7e6,643a91e0b9a1cc10067428184fff675682e61b9808c035aaa4af42bb81f063cc,d5b11d25f3b2415dc959ae176b1986eff29aab886b60ed1119de835aef19a109,ddddaf0
eviddie-19940419-19940419,19940419,19940419,rare,5shot,0,EviDDIE,PT-17730751,AGOYDEPGAOXOCK,ATALOFNDEOCMKK,0,1,0.50014371,0.99521637,0.00451773,0.00509543,56606b15d2b731af30344a33ca6a11986ff650ae53432c98fbcf22f64c67d7e6,643a91e0b9a1cc10067428184fff675682e61b9808c035aaa4af42bb81f063cc,d5b11d25f3b2415dc959ae176b1986eff29aab886b60ed1119de835aef19a109,ddddaf0
eviddie-19940419-19940419,19940419,19940419,rare,5shot,0,EviDDIE,PT-17730751,AYXYPKUFHZROOJ,XXSMGPRMXLTPCZ,0,1,0.50012451,0.99596018,0.00380631,0.00430624,56606b15d2b731af30344a33ca6a11986ff650ae53432c98fbcf22f64c67d7e6,643a91e0b9a1cc10067428184fff675682e61b9808c035aaa4af42bb81f063cc,d5b11d25f3b2415dc959ae176b1986eff29aab886b60ed1119de835aef19a109,ddddaf0
eviddie-19940419-19940419,19940419,19940419,rare,5shot,0,EviDDIE,PT-17730751,CNBGNNVCVSKAQZ,TTWJBBZEZQICBI,0,1,0.50012815,0.99582303,0.00393729,0.00445181,56606b15d2b731af30344a33ca6a11986ff650ae53432c98fbcf22f64c67d7e6,643a91e0b9a1cc10067428184fff675682e61b9808c035aaa4af42bb81f063cc,d5b11d25f3b2415dc959ae176b1986eff29aab886b60ed1119de835aef19a109,ddddaf0
eviddie-19940419-19940419,19940419,19940419,rare,5shot,0,EviDDIE,PT-17730751,FEBLZLNTKCEFIT,LSQZJLSUYDQPKJ,0,1,0.50015205,0.99488884,0.00483189,0.00544315,56606b15d2b731af30344a33ca6a11986ff650ae53432c98fbcf22f64c67d7e6,643a91e0b9a1cc10067428184fff675682e61b9808c035aaa4af42bb81f063cc,d5b11d25f3b2415dc959ae176b1986eff29aab886b60ed1119de835aef19a109,ddddaf0
eviddie-19940419-19940419,19940419,19940419,rare,5shot,0,EviDDIE,PT-17730751,GFNANZIMVAIWHM,AGOYDEPGAOXOCK,0,1,0.50015569,0.99474287,0.00497184,0.00559794,56606b15d2b731af30344a33ca6a11986ff650ae53432c98fbcf22f64c67d7e6,643a91e0b9a1cc10067428184fff675682e61b9808c035aaa4af42bb81f063cc,d5b11d25f3b2415dc959ae176b1986eff29aab886b60ed1119de835aef19a109,ddddaf0
eviddie-19940419-19940419,19940419,19940419,rare,5shot,0,EviDDIE,PT-17730751,MOVRKLZUVNCBIP,VAAUVRVFOQPIGI,0,1,0.5001511,0.9949249,0.00479711,0.00540471,56606b15d2b731af30344a33ca6a11986ff650ae53432c98fbcf22f64c67d7e6,643a91e0b9a1cc10067428184fff675682e61b9808c035aaa4af42bb81f063cc,d5b11d25f3b2415dc959ae176b1986eff29aab886b60ed1119de835aef19a109,ddddaf0
eviddie-19940419-19940419,19940419,19940419,rare,5shot,0,EviDDIE,PT-17730751,MOVRKLZUVNCBIP,WVLOADHCBXTIJK,0,1,0.5001592,0.99460077,0.00510837,0.0057488,56606b15d2b731af30344a33ca6a11986ff650ae53432c98fbcf22f64c67d7e6,643a91e0b9a1cc10067428184fff675682e61b9808c035aaa4af42bb81f063cc,d5b11d25f3b2415dc959ae176b1986eff29aab886b60ed1119de835aef19a109,ddddaf0
eviddie-19940419-19940419,19940419,19940419,rare,5shot,0,EviDDIE,PT-17730751,MOVRKLZUVNCBIP,OGHNVEJMJSYVRP,0,1,0.50014359,0.99522048,0.00451376,0.00509107,56606b15d2b731af30344a33ca6a11986ff650ae53432c98fbcf22f64c67d7e6,643a91e0b9a1cc10067428184fff675682e61b9808c035aaa4af42bb81f063cc,d5b11d25f3b2415dc959ae176b1986eff29aab886b60ed1119de835aef19a109,ddddaf0
eviddie-19940419-19940419,19940419,19940419,rare,5shot,0,EviDDIE,PT-17730751,MQTOSJVFKKJCRP,ATALOFNDEOCMKK,0,1,0.50014478,0.99517423,0.00455809,0.00514013,56606b15d2b731af30344a33ca6a11986ff650ae53432c98fbcf22f64c67d7e6,643a91e0b9a1cc10067428184fff675682e61b9808c035aaa4af42bb81f063cc,d5b11d25f3b2415dc959ae176b1986eff29aab886b60ed1119de835aef19a109,ddddaf0
eviddie-19940419-19940419,19940419,19940419,rare,5shot,0,EviDDIE,PT-17730751,QRXWMOHMRWLFEY,PHIQHXFUZVPYII,0,1,0.5001207,0.99610281,0.00367008,0.0041548,56606b15d2b731af30344a33ca6a11986ff650ae53432c98fbcf22f64c67d7e6,643a91e0b9a1cc10067428184fff675682e61b9808c035aaa4af42bb81f063cc,d5b11d25f3b2415dc959ae176b1986eff29aab886b60ed1119de835aef19a109,ddddaf0
eviddie-19940419-19940419,19940419,19940419,rare,5shot,0,EviDDIE,PT-17750120,AYXYPKUFHZROOJ,XZWYZXLIPXDOLR,1,1,0.50012243,0.9960382,0.00373176,0.0042233,56606b15d2b731af30344a33ca6a11986ff650ae53432c98fbcf22f64c67d7e6,643a91e0b9a1cc10067428184fff675682e61b9808c035aaa4af42bb81f063cc,d5b11d25f3b2415dc959ae176b1986eff29aab886b60ed1119de835aef19a109,ddddaf0
eviddie-19940419-19940419,19940419,19940419,rare,5shot,0,EviDDIE,PT-17750120,FABPRXSRWADJSP,OIGNJSKKLXVSLS,1,1,0.50015575,0.9947418,0.00497291,0.00559911,56606b15d2b731af30344a33ca6a11986ff650ae53432c98fbcf22f64c67d7e6,643a91e0b9a1cc10067428184fff675682e61b9808c035aaa4af42bb81f063cc,d5b11d25f3b2415dc959ae176b1986eff29aab886b60ed1119de835aef19a109,ddddaf0
eviddie-19940419-19940419,19940419,19940419,rare,5shot,0,EviDDIE,PT-17750120,FABPRXSRWADJSP,WIKYUJGCLQQFNW,1,1,0.50014925,0.99499738,0.00472766,0.00532787,56606b15d2b731af30344a33ca6a11986ff650ae53432c98fbcf22f64c67d7e6,643a91e0b9a1cc10067428184fff675682e61b9808c035aaa4af42bb81f063cc,d5b11d25f3b2415dc959ae176b1986eff29aab886b60ed1119de835aef19a109,ddddaf0
eviddie-19940419-19940419,19940419,19940419,rare,5shot,0,EviDDIE,PT-17750120,KJADKKWYZYXHBB,XZWYZXLIPXDOLR,1,1,0.50013751,0.99545789,0.00428663,0.00483922,56606b15d2b731af30344a33ca6a11986ff650ae53432c98fbcf22f64c67d7e6,643a91e0b9a1cc10067428184fff675682e61b9808c035aaa4af42bb81f063cc,d5b11d25f3b2415dc959ae176b1986eff29aab886b60ed1119de835aef19a109,ddddaf0
eviddie-19940419-19940419,19940419,19940419,rare,5shot,0,EviDDIE,PT-17750120,KPYSYYIEGFHWSV,XZWYZXLIPXDOLR,1,1,0.50012463,0.99595588,0.00381042,0.00431076,56606b15d2b731af30344a33ca6a11986ff650ae53432c98fbcf22f64c67d7e6,643a91e0b9a1cc10067428184fff675682e61b9808c035aaa4af42bb81f063cc,d5b11d25f3b2415dc959ae176b1986eff29aab886b60ed1119de835aef19a109,ddddaf0
eviddie-19940419-19940419,19940419,19940419,rare,5shot,0,EviDDIE,PT-17750120,OGHNVEJMJSYVRP,WIKYUJGCLQQFNW,1,1,0.50013876,0.99541038,0.00433195,0.00488962,56606b15d2b731af30344a33ca6a11986ff650ae53432c98fbcf22f64c67d7e6,643a91e0b9a1cc10067428184fff675682e61b9808c035aaa4af42bb81f063cc,d5b11d25f3b2415dc959ae176b1986eff29aab886b60ed1119de835aef19a109,ddddaf0
eviddie-19940419-19940419,19940419,19940419,rare,5shot,0,EviDDIE,PT-17750120,AYXYPKUFHZROOJ,YPCRNBPOUVJVMU,0,1,0.5001266,0.99587917,0.00388366,0.00439218,56606b15d2b731af30344a33ca6a11986ff650ae53432c98fbcf22f64c67d7e6,643a91e0b9a1cc10067428184fff675682e61b9808c035aaa4af42bb81f063cc,d5b11d25f3b2415dc959ae176b1986eff29aab886b60ed1119de835aef19a109,ddddaf0
eviddie-19940419-19940419,19940419,19940419,rare,5shot,0,EviDDIE,PT-17750120,FABPRXSRWADJSP,CNBGNNVCVSKAQZ,0,1,0.50013947,0.99538308,0.00435808,0.0049186,56606b15d2b731af30344a33ca6a11986ff650ae53432c98fbcf22f64c67d7e6,643a91e0b9a1cc10067428184fff675682e61b9808c035aaa4af42bb81f063cc,d5b11d25f3b2415dc959ae176b1986eff29aab886b60ed1119de835aef19a109,ddddaf0
eviddie-19940419-19940419,19940419,19940419,rare,5shot,0,EviDDIE,PT-17750120,FABPRXSRWADJSP,XPCFTKFZXHTYIP,0,1,0.5001452,0.99516004,0.00457173,0.00515529,56606b15d2b731af30344a33ca6a11986ff650ae53432c98fbcf22f64c67d7e6,643a91e0b9a1cc10067428184fff675682e61b9808c035aaa4af42bb81f063cc,d5b11d25f3b2415dc959ae176b1986eff29aab886b60ed1119de835aef19a109,ddddaf0
eviddie-19940419-19940419,19940419,19940419,rare,5shot,0,EviDDIE,PT-17750120,KJADKKWYZYXHBB,IAVUPMFITXYVAF,0,1,0.50014085,0.99532819,0.00441064,0.00497674,56606b15d2b731af30344a33ca6a11986ff650ae53432c98fbcf22f64c67d7e6,643a91e0b9a1cc10067428184fff675682e61b9808c035aaa4af42bb81f063cc,d5b11d25f3b2415dc959ae176b1986eff29aab886b60ed1119de835aef19a109,ddddaf0
eviddie-19940419-19940419,19940419,19940419,rare,5shot,0,EviDDIE,PT-17750120,KPYSYYIEGFHWSV,KVWDHTXUZHCGIO,0,1,0.5001393,0.99538839,0.00435289,0.0049128,56606b15d2b731af30344a33ca6a11986ff650ae53432c98fbcf22f64c67d7e6,643a91e0b9a1cc10067428184fff675682e61b9808c035aaa4af42bb81f063cc,d5b11d25f3b2415dc959ae176b1986eff29aab886b60ed1119de835aef19a109,ddddaf0
eviddie-19940419-19940419,19940419,19940419,rare,5shot,0,EviDDIE,PT-17750120,OGHNVEJMJSYVRP,KWMLJOLKUYYJFJ,0,1,0.50012386,0.99598616,0.00378143,0.00427864,56606b15d2b731af30344a33ca6a11986ff650ae53432c98fbcf22f64c67d7e6,643a91e0b9a1cc10067428184fff675682e61b9808c035aaa4af42bb81f063cc,d5b11d25f3b2415dc959ae176b1986eff29aab886b60ed1119de835aef19a109,ddddaf0
eviddie-19940419-19940419,19940419,19940419,rare,5shot,0,EviDDIE,PT-17777361,ADEBPBSSDYVVLD,DGBIGWXXNGSACT,1,1,0.50014353,0.99522591,0.00450865,0.00508542,56606b15d2b731af30344a33ca6a11986ff650ae53432c98fbcf22f64c67d7e6,643a91e0b9a1cc10067428184fff675682e61b9808c035aaa4af42bb81f063cc,d5b11d25f3b2415dc959ae176b1986eff29aab886b60ed1119de835aef19a109,ddddaf0
eviddie-19940419-19940419,19940419,19940419,rare,5shot,0,EviDDIE,PT-17777361,BUGYDGFZZOZRHP,IQPSEEYGBUAQFF,1,1,0.50014782,0.99505639,0.0046711,0.00526529,56606b15d2b731af30344a33ca6a11986ff650ae53432c98fbcf22f64c67d7e6,643a91e0b9a1cc10067428184fff675682e61b9808c035aaa4af42bb81f063cc,d5b11d25f3b2415dc959ae176b1986eff29aab886b60ed1119de835aef19a109,ddddaf0
eviddie-19940419-19940419,19940419,19940419,rare,5shot,0,EviDDIE,PT-17777361,BUGYDGFZZOZRHP,XZWYZXLIPXDOLR,1,1,0.50014514,0.99516076,0.00457114,0.00515447,56606b15d2b731af30344a33ca6a11986ff650ae53432c98fbcf22f64c67d7e6,643a91e0b9a1cc10067428184fff675682e61b9808c035aaa4af42bb81f063cc,d5b11d25f3b2415dc959ae176b1986eff29aab886b60ed1119de835aef19a109,ddddaf0
eviddie-19940419-19940419,19940419,19940419,rare,5shot,0,EviDDIE,PT-17777361,DRHKJLXJIQTDTD,JUKPWJGBANNWMW,1,1,0.50014794,0.99505192,0.0046754,0.00526996,56606b15d2b731af30344a33ca6a11986ff650ae53432c98fbcf22f64c67d7e6,643a91e0b9a1cc10067428184fff675682e61b9808c035aaa4af42bb81f063cc,d5b11d25f3b2415dc959ae176b1986eff29aab886b60ed1119de835aef19a109,ddddaf0
eviddie-19940419-19940419,19940419,19940419,rare,5shot,0,EviDDIE,PT-17777361,IQPSEEYGBUAQFF,PYNXFZCZUAOOQC,1,1,0.50012922,0.99578142,0.00397705,0.00449597,56606b15d2b731af30344a33ca6a11986ff650ae53432c98fbcf22f64c67d7e6,643a91e0b9a1cc10067428184fff675682e61b9808c035aaa4af42bb81f063cc,d5b11d25f3b2415dc959ae176b1986eff29aab886b60ed1119de835aef19a109,ddddaf0
eviddie-19940419-19940419,19940419,19940419,rare,5shot,0,EviDDIE,PT-17777361,JUKPWJGBANNWMW,MAEIEVLCKWDQJH,1,1,0.50014895,0.99500954,0.00471599,0.00531494,56606b15d2b731af30344a33ca6a11986ff650ae53432c98fbcf22f64c67d7e6,643a91e0b9a1cc10067428184fff675682e61b9808c035aaa4af42bb81f063cc,d5b11d25f3b2415dc959ae176b1986eff29aab886b60ed1119de835aef19a109,ddddaf0
eviddie-19940419-19940419,19940419,19940419,rare,5shot,0,EviDDIE,PT-17777361,JUKPWJGBANNWMW,MBWXNTAXLNYFJB,1,1,0.50015342,0.99483263,0.00488563,0.00550262,56606b15d2b731af30344a33ca6a11986ff650ae53432c98fbcf22f64c67d7e6,643a91e0b9a1cc10067428184fff675682e61b9808c035aaa4af42bb81f063cc,d5b11d25f3b2415dc959ae176b1986eff29aab886b60ed1119de835aef19a109,ddddaf0
eviddie-19940419-19940419,19940419,19940419,rare,5shot,0,EviDDIE,PT-17777361,OGHNVEJMJSYVRP,RTHCYVBBDHJXIQ,1,1,0.50012904,0.99578708,0.0039716,0.0044899,56606b15d2b731af30344a33ca6a11986ff650ae53432c98fbcf22f64c67d7e6,643a91e0b9a1cc10067428184fff675682e61b9808c035aaa4af42bb81f063cc,d5b11d25f3b2415dc959ae176b1986eff29aab886b60ed1119de835aef19a109,ddddaf0
eviddie-19940419-19940419,19940419,19940419,rare,5shot,0,EviDDIE,PT-17777361,ADEBPBSSDYVVLD,JYGXADMDTFJGBT,0,1,0.50015414,0.99480456,0.0049127,0.00553254,56606b15d2b731af30344a33ca6a11986ff650ae53432c98fbcf22f64c67d7e6,643a91e0b9a1cc10067428184fff675682e61b9808c035aaa4af42bb81f063cc,d5b11d25f3b2415dc959ae176b1986eff29aab886b60ed1119de835aef19a109,ddddaf0
eviddie-19940419-19940419,19940419,19940419,rare,5shot,0,EviDDIE,PT-17777361,BUGYDGFZZOZRHP,KEDYTOTWMPBSLG,0,1,0.50015634,0.99471706,0.00499669,0.00562542,56606b15d2b731af30344a33ca6a11986ff650ae53432c98fbcf22f64c67d7e6,643a91e0b9a1cc10067428184fff675682e61b9808c035aaa4af42bb81f063cc,d5b11d25f3b2415dc959ae176b1986eff29aab886b60ed1119de835aef19a109,ddddaf0
eviddie-19940419-19940419,19940419,19940419,rare,5shot,0,EviDDIE,PT-17777361,BUGYDGFZZOZRHP,XOFYZVNMUHMLCC,0,1,0.50016493,0.99437296,0.00532721,0.00599057,56606b15d2b731af30344a33ca6a11986ff650ae53432c98fbcf22f64c67d7e6,643a91e0b9a1cc10067428184fff675682e61b9808c035aaa4af42bb81f063cc,d5b11d25f3b2415dc959ae176b1986eff29aab886b60ed1119de835aef19a109,ddddaf0
eviddie-19940419-19940419,19940419,19940419,rare,5shot,0,EviDDIE,PT-17777361,DRHKJLXJIQTDTD,RZVAJINKPMORJF,0,1,0.50012583,0.99590838,0.00385577,0.00436118,56606b15d2b731af30344a33ca6a11986ff650ae53432c98fbcf22f64c67d7e6,643a91e0b9a1cc10067428184fff675682e61b9808c035aaa4af42bb81f063cc,d5b11d25f3b2415dc959ae176b1986eff29aab886b60ed1119de835aef19a109,ddddaf0
eviddie-19940419-19940419,19940419,19940419,rare,5shot,0,EviDDIE,PT-17777361,IQPSEEYGBUAQFF,DLNKOYKMWOXYQA,0,1,0.50012434,0.99596488,0.00380168,0.00430113,56606b15d2b731af30344a33ca6a11986ff650ae53432c98fbcf22f64c67d7e6,643a91e0b9a1cc10067428184fff675682e61b9808c035aaa4af42bb81f063cc,d5b11d25f3b2415dc959ae176b1986eff29aab886b60ed1119de835aef19a109,ddddaf0
eviddie-19940419-19940419,19940419,19940419,rare,5shot,0,EviDDIE,PT-17777361,JUKPWJGBANNWMW,QYSPLQLAKJAUJT,0,1,0.50015342,0.99483526,0.00488317,0.0054999,56606b15d2b731af30344a33ca6a11986ff650ae53432c98fbcf22f64c67d7e6,643a91e0b9a1cc10067428184fff675682e61b9808c035aaa4af42bb81f063cc,d5b11d25f3b2415dc959ae176b1986eff29aab886b60ed1119de835aef19a109,ddddaf0
eviddie-19940419-19940419,19940419,19940419,rare,5shot,0,EviDDIE,PT-17777361,JUKPWJGBANNWMW,FABPRXSRWADJSP,0,1,0.50016165,0.99450487,0.0052004,0.00585053,56606b15d2b731af30344a33ca6a11986ff650ae53432c98fbcf22f64c67d7e6,643a91e0b9a1cc10067428184fff675682e61b9808c035aaa4af42bb81f063cc,d5b11d25f3b2415dc959ae176b1986eff29aab886b60ed1119de835aef19a109,ddddaf0
eviddie-19940419-19940419,19940419,19940419,rare,5shot,0,EviDDIE,PT-17777361,OGHNVEJMJSYVRP,NBIIXXVUZAFLBC,0,1,0.50010782,0.99658608,0.0032093,0.00364192,56606b15d2b731af30344a33ca6a11986ff650ae53432c98fbcf22f64c67d7e6,643a91e0b9a1cc10067428184fff675682e61b9808c035aaa4af42bb81f063cc,d5b11d25f3b2415dc959ae176b1986eff29aab886b60ed1119de835aef19a109,ddddaf0
eviddie-19940419-19940419,19940419,19940419,rare,5shot,0,EviDDIE,PT-17926716,CEAZRRDELHUEMR,MAEIEVLCKWDQJH,1,1,0.50013918,0.99539411,0.00434755,0.00490689,56606b15d2b731af30344a33ca6a11986ff650ae53432c98fbcf22f64c67d7e6,643a91e0b9a1cc10067428184fff675682e61b9808c035aaa4af42bb81f063cc,d5b11d25f3b2415dc959ae176b1986eff29aab886b60ed1119de835aef19a109,ddddaf0
eviddie-19940419-19940419,19940419,19940419,rare,5shot,0,EviDDIE,PT-17926716,HSUGRBWQSSZJOP,UCTWMZQNUQWSLP,1,1,0.50013143,0.99569327,0.00406129,0.0045894,56606b15d2b731af30344a33ca6a11986ff650ae53432c98fbcf22f64c67d7e6,643a91e0b9a1cc10067428184fff675682e61b9808c035aaa4af42bb81f063cc,d5b11d25f3b2415dc959ae176b1986eff29aab886b60ed1119de835aef19a109,ddddaf0
eviddie-19940419-19940419,19940419,19940419,rare,5shot,0,EviDDIE,PT-17926716,HSUGRBWQSSZJOP,WIKYUJGCLQQFNW,1,1,0.50014347,0.99522686,0.00450777,0.00508442,56606b15d2b731af30344a33ca6a11986ff650ae53432c98fbcf22f64c67d7e6,643a91e0b9a1cc10067428184fff675682e61b9808c035aaa4af42bb81f063cc,d5b11d25f3b2415dc959ae176b1986eff29aab886b60ed1119de835aef19a109,ddddaf0
eviddie-19940419-19940419,19940419,19940419,rare,5shot,0,EviDDIE,PT-17926716,KDLRVYVGXIQJDK,VOVIALXJUBGFJZ,1,1,0.50015181,0.99489743,0.00482355,0.00543391,56606b15d2b731af30344a33ca6a11986ff650ae53432c98fbcf22f64c67d7e6,643a91e0b9a1cc10067428184fff675682e61b9808c035aaa4af42bb81f063cc,d5b11d25f3b2415dc959ae176b1986eff29aab886b60ed1119de835aef19a109,ddddaf0
eviddie-19940419-19940419,19940419,19940419,rare,5shot,0,EviDDIE,PT-17926716,RFHAOTPXVQNOHP,ZZVUWRFHKOJYTH,1,1,0.50012654,0.99588001,0.00388271,0.00439121,56606b15d2b731af30344a33ca6a11986ff650ae53432c98fbcf22f64c67d7e6,643a91e0b9a1cc10067428184fff675682e61b9808c035aaa4af42bb81f063cc,d5b11d25f3b2415dc959ae176b1986eff29aab886b60ed1119de835aef19a109,ddddaf0
eviddie-19940419-19940419,19940419,19940419,rare,5shot,0,EviDDIE,PT-17926716,VEGXETMJINRLTH,XOFYZVNMUHMLCC,1,1,0.50015581,0.99473768,0.00497681,0.0056034,56606b15d2b731af30344a33ca6a11986ff650ae53432c98fbcf22f64c67d7e6,643a91e0b9a1cc10067428184fff675682e61b9808c035aaa4af42bb81f063cc,d5b11d25f3b2415dc959ae176b1986eff29aab886b60ed1119de835aef19a109,ddddaf0
eviddie-19940419-19940419,19940419,19940419,rare,5shot,0,EviDDIE,PT-17926716,CEAZRRDELHUEMR,RAPZEAPATHNIPO,0,1,0.50014806,0.99504787,0.00467923,0.00527425,56606b15d2b731af30344a33ca6a11986ff650ae53432c98fbcf22f64c67d7e6,643a91e0b9a1cc10067428184fff675682e61b9808c035aaa4af42bb81f063cc,d5b11d25f3b2415dc959ae176b1986eff29aab886b60ed1119de835aef19a109,ddddaf0
eviddie-19940419-19940419,19940419,19940419,rare,5shot,0,EviDDIE,PT-17926716,HSUGRBWQSSZJOP,JCQLYHFGKNRPGE,0,1,0.50014144,0.99530762,0.00443038,0.00499866,56606b15d2b731af30344a33ca6a11986ff650ae53432c98fbcf22f64c67d7e6,643a91e0b9a1cc10067428184fff675682e61b9808c035aaa4af42bb81f063cc,d5b11d25f3b2415dc959ae176b1986eff29aab886b60ed1119de835aef19a109,ddddaf0
eviddie-19940419-19940419,19940419,19940419,rare,5shot,0,EviDDIE,PT-17926716,HSUGRBWQSSZJOP,FELGMEQIXOGIFQ,0,1,0.50013798,0.99544156,0.0043022,0.00485664,56606b15d2b731af30344a33ca6a11986ff650ae53432c98fbcf22f64c67d7e6,643a91e0b9a1cc10067428184fff675682e61b9808c035aaa4af42bb81f063cc,d5b11d25f3b2415dc959ae176b1986eff29aab886b60ed1119de835aef19a109,ddddaf0
eviddie-19940419-19940419,19940419,19940419,rare,5shot,0,EviDDIE,PT-17926716,KDLRVYVGXIQJDK,QZUDBNBUXVUHMW,0,1,0.5001474,0.99507314,0.00465509,0.00524752,56606b15d2b731af30344a33ca6a11986ff650ae53432c98fbcf22f64c67d7e6,643a91e0b9a1cc10067428184fff675682e61b9808c035aaa4af42bb81f063cc,d5b11d25f3b2415dc959ae176b1986eff29aab886b60ed1119de835aef19a109,ddddaf0
eviddie-19940419-19940419,19940419,19940419,rare,5shot,0,EviDDIE,PT-17926716,RFHAOTPXVQNOHP,WOFMFGQZHJDGCX,0,1,0.50014019,0.99535549,0.00438453,0.00494791,56606b15d2b731af30344a33ca6a11986ff650ae53432c98fbcf22f64c67d7e6,643a91e0b9a1cc10067428184fff675682e61b9808c035aaa4af42bb81f063cc,d5b11d25f3b2415dc959ae176b1986eff29aab886b60ed1119de835aef19a109,ddddaf0
eviddie-19940419-19940419,19940419,19940419,rare,5shot,0,EviDDIE,PT-17926716,VEGXETMJINRLTH,WIKYUJGCLQQFNW,0,1,0.50014985,0.99497414,0.00474997,0.00535253,56606b15d2b731af30344a33ca6a11986ff650ae53432c98fbcf22f64c67d7e6,643a91e0b9a1cc10067428184fff675682e61b9808c035aaa4af42bb81f063cc,d5b11d25f3b2415dc959ae176b1986eff29aab886b60ed1119de835aef19a109,ddddaf0
eviddie-19940419-19940419,19940419,19940419,rare,5shot,0,EviDDIE,PT-17936618,DCOPUUMXTXDBNB,MFYSYFVPBJMHGN,1,1,0.50014269,0.99525899,0.00447701,0.00505032,56606b15d2b731af30344a33ca6a11986ff650ae53432c98fbcf22f64c67d7e6,643a91e0b9a1cc10067428184fff675682e61b9808c035aaa4af42bb81f063cc,d5b11d25f3b2415dc959ae176b1986eff29aab886b60ed1119de835aef19a109,ddddaf0
eviddie-19940419-19940419,19940419,19940419,rare,5shot,0,EviDDIE,PT-17936618,HDACQVRGBOVJII,KRKNYBCHXYNGOX,1,1,0.50013202,0.99567091,0.00408272,0.00461311,56606b15d2b731af30344a33ca6a11986ff650ae53432c98fbcf22f64c67d7e6,643a91e0b9a1cc10067428184fff675682e61b9808c035aaa4af42bb81f063cc,d5b11d25f3b2415dc959ae176b1986eff29aab886b60ed1119de835aef19a109,ddddaf0
eviddie-19940419-19940419,19940419,19940419,rare,5shot,0,EviDDIE,PT-17936618,HSUGRBWQSSZJOP,JLKIGFTWXXRPMT,1,1,0.50012988,0.99575609,0.00400125,0.00452279,56606b15d2b731af30344a33ca6a11986ff650ae53432c98fbcf22f64c67d7e6,643a91e0b9a1cc10067428184fff675682e61b9808c035aaa4af42bb81f063cc,d5b11d25f3b2415dc959ae176b1986eff29aab886b60ed1119de835aef19a109,ddddaf0
eviddie-19940419-19940419,19940419,19940419,rare,5shot,0,EviDDIE,PT-17936618,HSUGRBWQSSZJOP,KWMLJOLKUYYJFJ,1,1,0.50012797,0.99582589,0.00393451,0.00444867,56606b15d2b731af30344a33ca6a11986ff650ae53432c98fbcf22f64c67d7e6,643a91e0b9a1cc10067428184fff675682e61b9808c035aaa4af42bb81f063cc,d5b11d25f3b2415dc959ae176b1986eff29aab886b60ed1119de835aef19a109,ddddaf0
eviddie-19940419-19940419,19940419,19940419,rare,5shot,0,EviDDIE,PT-17936618,HSUGRBWQSSZJOP,YPCRNBPOUVJVMU,1,1,0.5001356,0.99553323,0.00421434,0.00475925,56606b15d2b731af30344a33ca6a11986ff650ae53432c98fbcf22f64c67d7e6,643a91e0b9a1cc10067428184fff675682e61b9808c035aaa4af42bb81f063cc,d5b11d25f3b2415dc959ae176b1986eff29aab886b60ed1119de835aef19a109,ddddaf0
eviddie-19940419-19940419,19940419,19940419,rare,5shot,0,EviDDIE,PT-17936618,KRKNYBCHXYNGOX,ULGZDMOVFRHVEP,1,1,0.50013965,0.99537498,0.00436587,0.00492713,56606b15d2b731af30344a33ca6a11986ff650ae53432c98fbcf22f64c67d7e6,643a91e0b9a1cc10067428184fff675682e61b9808c035aaa4af42bb81f063cc,d5b11d25f3b2415dc959ae176b1986eff29aab886b60ed1119de835aef19a109,ddddaf0
eviddie-19940419-19940419,19940419,19940419,rare,5shot,0,EviDDIE,PT-17936618,OEYIOHPDSNJKLS,WXURHACBFYSXBI,1,1,0.50013375,0.9956044,0.00414646,0.00468375,56606b15d2b731af30344a33ca6a11986ff650ae53432c98fbcf22f64c67d7e6,643a91e0b9a1cc10067428184fff675682e61b9808c035aaa4af42bb81f063cc,d5b11d25f3b2415dc959ae176b1986eff29aab886b60ed1119de835aef19a109,ddddaf0
eviddie-19940419-19940419,19940419,19940419,rare,5shot,0,EviDDIE,PT-17936618,XXSMGPRMXLTPCZ,ZKLPARSLTMPFCP,1,1,0.5001331,0.995628,0.00412365,0.00465863,56606b15d2b731af30344a33ca6a11986ff650ae53432c98fbcf22f64c67d7e6,643a91e0b9a1cc10067428184fff675682e61b9808c035aaa4af42bb81f063cc,d5b11d25f3b2415dc959ae176b1986eff29aab886b60ed1119de835aef19a109,ddddaf0
eviddie-19940419-19940419,19940419,19940419,rare,5shot,0,EviDDIE,PT-17936618,DCOPUUMXTXDBNB,XZWYZXLIPXDOLR,0,1,0.50012559,0.99591655,0.00384793,0.00435247,56606b15d2b731af30344a33ca6a11986ff650ae53432c98fbcf22f64c67d7e6,643a91e0b9a1cc10067428184fff675682e61b9808c035aaa4af42bb81f063cc,d5b11d25f3b2415dc959ae176b1986eff29aab886b60ed1119de835aef19a109,ddddaf0
eviddie-19940419-19940419,19940419,19940419,rare,5shot,0,EviDDIE,PT-17936618,HDACQVRGBOVJII,LSQZJLSUYDQPKJ,0,1,0.50014222,0.99527645,0.00446019,0.00503168,56606b15d2b731af30344a33ca6a11986ff650ae53432c98fbcf22f64c67d7e6,643a91e0b9a1cc10067428184fff675682e61b9808c035aaa4af42bb81f063cc,d5b11d25f3b2415dc959ae176b1986eff29aab886b60ed1119de835aef19a109,ddddaf0
eviddie-19940419-19940419,19940419,19940419,rare,5shot,0,EviDDIE,PT-17936618,HSUGRBWQSSZJOP,OGHNVEJMJSYVRP,0,1,0.5001353,0.99554479,0.00420317,0.00474687,56606b15d2b731af30344a33ca6a11986ff650ae53432c98fbcf22f64c67d7e6,643a91e0b9a1cc10067428184fff675682e61b9808c035aaa4af42bb81f063cc,d5b11d25f3b2415dc959ae176b1986eff29aab886b60ed1119de835aef19a109,ddddaf0
eviddie-19940419-19940419,19940419,19940419,rare,5shot,0,EviDDIE,PT-17936618,HSUGRBWQSSZJOP,KDLRVYVGXIQJDK,0,1,0.50014091,0.99532688,0.0044119,0.00497819,56606b15d2b731af30344a33ca6a11986ff650ae53432c98fbcf22f64c67d7e6,643a91e0b9a1cc10067428184fff675682e61b9808c035aaa4af42bb81f063cc,d5b11d25f3b2415dc959ae176b1986eff29aab886b60ed1119de835aef19a109,ddddaf0
eviddie-19940419-19940419,19940419,19940419,rare,5shot,0,EviDDIE,PT-17936618,HSUGRBWQSSZJOP,PYNXFZCZUAOOQC,0,1,0.50013483,0.99556488,0.00418407,0.00472568,56606b15d2b731af30344a33ca6a11986ff650ae53432c98fbcf22f64c67d7e6,643a91e0b9a1cc10067428184fff675682e61b9808c035aaa4af42bb81f063cc,d5b11d25f3b2415dc959ae176b1986eff29aab886b60ed1119de835aef19a109,ddddaf0
eviddie-19940419-19940419,19940419,19940419,rare,5shot,0,EviDDIE,PT-17936618,KRKNYBCHXYNGOX,KGFYHTZWPPHNLQ,0,1,0.50013763,0.99545372,0.00429048,0.00484359,56606b15d2b731af30344a33ca6a11986ff650ae53432c98fbcf22f64c67d7e6,643a91e0b9a1cc10067428184fff675682e61b9808c035aaa4af42bb81f063cc,d5b11d25f3b2415dc959ae176b1986eff29aab886b60ed1119de835aef19a109,ddddaf0
eviddie-19940419-19940419,19940419,19940419,rare,5shot,0,EviDDIE,PT-17936618,OEYIOHPDSNJKLS,UJLAWZDWDVHWOW,0,1,0.50012606,0.99589843,0.00386528,0.00437166,56606b15d2b731af30344a33ca6a11986ff650ae53432c98fbcf22f64c67d7e6,643a91e0b9a1cc10067428184fff675682e61b9808c035aaa4af42bb81f063cc,d5b11d25f3b2415dc959ae176b1986eff29aab886b60ed1119de835aef19a109,ddddaf0
eviddie-19940419-19940419,19940419,19940419,rare,5shot,0,EviDDIE,PT-17936618,XXSMGPRMXLTPCZ,QAOWNCQODCNURD,0,1,0.50010639,0.99663734,0.00316042,0.00358747,56606b15d2b731af30344a33ca6a11986ff650ae53432c98fbcf22f64c67d7e6,643a91e0b9a1cc10067428184fff675682e61b9808c035aaa4af42bb81f063cc,d5b11d25f3b2415dc959ae176b1986eff29aab886b60ed1119de835aef19a109,ddddaf0
eviddie-19940419-19940419,19940419,19940419,rare,5shot,0,EviDDIE,PT-17999685,CMWTZPSULFXXJA,PMRYVIKBURPHAH,1,1,0.50011951,0.99614751,0.00362736,0.00410734,56606b15d2b731af30344a33ca6a11986ff650ae53432c98fbcf22f64c67d7e6,643a91e0b9a1cc10067428184fff675682e61b9808c035aaa4af42bb81f063cc,d5b11d25f3b2415dc959ae176b1986eff29aab886b60ed1119de835aef19a109,ddddaf0
eviddie-19940419-19940419,19940419,19940419,rare,5shot,0,EviDDIE,PT-17999685,DCOPUUMXTXDBNB,PMRYVIKBURPHAH,1,1,0.50011951,0.99614727,0.00362756,0.00410756,56606b15d2b731af30344a33ca6a11986ff650ae53432c98fbcf22f64c67d7e6,643a91e0b9a1cc10067428184fff675682e61b9808c035aaa4af42bb81f063cc,d5b11d25f3b2415dc959ae176b1986eff29aab886b60ed1119de835aef19a109,ddddaf0
eviddie-19940419-19940419,19940419,19940419,rare,5shot,0,EviDDIE,PT-17999685,GJSURZIOUXUGAL,LXMSZDCAJNLERA,1,1,0.50015503,0.99476862,0.00494714,0.00557061,56606b15d2b731af30344a33ca6a11986ff650ae53432c98fbcf22f64c67d7e6,643a91e0b9a1cc10067428184fff675682e61b9808c035aaa4af42bb81f063cc,d5b11d25f3b2415dc959ae176b1986eff29aab886b60ed1119de835aef19a109,ddddaf0
eviddie-19940419-19940419,19940419,19940419,rare,5shot,0,EviDDIE,PT-17999685,NNJVILVZKWQKPM,PMRYVIKBURPHAH,1,1,0.50011957,0.99614656,0.00362836,0.00410844,56606b15d2b731af30344a33ca6a11986ff650ae53432c98fbcf22f64c67d7e6,643a91e0b9a1cc10067428184fff675682e61b9808c035aaa4af42bb81f063cc,d5b11d25f3b2415dc959ae176b1986eff29aab886b60ed1119de835aef19a109,ddddaf0
eviddie-19940419-19940419,19940419,19940419,rare,5shot,0,EviDDIE,PT-17999685,PMRYVIKBURPHAH,RFHAOTPXVQNOHP,1,1,0.5001229,0.99601907,0.00374993,0.00424362,56606b15d2b731af30344a33ca6a11986ff650ae53432c98fbcf22f64c67d7e6,643a91e0b9a1cc10067428184fff675682e61b9808c035aaa4af42bb81f063cc,d5b11d25f3b2415dc959ae176b1986eff29aab886b60ed1119de835aef19a109,ddddaf0
eviddie-19940419-19940419,19940419,19940419,rare,5shot,0,EviDDIE,PT-17999685,PMRYVIKBURPHAH,XOFYZVNMUHMLCC,1,1,0.50013828,0.99542713,0.00431587,0.00487167,56606b15d2b731af30344a33ca6a11986ff650ae53432c98fbcf22f64c67d7e6,643a91e0b9a1cc10067428184fff675682e61b9808c035aaa4af42bb81f063cc,d5b11d25f3b2415dc959ae176b1986eff29aab886b60ed1119de835aef19a109,ddddaf0
eviddie-19940419-19940419,19940419,19940419,rare,5shot,0,EviDDIE,PT-17999685,CMWTZPSULFXXJA,UCTWMZQNUQWSLP,0,1,0.50012583,0.99590755,0.00385649,0.00436204,56606b15d2b731af30344a33ca6a11986ff650ae53432c98fbcf22f64c67d7e6,643a91e0b9a1cc10067428184fff675682e61b9808c035aaa4af42bb81f063cc,d5b11d25f3b2415dc959ae176b1986eff29aab886b60ed1119de835aef19a109,ddddaf0
eviddie-19940419-19940419,19940419,19940419,rare,5shot,0,EviDDIE,PT-17999685,DCOPUUMXTXDBNB,XZWYZXLIPXDOLR,0,1,0.50012559,0.99591655,0.00384793,0.00435247,56606b15d2b731af30344a33ca6a11986ff650ae53432c98fbcf22f64c67d7e6,643a91e0b9a1cc10067428184fff675682e61b9808c035aaa4af42bb81f063cc,d5b11d25f3b2415dc959ae176b1986eff29aab886b60ed1119de835aef19a109,ddddaf0
eviddie-19940419-19940419,19940419,19940419,rare,5shot,0,EviDDIE,PT-17999685,GJSURZIOUXUGAL,YOZNUFWCRFCGIH,0,1,0.50014514,0.99516171,0.00457019,0.00515358,56606b15d2b731af30344a33ca6a11986ff650ae53432c98fbcf22f64c67d7e6,643a91e0b9a1cc10067428184fff675682e61b9808c035aaa4af42bb81f063cc,d5b11d25f3b2415dc959ae176b1986eff29aab886b60ed1119de835aef19a109,ddddaf0
eviddie-19940419-19940419,19940419,19940419,rare,5shot,0,EviDDIE,PT-17999685,NNJVILVZKWQKPM,IEDVJHCEMCRBQM,0,1,0.50012887,0.99579346,0.00396548,0.0044831,56606b15d2b731af30344a33ca6a11986ff650ae53432c98fbcf22f64c67d7e6,643a91e0b9a1cc10067428184fff675682e61b9808c035aaa4af42bb81f063cc,d5b11d25f3b2415dc959ae176b1986eff29aab886b60ed1119de835aef19a109,ddddaf0
eviddie-19940419-19940419,19940419,19940419,rare,5shot,0,EviDDIE,PT-17999685,PMRYVIKBURPHAH,JSDRRTOADPPCHY,0,1,0.50012803,0.99582517,0.00393531,0.00444954,56606b15d2b731af30344a33ca6a11986ff650ae53432c98fbcf22f64c67d7e6,643a91e0b9a1cc10067428184fff675682e61b9808c035aaa4af42bb81f063cc,d5b11d25f3b2415dc959ae176b1986eff29aab886b60ed1119de835aef19a109,ddddaf0
eviddie-19940419-19940419,19940419,19940419,rare,5shot,0,EviDDIE,PT-17999685,PMRYVIKBURPHAH,XXSMGPRMXLTPCZ,0,1,0.50012362,0.99599397,0.0037739,0.00427026,56606b15d2b731af30344a33ca6a11986ff650ae53432c98fbcf22f64c67d7e6,643a91e0b9a1cc10067428184fff675682e61b9808c035aaa4af42bb81f063cc,d5b11d25f3b2415dc959ae176b1986eff29aab886b60ed1119de835aef19a109,ddddaf0
eviddie-19940419-19940419,19940419,19940419,rare,5shot,0,EviDDIE,PT-18257545,DRHKJLXJIQTDTD,QYSXJUFSXHHAJI,1,1,0.50014269,0.99525756,0.00447833,0.00505177,56606b15d2b731af30344a33ca6a11986ff650ae53432c98fbcf22f64c67d7e6,643a91e0b9a1cc10067428184fff675682e61b9808c035aaa4af42bb81f063cc,d5b11d25f3b2415dc959ae176b1986eff29aab886b60ed1119de835aef19a109,ddddaf0
eviddie-19940419-19940419,19940419,19940419,rare,5shot,0,EviDDIE,PT-18257545,MOYKHGMNXAOIAT,NNJVILVZKWQKPM,1,1,0.50013798,0.99544001,0.00430354,0.00485808,56606b15d2b731af30344a33ca6a11986ff650ae53432c98fbcf22f64c67d7e6,643a91e0b9a1cc10067428184fff675682e61b9808c035aaa4af42bb81f063cc,d5b11d25f3b2415dc959ae176b1986eff29aab886b60ed1119de835aef19a109,ddddaf0
eviddie-19940419-19940419,19940419,19940419,rare,5shot,0,EviDDIE,PT-18257545,MOYKHGMNXAOIAT,XFYDIVBRZNQMJC,1,1,0.50014359,0.99522191,0.00451255,0.00508968,56606b15d2b731af30344a33ca6a11986ff650ae53432c98fbcf22f64c67d7e6,643a91e0b9a1cc10067428184fff675682e61b9808c035aaa4af42bb81f063cc,d5b11d25f3b2415dc959ae176b1986eff29aab886b60ed1119de835aef19a109,ddddaf0
eviddie-19940419-19940419,19940419,19940419,rare,5shot,0,EviDDIE,PT-18257545,MOYKHGMNXAOIAT,XPCFTKFZXHTYIP,1,1,0.50014561,0.9951421,0.00458893,0.00517431,56606b15d2b731af30344a33ca6a11986ff650ae53432c98fbcf22f64c67d7e6,643a91e0b9a1cc10067428184fff675682e61b9808c035aaa4af42bb81f063cc,d5b11d25f3b2415dc959ae176b1986eff29aab886b60ed1119de835aef19a109,ddddaf0
eviddie-19940419-19940419,19940419,19940419,rare,5shot,0,EviDDIE,PT-18257545,QWCRAEMEVRGPNT,SNPPWIUOZRMYNY,1,1,0.50014037,0.99534613,0.00439346,0.00495772,56606b15d2b731af30344a33ca6a11986ff650ae53432c98fbcf22f64c67d7e6,643a91e0b9a1cc10067428184fff675682e61b9808c035aaa4af42bb81f063cc,d5b11d25f3b2415dc959ae176b1986eff29aab886b60ed1119de835aef19a109,ddddaf0
eviddie-19940419-19940419,19940419,19940419,rare,5shot,0,EviDDIE,PT-18257545,QWCRAEMEVRGPNT,ZRVUJXDFFKFLMG,1,1,0.50014758,0.99506724,0.00466069,0.00525375,56606b15d2b731af30344a33ca6a11986ff650ae53432c98fbcf22f64c67d7e6,643a91e0b9a1cc10067428184fff675682e61b9808c035aaa4af42bb81f063cc,d5b11d25f3b2415dc959ae176b1986eff29aab886b60ed1119de835aef19a109,ddddaf0
eviddie-19940419-19940419,19940419,19940419,rare,5shot,0,EviDDIE,PT-18257545,XFYDIVBRZNQMJC,YWXYYJSYQOXTPL,1,1,0.50014436,0.99519098,0.00454211,0.00512238,56606b15d2b731af30344a33ca6a11986ff650ae53432c98fbcf22f64c67d7e6,643a91e0b9a1cc10067428184fff675682e61b9808c035aaa4af42bb81f063cc,d5b11d25f3b2415dc959ae176b1986eff29aab886b60ed1119de835aef19a109,ddddaf0
eviddie-19940419-19940419,19940419,19940419,rare,5shot,0,EviDDIE,PT-18257545,DRHKJLXJIQTDTD,FABPRXSRWADJSP,0,1,0.50013864,0.99541372,0.00432875,0.00488604,56606b15d2b731af30344a33ca6a11986ff650ae53432c98fbcf22f64c67d7e6,643a91e0b9a1cc10067428184fff675682e61b9808c035aaa4af42bb81f063cc,d5b11d25f3b2415dc959ae176b1986eff29aab886b60ed1119de835aef19a109,ddddaf0
eviddie-19940419-19940419,19940419,19940419,rare,5shot,0,EviDDIE,PT-18257545,MOYKHGMNXAOIAT,SNIOPGDIGTZGOP,0,1,0.50013709,0.99547583,0.00426927,0.00482009,56606b15d2b731af30344a33ca6a11986ff650ae53432c98fbcf22f64c67d7e6,643a91e0b9a1cc10067428184fff675682e61b9808c035aaa4af42bb81f063cc,d5b11d25f3b2415dc959ae176b1986eff29aab886b60ed1119de835aef19a109,ddddaf0
eviddie-19940419-19940419,19940419,19940419,rare,5shot,0,EviDDIE,PT-18257545,MOYKHGMNXAOIAT,OGHNVEJMJSYVRP,0,1,0.50014126,0.99531364,0.00442451,0.00499222,56606b15d2b731af30344a33ca6a11986ff650ae53432c98fbcf22f64c67d7e6,643a91e0b9a1cc10067428184fff675682e61b9808c035aaa4af42bb81f063cc,d5b11d25f3b2415dc959ae176b1986eff29aab886b60ed1119de835aef19a109,ddddaf0
eviddie-19940419-19940419,19940419,19940419,rare,5shot,0,EviDDIE,PT-18257545,MOYKHGMNXAOIAT,QYSPLQLAKJAUJT,0,1,0.50014389,0.99520975,0.00452415,0.00510256,56606b15d2b731af30344a33ca6a11986ff650ae53432c98fbcf22f64c67d7e6,643a91e0b9a1cc10067428184fff675682e61b9808c035aaa4af42bb81f063cc,d5b11d25f3b2415dc959ae176b1986eff29aab886b60ed1119de835aef19a109,ddddaf0
eviddie-19940419-19940419,19940419,19940419,rare,5shot,0,EviDDIE,PT-18257545,QWCRAEMEVRGPNT,FABPRXSRWADJSP,0,1,0.50015533,0.99475855,0.00495684,0.00558137,56606b15d2b731af30344a33ca6a11986ff650ae53432c98fbcf22f64c67d7e6,643a91e0b9a1cc10067428184fff675682e61b9808c035aaa4af42bb81f063cc,d5b11d25f3b2415dc959ae176b1986eff29aab886b60ed1119de835aef19a109,ddddaf0
eviddie-19940419-19940419,19940419,19940419,rare,5shot,0,EviDDIE,PT-18257545,QWCRAEMEVRGPNT,MQTOSJVFKKJCRP,0,1,0.50015742,0.99467647,0.00503563,0.00566847,56606b15d2b731af30344a33ca6a11986ff650ae53432c98fbcf22f64c67d7e6,643a91e0b9a1cc10067428184fff675682e61b9808c035aaa4af42bb81f063cc,d5b11d25f3b2415dc959ae176b1986eff29aab886b60ed1119de835aef19a109,ddddaf0
eviddie-19940419-19940419,19940419,19940419,rare,5shot,0,EviDDIE,PT-18257545,XFYDIVBRZNQMJC,NCEXYHBECQHGNR,0,1,0.50013447,0.99557954,0.00417009,0.0047102,56606b15d2b731af30344a33ca6a11986ff650ae53432c98fbcf22f64c67d7e6,643a91e0b9a1cc10067428184fff675682e61b9808c035aaa4af42bb81f063cc,d5b11d25f3b2415dc959ae176b1986eff29aab886b60ed1119de835aef19a109,ddddaf0
eviddie-19940419-19940419,19940419,19940419,rare,5shot,0,EviDDIE,PT-18328537,ACWBQPMHZXGDFX,AYXYPKUFHZROOJ,1,1,0.5001232,0.99600887,0.00375967,0.00425441,56606b15d2b731af30344a33ca6a11986ff650ae53432c98fbcf22f64c67d7e6,643a91e0b9a1cc10067428184fff675682e61b9808c035aaa4af42bb81f063cc,d5b11d25f3b2415dc959ae176b1986eff29aab886b60ed1119de835aef19a109,ddddaf0
eviddie-19940419-19940419,19940419,19940419,rare,5shot,0,EviDDIE,PT-18328537,ACWBQPMHZXGDFX,KUVIULQEHSCUHY,1,1,0.50014049,0.99534261,0.00439677,0.00496144,56606b15d2b731af30344a33ca6a11986ff650ae53432c98fbcf22f64c67d7e6,643a91e0b9a1cc10067428184fff675682e61b9808c035aaa4af42bb81f063cc,d5b11d25f3b2415dc959ae176b1986eff29aab886b60ed1119de835aef19a109,ddddaf0
eviddie-19940419-19940419,19940419,19940419,rare,5shot,0,EviDDIE,PT-18328537,BVKZGUZCCUSVTD,KUVIULQEHSCUHY,1,1,0.50014174,0.99529415,0.00444333,0.00501286,56606b15d2b731af30344a33ca6a11986ff650ae53432c98fbcf22f64c67d7e6,643a91e0b9a1cc10067428184fff675682e61b9808c035aaa4af42bb81f063cc,d5b11d25f3b2415dc959ae176b1986eff29aab886b60ed1119de835aef19a109,ddddaf0
eviddie-19940419-19940419,19940419,19940419,rare,5shot,0,EviDDIE,PT-18328537,GBBSUAFBMRNDJC,NBIIXXVUZAFLBC,1,1,0.50011456,0.99633312,0.00345034,0.00391036,56606b15d2b731af30344a33ca6a11986ff650ae53432c98fbcf22f64c67d7e6,643a91e0b9a1cc10067428184fff675682e61b9808c035aaa4af42bb81f063cc,d5b11d25f3b2415dc959ae176b1986eff29aab886b60ed1119de835aef19a109,ddddaf0
eviddie-19940419-19940419,19940419,19940419,rare,5shot,0,EviDDIE,PT-18328537,JLKIGFTWXXRPMT,QAOWNCQODCNURD,1,1,0.50010413,0.99672073,0.0030811,0.00349903,56606b15d2b731af30344a33ca6a11986ff650ae53432c98fbcf22f64c67d7e6,643a91e0b9a1cc10067428184fff675682e61b9808c035aaa4af42bb81f063cc,d5b11d25f3b2415dc959ae176b1986eff29aab886b60ed1119de835aef19a109,ddddaf0
eviddie-19940419-19940419,19940419,19940419,rare,5shot,0,EviDDIE,PT-18328537,RYMZZMVNJRMUDD,SNICXCGAKADSCV,1,1,0.50014538,0.9951492,0.00458215,0.00516669,56606b15d2b731af30344a33ca6a11986ff650ae53432c98fbcf22f64c67d7e6,643a91e0b9a1cc10067428184fff675682e61b9808c035aaa4af42bb81f063cc,d5b11d25f3b2415dc959ae176b1986eff29aab886b60ed1119de835aef19a109,ddddaf0
eviddie-19940419-19940419,19940419,19940419,rare,5shot,0,EviDDIE,PT-18328537,VEXZGXHMUGYJMC,VWPOSFSPZNDTMJ,1,1,0.50012797,0.99582326,0.00393707,0.00445127,56606b15d2b731af30344a33ca6a11986ff650ae53432c98fbcf22f64c67d7e6,643a91e0b9a1cc10067428184fff675682e61b9808c035aaa4af42bb81f063cc,d5b11d25f3b2415dc959ae176b1986eff29aab886b60ed1119de835aef19a109,ddddaf0
eviddie-19940419-19940419,19940419,19940419,rare,5shot,0,EviDDIE,PT-18328537,ACWBQPMHZXGDFX,TVYLLZQTGLZFBW,0,1,0.50013494,0.99555808,0.00419061,0.00473287,56606b15d2b731af30344a33ca6a11986ff650ae53432c98fbcf22f64c67d7e6,643a91e0b9a1cc10067428184fff675682e61b9808c035aaa4af42bb81f063cc,d5b11d25f3b2415dc959ae176b1986eff29aab886b60ed1119de835aef19a109,ddddaf0
eviddie-19940419-19940419,19940419,19940419,rare,5shot,0,EviDDIE,PT-18328537,ACWBQPMHZXGDFX,RAPZEAPATHNIPO,0,1,0.50013721,0.99547333,0.00427167,0.0048228,56606b15d2b731af30344a33ca6a11986ff650ae53432c98fbcf22f64c67d7e6,643a91e0b9a1cc10067428184fff675682e61b9808c035aaa4af42bb81f063cc,d5b11d25f3b2415dc959ae176b1986eff29aab886b60ed1119de835aef19a109,ddddaf0
eviddie-19940419-19940419,19940419,19940419,rare,5shot,0,EviDDIE,PT-18328537,BVKZGUZCCUSVTD,VEQOALNAAJBPNY,0,1,0.50012553,0.9959197,0.00384502,0.00434916,56606b15d2b731af30344a33ca6a11986ff650ae53432c98fbcf22f64c67d7e6,643a91e0b9a1cc10067428184fff675682e61b9808c035aaa4af42bb81f063cc,d5b11d25f3b2415dc959ae176b1986eff29aab886b60ed1119de835aef19a109,ddddaf0
eviddie-19940419-19940419,19940419,19940419,rare,5shot,0,EviDDIE,PT-18328537,GBBSUAFBMRNDJC,KWGRBVOPPLSCSI,0,1,0.50013375,0.99560553,0.00414529,0.00468259,56606b15d2b731af30344a33ca6a11986ff650ae53432c98fbcf22f64c67d7e6,643a91e0b9a1cc10067428184fff675682e61b9808c035aaa4af42bb81f063cc,d5b11d25f3b2415dc959ae176b1986eff29aab886b60ed1119de835aef19a109,ddddaf0
eviddie-19940419-19940419,19940419,19940419,rare,5shot,0,EviDDIE,PT-18328537,JLKIGFTWXXRPMT,BPZSYCZIITTYBL,0,1,0.50012618,0.9958961,0.00386741,0.00437422,56606b15d2b731af30344a33ca6a11986ff650ae53432c98fbcf22f64c67d7e6,643a91e0b9a1cc10067428184fff675682e61b9808c035aaa4af42bb81f063cc,d5b11d25f3b2415dc959ae176b1986eff29aab886b60ed1119de835aef19a109,ddddaf0
eviddie-19940419-19940419,19940419,19940419,rare,5shot,0,EviDDIE,PT-18328537,RYMZZMVNJRMUDD,ZRVUJXDFFKFLMG,0,1,0.50014436,0.99519026,0.00454275,0.00512314,56606b15d2b731af30344a33ca6a11986ff650ae53432c98fbcf22f64c67d7e6,643a91e0b9a1cc10067428184fff675682e61b9808c035aaa4af42bb81f063cc,d5b11d25f3b2415dc959ae176b1986eff29aab886b60ed1119de835aef19a109,ddddaf0
eviddie-19940419-19940419,19940419,19940419,rare,5shot,0,EviDDIE,PT-18328537,VEXZGXHMUGYJMC,XXSMGPRMXLTPCZ,0,1,0.50012326,0.99600619,0.00376238,0.00425726,56606b15d2b731af30344a33ca6a11986ff650ae53432c98fbcf22f64c67d7e6,643a91e0b9a1cc10067428184fff675682e61b9808c035aaa4af42bb81f063cc,d5b11d25f3b2415dc959ae176b1986eff29aab886b60ed1119de835aef19a109,ddddaf0
eviddie-19940419-19940419,19940419,19940419,rare,5shot,0,EviDDIE,PT-18339940,DCOPUUMXTXDBNB,HTIQEAQVCYTUBX,1,1,0.50013256,0.99565214,0.00410071,0.0046332,56606b15d2b731af30344a33ca6a11986ff650ae53432c98fbcf22f64c67d7e6,643a91e0b9a1cc10067428184fff675682e61b9808c035aaa4af42bb81f063cc,d5b11d25f3b2415dc959ae176b1986eff29aab886b60ed1119de835aef19a109,ddddaf0
eviddie-19940419-19940419,19940419,19940419,rare,5shot,0,EviDDIE,PT-18339940,DIWRORZWFLOCLC,LXNHXLLTXMVWPM,1,1,0.50012994,0.99575067,0.00400634,0.00452843,56606b15d2b731af30344a33ca6a11986ff650ae53432c98fbcf22f64c67d7e6,643a91e0b9a1cc10067428184fff675682e61b9808c035aaa4af42bb81f063cc,d5b11d25f3b2415dc959ae176b1986eff29aab886b60ed1119de835aef19a109,ddddaf0
eviddie-19940419-19940419,19940419,19940419,rare,5shot,0,EviDDIE,PT-18339940,FELGMEQIXOGIFQ,KQKPFRSPSRPDEB,1,1,0.5001303,0.99573791,0.00401851,0.00454197,56606b15d2b731af30344a33ca6a11986ff650ae53432c98fbcf22f64c67d7e6,643a91e0b9a1cc10067428184fff675682e61b9808c035aaa4af42bb81f063cc,d5b11d25f3b2415dc959ae176b1986eff29aab886b60ed1119de835aef19a109,ddddaf0
eviddie-19940419-19940419,19940419,19940419,rare,5shot,0,EviDDIE,PT-18339940,KJADKKWYZYXHBB,KWTSXDURSIMDCE,1,1,0.5001359,0.99552131,0.00422584,0.00477188,56606b15d2b731af30344a33ca6a11986ff650ae53432c98fbcf22f64c67d7e6,643a91e0b9a1cc10067428184fff675682e61b9808c035aaa4af42bb81f063cc,d5b11d25f3b2415dc959ae176b1986eff29aab886b60ed1119de835aef19a109,ddddaf0
eviddie-19940419-19940419,19940419,19940419,rare,5shot,0,EviDDIE,PT-18339940,KJADKKWYZYXHBB,VYZAMTAEIAYCRO,1,1,0.50011915,0.99616098,0.00361468,0.0040931,56606b15d2b731af30344a33ca6a11986ff650ae53432c98fbcf22f64c67d7e6,643a91e0b9a1cc10067428184fff675682e61b9808c035aaa4af42bb81f063cc,d5b11d25f3b2415dc959ae176b1986eff29aab886b60ed1119de835aef19a109,ddddaf0
eviddie-19940419-19940419,19940419,19940419,rare,5shot,0,EviDDIE,PT-18339940,KQKPFRSPSRPDEB,LXMSZDCAJNLERA,1,1,0.50014442,0.99518836,0.00454463,0.00512518,56606b15d2b731af30344a33ca6a11986ff650ae53432c98fbcf22f64c67d7e6,643a91e0b9a1cc10067428184fff675682e61b9808c035aaa4af42bb81f063cc,d5b11d25f3b2415dc959ae176b1986eff29aab886b60ed1119de835aef19a109,ddddaf0
eviddie-19940419-19940419,19940419,19940419,rare,5shot,0,EviDDIE,PT-18339940,KQKPFRSPSRPDEB,MBWXNTAXLNYFJB,1,1,0.50012958,0.99576795,0.00398992,0.00451023,56606b15d2b731af30344a33ca6a11986ff650ae53432c98fbcf22f64c67d7e6,643a91e0b9a1cc10067428184fff675682e61b9808c035aaa4af42bb81f063cc,d5b11d25f3b2415dc959ae176b1986eff29aab886b60ed1119de835aef19a109,ddddaf0
eviddie-19940419-19940419,19940419,19940419,rare,5shot,0,EviDDIE,PT-18339940,KQKPFRSPSRPDEB,ZZUFCTLCJUWOSV,1,1,0.50012338,0.99600464,0.00376378,0.00425906,56606b15d2b731af30344a33ca6a11986ff650ae53432c98fbcf22f64c67d7e6,643a91e0b9a1cc10067428184fff675682e61b9808c035aaa4af42bb81f063cc,d5b11d25f3b2415dc959ae176b1986eff29aab886b60ed1119de835aef19a109,ddddaf0
eviddie-19940419-19940419,19940419,19940419,rare,5shot,0,EviDDIE,PT-18339940,DCOPUUMXTXDBNB,VEXZGXHMUGYJMC,0,1,0.5001139,0.99635786,0.00342677,0.00388408,56606b15d2b731af30344a33ca6a11986ff650ae53432c98fbcf22f64c67d7e6,643a91e0b9a1cc10067428184fff675682e61b9808c035aaa4af42bb81f063cc,d5b11d25f3b2415dc959ae176b1986eff29aab886b60ed1119de835aef19a109,ddddaf0
eviddie-19940419-19940419,19940419,19940419,rare,5shot,0,EviDDIE,PT-18339940,DIWRORZWFLOCLC,KGFYHTZWPPHNLQ,0,1,0.500144,0.99520701,0.00452677,0.00510551,56606b15d2b731af30344a33ca6a11986ff650ae53432c98fbcf22f64c67d7e6,643a91e0b9a1cc10067428184fff675682e61b9808c035aaa4af42bb81f063cc,d5b11d25f3b2415dc959ae176b1986eff29aab886b60ed1119de835aef19a109,ddddaf0
eviddie-19940419-19940419,19940419,19940419,rare,5shot,0,EviDDIE,PT-18339940,FELGMEQIXOGIFQ,RZVAJINKPMORJF,0,1,0.50013107,0.99571049,0.00404492,0.00457123,56606b15d2b731af30344a33ca6a11986ff650ae53432c98fbcf22f64c67d7e6,643a91e0b9a1cc10067428184fff675682e61b9808c035aaa4af42bb81f063cc,d5b11d25f3b2415dc959ae176b1986eff29aab886b60ed1119de835aef19a109,ddddaf0
eviddie-19940419-19940419,19940419,19940419,rare,5shot,0,EviDDIE,PT-18339940,KJADKKWYZYXHBB,MBMBGCFOFBJSGT,0,1,0.50014949,0.99498886,0.00473579,0.0053369,56606b15d2b731af30344a33ca6a11986ff650ae53432c98fbcf22f64c67d7e6,643a91e0b9a1cc10067428184fff675682e61b9808c035aaa4af42bb81f063cc,d5b11d25f3b2415dc959ae176b1986eff29aab886b60ed1119de835aef19a109,ddddaf0
eviddie-19940419-19940419,19940419,19940419,rare,5shot,0,EviDDIE,PT-18339940,KJADKKWYZYXHBB,CEAZRRDELHUEMR,0,1,0.50015146,0.99491125,0.00481033,0.00541929,56606b15d2b731af30344a33ca6a11986ff650ae53432c98fbcf22f64c67d7e6,643a91e0b9a1cc10067428184fff675682e61b9808c035aaa4af42bb81f063cc,d5b11d25f3b2415dc959ae176b1986eff29aab886b60ed1119de835aef19a109,ddddaf0
eviddie-19940419-19940419,19940419,19940419,rare,5shot,0,EviDDIE,PT-18339940,KQKPFRSPSRPDEB,DCOPUUMXTXDBNB,0,1,0.50012434,0.99596822,0.00379863,0.00429779,56606b15d2b731af30344a33ca6a11986ff650ae53432c98fbcf22f64c67d7e6,643a91e0b9a1cc10067428184fff675682e61b9808c035aaa4af42bb81f063cc,d5b11d25f3b2415dc959ae176b1986eff29aab886b60ed1119de835aef19a109,ddddaf0
eviddie-19940419-19940419,19940419,19940419,rare,5shot,0,EviDDIE,PT-18339940,KQKPFRSPSRPDEB,JCQLYHFGKNRPGE,0,1,0.5001328,0.99564028,0.00411191,0.00464557,56606b15d2b731af30344a33ca6a11986ff650ae53432c98fbcf22f64c67d7e6,643a91e0b9a1cc10067428184fff675682e61b9808c035aaa4af42bb81f063cc,d5b11d25f3b2415dc959ae176b1986eff29aab886b60ed1119de835aef19a109,ddddaf0
eviddie-19940419-19940419,19940419,19940419,rare,5shot,0,EviDDIE,PT-18339940,KQKPFRSPSRPDEB,BPZSYCZIITTYBL,0,1,0.5001263,0.99588972,0.00387349,0.00438096,56606b15d2b731af30344a33ca6a11986ff650ae53432c98fbcf22f64c67d7e6,643a91e0b9a1cc10067428184fff675682e61b9808c035aaa4af42bb81f063cc,d5b11d25f3b2415dc959ae176b1986eff29aab886b60ed1119de835aef19a109,ddddaf0
eviddie-19940419-19940419,19940419,19940419,rare,5shot,0,EviDDIE,PT-18343320,CDAISMWEOUEBRE,HEFNNWSXXWATRW,1,1,0.50013357,0.99561089,0.00414016,0.00467685,56606b15d2b731af30344a33ca6a11986ff650ae53432c98fbcf22f64c67d7e6,643a91e0b9a1cc10067428184fff675682e61b9808c035aaa4af42bb81f063cc,d5b11d25f3b2415dc959ae176b1986eff29aab886b60ed1119de835aef19a109,ddddaf0
eviddie-19940419-19940419,19940419,19940419,rare,5shot,0,EviDDIE,PT-18343320,CDAISMWEOUEBRE,NCEXYHBECQHGNR,1,1,0.50013644,0.99550062,0.00424554,0.00479382,56606b15d2b731af30344a33ca6a11986ff650ae53432c98fbcf22f64c67d7e6,643a91e0b9a1cc10067428184fff675682e61b9808c035aaa4af42bb81f063cc,d5b11d25f3b2415dc959ae176b1986eff29aab886b60ed1119de835aef19a109,ddddaf0
eviddie-19940419-19940419,19940419,19940419,rare,5shot,0,EviDDIE,PT-18343320,JYGXADMDTFJGBT,UJLAWZDWDVHWOW,1,1,0.50015056,0.99494827,0.00477483,0.00538002,56606b15d2b731af30344a33ca6a11986ff650ae53432c98fbcf22f64c67d7e6,643a91e0b9a1cc10067428184fff675682e61b9808c035aaa4af42bb81f063cc,d5b11d25f3b2415dc959ae176b1986eff29aab886b60ed1119de835aef19a109,ddddaf0
eviddie-19940419-19940419,19940419,19940419,rare,5shot,0,EviDDIE,PT-18343320,PGBHMTALBVVCIT,ZRVUJXDFFKFLMG,1,1,0.50014281,0.99525565,0.00448018,0.00505383,56606b15d2b731af30344a33ca6a11986ff650ae53432c98fbcf22f64c67d7e6,643a91e0b9a1cc10067428184fff675682e61b9808c035aaa4af42bb81f063cc,d5b11d25f3b2415dc959ae176b1986eff29aab886b60ed1119de835aef19a109,ddddaf0
eviddie-19940419-19940419,19940419,19940419,rare,5shot,0,EviDDIE,PT-18343320,QYSPLQLAKJAUJT,TVYLLZQTGLZFBW,1,1,0.5001381,0.99543661,0.00430697,0.00486189,56606b15d2b731af30344a33ca6a11986ff650ae53432c98fbcf22f64c67d7e6,643a91e0b9a1cc10067428184fff675682e61b9808c035aaa4af42bb81f063cc,d5b11d25f3b2415dc959ae176b1986eff29aab886b60ed1119de835aef19a109,ddddaf0
eviddie-19940419-19940419,19940419,19940419,rare,5shot,0,EviDDIE,PT-18343320,RLAWWYSOJDYHDC,UOZODPSAJZTQNH,1,1,0.50014269,0.99525803,0.0044778,0.00505121,56606b15d2b731af30344a33ca6a11986ff650ae53432c98fbcf22f64c67d7e6,643a91e0b9a1cc10067428184fff675682e61b9808c035aaa4af42bb81f063cc,d5b11d25f3b2415dc959ae176b1986eff29aab886b60ed1119de835aef19a109,ddddaf0
eviddie-19940419-19940419,19940419,19940419,rare,5shot,0,EviDDIE,PT-18343320,RZVAJINKPMORJF,UJLAWZDWDVHWOW,1,1,0.50013506,0.99555439,0.00419419,0.00473684,56606b15d2b731af30344a33ca6a11986ff650ae53432c98fbcf22f64c67d7e6,643a91e0b9a1cc10067428184fff675682e61b9808c035aaa4af42bb81f063cc,d5b11d25f3b2415dc959ae176b1986eff29aab886b60ed1119de835aef19a109,ddddaf0
eviddie-19940419-19940419,19940419,19940419,rare,5shot,0,EviDDIE,PT-18343320,CDAISMWEOUEBRE,QZUDBNBUXVUHMW,0,1,0.50014776,0.99505854,0.00466911,0.00526302,56606b15d2b731af30344a33ca6a11986ff650ae53432c98fbcf22f64c67d7e6,643a91e0b9a1cc10067428184fff675682e61b9808c035aaa4af42bb81f063cc,d5b11d25f3b2415dc959ae176b1986eff29aab886b60ed1119de835aef19a109,ddddaf0
eviddie-19940419-19940419,19940419,19940419,rare,5shot,0,EviDDIE,PT-18343320,CDAISMWEOUEBRE,CEAZRRDELHUEMR,0,1,0.50014663,0.99510127,0.00462805,0.00521754,56606b15d2b731af30344a33ca6a11986ff650ae53432c98fbcf22f64c67d7e6,643a91e0b9a1cc10067428184fff675682e61b9808c035aaa4af42bb81f063cc,d5b11d25f3b2415dc959ae176b1986eff29aab886b60ed1119de835aef19a109,ddddaf0
eviddie-19940419-19940419,19940419,19940419,rare,5shot,0,EviDDIE,PT-18343320,JYGXADMDTFJGBT,IAVUPMFITXYVAF,0,1,0.5001449,0.99517041,0.00456187,0.00514426,56606b15d2b731af30344a33ca6a11986ff650ae53432c98fbcf22f64c67d7e6,643a91e0b9a1cc10067428184fff675682e61b9808c035aaa4af42bb81f063cc,d5b11d25f3b2415dc959ae176b1986eff29aab886b60ed1119de835aef19a109,ddddaf0
eviddie-19940419-19940419,19940419,19940419,rare,5shot,0,EviDDIE,PT-18343320,PGBHMTALBVVCIT,AGOYDEPGAOXOCK,0,1,0.50015116,0.9949227,0.00479931,0.00540711,56606b15d2b731af30344a33ca6a11986ff650ae53432c98fbcf22f64c67d7e6,643a91e0b9a1cc10067428184fff675682e61b9808c035aaa4af42bb81f063cc,d5b11d25f3b2415dc959ae176b1986eff29aab886b60ed1119de835aef19a109,ddddaf0
eviddie-19940419-19940419,19940419,19940419,rare,5shot,0,EviDDIE,PT-18343320,QYSPLQLAKJAUJT,QAOWNCQODCNURD,0,1,0.50010949,0.9965238,0.00326855,0.00370796,56606b15d2b731af30344a33ca6a11986ff650ae53432c98fbcf22f64c67d7e6,643a91e0b9a1cc10067428184fff675682e61b9808c035aaa4af42bb81f063cc,d5b11d25f3b2415dc959ae176b1986eff29aab886b60ed1119de835aef19a109,ddddaf0
eviddie-19940419-19940419,19940419,19940419,rare,5shot,0,EviDDIE,PT-18343320,RLAWWYSOJDYHDC,ZEUITGRIYCTCEM,0,1,0.50013119,0.99570435,0.00405061,0.00457758,56606b15d2b731af30344a33ca6a11986ff650ae53432c98fbcf22f64c67d7e6,643a91e0b9a1cc10067428184fff675682e61b9808c035aaa4af42bb81f063cc,d5b11d25f3b2415dc959ae176b1986eff29aab886b60ed1119de835aef19a109,ddddaf0
eviddie-19940419-19940419,19940419,19940419,rare,5shot,0,EviDDIE,PT-18343320,RZVAJINKPMORJF,CURUTKGFNZGFSE,0,1,0.50013912,0.99539596,0.00434578,0.00490489,56606b15d2b731af30344a33ca6a11986ff650ae53432c98fbcf22f64c67d7e6,643a91e0b9a1cc10067428184fff675682e61b9808c035aaa4af42bb81f063cc,d5b11d25f3b2415dc959ae176b1986eff29aab886b60ed1119de835aef19a109,ddddaf0
eviddie-19940419-19940419,19940419,19940419,rare,5shot,0,EviDDIE,PT-18358513,JZUFKLXOESDKRF,YWXYYJSYQOXTPL,1,1,0.5001384,0.99542314,0.00431976,0.00487596,56606b15d2b731af30344a33ca6a11986ff650ae53432c98fbcf22f64c67d7e6,643a91e0b9a1cc10067428184fff675682e61b9808c035aaa4af42bb81f063cc,d5b11d25f3b2415dc959ae176b1986eff29aab886b60ed1119de835aef19a109,ddddaf0
eviddie-19940419-19940419,19940419,19940419,rare,5shot,0,EviDDIE,PT-18358513,KLDXJTOLSGUMSJ,OEYIOHPDSNJKLS,1,1,0.50013208,0.99566638,0.00408707,0.00461781,56606b15d2b731af30344a33ca6a11986ff650ae53432c98fbcf22f64c67d7e6,643a91e0b9a1cc10067428184fff675682e61b9808c035aaa4af42bb81f063cc,d5b11d25f3b2415dc959ae176b1986eff29aab886b60ed1119de835aef19a109,ddddaf0
eviddie-19940419-19940419,19940419,19940419,rare,5shot,0,EviDDIE,PT-18358513,NDAUXUAQIAJITI,YWXYYJSYQOXTPL,1,1,0.50013864,0.99541581,0.00432683,0.00488385,56606b15d2b731af30344a33ca6a11986ff650ae53432c98fbcf22f64c67d7e6,643a91e0b9a1cc10067428184fff675682e61b9808c035aaa4af42bb81f063cc,d5b11d25f3b2415dc959ae176b1986eff29aab886b60ed1119de835aef19a109,ddddaf0
eviddie-19940419-19940419,19940419,19940419,rare,5shot,0,EviDDIE,PT-18358513,PHIQHXFUZVPYII,YWXYYJSYQOXTPL,1,1,0.50013447,0.99557722,0.00417244,0.00471258,56606b15d2b731af30344a33ca6a11986ff650ae53432c98fbcf22f64c67d7e6,643a91e0b9a1cc10067428184fff675682e61b9808c035aaa4af42bb81f063cc,d5b11d25f3b2415dc959ae176b1986eff29aab886b60ed1119de835aef19a109,ddddaf0
eviddie-19940419-19940419,19940419,19940419,rare,5shot,0,EviDDIE,PT-18358513,VOVIALXJUBGFJZ,XZWYZXLIPXDOLR,1,1,0.50014114,0.9953171,0.00442132,0.0049885,56606b15d2b731af30344a33ca6a11986ff650ae53432c98fbcf22f64c67d7e6,643a91e0b9a1cc10067428184fff675682e61b9808c035aaa4af42bb81f063cc,d5b11d25f3b2415dc959ae176b1986eff29aab886b60ed1119de835aef19a109,ddddaf0
eviddie-19940419-19940419,19940419,19940419,rare,5shot,0,EviDDIE,PT-18358513,YOZNUFWCRFCGIH,YWXYYJSYQOXTPL,1,1,0.50014669,0.99510032,0.00462916,0.00521866,56606b15d2b731af30344a33ca6a11986ff650ae53432c98fbcf22f64c67d7e6,643a91e0b9a1cc10067428184fff675682e61b9808c035aaa4af42bb81f063cc,d5b11d25f3b2415dc959ae176b1986eff29aab886b60ed1119de835aef19a109,ddddaf0
eviddie-19940419-19940419,19940419,19940419,rare,5shot,0,EviDDIE,PT-18358513,JZUFKLXOESDKRF,AGOYDEPGAOXOCK,0,1,0.50014001,0.99536252,0.00437777,0.00494035,56606b15d2b731af30344a33ca6a11986ff650ae53432c98fbcf22f64c67d7e6,643a91e0b9a1cc10067428184fff675682e61b9808c035aaa4af42bb81f063cc,d5b11d25f3b2415dc959ae176b1986eff29aab886b60ed1119de835aef19a109,ddddaf0
eviddie-19940419-19940419,19940419,19940419,rare,5shot,0,EviDDIE,PT-18358513,KLDXJTOLSGUMSJ,RLAWWYSOJDYHDC,0,1,0.50014848,0.9950316,0.00469494,0.00529158,56606b15d2b731af30344a33ca6a11986ff650ae53432c98fbcf22f64c67d7e6,643a91e0b9a1cc10067428184fff675682e61b9808c035aaa4af42bb81f063cc,d5b11d25f3b2415dc959ae176b1986eff29aab886b60ed1119de835aef19a109,ddddaf0
eviddie-19940419-19940419,19940419,19940419,rare,5shot,0,EviDDIE,PT-18358513,NDAUXUAQIAJITI,KJADKKWYZYXHBB,0,1,0.500139,0.99540025,0.00434169,0.00490035,56606b15d2b731af30344a33ca6a11986ff650ae53432c98fbcf22f64c67d7e6,643a91e0b9a1cc10067428184fff675682e61b9808c035aaa4af42bb81f063cc,d5b11d25f3b2415dc959ae176b1986eff29aab886b60ed1119de835aef19a109,ddddaf0
eviddie-19940419-19940419,19940419,19940419,rare,5shot,0,EviDDIE,PT-18358513,PHIQHXFUZVPYII,RDOIQAHITMMDAJ,0,1,0.5001291,0.99578381,0.00397474,0.00449332,56606b15d2b731af30344a33ca6a11986ff650ae53432c98fbcf22f64c67d7e6,643a91e0b9a1cc10067428184fff675682e61b9808c035aaa4af42bb81f063cc,d5b11d25f3b2415dc959ae176b1986eff29aab886b60ed1119de835aef19a109,ddddaf0
eviddie-19940419-19940419,19940419,19940419,rare,5shot,0,EviDDIE,PT-18358513,VOVIALXJUBGFJZ,LXMSZDCAJNLERA,0,1,0.50016534,0.99435556,0.00534396,0.00600904,56606b15d2b731af30344a33ca6a11986ff650ae53432c98fbcf22f64c67d7e6,643a91e0b9a1cc10067428184fff675682e61b9808c035aaa4af42bb81f063cc,d5b11d25f3b2415dc959ae176b1986eff29aab886b60ed1119de835aef19a109,ddddaf0
eviddie-19940419-19940419,19940419,19940419,rare,5shot,0,EviDDIE,PT-18358513,YOZNUFWCRFCGIH,FFGPTBGBLSHEPO,0,1,0.50014222,0.9952755,0.00446113,0.0050327,56606b15d2b731af30344a33ca6a11986ff650ae53432c98fbcf22f64c67d7e6,643a91e0b9a1cc10067428184fff675682e61b9808c035aaa4af42bb81f063cc,d5b11d25f3b2415dc959ae176b1986eff29aab886b60ed1119de835aef19a109,ddddaf0
eviddie-19940419-19940419,19940419,19940419,rare,5shot,0,EviDDIE,PT-18498415,BRUQQQPBMZOVGD,QYSXJUFSXHHAJI,1,1,0.50016117,0.99452424,0.00518184,0.00583006,56606b15d2b731af30344a33ca6a11986ff650ae53432c98fbcf22f64c67d7e6,643a91e0b9a1cc10067428184fff675682e61b9808c035aaa4af42bb81f063cc,d5b11d25f3b2415dc959ae176b1986eff29aab886b60ed1119de835aef19a109,ddddaf0
eviddie-19940419-19940419,19940419,19940419,rare,5shot,0,EviDDIE,PT-18498415,BSYNRYMUTXBXSQ,TTWJBBZEZQICBI,1,1,0.50012898,0.99578708,0.00397153,0.00448979,56606b15d2b731af30344a33ca6a11986ff650ae53432c98fbcf22f64c67d7e6,643a91e0b9a1cc10067428184fff675682e61b9808c035aaa4af42bb81f063cc,d5b11d25f3b2415dc959ae176b1986eff29aab886b60ed1119de835aef19a109,ddddaf0
eviddie-19940419-19940419,19940419,19940419,rare,5shot,0,EviDDIE,PT-18498415,CEAZRRDELHUEMR,SHGAZHPCJJPHSC,1,1,0.50015318,0.9948442,0.00487459,0.00549038,56606b15d2b731af30344a33ca6a11986ff650ae53432c98fbcf22f64c67d7e6,643a91e0b9a1cc10067428184fff675682e61b9808c035aaa4af42bb81f063cc,d5b11d25f3b2415dc959ae176b1986eff29aab886b60ed1119de835aef19a109,ddddaf0
eviddie-19940419-19940419,19940419,19940419,rare,5shot,0,EviDDIE,PT-18498415,QWCRAEMEVRGPNT,SHGAZHPCJJPHSC,1,1,0.50015748,0.99467295,0.00503901,0.00567221,56606b15d2b731af30344a33ca6a11986ff650ae53432c98fbcf22f64c67d7e6,643a91e0b9a1cc10067428184fff675682e61b9808c035aaa4af42bb81f063cc,d5b11d25f3b2415dc959ae176b1986eff29aab886b60ed1119de835aef19a109,ddddaf0
eviddie-19940419-19940419,19940419,19940419,rare,5shot,0,EviDDIE,PT-18498415,RLAWWYSOJDYHDC,SHGAZHPCJJPHSC,1,1,0.50014478,0.9951728,0.00455948,0.00514165,56606b15d2b731af30344a33ca6a11986ff650ae53432c98fbcf22f64c67d7e6,643a91e0b9a1cc10067428184fff675682e61b9808c035aaa4af42bb81f063cc,d5b11d25f3b2415dc959ae176b1986eff29aab886b60ed1119de835aef19a109,ddddaf0
eviddie-19940419-19940419,19940419,19940419,rare,5shot,0,EviDDIE,PT-18498415,RLAWWYSOJDYHDC,XEEYBQQBJWHFJM,1,1,0.50012642,0.99588352,0.00387948,0.00438734,56606b15d2b731af30344a33ca6a11986ff650ae53432c98fbcf22f64c67d7e6,643a91e0b9a1cc10067428184fff675682e61b9808c035aaa4af42bb81f063cc,d5b11d25f3b2415dc959ae176b1986eff29aab886b60ed1119de835aef19a109,ddddaf0
eviddie-19940419-19940419,19940419,19940419,rare,5shot,0,EviDDIE,PT-18498415,BRUQQQPBMZOVGD,QRXWMOHMRWLFEY,0,1,0.50013912,0.99539763,0.00434428,0.00490321,56606b15d2b731af30344a33ca6a11986ff650ae53432c98fbcf22f64c67d7e6,643a91e0b9a1cc10067428184fff675682e61b9808c035aaa4af42bb81f063cc,d5b11d25f3b2415dc959ae176b1986eff29aab886b60ed1119de835aef19a109,ddddaf0
eviddie-19940419-19940419,19940419,19940419,rare,5shot,0,EviDDIE,PT-18498415,BSYNRYMUTXBXSQ,ZZVUWRFHKOJYTH,0,1,0.50012857,0.99580485,0.00395467,0.00447107,56606b15d2b731af30344a33ca6a11986ff650ae53432c98fbcf22f64c67d7e6,643a91e0b9a1cc10067428184fff675682e61b9808c035aaa4af42bb81f063cc,d5b11d25f3b2415dc959ae176b1986eff29aab886b60ed1119de835aef19a109,ddddaf0
eviddie-19940419-19940419,19940419,19940419,rare,5shot,0,EviDDIE,PT-18498415,CEAZRRDELHUEMR,IAVUPMFITXYVAF,0,1,0.50013977,0.99536997,0.0043706,0.00493239,56606b15d2b731af30344a33ca6a11986ff650ae53432c98fbcf22f64c67d7e6,643a91e0b9a1cc10067428184fff675682e61b9808c035aaa4af42bb81f063cc,d5b11d25f3b2415dc959ae176b1986eff29aab886b60ed1119de835aef19a109,ddddaf0
eviddie-19940419-19940419,19940419,19940419,rare,5shot,0,EviDDIE,PT-18498415,QWCRAEMEVRGPNT,WIKYUJGCLQQFNW,0,1,0.50015336,0.99483478,0.0048836,0.00550037,56606b15d2b731af30344a33ca6a11986ff650ae53432c98fbcf22f64c67d7e6,643a91e0b9a1cc10067428184fff675682e61b9808c035aaa4af42bb81f063cc,d5b11d25f3b2415dc959ae176b1986eff29aab886b60ed1119de835aef19a109,ddddaf0
eviddie-19940419-19940419,19940419,19940419,rare,5shot,0,EviDDIE,PT-18498415,RLAWWYSOJDYHDC,JUKPWJGBANNWMW,0,1,0.50015229,0.9948768,0.00484334,0.00545579,56606b15d2b731af30344a33ca6a11986ff650ae53432c98fbcf22f64c67d7e6,643a91e0b9a1cc10067428184fff675682e61b9808c035aaa4af42bb81f063cc,d5b11d25f3b2415dc959ae176b1986eff29aab886b60ed1119de835aef19a109,ddddaf0
eviddie-19940419-19940419,19940419,19940419,rare,5shot,0,EviDDIE,PT-18498415,RLAWWYSOJDYHDC,FELGMEQIXOGIFQ,0,1,0.50013572,0.99553114,0.00421645,0.00476154,56606b15d2b731af30344a33ca6a11986ff650ae53432c98fbcf22f64c67d7e6,643a91e0b9a1cc10067428184fff675682e61b9808c035aaa4af42bb81f063cc,d5b11d25f3b2415dc959ae176b1986eff29aab886b60ed1119de835aef19a109,ddddaf0
eviddie-19940419-19940419,19940419,19940419,rare,5shot,0,EviDDIE,PT-18886153,AAOVKJBEBIDNHE,XFYDIVBRZNQMJC,1,1,0.50013804,0.99543709,0.00430636,0.00486125,56606b15d2b731af30344a33ca6a11986ff650ae53432c98fbcf22f64c67d7e6,643a91e0b9a1cc10067428184fff675682e61b9808c035aaa4af42bb81f063cc,d5b11d25f3b2415dc959ae176b1986eff29aab886b60ed1119de835aef19a109,ddddaf0
eviddie-19940419-19940419,19940419,19940419,rare,5shot,0,EviDDIE,PT-18886153,AAOVKJBEBIDNHE,ZQDWXGKKHFNSQK,1,1,0.5001393,0.99539053,0.00435094,0.00491069,56606b15d2b731af30344a33ca6a11986ff650ae53432c98fbcf22f64c67d7e6,643a91e0b9a1cc10067428184fff675682e61b9808c035aaa4af42bb81f063cc,d5b11d25f3b2415dc959ae176b1986eff29aab886b60ed1119de835aef19a109,ddddaf0
eviddie-19940419-19940419,19940419,19940419,rare,5shot,0,EviDDIE,PT-18886153,AQHHHDLHHXJYJD,SNIOPGDIGTZGOP,1,1,0.50012618,0.99589443,0.00386897,0.00437592,56606b15d2b731af30344a33ca6a11986ff650ae53432c98fbcf22f64c67d7e6,643a91e0b9a1cc10067428184fff675682e61b9808c035aaa4af42bb81f063cc,d5b11d25f3b2415dc959ae176b1986eff29aab886b60ed1119de835aef19a109,ddddaf0
eviddie-19940419-19940419,19940419,19940419,rare,5shot,0,EviDDIE,PT-18886153,AUYYCJSJGJYCDS,RGHNJXZEOKUKBD,1,1,0.50012296,0.99601835,0.0037507,0.00424448,56606b15d2b731af30344a33ca6a11986ff650ae53432c98fbcf22f64c67d7e6,643a91e0b9a1cc10067428184fff675682e61b9808c035aaa4af42bb81f063cc,d5b11d25f3b2415dc959ae176b1986eff29aab886b60ed1119de835aef19a109,ddddaf0
eviddie-19940419-19940419,19940419,19940419,rare,5shot,0,EviDDIE,PT-18886153,CURUTKGFNZGFSE,ZEUITGRIYCTCEM,1,1,0.500139,0.99540162,0.00434036,0.00489893,56606b15d2b731af30344a33ca6a11986ff650ae53432c98fbcf22f64c67d7e6,643a91e0b9a1cc10067428184fff675682e61b9808c035aaa4af42bb81f063cc,d5b11d25f3b2415dc959ae176b1986eff29aab886b60ed1119de835aef19a109,ddddaf0
eviddie-19940419-19940419,19940419,19940419,rare,5shot,0,EviDDIE,PT-18886153,DLNKOYKMWOXYQA,NNJVILVZKWQKPM,1,1,0.50012559,0.99591643,0.00384801,0.0043526,56606b15d2b731af30344a33ca6a11986ff650ae53432c98fbcf22f64c67d7e6,643a91e0b9a1cc10067428184fff675682e61b9808c035aaa4af42bb81f063cc,d5b11d25f3b2415dc959ae176b1986eff29aab886b60ed1119de835aef19a109,ddddaf0
eviddie-19940419-19940419,19940419,19940419,rare,5shot,0,EviDDIE,PT-18886153,MNDBXUUTURYVHR,XFYDIVBRZNQMJC,1,1,0.500135,0.99555641,0.00419215,0.0047346,56606b15d2b731af30344a33ca6a11986ff650ae53432c98fbcf22f64c67d7e6,643a91e0b9a1cc10067428184fff675682e61b9808c035aaa4af42bb81f063cc,d5b11d25f3b2415dc959ae176b1986eff29aab886b60ed1119de835aef19a109,ddddaf0
eviddie-19940419-19940419,19940419,19940419,rare,5shot,0,EviDDIE,PT-18886153,URKOMYMAXPYINW,ZZUFCTLCJUWOSV,1,1,0.50013566,0.99553347,0.00421422,0.0047591,56606b15d2b731af30344a33ca6a11986ff650ae53432c98fbcf22f64c67d7e6,643a91e0b9a1cc10067428184fff675682e61b9808c035aaa4af42bb81f063cc,d5b11d25f3b2415dc959ae176b1986eff29aab886b60ed1119de835aef19a109,ddddaf0
eviddie-19940419-19940419,19940419,19940419,rare,5shot,0,EviDDIE,PT-18886153,XUFQPHANEAPEMJ,ZQDWXGKKHFNSQK,1,1,0.50013053,0.99572963,0.00402655,0.00455085,56606b15d2b731af30344a33ca6a11986ff650ae53432c98fbcf22f64c67d7e6,643a91e0b9a1cc10067428184fff675682e61b9808c035aaa4af42bb81f063cc,d5b11d25f3b2415dc959ae176b1986eff29aab886b60ed1119de835aef19a109,ddddaf0
eviddie-19940419-19940419,19940419,19940419,rare,5shot,0,EviDDIE,PT-18886153,AAOVKJBEBIDNHE,LSQZJLSUYDQPKJ,0,1,0.50014192,0.99528754,0.00444948,0.00501987,56606b15d2b731af30344a33ca6a11986ff650ae53432c98fbcf22f64c67d7e6,643a91e0b9a1cc10067428184fff675682e61b9808c035aaa4af42bb81f063cc,d5b11d25f3b2415dc959ae176b1986eff29aab886b60ed1119de835aef19a109,ddddaf0
eviddie-19940419-19940419,19940419,19940419,rare,5shot,0,EviDDIE,PT-18886153,AAOVKJBEBIDNHE,AAOVKJBEBIDNHE,0,1,0.50013983,0.99537045,0.00437024,0.00493207,56606b15d2b731af30344a33ca6a11986ff650ae53432c98fbcf22f64c67d7e6,643a91e0b9a1cc10067428184fff675682e61b9808c035aaa4af42bb81f063cc,d5b11d25f3b2415dc959ae176b1986eff29aab886b60ed1119de835aef19a109,ddddaf0
eviddie-19940419-19940419,19940419,19940419,rare,5shot,0,EviDDIE,PT-18886153,AQHHHDLHHXJYJD,CMWTZPSULFXXJA,0,1,0.50012708,0.99586272,0.00389937,0.0044097,56606b15d2b731af30344a33ca6a11986ff650ae53432c98fbcf22f64c67d7e6,643a91e0b9a1cc10067428184fff675682e61b9808c035aaa4af42bb81f063cc,d5b11d25f3b2415dc959ae176b1986eff29aab886b60ed1119de835aef19a109,ddddaf0
eviddie-19940419-19940419,19940419,19940419,rare,5shot,0,EviDDIE,PT-18886153,AUYYCJSJGJYCDS,BFPYWIDHMRZLRN,0,1,0.50014317,0.99524105,0.00449417,0.00506933,56606b15d2b731af30344a33ca6a11986ff650ae53432c98fbcf22f64c67d7e6,643a91e0b9a1cc10067428184fff675682e61b9808c035aaa4af42bb81f063cc,d5b11d25f3b2415dc959ae176b1986eff29aab886b60ed1119de835aef19a109,ddddaf0
eviddie-19940419-19940419,19940419,19940419,rare,5shot,0,EviDDIE,PT-18886153,CURUTKGFNZGFSE,RMRCNWBMXRMIRW,0,1,0.50015205,0.99488884,0.00483181,0.00544312,56606b15d2b731af30344a33ca6a11986ff650ae53432c98fbcf22f64c67d7e6,643a91e0b9a1cc10067428184fff675682e61b9808c035aaa4af42bb81f063cc,d5b11d25f3b2415dc959ae176b1986eff29aab886b60ed1119de835aef19a109,ddddaf0
eviddie-19940419-19940419,19940419,19940419,rare,5shot,0,EviDDIE,PT-18886153,DLNKOYKMWOXYQA,FABPRXSRWADJSP,0,1,0.5001381,0.99543637,0.0043071,0.00486205,56606b15d2b731af30344a33ca6a11986ff650ae53432c98fbcf22f64c67d7e6,643a91e0b9a1cc10067428184fff675682e61b9808c035aaa4af42bb81f063cc,d5b11d25f3b2415dc959ae176b1986eff29aab886b60ed1119de835aef19a109,ddddaf0
eviddie-19940419-19940419,19940419,19940419,rare,5shot,0,EviDDIE,PT-18886153,MNDBXUUTURYVHR,CURUTKGFNZGFSE,0,1,0.50014126,0.99531281,0.00442534,0.00499307,56606b15d2b731af30344a33ca6a11986ff650ae53432c98fbcf22f64c67d7e6,643a91e0b9a1cc10067428184fff675682e61b9808c035aaa4af42bb81f063cc,d5b11d25f3b2415dc959ae176b1986eff29aab886b60ed1119de835aef19a109,ddddaf0
eviddie-19940419-19940419,19940419,19940419,rare,5shot,0,EviDDIE,PT-18886153,URKOMYMAXPYINW,KWGRBVOPPLSCSI,0,1,0.50013435,0.99558121,0.0041685,0.00470834,56606b15d2b731af30344a33ca6a11986ff650ae53432c98fbcf22f64c67d7e6,643a91e0b9a1cc10067428184fff675682e61b9808c035aaa4af42bb81f063cc,d5b11d25f3b2415dc959ae176b1986eff29aab886b60ed1119de835aef19a109,ddddaf0
eviddie-19940419-19940419,19940419,19940419,rare,5shot,0,EviDDIE,PT-18886153,XUFQPHANEAPEMJ,ZZUFCTLCJUWOSV,0,1,0.50012356,0.99599636,0.00377166,0.00426779,56606b15d2b731af30344a33ca6a11986ff650ae53432c98fbcf22f64c67d7e6,643a91e0b9a1cc10067428184fff675682e61b9808c035aaa4af42bb81f063cc,d5b11d25f3b2415dc959ae176b1986eff29aab886b60ed1119de835aef19a109,ddddaf0
eviddie-20230801-19940419,20230801,19940419,rare,5shot,0,EviDDIE,PT-11090837,BOVGTQGAOIONJV,OIGNJSKKLXVSLS,1,1,0.50127208,0.89010578,0.12060353,0.12632023,fe0b1e9b4160439ea16a4c1977115a5d1be23db6f9bb65e508e413498830e2ee,643a91e0b9a1cc10067428184fff675682e61b9808c035aaa4af42bb81f063cc,d5b11d25f3b2415dc959ae176b1986eff29aab886b60ed1119de835aef19a109,ddddaf0
eviddie-20230801-19940419,20230801,19940419,rare,5shot,0,EviDDIE,PT-11090837,BVKZGUZCCUSVTD,CDAISMWEOUEBRE,1,1,0.50110769,0.89888704,0.11002231,0.11495148,fe0b1e9b4160439ea16a4c1977115a5d1be23db6f9bb65e508e413498830e2ee,643a91e0b9a1cc10067428184fff675682e61b9808c035aaa4af42bb81f063cc,d5b11d25f3b2415dc959ae176b1986eff29aab886b60ed1119de835aef19a109,ddddaf0
eviddie-20230801-19940419,20230801,19940419,rare,5shot,0,EviDDIE,PT-11090837,GBBSUAFBMRNDJC,MBMBGCFOFBJSGT,1,1,0.50118113,0.89497179,0.11471402,0.11999318,fe0b1e9b4160439ea16a4c1977115a5d1be23db6f9bb65e508e413498830e2ee,643a91e0b9a1cc10067428184fff675682e61b9808c035aaa4af42bb81f063cc,d5b11d25f3b2415dc959ae176b1986eff29aab886b60ed1119de835aef19a109,ddddaf0
eviddie-20230801-19940419,20230801,19940419,rare,5shot,0,EviDDIE,PT-11090837,GBBSUAFBMRNDJC,WOFMFGQZHJDGCX,1,1,0.50125819,0.89085561,0.1196919,0.12534103,fe0b1e9b4160439ea16a4c1977115a5d1be23db6f9bb65e508e413498830e2ee,643a91e0b9a1cc10067428184fff675682e61b9808c035aaa4af42bb81f063cc,d5b11d25f3b2415dc959ae176b1986eff29aab886b60ed1119de835aef19a109,ddddaf0
eviddie-20230801-19940419,20230801,19940419,rare,5shot,0,EviDDIE,PT-11090837,HPNSFSBZBAHARI,OIGNJSKKLXVSLS,1,1,0.50128108,0.88963288,0.12117931,0.12693919,fe0b1e9b4160439ea16a4c1977115a5d1be23db6f9bb65e508e413498830e2ee,643a91e0b9a1cc10067428184fff675682e61b9808c035aaa4af42bb81f063cc,d5b11d25f3b2415dc959ae176b1986eff29aab886b60ed1119de835aef19a109,ddddaf0
eviddie-20230801-19940419,20230801,19940419,rare,5shot,0,EviDDIE,PT-11090837,HPNSFSBZBAHARI,SEEPANYCNGTZFQ,1,1,0.50129688,0.88876551,0.12223794,0.12807451,fe0b1e9b4160439ea16a4c1977115a5d1be23db6f9bb65e508e413498830e2ee,643a91e0b9a1cc10067428184fff675682e61b9808c035aaa4af42bb81f063cc,d5b11d25f3b2415dc959ae176b1986eff29aab886b60ed1119de835aef19a109,ddddaf0
eviddie-20230801-19940419,20230801,19940419,rare,5shot,0,EviDDIE,PT-11090837,IEDVJHCEMCRBQM,RMRCNWBMXRMIRW,1,1,0.5012939,0.88898009,0.12197359,0.12779559,fe0b1e9b4160439ea16a4c1977115a5d1be23db6f9bb65e508e413498830e2ee,643a91e0b9a1cc10067428184fff675682e61b9808c035aaa4af42bb81f063cc,d5b11d25f3b2415dc959ae176b1986eff29aab886b60ed1119de835aef19a109,ddddaf0
eviddie-20230801-19940419,20230801,19940419,rare,5shot,0,EviDDIE,PT-11090837,JCCNYMKQOSZNPW,SEEPANYCNGTZFQ,1,1,0.5012663,0.89039612,0.12025129,0.12594001,fe0b1e9b4160439ea16a4c1977115a5d1be23db6f9bb65e508e413498830e2ee,643a91e0b9a1cc10067428184fff675682e61b9808c035aaa4af42bb81f063cc,d5b11d25f3b2415dc959ae176b1986eff29aab886b60ed1119de835aef19a109,ddddaf0
eviddie-20230801-19940419,20230801,19940419,rare,5shot,0,EviDDIE,PT-11090837,OIGNJSKKLXVSLS,RTGDFNSFWBGLEC,1,1,0.50128222,0.88956398,0.12126351,0.12702905,fe0b1e9b4160439ea16a4c1977115a5d1be23db6f9bb65e508e413498830e2ee,643a91e0b9a1cc10067428184fff675682e61b9808c035aaa4af42bb81f063cc,d5b11d25f3b2415dc959ae176b1986eff29aab886b60ed1119de835aef19a109,ddddaf0
eviddie-20230801-19940419,20230801,19940419,rare,5shot,0,EviDDIE,PT-11090837,PJVWKTKQMONHTI,RTGDFNSFWBGLEC,1,1,0.50129944,0.88867474,0.12234674,0.12819552,fe0b1e9b4160439ea16a4c1977115a5d1be23db6f9bb65e508e413498830e2ee,643a91e0b9a1cc10067428184fff675682e61b9808c035aaa4af42bb81f063cc,d5b11d25f3b2415dc959ae176b1986eff29aab886b60ed1119de835aef19a109,ddddaf0
eviddie-20230801-19940419,20230801,19940419,rare,5shot,0,EviDDIE,PT-11090837,SNPLKNRPJHDVJA,WOFMFGQZHJDGCX,1,1,0.50132102,0.88750994,0.12377105,0.12972483,fe0b1e9b4160439ea16a4c1977115a5d1be23db6f9bb65e508e413498830e2ee,643a91e0b9a1cc10067428184fff675682e61b9808c035aaa4af42bb81f063cc,d5b11d25f3b2415dc959ae176b1986eff29aab886b60ed1119de835aef19a109,ddddaf0
eviddie-20230801-19940419,20230801,19940419,rare,5shot,0,EviDDIE,PT-11090837,BOVGTQGAOIONJV,VOVIALXJUBGFJZ,0,1,0.50127149,0.89013505,0.12056798,0.12628189,fe0b1e9b4160439ea16a4c1977115a5d1be23db6f9bb65e508e413498830e2ee,643a91e0b9a1cc10067428184fff675682e61b9808c035aaa4af42bb81f063cc,d5b11d25f3b2415dc959ae176b1986eff29aab886b60ed1119de835aef19a109,ddddaf0
eviddie-20230801-19940419,20230801,19940419,rare,5shot,0,EviDDIE,PT-11090837,BVKZGUZCCUSVTD,XPCFTKFZXHTYIP,0,1,0.50109416,0.89961988,0.10914801,0.11401303,fe0b1e9b4160439ea16a4c1977115a5d1be23db6f9bb65e508e413498830e2ee,643a91e0b9a1cc10067428184fff675682e61b9808c035aaa4af42bb81f063cc,d5b11d25f3b2415dc959ae176b1986eff29aab886b60ed1119de835aef19a109,ddddaf0
eviddie-20230801-19940419,20230801,19940419,rare,5shot,0,EviDDIE,PT-11090837,GBBSUAFBMRNDJC,JCQLYHFGKNRPGE,0,1,0.5013054,0.88835007,0.12274328,0.12862131,fe0b1e9b4160439ea16a4c1977115a5d1be23db6f9bb65e508e413498830e2ee,643a91e0b9a1cc10067428184fff675682e61b9808c035aaa4af42bb81f063cc,d5b11d25f3b2415dc959ae176b1986eff29aab886b60ed1119de835aef19a109,ddddaf0
eviddie-20230801-19940419,20230801,19940419,rare,5shot,0,EviDDIE,PT-11090837,GBBSUAFBMRNDJC,QWCRAEMEVRGPNT,0,1,0.50124377,0.89160246,0.11878612,0.12436604,fe0b1e9b4160439ea16a4c1977115a5d1be23db6f9bb65e508e413498830e2ee,643a91e0b9a1cc10067428184fff675682e61b9808c035aaa4af42bb81f063cc,d5b11d25f3b2415dc959ae176b1986eff29aab886b60ed1119de835aef19a109,ddddaf0
eviddie-20230801-19940419,20230801,19940419,rare,5shot,0,EviDDIE,PT-11090837,HPNSFSBZBAHARI,MAEIEVLCKWDQJH,0,1,0.50130451,0.88839221,0.12269231,0.12856564,fe0b1e9b4160439ea16a4c1977115a5d1be23db6f9bb65e508e413498830e2ee,643a91e0b9a1cc10067428184fff675682e61b9808c035aaa4af42bb81f063cc,d5b11d25f3b2415dc959ae176b1986eff29aab886b60ed1119de835aef19a109,ddddaf0
eviddie-20230801-19940419,20230801,19940419,rare,5shot,0,EviDDIE,PT-11090837,HPNSFSBZBAHARI,WIKYUJGCLQQFNW,0,1,0.50128609,0.88932598,0.12155499,0.12733942,fe0b1e9b4160439ea16a4c1977115a5d1be23db6f9bb65e508e413498830e2ee,643a91e0b9a1cc10067428184fff675682e61b9808c035aaa4af42bb81f063cc,d5b11d25f3b2415dc959ae176b1986eff29aab886b60ed1119de835aef19a109,ddddaf0
eviddie-20230801-19940419,20230801,19940419,rare,5shot,0,EviDDIE,PT-11090837,IEDVJHCEMCRBQM,FFGPTBGBLSHEPO,0,1,0.50125533,0.89098448,0.11953612,0.1251719,fe0b1e9b4160439ea16a4c1977115a5d1be23db6f9bb65e508e413498830e2ee,643a91e0b9a1cc10067428184fff675682e61b9808c035aaa4af42bb81f063cc,d5b11d25f3b2415dc959ae176b1986eff29aab886b60ed1119de835aef19a109,ddddaf0
eviddie-20230801-19940419,20230801,19940419,rare,5shot,0,EviDDIE,PT-11090837,JCCNYMKQOSZNPW,ASUTZQLVASHGKV,0,1,0.50124133,0.89171678,0.11864808,0.12421643,fe0b1e9b4160439ea16a4c1977115a5d1be23db6f9bb65e508e413498830e2ee,643a91e0b9a1cc10067428184fff675682e61b9808c035aaa4af42bb81f063cc,d5b11d25f3b2415dc959ae176b1986eff29aab886b60ed1119de835aef19a109,ddddaf0
eviddie-20230801-19940419,20230801,19940419,rare,5shot,0,EviDDIE,PT-11090837,OIGNJSKKLXVSLS,BFPYWIDHMRZLRN,0,1,0.50126445,0.89046597,0.12016749,0.12584752,fe0b1e9b4160439ea16a4c1977115a5d1be23db6f9bb65e508e413498830e2ee,643a91e0b9a1cc10067428184fff675682e61b9808c035aaa4af42bb81f063cc,d5b11d25f3b2415dc959ae176b1986eff29aab886b60ed1119de835aef19a109,ddddaf0
eviddie-20230801-19940419,20230801,19940419,rare,5shot,0,EviDDIE,PT-11090837,PJVWKTKQMONHTI,ZKLPARSLTMPFCP,0,1,0.50131065,0.8880527,0.12310761,0.12901106,fe0b1e9b4160439ea16a4c1977115a5d1be23db6f9bb65e508e413498830e2ee,643a91e0b9a1cc10067428184fff675682e61b9808c035aaa4af42bb81f063cc,d5b11d25f3b2415dc959ae176b1986eff29aab886b60ed1119de835aef19a109,ddddaf0
eviddie-20230801-19940419,20230801,19940419,rare,5shot,0,EviDDIE,PT-11090837,SNPLKNRPJHDVJA,KVWDHTXUZHCGIO,0,1,0.50129813,0.88868099,0.12234184,0.12818471,fe0b1e9b4160439ea16a4c1977115a5d1be23db6f9bb65e508e413498830e2ee,643a91e0b9a1cc10067428184fff675682e61b9808c035aaa4af42bb81f063cc,d5b11d25f3b2415dc959ae176b1986eff29aab886b60ed1119de835aef19a109,ddddaf0
eviddie-20230801-19940419,20230801,19940419,rare,5shot,0,EviDDIE,PT-16020885,ASUTZQLVASHGKV,HSUGRBWQSSZJOP,1,1,0.50127149,0.8901248,0.12058111,0.1262949,fe0b1e9b4160439ea16a4c1977115a5d1be23db6f9bb65e508e413498830e2ee,643a91e0b9a1cc10067428184fff675682e61b9808c035aaa4af42bb81f063cc,d5b11d25f3b2415dc959ae176b1986eff29aab886b60ed1119de835aef19a109,ddddaf0
eviddie-20230801-19940419,20230801,19940419,rare,5shot,0,EviDDIE,PT-16020885,ASUTZQLVASHGKV,HTIQEAQVCYTUBX,1,1,0.50126857,0.89031494,0.12034829,0.1260477,fe0b1e9b4160439ea16a4c1977115a5d1be23db6f9bb65e508e413498830e2ee,643a91e0b9a1cc10067428184fff675682e61b9808c035aaa4af42bb81f063cc,d5b11d25f3b2415dc959ae176b1986eff29aab886b60ed1119de835aef19a109,ddddaf0
eviddie-20230801-19940419,20230801,19940419,rare,5shot,0,EviDDIE,PT-16020885,BPRHUIZQVSMCRT,LOUPRKONTZGTKE,1,1,0.50133526,0.88672781,0.12472997,0.13075352,fe0b1e9b4160439ea16a4c1977115a5d1be23db6f9bb65e508e413498830e2ee,643a91e0b9a1cc10067428184fff675682e61b9808c035aaa4af42bb81f063cc,d5b11d25f3b2415dc959ae176b1986eff29aab886b60ed1119de835aef19a109,ddddaf0
eviddie-20230801-19940419,20230801,19940419,rare,5shot,0,EviDDIE,PT-16020885,HTIQEAQVCYTUBX,JSDRRTOADPPCHY,1,1,0.50132328,0.88739264,0.12391441,0.12987927,fe0b1e9b4160439ea16a4c1977115a5d1be23db6f9bb65e508e413498830e2ee,643a91e0b9a1cc10067428184fff675682e61b9808c035aaa4af42bb81f063cc,d5b11d25f3b2415dc959ae176b1986eff29aab886b60ed1119de835aef19a109,ddddaf0
eviddie-20230801-19940419,20230801,19940419,rare,5shot,0,EviDDIE,PT-16020885,JCQLYHFGKNRPGE,KJFMBFZCATUALV,1,1,0.50131559,0.8877418,0.12348977,0.12941752,fe0b1e9b4160439ea16a4c1977115a5d1be23db6f9bb65e508e413498830e2ee,643a91e0b9a1cc10067428184fff675682e61b9808c035aaa4af42bb81f063cc,d5b11d25f3b2415dc959ae176b1986eff29aab886b60ed1119de835aef19a109,ddddaf0
eviddie-20230801-19940419,20230801,19940419,rare,5shot,0,EviDDIE,PT-16020885,MBWXNTAXLNYFJB,SKZKKFZAGNVIMN,1,1,0.50130492,0.88836116,0.12273036,0.12860608,fe0b1e9b4160439ea16a4c1977115a5d1be23db6f9bb65e508e413498830e2ee,643a91e0b9a1cc10067428184fff675682e61b9808c035aaa4af42bb81f063cc,d5b11d25f3b2415dc959ae176b1986eff29aab886b60ed1119de835aef19a109,ddddaf0
eviddie-20230801-19940419,20230801,19940419,rare,5shot,0,EviDDIE,PT-16020885,ASUTZQLVASHGKV,UJLAWZDWDVHWOW,0,1,0.50126576,0.89041775,0.12022543,0.12591138,fe0b1e9b4160439ea16a4c1977115a5d1be23db6f9bb65e508e413498830e2ee,643a91e0b9a1cc10067428184fff675682e61b9808c035aaa4af42bb81f063cc,d5b11d25f3b2415dc959ae176b1986eff29aab886b60ed1119de835aef19a109,ddddaf0
eviddie-20230801-19940419,20230801,19940419,rare,5shot,0,EviDDIE,PT-16020885,ASUTZQLVASHGKV,KRKNYBCHXYNGOX,0,1,0.50127095,0.89023936,0.12043799,0.12614867,fe0b1e9b4160439ea16a4c1977115a5d1be23db6f9bb65e508e413498830e2ee,643a91e0b9a1cc10067428184fff675682e61b9808c035aaa4af42bb81f063cc,d5b11d25f3b2415dc959ae176b1986eff29aab886b60ed1119de835aef19a109,ddddaf0
eviddie-20230801-19940419,20230801,19940419,rare,5shot,0,EviDDIE,PT-16020885,BPRHUIZQVSMCRT,YWXYYJSYQOXTPL,0,1,0.50133669,0.88669139,0.12477317,0.13080317,fe0b1e9b4160439ea16a4c1977115a5d1be23db6f9bb65e508e413498830e2ee,643a91e0b9a1cc10067428184fff675682e61b9808c035aaa4af42bb81f063cc,d5b11d25f3b2415dc959ae176b1986eff29aab886b60ed1119de835aef19a109,ddddaf0
eviddie-20230801-19940419,20230801,19940419,rare,5shot,0,EviDDIE,PT-16020885,HTIQEAQVCYTUBX,HTQMVQVXFRQIKW,0,1,0.50130409,0.88837093,0.12272004,0.12859175,fe0b1e9b4160439ea16a4c1977115a5d1be23db6f9bb65e508e413498830e2ee,643a91e0b9a1cc10067428184fff675682e61b9808c035aaa4af42bb81f063cc,d5b11d25f3b2415dc959ae176b1986eff29aab886b60ed1119de835aef19a109,ddddaf0
eviddie-20230801-19940419,20230801,19940419,rare,5shot,0,EviDDIE,PT-16020885,JCQLYHFGKNRPGE,IAVUPMFITXYVAF,0,1,0.50136161,0.88534403,0.12642865,0.13258028,fe0b1e9b4160439ea16a4c1977115a5d1be23db6f9bb65e508e413498830e2ee,643a91e0b9a1cc10067428184fff675682e61b9808c035aaa4af42bb81f063cc,d5b11d25f3b2415dc959ae176b1986eff29aab886b60ed1119de835aef19a109,ddddaf0
eviddie-20230801-19940419,20230801,19940419,rare,5shot,0,EviDDIE,PT-16020885,MBWXNTAXLNYFJB,WIKYUJGCLQQFNW,0,1,0.50131512,0.88779008,0.12342968,0.12935503,fe0b1e9b4160439ea16a4c1977115a5d1be23db6f9bb65e508e413498830e2ee,643a91e0b9a1cc10067428184fff675682e61b9808c035aaa4af42bb81f063cc,d5b11d25f3b2415dc959ae176b1986eff29aab886b60ed1119de835aef19a109,ddddaf0
eviddie-20230801-19940419,20230801,19940419,rare,5shot,0,EviDDIE,PT-16022530,BVKZGUZCCUSVTD,KLBQZWRITKRQQV,1,1,0.50107068,0.90084004,0.10769793,0.11245203,fe0b1e9b4160439ea16a4c1977115a5d1be23db6f9bb65e508e413498830e2ee,643a91e0b9a1cc10067428184fff675682e61b9808c035aaa4af42bb81f063cc,d5b11d25f3b2415dc959ae176b1986eff29aab886b60ed1119de835aef19a109,ddddaf0
eviddie-20230801-19940419,20230801,19940419,rare,5shot,0,EviDDIE,PT-16022530,CEUORZQYGODEFX,UGJMXCAKCUNAIE,1,1,0.50126511,0.89049393,0.12013086,0.12581363,fe0b1e9b4160439ea16a4c1977115a5d1be23db6f9bb65e508e413498830e2ee,643a91e0b9a1cc10067428184fff675682e61b9808c035aaa4af42bb81f063cc,d5b11d25f3b2415dc959ae176b1986eff29aab886b60ed1119de835aef19a109,ddddaf0
eviddie-20230801-19940419,20230801,19940419,rare,5shot,0,EviDDIE,PT-16022530,CEUORZQYGODEFX,WSEQXVZVJXJVFP,1,1,0.501288,0.88924092,0.12165782,0.12745152,fe0b1e9b4160439ea16a4c1977115a5d1be23db6f9bb65e508e413498830e2ee,643a91e0b9a1cc10067428184fff675682e61b9808c035aaa4af42bb81f063cc,d5b11d25f3b2415dc959ae176b1986eff29aab886b60ed1119de835aef19a109,ddddaf0
eviddie-20230801-19940419,20230801,19940419,rare,5shot,0,EviDDIE,PT-16022530,LNEPOXFFQSENCJ,PMXMIIMHBWHSKN,1,1,0.50129986,0.8886013,0.12243855,0.12828968,fe0b1e9b4160439ea16a4c1977115a5d1be23db6f9bb65e508e413498830e2ee,643a91e0b9a1cc10067428184fff675682e61b9808c035aaa4af42bb81f063cc,d5b11d25f3b2415dc959ae176b1986eff29aab886b60ed1119de835aef19a109,ddddaf0
eviddie-20230801-19940419,20230801,19940419,rare,5shot,0,EviDDIE,PT-16022530,MVWVFYHBGMAFLY,RAPZEAPATHNIPO,1,1,0.50126338,0.89053935,0.12007789,0.12575234,fe0b1e9b4160439ea16a4c1977115a5d1be23db6f9bb65e508e413498830e2ee,643a91e0b9a1cc10067428184fff675682e61b9808c035aaa4af42bb81f063cc,d5b11d25f3b2415dc959ae176b1986eff29aab886b60ed1119de835aef19a109,ddddaf0
eviddie-20230801-19940419,20230801,19940419,rare,5shot,0,EviDDIE,PT-16022530,NJMYODHXAKYRHW,PMXMIIMHBWHSKN,1,1,0.50127685,0.88982105,0.1209516,0.12669139,fe0b1e9b4160439ea16a4c1977115a5d1be23db6f9bb65e508e413498830e2ee,643a91e0b9a1cc10067428184fff675682e61b9808c035aaa4af42bb81f063cc,d5b11d25f3b2415dc959ae176b1986eff29aab886b60ed1119de835aef19a109,ddddaf0
eviddie-20230801-19940419,20230801,19940419,rare,5shot,0,EviDDIE,PT-16022530,NJMYODHXAKYRHW,RAPZEAPATHNIPO,1,1,0.50127286,0.89002836,0.1206993,0.12641999,fe0b1e9b4160439ea16a4c1977115a5d1be23db6f9bb65e508e413498830e2ee,643a91e0b9a1cc10067428184fff675682e61b9808c035aaa4af42bb81f063cc,d5b11d25f3b2415dc959ae176b1986eff29aab886b60ed1119de835aef19a109,ddddaf0
eviddie-20230801-19940419,20230801,19940419,rare,5shot,0,EviDDIE,PT-16022530,PMXMIIMHBWHSKN,UGJMXCAKCUNAIE,1,1,0.50127059,0.89020413,0.12048332,0.12619248,fe0b1e9b4160439ea16a4c1977115a5d1be23db6f9bb65e508e413498830e2ee,643a91e0b9a1cc10067428184fff675682e61b9808c035aaa4af42bb81f063cc,d5b11d25f3b2415dc959ae176b1986eff29aab886b60ed1119de835aef19a109,ddddaf0
eviddie-20230801-19940419,20230801,19940419,rare,5shot,0,EviDDIE,PT-16022530,PMXMIIMHBWHSKN,WFPIAZLQTJBIFN,1,1,0.50126582,0.89042193,0.12022009,0.12590626,fe0b1e9b4160439ea16a4c1977115a5d1be23db6f9bb65e508e413498830e2ee,643a91e0b9a1cc10067428184fff675682e61b9808c035aaa4af42bb81f063cc,d5b11d25f3b2415dc959ae176b1986eff29aab886b60ed1119de835aef19a109,ddddaf0
eviddie-20230801-19940419,20230801,19940419,rare,5shot,0,EviDDIE,PT-16022530,URKOMYMAXPYINW,XJGVXQDUIWGIRW,1,1,0.50124627,0.89145333,0.1189678,0.12455973,fe0b1e9b4160439ea16a4c1977115a5d1be23db6f9bb65e508e413498830e2ee,643a91e0b9a1cc10067428184fff675682e61b9808c035aaa4af42bb81f063cc,d5b11d25f3b2415dc959ae176b1986eff29aab886b60ed1119de835aef19a109,ddddaf0
eviddie-20230801-19940419,20230801,19940419,rare,5shot,0,EviDDIE,PT-16022530,BVKZGUZCCUSVTD,SHGAZHPCJJPHSC,0,1,0.50102228,0.90349054,0.10455556,0.10908135,fe0b1e9b4160439ea16a4c1977115a5d1be23db6f9bb65e508e413498830e2ee,643a91e0b9a1cc10067428184fff675682e61b9808c035aaa4af42bb81f063cc,d5b11d25f3b2415dc959ae176b1986eff29aab886b60ed1119de835aef19a109,ddddaf0
eviddie-20230801-19940419,20230801,19940419,rare,5shot,0,EviDDIE,PT-16022530,CEUORZQYGODEFX,DIWRORZWFLOCLC,0,1,0.50125986,0.89073968,0.11983363,0.12549125,fe0b1e9b4160439ea16a4c1977115a5d1be23db6f9bb65e508e413498830e2ee,643a91e0b9a1cc10067428184fff675682e61b9808c035aaa4af42bb81f063cc,d5b11d25f3b2415dc959ae176b1986eff29aab886b60ed1119de835aef19a109,ddddaf0
eviddie-20230801-19940419,20230801,19940419,rare,5shot,0,EviDDIE,PT-16022530,CEUORZQYGODEFX,GFNANZIMVAIWHM,0,1,0.50127518,0.88995546,0.12078606,0.12651742,fe0b1e9b4160439ea16a4c1977115a5d1be23db6f9bb65e508e413498830e2ee,643a91e0b9a1cc10067428184fff675682e61b9808c035aaa4af42bb81f063cc,d5b11d25f3b2415dc959ae176b1986eff29aab886b60ed1119de835aef19a109,ddddaf0
eviddie-20230801-19940419,20230801,19940419,rare,5shot,0,EviDDIE,PT-16022530,LNEPOXFFQSENCJ,OIGNJSKKLXVSLS,0,1,0.50128925,0.88920116,0.12170503,0.12750474,fe0b1e9b4160439ea16a4c1977115a5d1be23db6f9bb65e508e413498830e2ee,643a91e0b9a1cc10067428184fff675682e61b9808c035aaa4af42bb81f063cc,d5b11d25f3b2415dc959ae176b1986eff29aab886b60ed1119de835aef19a109,ddddaf0
eviddie-20230801-19940419,20230801,19940419,rare,5shot,0,EviDDIE,PT-16022530,MVWVFYHBGMAFLY,WIKYUJGCLQQFNW,0,1,0.50126147,0.89064276,0.119952,0.12561736,fe0b1e9b4160439ea16a4c1977115a5d1be23db6f9bb65e508e413498830e2ee,643a91e0b9a1cc10067428184fff675682e61b9808c035aaa4af42bb81f063cc,d5b11d25f3b2415dc959ae176b1986eff29aab886b60ed1119de835aef19a109,ddddaf0
eviddie-20230801-19940419,20230801,19940419,rare,5shot,0,EviDDIE,PT-16022530,NJMYODHXAKYRHW,KQKPFRSPSRPDEB,0,1,0.5013175,0.88769042,0.12355041,0.12948726,fe0b1e9b4160439ea16a4c1977115a5d1be23db6f9bb65e508e413498830e2ee,643a91e0b9a1cc10067428184fff675682e61b9808c035aaa4af42bb81f063cc,d5b11d25f3b2415dc959ae176b1986eff29aab886b60ed1119de835aef19a109,ddddaf0
eviddie-20230801-19940419,20230801,19940419,rare,5shot,0,EviDDIE,PT-16022530,NJMYODHXAKYRHW,MOYKHGMNXAOIAT,0,1,0.50127941,0.8897447,0.12104206,0.1267938,fe0b1e9b4160439ea16a4c1977115a5d1be23db6f9bb65e508e413498830e2ee,643a91e0b9a1cc10067428184fff675682e61b9808c035aaa4af42bb81f063cc,d5b11d25f3b2415dc959ae176b1986eff29aab886b60ed1119de835aef19a109,ddddaf0
eviddie-20230801-19940419,20230801,19940419,rare,5shot,0,EviDDIE,PT-16022530,PMXMIIMHBWHSKN,LNEPOXFFQSENCJ,0,1,0.50129509,0.8888697,0.12211047,0.1279383,fe0b1e9b4160439ea16a4c1977115a5d1be23db6f9bb65e508e413498830e2ee,643a91e0b9a1cc10067428184fff675682e61b9808c035aaa4af42bb81f063cc,d5b11d25f3b2415dc959ae176b1986eff29aab886b60ed1119de835aef19a109,ddddaf0
eviddie-20230801-19940419,20230801,19940419,rare,5shot,0,EviDDIE,PT-16022530,PMXMIIMHBWHSKN,DLNKOYKMWOXYQA,0,1,0.50132227,0.88742965,0.12386999,0.12982984,fe0b1e9b4160439ea16a4c1977115a5d1be23db6f9bb65e508e413498830e2ee,643a91e0b9a1cc10067428184fff675682e61b9808c035aaa4af42bb81f063cc,d5b11d25f3b2415dc959ae176b1986eff29aab886b60ed1119de835aef19a109,ddddaf0
eviddie-20230801-19940419,20230801,19940419,rare,5shot,0,EviDDIE,PT-16022530,URKOMYMAXPYINW,ZKLPARSLTMPFCP,0,1,0.50128984,0.88914424,0.12177551,0.12757824,fe0b1e9b4160439ea16a4c1977115a5d1be23db6f9bb65e508e413498830e2ee,643a91e0b9a1cc10067428184fff675682e61b9808c035aaa4af42bb81f063cc,d5b11d25f3b2415dc959ae176b1986eff29aab886b60ed1119de835aef19a109,ddddaf0
eviddie-20230801-19940419,20230801,19940419,rare,5shot,0,EviDDIE,PT-16075454,BPZSYCZIITTYBL,DGBIGWXXNGSACT,1,1,0.50128782,0.88925886,0.12163546,0.12742843,fe0b1e9b4160439ea16a4c1977115a5d1be23db6f9bb65e508e413498830e2ee,643a91e0b9a1cc10067428184fff675682e61b9808c035aaa4af42bb81f063cc,d5b11d25f3b2415dc959ae176b1986eff29aab886b60ed1119de835aef19a109,ddddaf0
eviddie-20230801-19940419,20230801,19940419,rare,5shot,0,EviDDIE,PT-16075454,BPZSYCZIITTYBL,HSUGRBWQSSZJOP,1,1,0.50132662,0.88721567,0.12413117,0.13011211,fe0b1e9b4160439ea16a4c1977115a5d1be23db6f9bb65e508e413498830e2ee,643a91e0b9a1cc10067428184fff675682e61b9808c035aaa4af42bb81f063cc,d5b11d25f3b2415dc959ae176b1986eff29aab886b60ed1119de835aef19a109,ddddaf0
eviddie-20230801-19940419,20230801,19940419,rare,5shot,0,EviDDIE,PT-16075454,BPZSYCZIITTYBL,RYMZZMVNJRMUDD,1,1,0.50132352,0.88740355,0.12390012,0.12986597,fe0b1e9b4160439ea16a4c1977115a5d1be23db6f9bb65e508e413498830e2ee,643a91e0b9a1cc10067428184fff675682e61b9808c035aaa4af42bb81f063cc,d5b11d25f3b2415dc959ae176b1986eff29aab886b60ed1119de835aef19a109,ddddaf0
eviddie-20230801-19940419,20230801,19940419,rare,5shot,0,EviDDIE,PT-16075454,BPZSYCZIITTYBL,RZVAJINKPMORJF,1,1,0.50131106,0.88804215,0.12311981,0.12902533,fe0b1e9b4160439ea16a4c1977115a5d1be23db6f9bb65e508e413498830e2ee,643a91e0b9a1cc10067428184fff675682e61b9808c035aaa4af42bb81f063cc,d5b11d25f3b2415dc959ae176b1986eff29aab886b60ed1119de835aef19a109,ddddaf0
eviddie-20230801-19940419,20230801,19940419,rare,5shot,0,EviDDIE,PT-16075454,BPZSYCZIITTYBL,ZZVUWRFHKOJYTH,1,1,0.50134242,0.8863619,0.12517828,0.13123628,fe0b1e9b4160439ea16a4c1977115a5d1be23db6f9bb65e508e413498830e2ee,643a91e0b9a1cc10067428184fff675682e61b9808c035aaa4af42bb81f063cc,d5b11d25f3b2415dc959ae176b1986eff29aab886b60ed1119de835aef19a109,ddddaf0
eviddie-20230801-19940419,20230801,19940419,rare,5shot,0,EviDDIE,PT-16075454,HSUGRBWQSSZJOP,QAOWNCQODCNURD,1,1,0.50133902,0.88664532,0.12482622,0.13086708,fe0b1e9b4160439ea16a4c1977115a5d1be23db6f9bb65e508e413498830e2ee,643a91e0b9a1cc10067428184fff675682e61b9808c035aaa4af42bb81f063cc,d5b11d25f3b2415dc959ae176b1986eff29aab886b60ed1119de835aef19a109,ddddaf0
eviddie-20230801-19940419,20230801,19940419,rare,5shot,0,EviDDIE,PT-16075454,WDJHALXBUFZDSR,XOFYZVNMUHMLCC,1,1,0.50125873,0.89080471,0.11975456,0.12540661,fe0b1e9b4160439ea16a4c1977115a5d1be23db6f9bb65e508e413498830e2ee,643a91e0b9a1cc10067428184fff675682e61b9808c035aaa4af42bb81f063cc,d5b11d25f3b2415dc959ae176b1986eff29aab886b60ed1119de835aef19a109,ddddaf0
eviddie-20230801-19940419,20230801,19940419,rare,5shot,0,EviDDIE,PT-16075454,BPZSYCZIITTYBL,BPRHUIZQVSMCRT,0,1,0.50134951,0.8860321,0.12558116,0.13167349,fe0b1e9b4160439ea16a4c1977115a5d1be23db6f9bb65e508e413498830e2ee,643a91e0b9a1cc10067428184fff675682e61b9808c035aaa4af42bb81f063cc,d5b11d25f3b2415dc959ae176b1986eff29aab886b60ed1119de835aef19a109,ddddaf0
eviddie-20230801-19940419,20230801,19940419,rare,5shot,0,EviDDIE,PT-16075454,BPZSYCZIITTYBL,JZUFKLXOESDKRF,0,1,0.50132114,0.88750952,0.12377134,0.12972553,fe0b1e9b4160439ea16a4c1977115a5d1be23db6f9bb65e508e413498830e2ee,643a91e0b9a1cc10067428184fff675682e61b9808c035aaa4af42bb81f063cc,d5b11d25f3b2415dc959ae176b1986eff29aab886b60ed1119de835aef19a109,ddddaf0
eviddie-20230801-19940419,20230801,19940419,rare,5shot,0,EviDDIE,PT-16075454,BPZSYCZIITTYBL,YWXYYJSYQOXTPL,0,1,0.50132245,0.88744664,0.12384799,0.12980865,fe0b1e9b4160439ea16a4c1977115a5d1be23db6f9bb65e508e413498830e2ee,643a91e0b9a1cc10067428184fff675682e61b9808c035aaa4af42bb81f063cc,d5b11d25f3b2415dc959ae176b1986eff29aab886b60ed1119de835aef19a109,ddddaf0
eviddie-20230801-19940419,20230801,19940419,rare,5shot,0,EviDDIE,PT-16075454,BPZSYCZIITTYBL,LXNHXLLTXMVWPM,0,1,0.50134778,0.8860963,0.12550358,0.13158758,fe0b1e9b4160439ea16a4c1977115a5d1be23db6f9bb65e508e413498830e2ee,643a91e0b9a1cc10067428184fff675682e61b9808c035aaa4af42bb81f063cc,d5b11d25f3b2415dc959ae176b1986eff29aab886b60ed1119de835aef19a109,ddddaf0
eviddie-20230801-19940419,20230801,19940419,rare,5shot,0,EviDDIE,PT-16075454,BPZSYCZIITTYBL,BPZSYCZIITTYBL,0,1,0.501342,0.88641012,0.12511805,0.13117391,fe0b1e9b4160439ea16a4c1977115a5d1be23db6f9bb65e508e413498830e2ee,643a91e0b9a1cc10067428184fff675682e61b9808c035aaa4af42bb81f063cc,d5b11d25f3b2415dc959ae176b1986eff29aab886b60ed1119de835aef19a109,ddddaf0
eviddie-20230801-19940419,20230801,19940419,rare,5shot,0,EviDDIE,PT-16075454,HSUGRBWQSSZJOP,KGFYHTZWPPHNLQ,0,1,0.50128508,0.88940865,0.12145278,0.12723225,fe0b1e9b4160439ea16a4c1977115a5d1be23db6f9bb65e508e413498830e2ee,643a91e0b9a1cc10067428184fff675682e61b9808c035aaa4af42bb81f063cc,d5b11d25f3b2415dc959ae176b1986eff29aab886b60ed1119de835aef19a109,ddddaf0
eviddie-20230801-19940419,20230801,19940419,rare,5shot,0,EviDDIE,PT-16075454,WDJHALXBUFZDSR,NNJVILVZKWQKPM,0,1,0.50130469,0.88836306,0.12272854,0.12860328,fe0b1e9b4160439ea16a4c1977115a5d1be23db6f9bb65e508e413498830e2ee,643a91e0b9a1cc10067428184fff675682e61b9808c035aaa4af42bb81f063cc,d5b11d25f3b2415dc959ae176b1986eff29aab886b60ed1119de835aef19a109,ddddaf0
eviddie-20230801-19940419,20230801,19940419,rare,5shot,0,EviDDIE,PT-16259298,ACWBQPMHZXGDFX,SNIOPGDIGTZGOP,1,1,0.50130039,0.88869435,0.12231956,0.12817283,fe0b1e9b4160439ea16a4c1977115a5d1be23db6f9bb65e508e413498830e2ee,643a91e0b9a1cc10067428184fff675682e61b9808c035aaa4af42bb81f063cc,d5b11d25f3b2415dc959ae176b1986eff29aab886b60ed1119de835aef19a109,ddddaf0
eviddie-20230801-19940419,20230801,19940419,rare,5shot,0,EviDDIE,PT-16259298,GBBSUAFBMRNDJC,QRXWMOHMRWLFEY,1,1,0.50126123,0.89067453,0.11991257,0.12557663,fe0b1e9b4160439ea16a4c1977115a5d1be23db6f9bb65e508e413498830e2ee,643a91e0b9a1cc10067428184fff675682e61b9808c035aaa4af42bb81f063cc,d5b11d25f3b2415dc959ae176b1986eff29aab886b60ed1119de835aef19a109,ddddaf0
eviddie-20230801-19940419,20230801,19940419,rare,5shot,0,EviDDIE,PT-16259298,OEYIOHPDSNJKLS,VEQOALNAAJBPNY,1,1,0.50132936,0.88700616,0.12439047,0.13038525,fe0b1e9b4160439ea16a4c1977115a5d1be23db6f9bb65e508e413498830e2ee,643a91e0b9a1cc10067428184fff675682e61b9808c035aaa4af42bb81f063cc,d5b11d25f3b2415dc959ae176b1986eff29aab886b60ed1119de835aef19a109,ddddaf0
eviddie-20230801-19940419,20230801,19940419,rare,5shot,0,EviDDIE,PT-16259298,OVBPIULPVIDEAO,VEQOALNAAJBPNY,1,1,0.50131232,0.88794345,0.12324177,0.12915377,fe0b1e9b4160439ea16a4c1977115a5d1be23db6f9bb65e508e413498830e2ee,643a91e0b9a1cc10067428184fff675682e61b9808c035aaa4af42bb81f063cc,d5b11d25f3b2415dc959ae176b1986eff29aab886b60ed1119de835aef19a109,ddddaf0
eviddie-20230801-19940419,20230801,19940419,rare,5shot,0,EviDDIE,PT-16259298,RDOIQAHITMMDAJ,VEQOALNAAJBPNY,1,1,0.50130653,0.88824999,0.12286717,0.12875098,fe0b1e9b4160439ea16a4c1977115a5d1be23db6f9bb65e508e413498830e2ee,643a91e0b9a1cc10067428184fff675682e61b9808c035aaa4af42bb81f063cc,d5b11d25f3b2415dc959ae176b1986eff29aab886b60ed1119de835aef19a109,ddddaf0
eviddie-20230801-19940419,20230801,19940419,rare,5shot,0,EviDDIE,PT-16259298,RFHAOTPXVQNOHP,RGHNJXZEOKUKBD,1,1,0.50134027,0.88656718,0.12492272,0.13096964,fe0b1e9b4160439ea16a4c1977115a5d1be23db6f9bb65e508e413498830e2ee,643a91e0b9a1cc10067428184fff675682e61b9808c035aaa4af42bb81f063cc,d5b11d25f3b2415dc959ae176b1986eff29aab886b60ed1119de835aef19a109,ddddaf0
eviddie-20230801-19940419,20230801,19940419,rare,5shot,0,EviDDIE,PT-16259298,RYMZZMVNJRMUDD,VWPOSFSPZNDTMJ,1,1,0.50133806,0.88659918,0.12488691,0.13092378,fe0b1e9b4160439ea16a4c1977115a5d1be23db6f9bb65e508e413498830e2ee,643a91e0b9a1cc10067428184fff675682e61b9808c035aaa4af42bb81f063cc,d5b11d25f3b2415dc959ae176b1986eff29aab886b60ed1119de835aef19a109,ddddaf0
eviddie-20230801-19940419,20230801,19940419,rare,5shot,0,EviDDIE,PT-16259298,SNPLKNRPJHDVJA,VWPOSFSPZNDTMJ,1,1,0.5013622,0.8853144,0.12646478,0.13261963,fe0b1e9b4160439ea16a4c1977115a5d1be23db6f9bb65e508e413498830e2ee,643a91e0b9a1cc10067428184fff675682e61b9808c035aaa4af42bb81f063cc,d5b11d25f3b2415dc959ae176b1986eff29aab886b60ed1119de835aef19a109,ddddaf0
eviddie-20230801-19940419,20230801,19940419,rare,5shot,0,EviDDIE,PT-16259298,ACWBQPMHZXGDFX,ZKLPARSLTMPFCP,0,1,0.50132579,0.88725132,0.1240878,0.13006496,fe0b1e9b4160439ea16a4c1977115a5d1be23db6f9bb65e508e413498830e2ee,643a91e0b9a1cc10067428184fff675682e61b9808c035aaa4af42bb81f063cc,d5b11d25f3b2415dc959ae176b1986eff29aab886b60ed1119de835aef19a109,ddddaf0
eviddie-20230801-19940419,20230801,19940419,rare,5shot,0,EviDDIE,PT-16259298,GBBSUAFBMRNDJC,LXMSZDCAJNLERA,0,1,0.50124049,0.89178181,0.11856854,0.12413247,fe0b1e9b4160439ea16a4c1977115a5d1be23db6f9bb65e508e413498830e2ee,643a91e0b9a1cc10067428184fff675682e61b9808c035aaa4af42bb81f063cc,d5b11d25f3b2415dc959ae176b1986eff29aab886b60ed1119de835aef19a109,ddddaf0
eviddie-20230801-19940419,20230801,19940419,rare,5shot,0,EviDDIE,PT-16259298,OEYIOHPDSNJKLS,HTIQEAQVCYTUBX,0,1,0.50132942,0.88706958,0.12431004,0.13030457,fe0b1e9b4160439ea16a4c1977115a5d1be23db6f9bb65e508e413498830e2ee,643a91e0b9a1cc10067428184fff675682e61b9808c035aaa4af42bb81f063cc,d5b11d25f3b2415dc959ae176b1986eff29aab886b60ed1119de835aef19a109,ddddaf0
eviddie-20230801-19940419,20230801,19940419,rare,5shot,0,EviDDIE,PT-16259298,OVBPIULPVIDEAO,JUKPWJGBANNWMW,0,1,0.50127465,0.88997436,0.12076359,0.12649241,fe0b1e9b4160439ea16a4c1977115a5d1be23db6f9bb65e508e413498830e2ee,643a91e0b9a1cc10067428184fff675682e61b9808c035aaa4af42bb81f063cc,d5b11d25f3b2415dc959ae176b1986eff29aab886b60ed1119de835aef19a109,ddddaf0
eviddie-20230801-19940419,20230801,19940419,rare,5shot,0,EviDDIE,PT-16259298,RDOIQAHITMMDAJ,RGHNJXZEOKUKBD,0,1,0.50133228,0.88699275,0.12440098,0.13040896,fe0b1e9b4160439ea16a4c1977115a5d1be23db6f9bb65e508e413498830e2ee,643a91e0b9a1cc10067428184fff675682e61b9808c035aaa4af42bb81f063cc,d5b11d25f3b2415dc959ae176b1986eff29aab886b60ed1119de835aef19a109,ddddaf0
eviddie-20230801-19940419,20230801,19940419,rare,5shot,0,EviDDIE,PT-16259298,RFHAOTPXVQNOHP,BPRHUIZQVSMCRT,0,1,0.50134081,0.88648951,0.12502004,0.13106996,fe0b1e9b4160439ea16a4c1977115a5d1be23db6f9bb65e508e413498830e2ee,643a91e0b9a1cc10067428184fff675682e61b9808c035aaa4af42bb81f063cc,d5b11d25f3b2415dc959ae176b1986eff29aab886b60ed1119de835aef19a109,ddddaf0
eviddie-20230801-19940419,20230801,19940419,rare,5shot,0,EviDDIE,PT-16259298,RYMZZMVNJRMUDD,RLAWWYSOJDYHDC,0,1,0.501324,0.887366,0.12394659,0.12991482,fe0b1e9b4160439ea16a4c1977115a5d1be23db6f9bb65e508e413498830e2ee,643a91e0b9a1cc10067428184fff675682e61b9808c035aaa4af42bb81f063cc,d5b11d25f3b2415dc959ae176b1986eff29aab886b60ed1119de835aef19a109,ddddaf0
eviddie-20230801-19940419,20230801,19940419,rare,5shot,0,EviDDIE,PT-16259298,SNPLKNRPJHDVJA,PJVWKTKQMONHTI,0,1,0.50134104,0.88641894,0.12510896,0.13116044,fe0b1e9b4160439ea16a4c1977115a5d1be23db6f9bb65e508e413498830e2ee,643a91e0b9a1cc10067428184fff675682e61b9808c035aaa4af42bb81f063cc,d5b11d25f3b2415dc959ae176b1986eff29aab886b60ed1119de835aef19a109,ddddaf0
eviddie-20230801-19940419,20230801,19940419,rare,5shot,0,EviDDIE,PT-16599628,AGOYDEPGAOXOCK,KVWDHTXUZHCGIO,1,1,0.50129485,0.8888495,0.12213616,0.12796338,fe0b1e9b4160439ea16a4c1977115a5d1be23db6f9bb65e508e413498830e2ee,643a91e0b9a1cc10067428184fff675682e61b9808c035aaa4af42bb81f063cc,d5b11d25f3b2415dc959ae176b1986eff29aab886b60ed1119de835aef19a109,ddddaf0
eviddie-20230801-19940419,20230801,19940419,rare,5shot,0,EviDDIE,PT-16599628,CEUORZQYGODEFX,VREFGVBLTWBCJP,1,1,0.50126272,0.89056069,0.12005222,0.12572381,fe0b1e9b4160439ea16a4c1977115a5d1be23db6f9bb65e508e413498830e2ee,643a91e0b9a1cc10067428184fff675682e61b9808c035aaa4af42bb81f063cc,d5b11d25f3b2415dc959ae176b1986eff29aab886b60ed1119de835aef19a109,ddddaf0
eviddie-20230801-19940419,20230801,19940419,rare,5shot,0,EviDDIE,PT-16599628,GBBSUAFBMRNDJC,GFNANZIMVAIWHM,1,1,0.50126404,0.89054602,0.12006786,0.12574531,fe0b1e9b4160439ea16a4c1977115a5d1be23db6f9bb65e508e413498830e2ee,643a91e0b9a1cc10067428184fff675682e61b9808c035aaa4af42bb81f063cc,d5b11d25f3b2415dc959ae176b1986eff29aab886b60ed1119de835aef19a109,ddddaf0
eviddie-20230801-19940419,20230801,19940419,rare,5shot,0,EviDDIE,PT-16599628,GFNANZIMVAIWHM,QZUDBNBUXVUHMW,1,1,0.50126022,0.89069062,0.11989442,0.1255541,fe0b1e9b4160439ea16a4c1977115a5d1be23db6f9bb65e508e413498830e2ee,643a91e0b9a1cc10067428184fff675682e61b9808c035aaa4af42bb81f063cc,d5b11d25f3b2415dc959ae176b1986eff29aab886b60ed1119de835aef19a109,ddddaf0
eviddie-20230801-19940419,20230801,19940419,rare,5shot,0,EviDDIE,PT-16599628,JLKIGFTWXXRPMT,QZUDBNBUXVUHMW,1,1,0.50126445,0.89048046,0.12014943,0.12582916,fe0b1e9b4160439ea16a4c1977115a5d1be23db6f9bb65e508e413498830e2ee,643a91e0b9a1cc10067428184fff675682e61b9808c035aaa4af42bb81f063cc,d5b11d25f3b2415dc959ae176b1986eff29aab886b60ed1119de835aef19a109,ddddaf0
eviddie-20230801-19940419,20230801,19940419,rare,5shot,0,EviDDIE,PT-16599628,JLVVSXFLKOJNIY,KVWDHTXUZHCGIO,1,1,0.50111258,0.89865696,0.11029559,0.11524774,fe0b1e9b4160439ea16a4c1977115a5d1be23db6f9bb65e508e413498830e2ee,643a91e0b9a1cc10067428184fff675682e61b9808c035aaa4af42bb81f063cc,d5b11d25f3b2415dc959ae176b1986eff29aab886b60ed1119de835aef19a109,ddddaf0
eviddie-20230801-19940419,20230801,19940419,rare,5shot,0,EviDDIE,PT-16599628,LSQZJLSUYDQPKJ,VREFGVBLTWBCJP,1,1,0.50129277,0.88894993,0.12201425,0.12783131,fe0b1e9b4160439ea16a4c1977115a5d1be23db6f9bb65e508e413498830e2ee,643a91e0b9a1cc10067428184fff675682e61b9808c035aaa4af42bb81f063cc,d5b11d25f3b2415dc959ae176b1986eff29aab886b60ed1119de835aef19a109,ddddaf0
eviddie-20230801-19940419,20230801,19940419,rare,5shot,0,EviDDIE,PT-16599628,XLYOFNOQVPJJNP,XTULMSXFIHGYFS,1,1,0.50119728,0.89405245,0.11582419,0.12118094,fe0b1e9b4160439ea16a4c1977115a5d1be23db6f9bb65e508e413498830e2ee,643a91e0b9a1cc10067428184fff675682e61b9808c035aaa4af42bb81f063cc,d5b11d25f3b2415dc959ae176b1986eff29aab886b60ed1119de835aef19a109,ddddaf0
eviddie-20230801-19940419,20230801,19940419,rare,5shot,0,EviDDIE,PT-16599628,AGOYDEPGAOXOCK,KRKNYBCHXYNGOX,0,1,0.5013355,0.88681358,0.12462077,0.13064472,fe0b1e9b4160439ea16a4c1977115a5d1be23db6f9bb65e508e413498830e2ee,643a91e0b9a1cc10067428184fff675682e61b9808c035aaa4af42bb81f063cc,d5b11d25f3b2415dc959ae176b1986eff29aab886b60ed1119de835aef19a109,ddddaf0
eviddie-20230801-19940419,20230801,19940419,rare,5shot,0,EviDDIE,PT-16599628,CEUORZQYGODEFX,ACWBQPMHZXGDFX,0,1,0.5012973,0.88876438,0.12223814,0.12807693,fe0b1e9b4160439ea16a4c1977115a5d1be23db6f9bb65e508e413498830e2ee,643a91e0b9a1cc10067428184fff675682e61b9808c035aaa4af42bb81f063cc,d5b11d25f3b2415dc959ae176b1986eff29aab886b60ed1119de835aef19a109,ddddaf0
eviddie-20230801-19940419,20230801,19940419,rare,5shot,0,EviDDIE,PT-16599628,GBBSUAFBMRNDJC,QWCRAEMEVRGPNT,0,1,0.50124377,0.89160246,0.11878612,0.12436604,fe0b1e9b4160439ea16a4c1977115a5d1be23db6f9bb65e508e413498830e2ee,643a91e0b9a1cc10067428184fff675682e61b9808c035aaa4af42bb81f063cc,d5b11d25f3b2415dc959ae176b1986eff29aab886b60ed1119de835aef19a109,ddddaf0
eviddie-20230801-19940419,20230801,19940419,rare,5shot,0,EviDDIE,PT-16599628,GFNANZIMVAIWHM,RZEKVGVHFLEQIL,0,1,0.50130892,0.88811409,0.12303378,0.12892912,fe0b1e9b4160439ea16a4c1977115a5d1be23db6f9bb65e508e413498830e2ee,643a91e0b9a1cc10067428184fff675682e61b9808c035aaa4af42bb81f063cc,d5b11d25f3b2415dc959ae176b1986eff29aab886b60ed1119de835aef19a109,ddddaf0
eviddie-20230801-19940419,20230801,19940419,rare,5shot,0,EviDDIE,PT-16599628,JLKIGFTWXXRPMT,TTWJBBZEZQICBI,0,1,0.50132072,0.88754666,0.12372507,0.12967755,fe0b1e9b4160439ea16a4c1977115a5d1be23db6f9bb65e508e413498830e2ee,643a91e0b9a1cc10067428184fff675682e61b9808c035aaa4af42bb81f063cc,d5b11d25f3b2415dc959ae176b1986eff29aab886b60ed1119de835aef19a109,ddddaf0
eviddie-20230801-19940419,20230801,19940419,rare,5shot,0,EviDDIE,PT-16599628,JLVVSXFLKOJNIY,ZRVUJXDFFKFLMG,0,1,0.50113088,0.89768195,0.11146087,0.11649983,fe0b1e9b4160439ea16a4c1977115a5d1be23db6f9bb65e508e413498830e2ee,643a91e0b9a1cc10067428184fff675682e61b9808c035aaa4af42bb81f063cc,d5b11d25f3b2415dc959ae176b1986eff29aab886b60ed1119de835aef19a109,ddddaf0
eviddie-20230801-19940419,20230801,19940419,rare,5shot,0,EviDDIE,PT-16599628,LSQZJLSUYDQPKJ,OVBPIULPVIDEAO,0,1,0.50132561,0.88726032,0.1240767,0.13005309,fe0b1e9b4160439ea16a4c1977115a5d1be23db6f9bb65e508e413498830e2ee,643a91e0b9a1cc10067428184fff675682e61b9808c035aaa4af42bb81f063cc,d5b11d25f3b2415dc959ae176b1986eff29aab886b60ed1119de835aef19a109,ddddaf0
eviddie-20230801-19940419,20230801,19940419,rare,5shot,0,EviDDIE,PT-16599628,XLYOFNOQVPJJNP,SUBDBMMJDZJVOS,0,1,0.50120932,0.89337546,0.11664298,0.12205753,fe0b1e9b4160439ea16a4c1977115a5d1be23db6f9bb65e508e413498830e2ee,643a91e0b9a1cc10067428184fff675682e61b9808c035aaa4af42bb81f063cc,d5b11d25f3b2415dc959ae176b1986eff29aab886b60ed1119de835aef19a109,ddddaf0
eviddie-20230801-19940419,20230801,19940419,rare,5shot,0,EviDDIE,PT-17040020,AUYYCJSJGJYCDS,MAEIEVLCKWDQJH,1,1,0.50132072,0.88753802,0.12373617,0.12968856,fe0b1e9b4160439ea16a4c1977115a5d1be23db6f9bb65e508e413498830e2ee,643a91e0b9a1cc10067428184fff675682e61b9808c035aaa4af42bb81f063cc,d5b11d25f3b2415dc959ae176b1986eff29aab886b60ed1119de835aef19a109,ddddaf0
eviddie-20230801-19940419,20230801,19940419,rare,5shot,0,EviDDIE,PT-17040020,FKNQFGJONOIPTF,PHIQHXFUZVPYII,1,1,0.50122786,0.89246893,0.11773552,0.1232388,fe0b1e9b4160439ea16a4c1977115a5d1be23db6f9bb65e508e413498830e2ee,643a91e0b9a1cc10067428184fff675682e61b9808c035aaa4af42bb81f063cc,d5b11d25f3b2415dc959ae176b1986eff29aab886b60ed1119de835aef19a109,ddddaf0
eviddie-20230801-19940419,20230801,19940419,rare,5shot,0,EviDDIE,PT-17040020,LXNHXLLTXMVWPM,VAAUVRVFOQPIGI,1,1,0.50130117,0.88857883,0.12246394,0.12832119,fe0b1e9b4160439ea16a4c1977115a5d1be23db6f9bb65e508e413498830e2ee,643a91e0b9a1cc10067428184fff675682e61b9808c035aaa4af42bb81f063cc,d5b11d25f3b2415dc959ae176b1986eff29aab886b60ed1119de835aef19a109,ddddaf0
eviddie-20230801-19940419,20230801,19940419,rare,5shot,0,EviDDIE,PT-17040020,MAEIEVLCKWDQJH,WVLOADHCBXTIJK,1,1,0.501279,0.88970947,0.12108726,0.12683755,fe0b1e9b4160439ea16a4c1977115a5d1be23db6f9bb65e508e413498830e2ee,643a91e0b9a1cc10067428184fff675682e61b9808c035aaa4af42bb81f063cc,d5b11d25f3b2415dc959ae176b1986eff29aab886b60ed1119de835aef19a109,ddddaf0
eviddie-20230801-19940419,20230801,19940419,rare,5shot,0,EviDDIE,PT-17040020,OEYIOHPDSNJKLS,ORFOPKXBNMVMKC,1,1,0.50130641,0.88827688,0.12283361,0.12871662,fe0b1e9b4160439ea16a4c1977115a5d1be23db6f9bb65e508e413498830e2ee,643a91e0b9a1cc10067428184fff675682e61b9808c035aaa4af42bb81f063cc,d5b11d25f3b2415dc959ae176b1986eff29aab886b60ed1119de835aef19a109,ddddaf0
eviddie-20230801-19940419,20230801,19940419,rare,5shot,0,EviDDIE,PT-17040020,ORFOPKXBNMVMKC,RFHAOTPXVQNOHP,1,1,0.50129873,0.88865376,0.12237477,0.12822054,fe0b1e9b4160439ea16a4c1977115a5d1be23db6f9bb65e508e413498830e2ee,643a91e0b9a1cc10067428184fff675682e61b9808c035aaa4af42bb81f063cc,d5b11d25f3b2415dc959ae176b1986eff29aab886b60ed1119de835aef19a109,ddddaf0
eviddie-20230801-19940419,20230801,19940419,rare,5shot,0,EviDDIE,PT-17040020,ORFOPKXBNMVMKC,RZVAJINKPMORJF,1,1,0.50127298,0.89005613,0.12066412,0.12638514,fe0b1e9b4160439ea16a4c1977115a5d1be23db6f9bb65e508e413498830e2ee,643a91e0b9a1cc10067428184fff675682e61b9808c035aaa4af42bb81f063cc,d5b11d25f3b2415dc959ae176b1986eff29aab886b60ed1119de835aef19a109,ddddaf0
eviddie-20230801-19940419,20230801,19940419,rare,5shot,0,EviDDIE,PT-17040020,ORFOPKXBNMVMKC,ZKLPARSLTMPFCP,1,1,0.5012905,0.88910538,0.12182298,0.12762906,fe0b1e9b4160439ea16a4c1977115a5d1be23db6f9bb65e508e413498830e2ee,643a91e0b9a1cc10067428184fff675682e61b9808c035aaa4af42bb81f063cc,d5b11d25f3b2415dc959ae176b1986eff29aab886b60ed1119de835aef19a109,ddddaf0
eviddie-20230801-19940419,20230801,19940419,rare,5shot,0,EviDDIE,PT-17040020,ORFOPKXBNMVMKC,ZZUFCTLCJUWOSV,1,1,0.50129372,0.8889572,0.122003,0.12782416,fe0b1e9b4160439ea16a4c1977115a5d1be23db6f9bb65e508e413498830e2ee,643a91e0b9a1cc10067428184fff675682e61b9808c035aaa4af42bb81f063cc,d5b11d25f3b2415dc959ae176b1986eff29aab886b60ed1119de835aef19a109,ddddaf0
eviddie-20230801-19940419,20230801,19940419,rare,5shot,0,EviDDIE,PT-17040020,AUYYCJSJGJYCDS,UCTWMZQNUQWSLP,0,1,0.50133371,0.88684273,0.12458806,0.13060343,fe0b1e9b4160439ea16a4c1977115a5d1be23db6f9bb65e508e413498830e2ee,643a91e0b9a1cc10067428184fff675682e61b9808c035aaa4af42bb81f063cc,d5b11d25f3b2415dc959ae176b1986eff29aab886b60ed1119de835aef19a109,ddddaf0
eviddie-20230801-19940419,20230801,19940419,rare,5shot,0,EviDDIE,PT-17040020,FKNQFGJONOIPTF,FELGMEQIXOGIFQ,0,1,0.50119466,0.89416182,0.11569377,0.12103789,fe0b1e9b4160439ea16a4c1977115a5d1be23db6f9bb65e508e413498830e2ee,643a91e0b9a1cc10067428184fff675682e61b9808c035aaa4af42bb81f063cc,d5b11d25f3b2415dc959ae176b1986eff29aab886b60ed1119de835aef19a109,ddddaf0
eviddie-20230801-19940419,20230801,19940419,rare,5shot,0,EviDDIE,PT-17040020,LXNHXLLTXMVWPM,ATALOFNDEOCMKK,0,1,0.50134629,0.886159,0.12542714,0.13150418,fe0b1e9b4160439ea16a4c1977115a5d1be23db6f9bb65e508e413498830e2ee,643a91e0b9a1cc10067428184fff675682e61b9808c035aaa4af42bb81f063cc,d5b11d25f3b2415dc959ae176b1986eff29aab886b60ed1119de835aef19a109,ddddaf0
eviddie-20230801-19940419,20230801,19940419,rare,5shot,0,EviDDIE,PT-17040020,MAEIEVLCKWDQJH,PYNXFZCZUAOOQC,0,1,0.50133216,0.88694191,0.12446543,0.13047346,fe0b1e9b4160439ea16a4c1977115a5d1be23db6f9bb65e508e413498830e2ee,643a91e0b9a1cc10067428184fff675682e61b9808c035aaa4af42bb81f063cc,d5b11d25f3b2415dc959ae176b1986eff29aab886b60ed1119de835aef19a109,ddddaf0
eviddie-20230801-19940419,20230801,19940419,rare,5shot,0,EviDDIE,PT-17040020,OEYIOHPDSNJKLS,NJMYODHXAKYRHW,0,1,0.50131512,0.88777834,0.1234446,0.12936999,fe0b1e9b4160439ea16a4c1977115a5d1be23db6f9bb65e508e413498830e2ee,643a91e0b9a1cc10067428184fff675682e61b9808c035aaa4af42bb81f063cc,d5b11d25f3b2415dc959ae176b1986eff29aab886b60ed1119de835aef19a109,ddddaf0
eviddie-20230801-19940419,20230801,19940419,rare,5shot,0,EviDDIE,PT-17040020,ORFOPKXBNMVMKC,JZUFKLXOESDKRF,0,1,0.50128299,0.88952172,0.12131488,0.12708431,fe0b1e9b4160439ea16a4c1977115a5d1be23db6f9bb65e508e413498830e2ee,643a91e0b9a1cc10067428184fff675682e61b9808c035aaa4af42bb81f063cc,d5b11d25f3b2415dc959ae176b1986eff29aab886b60ed1119de835aef19a109,ddddaf0
eviddie-20230801-19940419,20230801,19940419,rare,5shot,0,EviDDIE,PT-17040020,ORFOPKXBNMVMKC,XLYOFNOQVPJJNP,0,1,0.50138044,0.88437873,0.1276156,0.13385917,fe0b1e9b4160439ea16a4c1977115a5d1be23db6f9bb65e508e413498830e2ee,643a91e0b9a1cc10067428184fff675682e61b9808c035aaa4af42bb81f063cc,d5b11d25f3b2415dc959ae176b1986eff29aab886b60ed1119de835aef19a109,ddddaf0
eviddie-20230801-19940419,20230801,19940419,rare,5shot,0,EviDDIE,PT-17040020,ORFOPKXBNMVMKC,LSQZJLSUYDQPKJ,0,1,0.50128937,0.88920009,0.1217062,0.12750629,fe0b1e9b4160439ea16a4c1977115a5d1be23db6f9bb65e508e413498830e2ee,643a91e0b9a1cc10067428184fff675682e61b9808c035aaa4af42bb81f063cc,d5b11d25f3b2415dc959ae176b1986eff29aab886b60ed1119de835aef19a109,ddddaf0
eviddie-20230801-19940419,20230801,19940419,rare,5shot,0,EviDDIE,PT-17040020,ORFOPKXBNMVMKC,WXURHACBFYSXBI,0,1,0.5012843,0.88946474,0.12138364,0.12715943,fe0b1e9b4160439ea16a4c1977115a5d1be23db6f9bb65e508e413498830e2ee,643a91e0b9a1cc10067428184fff675682e61b9808c035aaa4af42bb81f063cc,d5b11d25f3b2415dc959ae176b1986eff29aab886b60ed1119de835aef19a109,ddddaf0
eviddie-20230801-19940419,20230801,19940419,rare,5shot,0,EviDDIE,PT-17433139,ATALOFNDEOCMKK,BFPYWIDHMRZLRN,1,1,0.50131088,0.88801754,0.12315169,0.1290562,fe0b1e9b4160439ea16a4c1977115a5d1be23db6f9bb65e508e413498830e2ee,643a91e0b9a1cc10067428184fff675682e61b9808c035aaa4af42bb81f063cc,d5b11d25f3b2415dc959ae176b1986eff29aab886b60ed1119de835aef19a109,ddddaf0
eviddie-20230801-19940419,20230801,19940419,rare,5shot,0,EviDDIE,PT-17433139,ATALOFNDEOCMKK,BQJCRHHNABKAKU,1,1,0.5013063,0.88825732,0.12285858,0.12874113,fe0b1e9b4160439ea16a4c1977115a5d1be23db6f9bb65e508e413498830e2ee,643a91e0b9a1cc10067428184fff675682e61b9808c035aaa4af42bb81f063cc,d5b11d25f3b2415dc959ae176b1986eff29aab886b60ed1119de835aef19a109,ddddaf0
eviddie-20230801-19940419,20230801,19940419,rare,5shot,0,EviDDIE,PT-17433139,BFPYWIDHMRZLRN,ITRJWOMZKQRYTA,1,1,0.50125414,0.89106947,0.11943222,0.12506191,fe0b1e9b4160439ea16a4c1977115a5d1be23db6f9bb65e508e413498830e2ee,643a91e0b9a1cc10067428184fff675682e61b9808c035aaa4af42bb81f063cc,d5b11d25f3b2415dc959ae176b1986eff29aab886b60ed1119de835aef19a109,ddddaf0
eviddie-20230801-19940419,20230801,19940419,rare,5shot,0,EviDDIE,PT-17433139,BRUQQQPBMZOVGD,JYGXADMDTFJGBT,1,1,0.50125271,0.89113098,0.11935785,0.12498103,fe0b1e9b4160439ea16a4c1977115a5d1be23db6f9bb65e508e413498830e2ee,643a91e0b9a1cc10067428184fff675682e61b9808c035aaa4af42bb81f063cc,d5b11d25f3b2415dc959ae176b1986eff29aab886b60ed1119de835aef19a109,ddddaf0
eviddie-20230801-19940419,20230801,19940419,rare,5shot,0,EviDDIE,PT-17433139,JBIWCJUYHHGXTC,RZEKVGVHFLEQIL,1,1,0.50130802,0.88816476,0.12297161,0.12886266,fe0b1e9b4160439ea16a4c1977115a5d1be23db6f9bb65e508e413498830e2ee,643a91e0b9a1cc10067428184fff675682e61b9808c035aaa4af42bb81f063cc,d5b11d25f3b2415dc959ae176b1986eff29aab886b60ed1119de835aef19a109,ddddaf0
eviddie-20230801-19940419,20230801,19940419,rare,5shot,0,EviDDIE,PT-17433139,KEDYTOTWMPBSLG,KWGRBVOPPLSCSI,1,1,0.50134116,0.88643008,0.12509455,0.13114657,fe0b1e9b4160439ea16a4c1977115a5d1be23db6f9bb65e508e413498830e2ee,643a91e0b9a1cc10067428184fff675682e61b9808c035aaa4af42bb81f063cc,d5b11d25f3b2415dc959ae176b1986eff29aab886b60ed1119de835aef19a109,ddddaf0
eviddie-20230801-19940419,20230801,19940419,rare,5shot,0,EviDDIE,PT-17433139,ATALOFNDEOCMKK,RGHNJXZEOKUKBD,0,1,0.50136048,0.88548851,0.12624738,0.13239299,fe0b1e9b4160439ea16a4c1977115a5d1be23db6f9bb65e508e413498830e2ee,643a91e0b9a1cc10067428184fff675682e61b9808c035aaa4af42bb81f063cc,d5b11d25f3b2415dc959ae176b1986eff29aab886b60ed1119de835aef19a109,ddddaf0
eviddie-20230801-19940419,20230801,19940419,rare,5shot,0,EviDDIE,PT-17433139,ATALOFNDEOCMKK,BPRHUIZQVSMCRT,0,1,0.50136107,0.88541001,0.12634595,0.13249466,fe0b1e9b4160439ea16a4c1977115a5d1be23db6f9bb65e508e413498830e2ee,643a91e0b9a1cc10067428184fff675682e61b9808c035aaa4af42bb81f063cc,d5b11d25f3b2415dc959ae176b1986eff29aab886b60ed1119de835aef19a109,ddddaf0
eviddie-20230801-19940419,20230801,19940419,rare,5shot,0,EviDDIE,PT-17433139,BFPYWIDHMRZLRN,GJSURZIOUXUGAL,0,1,0.50124651,0.89145088,0.11897039,0.12456337,fe0b1e9b4160439ea16a4c1977115a5d1be23db6f9bb65e508e413498830e2ee,643a91e0b9a1cc10067428184fff675682e61b9808c035aaa4af42bb81f063cc,d5b11d25f3b2415dc959ae176b1986eff29aab886b60ed1119de835aef19a109,ddddaf0
eviddie-20230801-19940419,20230801,19940419,rare,5shot,0,EviDDIE,PT-17433139,BRUQQQPBMZOVGD,LXNHXLLTXMVWPM,0,1,0.50129426,0.88890851,0.12206312,0.12788728,fe0b1e9b4160439ea16a4c1977115a5d1be23db6f9bb65e508e413498830e2ee,643a91e0b9a1cc10067428184fff675682e61b9808c035aaa4af42bb81f063cc,d5b11d25f3b2415dc959ae176b1986eff29aab886b60ed1119de835aef19a109,ddddaf0
eviddie-20230801-19940419,20230801,19940419,rare,5shot,0,EviDDIE,PT-17433139,JBIWCJUYHHGXTC,KJADKKWYZYXHBB,0,1,0.50131303,0.88792956,0.1232579,0.12917288,fe0b1e9b4160439ea16a4c1977115a5d1be23db6f9bb65e508e413498830e2ee,643a91e0b9a1cc10067428184fff675682e61b9808c035aaa4af42bb81f063cc,d5b11d25f3b2415dc959ae176b1986eff29aab886b60ed1119de835aef19a109,ddddaf0
eviddie-20230801-19940419,20230801,19940419,rare,5shot,0,EviDDIE,PT-17433139,KEDYTOTWMPBSLG,ZQDWXGKKHFNSQK,0,1,0.50131649,0.88772404,0.12351007,0.12944216,fe0b1e9b4160439ea16a4c1977115a5d1be23db6f9bb65e508e413498830e2ee,643a91e0b9a1cc10067428184fff675682e61b9808c035aaa4af42bb81f063cc,d5b11d25f3b2415dc959ae176b1986eff29aab886b60ed1119de835aef19a109,ddddaf0
eviddie-20230801-19940419,20230801,19940419,rare,5shot,0,EviDDIE,PT-17529495,HTQMVQVXFRQIKW,IAVUPMFITXYVAF,1,1,0.50130433,0.88841903,0.12265872,0.12853119,fe0b1e9b4160439ea16a4c1977115a5d1be23db6f9bb65e508e413498830e2ee,643a91e0b9a1cc10067428184fff675682e61b9808c035aaa4af42bb81f063cc,d5b11d25f3b2415dc959ae176b1986eff29aab886b60ed1119de835aef19a109,ddddaf0
eviddie-20230801-19940419,20230801,19940419,rare,5shot,0,EviDDIE,PT-17529495,HTQMVQVXFRQIKW,NXFQHRVNIOXGAQ,1,1,0.50123489,0.89211261,0.11816626,0.12370324,fe0b1e9b4160439ea16a4c1977115a5d1be23db6f9bb65e508e413498830e2ee,643a91e0b9a1cc10067428184fff675682e61b9808c035aaa4af42bb81f063cc,d5b11d25f3b2415dc959ae176b1986eff29aab886b60ed1119de835aef19a109,ddddaf0
eviddie-20230801-19940419,20230801,19940419,rare,5shot,0,EviDDIE,PT-17529495,HXHWSAZORRCQMX,ITRJWOMZKQRYTA,1,1,0.50128996,0.88917381,0.12173823,0.1275409,fe0b1e9b4160439ea16a4c1977115a5d1be23db6f9bb65e508e413498830e2ee,643a91e0b9a1cc10067428184fff675682e61b9808c035aaa4af42bb81f063cc,d5b11d25f3b2415dc959ae176b1986eff29aab886b60ed1119de835aef19a109,ddddaf0
eviddie-20230801-19940419,20230801,19940419,rare,5shot,0,EviDDIE,PT-17529495,HXHWSAZORRCQMX,SUBDBMMJDZJVOS,1,1,0.50132352,0.88735718,0.12395895,0.12992503,fe0b1e9b4160439ea16a4c1977115a5d1be23db6f9bb65e508e413498830e2ee,643a91e0b9a1cc10067428184fff675682e61b9808c035aaa4af42bb81f063cc,d5b11d25f3b2415dc959ae176b1986eff29aab886b60ed1119de835aef19a109,ddddaf0
eviddie-20230801-19940419,20230801,19940419,rare,5shot,0,EviDDIE,PT-17529495,ITRJWOMZKQRYTA,XZWYZXLIPXDOLR,1,1,0.50123692,0.89202911,0.11826628,0.12381294,fe0b1e9b4160439ea16a4c1977115a5d1be23db6f9bb65e508e413498830e2ee,643a91e0b9a1cc10067428184fff675682e61b9808c035aaa4af42bb81f063cc,d5b11d25f3b2415dc959ae176b1986eff29aab886b60ed1119de835aef19a109,ddddaf0
eviddie-20230801-19940419,20230801,19940419,rare,5shot,0,EviDDIE,PT-17529495,KGFYHTZWPPHNLQ,ZZUFCTLCJUWOSV,1,1,0.50128245,0.88955635,0.12127258,0.12703919,fe0b1e9b4160439ea16a4c1977115a5d1be23db6f9bb65e508e413498830e2ee,643a91e0b9a1cc10067428184fff675682e61b9808c035aaa4af42bb81f063cc,d5b11d25f3b2415dc959ae176b1986eff29aab886b60ed1119de835aef19a109,ddddaf0
eviddie-20230801-19940419,20230801,19940419,rare,5shot,0,EviDDIE,PT-17529495,HTQMVQVXFRQIKW,XOFYZVNMUHMLCC,0,1,0.50126398,0.89056176,0.12004812,0.12572542,fe0b1e9b4160439ea16a4c1977115a5d1be23db6f9bb65e508e413498830e2ee,643a91e0b9a1cc10067428184fff675682e61b9808c035aaa4af42bb81f063cc,d5b11d25f3b2415dc959ae176b1986eff29aab886b60ed1119de835aef19a109,ddddaf0
eviddie-20230801-19940419,20230801,19940419,rare,5shot,0,EviDDIE,PT-17529495,HTQMVQVXFRQIKW,FELGMEQIXOGIFQ,0,1,0.50128144,0.8895874,0.12123581,0.12699762,fe0b1e9b4160439ea16a4c1977115a5d1be23db6f9bb65e508e413498830e2ee,643a91e0b9a1cc10067428184fff675682e61b9808c035aaa4af42bb81f063cc,d5b11d25f3b2415dc959ae176b1986eff29aab886b60ed1119de835aef19a109,ddddaf0
eviddie-20230801-19940419,20230801,19940419,rare,5shot,0,EviDDIE,PT-17529495,HXHWSAZORRCQMX,PYNXFZCZUAOOQC,0,1,0.50132847,0.88713825,0.12422517,0.13021499,fe0b1e9b4160439ea16a4c1977115a5d1be23db6f9bb65e508e413498830e2ee,643a91e0b9a1cc10067428184fff675682e61b9808c035aaa4af42bb81f063cc,d5b11d25f3b2415dc959ae176b1986eff29aab886b60ed1119de835aef19a109,ddddaf0
eviddie-20230801-19940419,20230801,19940419,rare,5shot,0,EviDDIE,PT-17529495,HXHWSAZORRCQMX,BPZSYCZIITTYBL,0,1,0.50132638,0.88723367,0.12410887,0.1300887,fe0b1e9b4160439ea16a4c1977115a5d1be23db6f9bb65e508e413498830e2ee,643a91e0b9a1cc10067428184fff675682e61b9808c035aaa4af42bb81f063cc,d5b11d25f3b2415dc959ae176b1986eff29aab886b60ed1119de835aef19a109,ddddaf0
eviddie-20230801-19940419,20230801,19940419,rare,5shot,0,EviDDIE,PT-17529495,ITRJWOMZKQRYTA,VWPOSFSPZNDTMJ,0,1,0.50131536,0.88779914,0.12341774,0.12934406,fe0b1e9b4160439ea16a4c1977115a5d1be23db6f9bb65e508e413498830e2ee,643a91e0b9a1cc10067428184fff675682e61b9808c035aaa4af42bb81f063cc,d5b11d25f3b2415dc959ae176b1986eff29aab886b60ed1119de835aef19a109,ddddaf0
eviddie-20230801-19940419,20230801,19940419,rare,5shot,0,EviDDIE,PT-17529495,KGFYHTZWPPHNLQ,FKNQFGJONOIPTF,0,1,0.50134462,0.88631773,0.12522933,0.13129787,fe0b1e9b4160439ea16a4c1977115a5d1be23db6f9bb65e508e413498830e2ee,643a91e0b9a1cc10067428184fff675682e61b9808c035aaa4af42bb81f063cc,d5b11d25f3b2415dc959ae176b1986eff29aab886b60ed1119de835aef19a109,ddddaf0
eviddie-20230801-19940419,20230801,19940419,rare,5shot,0,EviDDIE,PT-17556663,FFGPTBGBLSHEPO,MBUVEWMHONZEQD,1,1,0.50123245,0.8921572,0.11811575,0.12364152,fe0b1e9b4160439ea16a4c1977115a5d1be23db6f9bb65e508e413498830e2ee,643a91e0b9a1cc10067428184fff675682e61b9808c035aaa4af42bb81f063cc,d5b11d25f3b2415dc959ae176b1986eff29aab886b60ed1119de835aef19a109,ddddaf0
eviddie-20230801-19940419,20230801,19940419,rare,5shot,0,EviDDIE,PT-17556663,FFGPTBGBLSHEPO,ZRVUJXDFFKFLMG,1,1,0.50122589,0.89253026,0.11766325,0.12315714,fe0b1e9b4160439ea16a4c1977115a5d1be23db6f9bb65e508e413498830e2ee,643a91e0b9a1cc10067428184fff675682e61b9808c035aaa4af42bb81f063cc,d5b11d25f3b2415dc959ae176b1986eff29aab886b60ed1119de835aef19a109,ddddaf0
eviddie-20230801-19940419,20230801,19940419,rare,5shot,0,EviDDIE,PT-17556663,HYIMSNHJOBLJNT,NGBFQHCMQULJNZ,1,1,0.50129664,0.88880301,0.12219099,0.12802655,fe0b1e9b4160439ea16a4c1977115a5d1be23db6f9bb65e508e413498830e2ee,643a91e0b9a1cc10067428184fff675682e61b9808c035aaa4af42bb81f063cc,d5b11d25f3b2415dc959ae176b1986eff29aab886b60ed1119de835aef19a109,ddddaf0
eviddie-20230801-19940419,20230801,19940419,rare,5shot,0,EviDDIE,PT-17556663,HYIMSNHJOBLJNT,VOVIALXJUBGFJZ,1,1,0.50126928,0.89025772,0.1204188,0.12612182,fe0b1e9b4160439ea16a4c1977115a5d1be23db6f9bb65e508e413498830e2ee,643a91e0b9a1cc10067428184fff675682e61b9808c035aaa4af42bb81f063cc,d5b11d25f3b2415dc959ae176b1986eff29aab886b60ed1119de835aef19a109,ddddaf0
eviddie-20230801-19940419,20230801,19940419,rare,5shot,0,EviDDIE,PT-17556663,JIVPVXMEBJLZRO,VOVIALXJUBGFJZ,1,1,0.50128078,0.88964266,0.12116739,0.12692618,fe0b1e9b4160439ea16a4c1977115a5d1be23db6f9bb65e508e413498830e2ee,643a91e0b9a1cc10067428184fff675682e61b9808c035aaa4af42bb81f063cc,d5b11d25f3b2415dc959ae176b1986eff29aab886b60ed1119de835aef19a109,ddddaf0
eviddie-20230801-19940419,20230801,19940419,rare,5shot,0,EviDDIE,PT-17556663,JYGXADMDTFJGBT,NGBFQHCMQULJNZ,1,1,0.50129557,0.88884991,0.12213428,0.12796451,fe0b1e9b4160439ea16a4c1977115a5d1be23db6f9bb65e508e413498830e2ee,643a91e0b9a1cc10067428184fff675682e61b9808c035aaa4af42bb81f063cc,d5b11d25f3b2415dc959ae176b1986eff29aab886b60ed1119de835aef19a109,ddddaf0
eviddie-20230801-19940419,20230801,19940419,rare,5shot,0,EviDDIE,PT-17556663,FFGPTBGBLSHEPO,AQHHHDLHHXJYJD,0,1,0.50126648,0.89039016,0.1202583,0.12594795,fe0b1e9b4160439ea16a4c1977115a5d1be23db6f9bb65e508e413498830e2ee,643a91e0b9a1cc10067428184fff675682e61b9808c035aaa4af42bb81f063cc,d5b11d25f3b2415dc959ae176b1986eff29aab886b60ed1119de835aef19a109,ddddaf0
eviddie-20230801-19940419,20230801,19940419,rare,5shot,0,EviDDIE,PT-17556663,FFGPTBGBLSHEPO,NDAUXUAQIAJITI,0,1,0.50127703,0.8898536,0.12091013,0.12665063,fe0b1e9b4160439ea16a4c1977115a5d1be23db6f9bb65e508e413498830e2ee,643a91e0b9a1cc10067428184fff675682e61b9808c035aaa4af42bb81f063cc,d5b11d25f3b2415dc959ae176b1986eff29aab886b60ed1119de835aef19a109,ddddaf0
eviddie-20230801-19940419,20230801,19940419,rare,5shot,0,EviDDIE,PT-17556663,HYIMSNHJOBLJNT,VAAUVRVFOQPIGI,0,1,0.50127017,0.89022595,0.12045658,0.12616396,fe0b1e9b4160439ea16a4c1977115a5d1be23db6f9bb65e508e413498830e2ee,643a91e0b9a1cc10067428184fff675682e61b9808c035aaa4af42bb81f063cc,d5b11d25f3b2415dc959ae176b1986eff29aab886b60ed1119de835aef19a109,ddddaf0
eviddie-20230801-19940419,20230801,19940419,rare,5shot,0,EviDDIE,PT-17556663,HYIMSNHJOBLJNT,MVWVFYHBGMAFLY,0,1,0.50127083,0.89013535,0.1205693,0.12627999,fe0b1e9b4160439ea16a4c1977115a5d1be23db6f9bb65e508e413498830e2ee,643a91e0b9a1cc10067428184fff675682e61b9808c035aaa4af42bb81f063cc,d5b11d25f3b2415dc959ae176b1986eff29aab886b60ed1119de835aef19a109,ddddaf0
eviddie-20230801-19940419,20230801,19940419,rare,5shot,0,EviDDIE,PT-17556663,JIVPVXMEBJLZRO,RTHCYVBBDHJXIQ,0,1,0.50132102,0.88749087,0.12379504,0.12974921,fe0b1e9b4160439ea16a4c1977115a5d1be23db6f9bb65e508e413498830e2ee,643a91e0b9a1cc10067428184fff675682e61b9808c035aaa4af42bb81f063cc,d5b11d25f3b2415dc959ae176b1986eff29aab886b60ed1119de835aef19a109,ddddaf0
eviddie-20230801-19940419,20230801,19940419,rare,5shot,0,EviDDIE,PT-17556663,JYGXADMDTFJGBT,XZWYZXLIPXDOLR,0,1,0.50123304,0.89222741,0.11802664,0.12355442,fe0b1e9b4160439ea16a4c1977115a5d1be23db6f9bb65e508e413498830e2ee,643a91e0b9a1cc10067428184fff675682e61b9808c035aaa4af42bb81f063cc,d5b11d25f3b2415dc959ae176b1986eff29aab886b60ed1119de835aef19a109,ddddaf0
eviddie-20230801-19940419,20230801,19940419,rare,5shot,0,EviDDIE,PT-17730751,AGOYDEPGAOXOCK,FEBLZLNTKCEFIT,1,1,0.50132865,0.88710588,0.12426578,0.13025667,fe0b1e9b4160439ea16a4c1977115a5d1be23db6f9bb65e508e413498830e2ee,643a91e0b9a1cc10067428184fff675682e61b9808c035aaa4af42bb81f063cc,d5b11d25f3b2415dc959ae176b1986eff29aab886b60ed1119de835aef19a109,ddddaf0
eviddie-20230801-19940419,20230801,19940419,rare,5shot,0,EviDDIE,PT-17730751,AYXYPKUFHZROOJ,QRXWMOHMRWLFEY,1,1,0.50131416,0.8878473,0.1233594,0.12928011,fe0b1e9b4160439ea16a4c1977115a5d1be23db6f9bb65e508e413498830e2ee,643a91e0b9a1cc10067428184fff675682e61b9808c035aaa4af42bb81f063cc,d5b11d25f3b2415dc959ae176b1986eff29aab886b60ed1119de835aef19a109,ddddaf0
eviddie-20230801-19940419,20230801,19940419,rare,5shot,0,EviDDIE,PT-17730751,CNBGNNVCVSKAQZ,KUVIULQEHSCUHY,1,1,0.50131071,0.88809031,0.12305993,0.12896334,fe0b1e9b4160439ea16a4c1977115a5d1be23db6f9bb65e508e413498830e2ee,643a91e0b9a1cc10067428184fff675682e61b9808c035aaa4af42bb81f063cc,d5b11d25f3b2415dc959ae176b1986eff29aab886b60ed1119de835aef19a109,ddddaf0
eviddie-20230801-19940419,20230801,19940419,rare,5shot,0,EviDDIE,PT-17730751,FEBLZLNTKCEFIT,MQTOSJVFKKJCRP,1,1,0.50132161,0.88747245,0.12381722,0.12977393,fe0b1e9b4160439ea16a4c1977115a5d1be23db6f9bb65e508e413498830e2ee,643a91e0b9a1cc10067428184fff675682e61b9808c035aaa4af42bb81f063cc,d5b11d25f3b2415dc959ae176b1986eff29aab886b60ed1119de835aef19a109,ddddaf0
eviddie-20230801-19940419,20230801,19940419,rare,5shot,0,EviDDIE,PT-17730751,GFNANZIMVAIWHM,RYMZZMVNJRMUDD,1,1,0.5012998,0.88864106,0.12238853,0.12823915,fe0b1e9b4160439ea16a4c1977115a5d1be23db6f9bb65e508e413498830e2ee,643a91e0b9a1cc10067428184fff675682e61b9808c035aaa4af42bb81f063cc,d5b11d25f3b2415dc959ae176b1986eff29aab886b60ed1119de835aef19a109,ddddaf0
eviddie-20230801-19940419,20230801,19940419,rare,5shot,0,EviDDIE,PT-17730751,MOVRKLZUVNCBIP,QYSXJUFSXHHAJI,1,1,0.50125456,0.89104313,0.11946411,0.12509602,fe0b1e9b4160439ea16a4c1977115a5d1be23db6f9bb65e508e413498830e2ee,643a91e0b9a1cc10067428184fff675682e61b9808c035aaa4af42bb81f063cc,d5b11d25f3b2415dc959ae176b1986eff29aab886b60ed1119de835aef19a109,ddddaf0
eviddie-20230801-19940419,20230801,19940419,rare,5shot,0,EviDDIE,PT-17730751,MOVRKLZUVNCBIP,RYMZZMVNJRMUDD,1,1,0.50128651,0.88934481,0.12152988,0.12731652,fe0b1e9b4160439ea16a4c1977115a5d1be23db6f9bb65e508e413498830e2ee,643a91e0b9a1cc10067428184fff675682e61b9808c035aaa4af42bb81f063cc,d5b11d25f3b2415dc959ae176b1986eff29aab886b60ed1119de835aef19a109,ddddaf0
eviddie-20230801-19940419,20230801,19940419,rare,5shot,0,EviDDIE,PT-17730751,MOVRKLZUVNCBIP,UREBDLICKHMUKA,1,1,0.50127614,0.88988954,0.12086683,0.12660305,fe0b1e9b4160439ea16a4c1977115a5d1be23db6f9bb65e508e413498830e2ee,643a91e0b9a1cc10067428184fff675682e61b9808c035aaa4af42bb81f063cc,d5b11d25f3b2415dc959ae176b1986eff29aab886b60ed1119de835aef19a109,ddddaf0
eviddie-20230801-19940419,20230801,19940419,rare,5shot,0,EviDDIE,PT-17730751,MQTOSJVFKKJCRP,ZKLPARSLTMPFCP,1,1,0.5013358,0.88669908,0.12476513,0.13079126,fe0b1e9b4160439ea16a4c1977115a5d1be23db6f9bb65e508e413498830e2ee,643a91e0b9a1cc10067428184fff675682e61b9808c035aaa4af42bb81f063cc,d5b11d25f3b2415dc959ae176b1986eff29aab886b60ed1119de835aef19a109,ddddaf0
eviddie-20230801-19940419,20230801,19940419,rare,5shot,0,EviDDIE,PT-17730751,QRXWMOHMRWLFEY,RDOIQAHITMMDAJ,1,1,0.50127381,0.88998473,0.12075217,0.12647735,fe0b1e9b4160439ea16a4c1977115a5d1be23db6f9bb65e508e413498830e2ee,643a91e0b9a1cc10067428184fff675682e61b9808c035aaa4af42bb81f063cc,d5b11d25f3b2415dc959ae176b1986eff29aab886b60ed1119de835aef19a109,ddddaf0
eviddie-20230801-19940419,20230801,19940419,rare,5shot,0,EviDDIE,PT-17730751,AGOYDEPGAOXOCK,ATALOFNDEOCMKK,0,1,0.50135869,0.88548952,0.12624998,0.1323877,fe0b1e9b4160439ea16a4c1977115a5d1be23db6f9bb65e508e413498830e2ee,643a91e0b9a1cc10067428184fff675682e61b9808c035aaa4af42bb81f063cc,d5b11d25f3b2415dc959ae176b1986eff29aab886b60ed1119de835aef19a109,ddddaf0
eviddie-20230801-19940419,20230801,19940419,rare,5shot,0,EviDDIE,PT-17730751,AYXYPKUFHZROOJ,XXSMGPRMXLTPCZ,0,1,0.50135499,0.88569421,0.12599812,0.13211763,fe0b1e9b4160439ea16a4c1977115a5d1be23db6f9bb65e508e413498830e2ee,643a91e0b9a1cc10067428184fff675682e61b9808c035aaa4af42bb81f063cc,d5b11d25f3b2415dc959ae176b1986eff29aab886b60ed1119de835aef19a109,ddddaf0
eviddie-20230801-19940419,20230801,19940419,rare,5shot,0,EviDDIE,PT-17730751,CNBGNNVCVSKAQZ,TTWJBBZEZQICBI,0,1,0.50133169,0.88698,0.12441842,0.13042395,fe0b1e9b4160439ea16a4c1977115a5d1be23db6f9bb65e508e413498830e2ee,643a91e0b9a1cc10067428184fff675682e61b9808c035aaa4af42bb81f063cc,d5b11d25f3b2415dc959ae176b1986eff29aab886b60ed1119de835aef19a109,ddddaf0
eviddie-20230801-19940419,20230801,19940419,rare,5shot,0,EviDDIE,PT-17730751,FEBLZLNTKCEFIT,LSQZJLSUYDQPKJ,0,1,0.50130951,0.88811541,0.12303074,0.12892875,fe0b1e9b4160439ea16a4c1977115a5d1be23db6f9bb65e508e413498830e2ee,643a91e0b9a1cc10067428184fff675682e61b9808c035aaa4af42bb81f063cc,d5b11d25f3b2415dc959ae176b1986eff29aab886b60ed1119de835aef19a109,ddddaf0
eviddie-20230801-19940419,20230801,19940419,rare,5shot,0,EviDDIE,PT-17730751,GFNANZIMVAIWHM,AGOYDEPGAOXOCK,0,1,0.5013178,0.88767833,0.12356504,0.12950325,fe0b1e9b4160439ea16a4c1977115a5d1be23db6f9bb65e508e413498830e2ee,643a91e0b9a1cc10067428184fff675682e61b9808c035aaa4af42bb81f063cc,d5b11d25f3b2415dc959ae176b1986eff29aab886b60ed1119de835aef19a109,ddddaf0
eviddie-20230801-19940419,20230801,19940419,rare,5shot,0,EviDDIE,PT-17730751,MOVRKLZUVNCBIP,VAAUVRVFOQPIGI,0,1,0.50126868,0.89029604,0.12037171,0.12607199,fe0b1e9b4160439ea16a4c1977115a5d1be23db6f9bb65e508e413498830e2ee,643a91e0b9a1cc10067428184fff675682e61b9808c035aaa4af42bb81f063cc,d5b11d25f3b2415dc959ae176b1986eff29aab886b60ed1119de835aef19a109,ddddaf0
eviddie-20230801-19940419,20230801,19940419,rare,5shot,0,EviDDIE,PT-17730751,MOVRKLZUVNCBIP,WVLOADHCBXTIJK,0,1,0.50125438,0.89100754,0.11950929,0.12514058,fe0b1e9b4160439ea16a4c1977115a5d1be23db6f9bb65e508e413498830e2ee,643a91e0b9a1cc10067428184fff675682e61b9808c035aaa4af42bb81f063cc,d5b11d25f3b2415dc959ae176b1986eff29aab886b60ed1119de835aef19a109,ddddaf0
eviddie-20230801-19940419,20230801,19940419,rare,5shot,0,EviDDIE,PT-17730751,MOVRKLZUVNCBIP,OGHNVEJMJSYVRP,0,1,0.5012964,0.88877553,0.12222614,0.12806077,fe0b1e9b4160439ea16a4c1977115a5d1be23db6f9bb65e508e413498830e2ee,643a91e0b9a1cc10067428184fff675682e61b9808c035aaa4af42bb81f063cc,d5b11d25f3b2415dc959ae176b1986eff29aab886b60ed1119de835aef19a109,ddddaf0
eviddie-20230801-19940419,20230801,19940419,rare,5shot,0,EviDDIE,PT-17730751,MQTOSJVFKKJCRP,ATALOFNDEOCMKK,0,1,0.50135607,0.88562965,0.12607771,0.13220255,fe0b1e9b4160439ea16a4c1977115a5d1be23db6f9bb65e508e413498830e2ee,643a91e0b9a1cc10067428184fff675682e61b9808c035aaa4af42bb81f063cc,d5b11d25f3b2415dc959ae176b1986eff29aab886b60ed1119de835aef19a109,ddddaf0
eviddie-20230801-19940419,20230801,19940419,rare,5shot,0,EviDDIE,PT-17730751,QRXWMOHMRWLFEY,PHIQHXFUZVPYII,0,1,0.50129777,0.88879442,0.12219924,0.1280399,fe0b1e9b4160439ea16a4c1977115a5d1be23db6f9bb65e508e413498830e2ee,643a91e0b9a1cc10067428184fff675682e61b9808c035aaa4af42bb81f063cc,d5b11d25f3b2415dc959ae176b1986eff29aab886b60ed1119de835aef19a109,ddddaf0
eviddie-20230801-19940419,20230801,19940419,rare,5shot,0,EviDDIE,PT-17750120,AYXYPKUFHZROOJ,XZWYZXLIPXDOLR,1,1,0.50127107,0.89022809,0.1204519,0.12616318,fe0b1e9b4160439ea16a4c1977115a5d1be23db6f9bb65e508e413498830e2ee,643a91e0b9a1cc10067428184fff675682e61b9808c035aaa4af42bb81f063cc,d5b11d25f3b2415dc959ae176b1986eff29aab886b60ed1119de835aef19a109,ddddaf0
eviddie-20230801-19940419,20230801,19940419,rare,5shot,0,EviDDIE,PT-17750120,FABPRXSRWADJSP,OIGNJSKKLXVSLS,1,1,0.50125641,0.89094734,0.11958026,0.12522116,fe0b1e9b4160439ea16a4c1977115a5d1be23db6f9bb65e508e413498830e2ee,643a91e0b9a1cc10067428184fff675682e61b9808c035aaa4af42bb81f063cc,d5b11d25f3b2415dc959ae176b1986eff29aab886b60ed1119de835aef19a109,ddddaf0
eviddie-20230801-19940419,20230801,19940419,rare,5shot,0,EviDDIE,PT-17750120,FABPRXSRWADJSP,WIKYUJGCLQQFNW,1,1,0.50126094,0.89066547,0.1199244,0.12558746,fe0b1e9b4160439ea16a4c1977115a5d1be23db6f9bb65e508e413498830e2ee,643a91e0b9a1cc10067428184fff675682e61b9808c035aaa4af42bb81f063cc,d5b11d25f3b2415dc959ae176b1986eff29aab886b60ed1119de835aef19a109,ddddaf0
eviddie-20230801-19940419,20230801,19940419,rare,5shot,0,EviDDIE,PT-17750120,KJADKKWYZYXHBB,XZWYZXLIPXDOLR,1,1,0.50127095,0.89022219,0.12045973,0.12617038,fe0b1e9b4160439ea16a4c1977115a5d1be23db6f9bb65e508e413498830e2ee,643a91e0b9a1cc10067428184fff675682e61b9808c035aaa4af42bb81f063cc,d5b11d25f3b2415dc959ae176b1986eff29aab886b60ed1119de835aef19a109,ddddaf0
eviddie-20230801-19940419,20230801,19940419,rare,5shot,0,EviDDIE,PT-17750120,KPYSYYIEGFHWSV,XZWYZXLIPXDOLR,1,1,0.50126982,0.89030719,0.12035536,0.12606035,fe0b1e9b4160439ea16a4c1977115a5d1be23db6f9bb65e508e413498830e2ee,643a91e0b9a1cc10067428184fff675682e61b9808c035aaa4af42bb81f063cc,d5b11d25f3b2415dc959ae176b1986eff29aab886b60ed1119de835aef19a109,ddddaf0
eviddie-20230801-19940419,20230801,19940419,rare,5shot,0,EviDDIE,PT-17750120,OGHNVEJMJSYVRP,WIKYUJGCLQQFNW,1,1,0.50129539,0.88884425,0.12214158,0.12797134,fe0b1e9b4160439ea16a4c1977115a5d1be23db6f9bb65e508e413498830e2ee,643a91e0b9a1cc10067428184fff675682e61b9808c035aaa4af42bb81f063cc,d5b11d25f3b2415dc959ae176b1986eff29aab886b60ed1119de835aef19a109,ddddaf0
eviddie-20230801-19940419,20230801,19940419,rare,5shot,0,EviDDIE,PT-17750120,AYXYPKUFHZROOJ,YPCRNBPOUVJVMU,0,1,0.50137776,0.88451427,0.12744856,0.1336793,fe0b1e9b4160439ea16a4c1977115a5d1be23db6f9bb65e508e413498830e2ee,643a91e0b9a1cc10067428184fff675682e61b9808c035aaa4af42bb81f063cc,d5b11d25f3b2415dc959ae176b1986eff29aab886b60ed1119de835aef19a109,ddddaf0
eviddie-20230801-19940419,20230801,19940419,rare,5shot,0,EviDDIE,PT-17750120,FABPRXSRWADJSP,CNBGNNVCVSKAQZ,0,1,0.50128841,0.88920915,0.12169691,0.12749261,fe0b1e9b4160439ea16a4c1977115a5d1be23db6f9bb65e508e413498830e2ee,643a91e0b9a1cc10067428184fff675682e61b9808c035aaa4af42bb81f063cc,d5b11d25f3b2415dc959ae176b1986eff29aab886b60ed1119de835aef19a109,ddddaf0
eviddie-20230801-19940419,20230801,19940419,rare,5shot,0,EviDDIE,PT-17750120,FABPRXSRWADJSP,XPCFTKFZXHTYIP,0,1,0.50127798,0.88979602,0.12098066,0.12672558,fe0b1e9b4160439ea16a4c1977115a5d1be23db6f9bb65e508e413498830e2ee,643a91e0b9a1cc10067428184fff675682e61b9808c035aaa4af42bb81f063cc,d5b11d25f3b2415dc959ae176b1986eff29aab886b60ed1119de835aef19a109,ddddaf0
eviddie-20230801-19940419,20230801,19940419,rare,5shot,0,EviDDIE,PT-17750120,KJADKKWYZYXHBB,IAVUPMFITXYVAF,0,1,0.50134379,0.88629305,0.12526278,0.13132729,fe0b1e9b4160439ea16a4c1977115a5d1be23db6f9bb65e508e413498830e2ee,643a91e0b9a1cc10067428184fff675682e61b9808c035aaa4af42bb81f063cc,d5b11d25f3b2415dc959ae176b1986eff29aab886b60ed1119de835aef19a109,ddddaf0
eviddie-20230801-19940419,20230801,19940419,rare,5shot,0,EviDDIE,PT-17750120,KPYSYYIEGFHWSV,KVWDHTXUZHCGIO,0,1,0.50128615,0.88932145,0.12156039,0.12734526,fe0b1e9b4160439ea16a4c1977115a5d1be23db6f9bb65e508e413498830e2ee,643a91e0b9a1cc10067428184fff675682e61b9808c035aaa4af42bb81f063cc,d5b11d25f3b2415dc959ae176b1986eff29aab886b60ed1119de835aef19a109,ddddaf0
eviddie-20230801-19940419,20230801,19940419,rare,5shot,0,EviDDIE,PT-17750120,OGHNVEJMJSYVRP,KWMLJOLKUYYJFJ,0,1,0.50134069,0.8865549,0.12493733,0.13098621,fe0b1e9b4160439ea16a4c1977115a5d1be23db6f9bb65e508e413498830e2ee,643a91e0b9a1cc10067428184fff675682e61b9808c035aaa4af42bb81f063cc,d5b11d25f3b2415dc959ae176b1986eff29aab886b60ed1119de835aef19a109,ddddaf0
eviddie-20230801-19940419,20230801,19940419,rare,5shot,0,EviDDIE,PT-17777361,ADEBPBSSDYVVLD,DGBIGWXXNGSACT,1,1,0.50125122,0.8912124,0.11925923,0.12487485,fe0b1e9b4160439ea16a4c1977115a5d1be23db6f9bb65e508e413498830e2ee,643a91e0b9a1cc10067428184fff675682e61b9808c035aaa4af42bb81f063cc,d5b11d25f3b2415dc959ae176b1986eff29aab886b60ed1119de835aef19a109,ddddaf0
eviddie-20230801-19940419,20230801,19940419,rare,5shot,0,EviDDIE,PT-17777361,BUGYDGFZZOZRHP,IQPSEEYGBUAQFF,1,1,0.50129461,0.88886607,0.1221157,0.12794185,fe0b1e9b4160439ea16a4c1977115a5d1be23db6f9bb65e508e413498830e2ee,643a91e0b9a1cc10067428184fff675682e61b9808c035aaa4af42bb81f063cc,d5b11d25f3b2415dc959ae176b1986eff29aab886b60ed1119de835aef19a109,ddddaf0
eviddie-20230801-19940419,20230801,19940419,rare,5shot,0,EviDDIE,PT-17777361,BUGYDGFZZOZRHP,XZWYZXLIPXDOLR,1,1,0.50122434,0.89265513,0.1175103,0.12299658,fe0b1e9b4160439ea16a4c1977115a5d1be23db6f9bb65e508e413498830e2ee,643a91e0b9a1cc10067428184fff675682e61b9808c035aaa4af42bb81f063cc,d5b11d25f3b2415dc959ae176b1986eff29aab886b60ed1119de835aef19a109,ddddaf0
eviddie-20230801-19940419,20230801,19940419,rare,5shot,0,EviDDIE,PT-17777361,DRHKJLXJIQTDTD,JUKPWJGBANNWMW,1,1,0.50129396,0.88894683,0.12201542,0.12783787,fe0b1e9b4160439ea16a4c1977115a5d1be23db6f9bb65e508e413498830e2ee,643a91e0b9a1cc10067428184fff675682e61b9808c035aaa4af42bb81f063cc,d5b11d25f3b2415dc959ae176b1986eff29aab886b60ed1119de835aef19a109,ddddaf0
eviddie-20230801-19940419,20230801,19940419,rare,5shot,0,EviDDIE,PT-17777361,IQPSEEYGBUAQFF,PYNXFZCZUAOOQC,1,1,0.50133836,0.88661861,0.12486175,0.13089965,fe0b1e9b4160439ea16a4c1977115a5d1be23db6f9bb65e508e413498830e2ee,643a91e0b9a1cc10067428184fff675682e61b9808c035aaa4af42bb81f063cc,d5b11d25f3b2415dc959ae176b1986eff29aab886b60ed1119de835aef19a109,ddddaf0
eviddie-20230801-19940419,20230801,19940419,rare,5shot,0,EviDDIE,PT-17777361,JUKPWJGBANNWMW,MAEIEVLCKWDQJH,1,1,0.5012691,0.89025807,0.12041858,0.12612088,fe0b1e9b4160439ea16a4c1977115a5d1be23db6f9bb65e508e413498830e2ee,643a91e0b9a1cc10067428184fff675682e61b9808c035aaa4af42bb81f063cc,d5b11d25f3b2415dc959ae176b1986eff29aab886b60ed1119de835aef19a109,ddddaf0
eviddie-20230801-19940419,20230801,19940419,rare,5shot,0,EviDDIE,PT-17777361,JUKPWJGBANNWMW,MBWXNTAXLNYFJB,1,1,0.50127834,0.88978726,0.12099069,0.12673764,fe0b1e9b4160439ea16a4c1977115a5d1be23db6f9bb65e508e413498830e2ee,643a91e0b9a1cc10067428184fff675682e61b9808c035aaa4af42bb81f063cc,d5b11d25f3b2415dc959ae176b1986eff29aab886b60ed1119de835aef19a109,ddddaf0
eviddie-20230801-19940419,20230801,19940419,rare,5shot,0,EviDDIE,PT-17777361,OGHNVEJMJSYVRP,RTHCYVBBDHJXIQ,1,1,0.50133073,0.88699991,0.12439552,0.13039637,fe0b1e9b4160439ea16a4c1977115a5d1be23db6f9bb65e508e413498830e2ee,643a91e0b9a1cc10067428184fff675682e61b9808c035aaa4af42bb81f063cc,d5b11d25f3b2415dc959ae176b1986eff29aab886b60ed1119de835aef19a109,ddddaf0
eviddie-20230801-19940419,20230801,19940419,rare,5shot,0,EviDDIE,PT-17777361,ADEBPBSSDYVVLD,JYGXADMDTFJGBT,0,1,0.50126714,0.89037091,0.12028098,0.12597381,fe0b1e9b4160439ea16a4c1977115a5d1be23db6f9bb65e508e413498830e2ee,643a91e0b9a1cc10067428184fff675682e61b9808c035aaa4af42bb81f063cc,d5b11d25f3b2415dc959ae176b1986eff29aab886b60ed1119de835aef19a109,ddddaf0
eviddie-20230801-19940419,20230801,19940419,rare,5shot,0,EviDDIE,PT-17777361,BUGYDGFZZOZRHP,KEDYTOTWMPBSLG,0,1,0.50127631,0.88986975,0.12089159,0.1266285,fe0b1e9b4160439ea16a4c1977115a5d1be23db6f9bb65e508e413498830e2ee,643a91e0b9a1cc10067428184fff675682e61b9808c035aaa4af42bb81f063cc,d5b11d25f3b2415dc959ae176b1986eff29aab886b60ed1119de835aef19a109,ddddaf0
eviddie-20230801-19940419,20230801,19940419,rare,5shot,0,EviDDIE,PT-17777361,BUGYDGFZZOZRHP,XOFYZVNMUHMLCC,0,1,0.50125706,0.89089155,0.11964902,0.12529318,fe0b1e9b4160439ea16a4c1977115a5d1be23db6f9bb65e508e413498830e2ee,643a91e0b9a1cc10067428184fff675682e61b9808c035aaa4af42bb81f063cc,d5b11d25f3b2415dc959ae176b1986eff29aab886b60ed1119de835aef19a109,ddddaf0
eviddie-20230801-19940419,20230801,19940419,rare,5shot,0,EviDDIE,PT-17777361,DRHKJLXJIQTDTD,RZVAJINKPMORJF,0,1,0.50131977,0.8875801,0.12368487,0.12963288,fe0b1e9b4160439ea16a4c1977115a5d1be23db6f9bb65e508e413498830e2ee,643a91e0b9a1cc10067428184fff675682e61b9808c035aaa4af42bb81f063cc,d5b11d25f3b2415dc959ae176b1986eff29aab886b60ed1119de835aef19a109,ddddaf0
eviddie-20230801-19940419,20230801,19940419,rare,5shot,0,EviDDIE,PT-17777361,IQPSEEYGBUAQFF,DLNKOYKMWOXYQA,0,1,0.50134993,0.88597077,0.12565809,0.1317527,fe0b1e9b4160439ea16a4c1977115a5d1be23db6f9bb65e508e413498830e2ee,643a91e0b9a1cc10067428184fff675682e61b9808c035aaa4af42bb81f063cc,d5b11d25f3b2415dc959ae176b1986eff29aab886b60ed1119de835aef19a109,ddddaf0
eviddie-20230801-19940419,20230801,19940419,rare,5shot,0,EviDDIE,PT-17777361,JUKPWJGBANNWMW,QYSPLQLAKJAUJT,0,1,0.50123954,0.89181709,0.11852629,0.12408599,fe0b1e9b4160439ea16a4c1977115a5d1be23db6f9bb65e508e413498830e2ee,643a91e0b9a1cc10067428184fff675682e61b9808c035aaa4af42bb81f063cc,d5b11d25f3b2415dc959ae176b1986eff29aab886b60ed1119de835aef19a109,ddddaf0
eviddie-20230801-19940419,20230801,19940419,rare,5shot,0,EviDDIE,PT-17777361,JUKPWJGBANNWMW,FABPRXSRWADJSP,0,1,0.50124013,0.89177775,0.11857438,0.12413692,fe0b1e9b4160439ea16a4c1977115a5d1be23db6f9bb65e508e413498830e2ee,643a91e0b9a1cc10067428184fff675682e61b9808c035aaa4af42bb81f063cc,d5b11d25f3b2415dc959ae176b1986eff29aab886b60ed1119de835aef19a109,ddddaf0
eviddie-20230801-19940419,20230801,19940419,rare,5shot,0,EviDDIE,PT-17777361,OGHNVEJMJSYVRP,NBIIXXVUZAFLBC,0,1,0.50130242,0.88858551,0.12245248,0.12831554,fe0b1e9b4160439ea16a4c1977115a5d1be23db6f9bb65e508e413498830e2ee,643a91e0b9a1cc10067428184fff675682e61b9808c035aaa4af42bb81f063cc,d5b11d25f3b2415dc959ae176b1986eff29aab886b60ed1119de835aef19a109,ddddaf0
eviddie-20230801-19940419,20230801,19940419,rare,5shot,0,EviDDIE,PT-17926716,CEAZRRDELHUEMR,MAEIEVLCKWDQJH,1,1,0.50131685,0.88772887,0.12350339,0.12943684,fe0b1e9b4160439ea16a4c1977115a5d1be23db6f9bb65e508e413498830e2ee,643a91e0b9a1cc10067428184fff675682e61b9808c035aaa4af42bb81f063cc,d5b11d25f3b2415dc959ae176b1986eff29aab886b60ed1119de835aef19a109,ddddaf0
eviddie-20230801-19940419,20230801,19940419,rare,5shot,0,EviDDIE,PT-17926716,HSUGRBWQSSZJOP,UCTWMZQNUQWSLP,1,1,0.50132608,0.88723612,0.12410633,0.13008501,fe0b1e9b4160439ea16a4c1977115a5d1be23db6f9bb65e508e413498830e2ee,643a91e0b9a1cc10067428184fff675682e61b9808c035aaa4af42bb81f063cc,d5b11d25f3b2415dc959ae176b1986eff29aab886b60ed1119de835aef19a109,ddddaf0
eviddie-20230801-19940419,20230801,19940419,rare,5shot,0,EviDDIE,PT-17926716,HSUGRBWQSSZJOP,WIKYUJGCLQQFNW,1,1,0.50129467,0.88886911,0.12211178,0.12793814,fe0b1e9b4160439ea16a4c1977115a5d1be23db6f9bb65e508e413498830e2ee,643a91e0b9a1cc10067428184fff675682e61b9808c035aaa4af42bb81f063cc,d5b11d25f3b2415dc959ae176b1986eff29aab886b60ed1119de835aef19a109,ddddaf0
eviddie-20230801-19940419,20230801,19940419,rare,5shot,0,EviDDIE,PT-17926716,KDLRVYVGXIQJDK,VOVIALXJUBGFJZ,1,1,0.50131446,0.88784987,0.12335546,0.12927754,fe0b1e9b4160439ea16a4c1977115a5d1be23db6f9bb65e508e413498830e2ee,643a91e0b9a1cc10067428184fff675682e61b9808c035aaa4af42bb81f063cc,d5b11d25f3b2415dc959ae176b1986eff29aab886b60ed1119de835aef19a109,ddddaf0
eviddie-20230801-19940419,20230801,19940419,rare,5shot,0,EviDDIE,PT-17926716,RFHAOTPXVQNOHP,ZZVUWRFHKOJYTH,1,1,0.50133353,0.88682848,0.12460651,0.13062125,fe0b1e9b4160439ea16a4c1977115a5d1be23db6f9bb65e508e413498830e2ee,643a91e0b9a1cc10067428184fff675682e61b9808c035aaa4af42bb81f063cc,d5b11d25f3b2415dc959ae176b1986eff29aab886b60ed1119de835aef19a109,ddddaf0
eviddie-20230801-19940419,20230801,19940419,rare,5shot,0,EviDDIE,PT-17926716,VEGXETMJINRLTH,XOFYZVNMUHMLCC,1,1,0.50128514,0.88941008,0.12145104,0.1272307,fe0b1e9b4160439ea16a4c1977115a5d1be23db6f9bb65e508e413498830e2ee,643a91e0b9a1cc10067428184fff675682e61b9808c035aaa4af42bb81f063cc,d5b11d25f3b2415dc959ae176b1986eff29aab886b60ed1119de835aef19a109,ddddaf0
eviddie-20230801-19940419,20230801,19940419,rare,5shot,0,EviDDIE,PT-17926716,CEAZRRDELHUEMR,RAPZEAPATHNIPO,0,1,0.50130033,0.88855898,0.12249088,0.12834451,fe0b1e9b4160439ea16a4c1977115a5d1be23db6f9bb65e508e413498830e2ee,643a91e0b9a1cc10067428184fff675682e61b9808c035aaa4af42bb81f063cc,d5b11d25f3b2415dc959ae176b1986eff29aab886b60ed1119de835aef19a109,ddddaf0
eviddie-20230801-19940419,20230801,19940419,rare,5shot,0,EviDDIE,PT-17926716,HSUGRBWQSSZJOP,JCQLYHFGKNRPGE,0,1,0.50134176,0.88643372,0.12508854,0.13114321,fe0b1e9b4160439ea16a4c1977115a5d1be23db6f9bb65e508e413498830e2ee,643a91e0b9a1cc10067428184fff675682e61b9808c035aaa4af42bb81f063cc,d5b11d25f3b2415dc959ae176b1986eff29aab886b60ed1119de835aef19a109,ddddaf0
eviddie-20230801-19940419,20230801,19940419,rare,5shot,0,EviDDIE,PT-17926716,HSUGRBWQSSZJOP,FELGMEQIXOGIFQ,0,1,0.50130355,0.88839108,0.12269553,0.12856506,fe0b1e9b4160439ea16a4c1977115a5d1be23db6f9bb65e508e413498830e2ee,643a91e0b9a1cc10067428184fff675682e61b9808c035aaa4af42bb81f063cc,d5b11d25f3b2415dc959ae176b1986eff29aab886b60ed1119de835aef19a109,ddddaf0
eviddie-20230801-19940419,20230801,19940419,rare,5shot,0,EviDDIE,PT-17926716,KDLRVYVGXIQJDK,QZUDBNBUXVUHMW,0,1,0.50129491,0.88884723,0.12213906,0.12796643,fe0b1e9b4160439ea16a4c1977115a5d1be23db6f9bb65e508e413498830e2ee,643a91e0b9a1cc10067428184fff675682e61b9808c035aaa4af42bb81f063cc,d5b11d25f3b2415dc959ae176b1986eff29aab886b60ed1119de835aef19a109,ddddaf0
eviddie-20230801-19940419,20230801,19940419,rare,5shot,0,EviDDIE,PT-17926716,RFHAOTPXVQNOHP,WOFMFGQZHJDGCX,0,1,0.50129896,0.8886885,0.12233045,0.12817709,fe0b1e9b4160439ea16a4c1977115a5d1be23db6f9bb65e508e413498830e2ee,643a91e0b9a1cc10067428184fff675682e61b9808c035aaa4af42bb81f063cc,d5b11d25f3b2415dc959ae176b1986eff29aab886b60ed1119de835aef19a109,ddddaf0
eviddie-20230801-19940419,20230801,19940419,rare,5shot,0,EviDDIE,PT-17926716,VEGXETMJINRLTH,WIKYUJGCLQQFNW,0,1,0.50129384,0.88890511,0.12206833,0.12789059,fe0b1e9b4160439ea16a4c1977115a5d1be23db6f9bb65e508e413498830e2ee,643a91e0b9a1cc10067428184fff675682e61b9808c035aaa4af42bb81f063cc,d5b11d25f3b2415dc959ae176b1986eff29aab886b60ed1119de835aef19a109,ddddaf0
eviddie-20230801-19940419,20230801,19940419,rare,5shot,0,EviDDIE,PT-17936618,DCOPUUMXTXDBNB,MFYSYFVPBJMHGN,1,1,0.50127137,0.89015567,0.12054265,0.12625557,fe0b1e9b4160439ea16a4c1977115a5d1be23db6f9bb65e508e413498830e2ee,643a91e0b9a1cc10067428184fff675682e61b9808c035aaa4af42bb81f063cc,d5b11d25f3b2415dc959ae176b1986eff29aab886b60ed1119de835aef19a109,ddddaf0
eviddie-20230801-19940419,20230801,19940419,rare,5shot,0,EviDDIE,PT-17936618,HDACQVRGBOVJII,KRKNYBCHXYNGOX,1,1,0.50132054,0.88761771,0.1236357,0.12958653,fe0b1e9b4160439ea16a4c1977115a5d1be23db6f9bb65e508e413498830e2ee,643a91e0b9a1cc10067428184fff675682e61b9808c035aaa4af42bb81f063cc,d5b11d25f3b2415dc959ae176b1986eff29aab886b60ed1119de835aef19a109,ddddaf0
eviddie-20230801-19940419,20230801,19940419,rare,5shot,0,EviDDIE,PT-17936618,HSUGRBWQSSZJOP,JLKIGFTWXXRPMT,1,1,0.50131214,0.88796622,0.12321381,0.12912428,fe0b1e9b4160439ea16a4c1977115a5d1be23db6f9bb65e508e413498830e2ee,643a91e0b9a1cc10067428184fff675682e61b9808c035aaa4af42bb81f063cc,d5b11d25f3b2415dc959ae176b1986eff29aab886b60ed1119de835aef19a109,ddddaf0
eviddie-20230801-19940419,20230801,19940419,rare,5shot,0,EviDDIE,PT-17936618,HSUGRBWQSSZJOP,KWMLJOLKUYYJFJ,1,1,0.50133991,0.88658011,0.12490693,0.1309523,fe0b1e9b4160439ea16a4c1977115a5d1be23db6f9bb65e508e413498830e2ee,643a91e0b9a1cc10067428184fff675682e61b9808c035aaa4af42bb81f063cc,d5b11d25f3b2415dc959ae176b1986eff29aab886b60ed1119de835aef19a109,ddddaf0
eviddie-20230801-19940419,20230801,19940419,rare,5shot,0,EviDDIE,PT-17936618,HSUGRBWQSSZJOP,YPCRNBPOUVJVMU,1,1,0.50136077,0.8854537,0.1262908,0.13243809,fe0b1e9b4160439ea16a4c1977115a5d1be23db6f9bb65e508e413498830e2ee,643a91e0b9a1cc10067428184fff675682e61b9808c035aaa4af42bb81f063cc,d5b11d25f3b2415dc959ae176b1986eff29aab886b60ed1119de835aef19a109,ddddaf0
eviddie-20230801-19940419,20230801,19940419,rare,5shot,0,EviDDIE,PT-17936618,KRKNYBCHXYNGOX,ULGZDMOVFRHVEP,1,1,0.50132841,0.88711411,0.12425563,0.13024558,fe0b1e9b4160439ea16a4c1977115a5d1be23db6f9bb65e508e413498830e2ee,643a91e0b9a1cc10067428184fff675682e61b9808c035aaa4af42bb81f063cc,d5b11d25f3b2415dc959ae176b1986eff29aab886b60ed1119de835aef19a109,ddddaf0
eviddie-20230801-19940419,20230801,19940419,rare,5shot,0,EviDDIE,PT-17936618,OEYIOHPDSNJKLS,WXURHACBFYSXBI,1,1,0.50132847,0.88710213,0.12427092,0.13026106,fe0b1e9b4160439ea16a4c1977115a5d1be23db6f9bb65e508e413498830e2ee,643a91e0b9a1cc10067428184fff675682e61b9808c035aaa4af42bb81f063cc,d5b11d25f3b2415dc959ae176b1986eff29aab886b60ed1119de835aef19a109,ddddaf0
eviddie-20230801-19940419,20230801,19940419,rare,5shot,0,EviDDIE,PT-17936618,XXSMGPRMXLTPCZ,ZKLPARSLTMPFCP,1,1,0.50134134,0.88642907,0.12509543,0.13114822,fe0b1e9b4160439ea16a4c1977115a5d1be23db6f9bb65e508e413498830e2ee,643a91e0b9a1cc10067428184fff675682e61b9808c035aaa4af42bb81f063cc,d5b11d25f3b2415dc959ae176b1986eff29aab886b60ed1119de835aef19a109,ddddaf0
eviddie-20230801-19940419,20230801,19940419,rare,5shot,0,EviDDIE,PT-17936618,DCOPUUMXTXDBNB,XZWYZXLIPXDOLR,0,1,0.50124562,0.89159733,0.11878826,0.12437664,fe0b1e9b4160439ea16a4c1977115a5d1be23db6f9bb65e508e413498830e2ee,643a91e0b9a1cc10067428184fff675682e61b9808c035aaa4af42bb81f063cc,d5b11d25f3b2415dc959ae176b1986eff29aab886b60ed1119de835aef19a109,ddddaf0
eviddie-20230801-19940419,20230801,19940419,rare,5shot,0,EviDDIE,PT-17936618,HDACQVRGBOVJII,LSQZJLSUYDQPKJ,0,1,0.50132209,0.88746625,0.12382386,0.12978287,fe0b1e9b4160439ea16a4c1977115a5d1be23db6f9bb65e508e413498830e2ee,643a91e0b9a1cc10067428184fff675682e61b9808c035aaa4af42bb81f063cc,d5b11d25f3b2415dc959ae176b1986eff29aab886b60ed1119de835aef19a109,ddddaf0
eviddie-20230801-19940419,20230801,19940419,rare,5shot,0,EviDDIE,PT-17936618,HSUGRBWQSSZJOP,OGHNVEJMJSYVRP,0,1,0.50131929,0.88757718,0.12368995,0.12963533,fe0b1e9b4160439ea16a4c1977115a5d1be23db6f9bb65e508e413498830e2ee,643a91e0b9a1cc10067428184fff675682e61b9808c035aaa4af42bb81f063cc,d5b11d25f3b2415dc959ae176b1986eff29aab886b60ed1119de835aef19a109,ddddaf0
eviddie-20230801-19940419,20230801,19940419,rare,5shot,0,EviDDIE,PT-17936618,HSUGRBWQSSZJOP,KDLRVYVGXIQJDK,0,1,0.50132644,0.88724756,0.12409131,0.13007122,fe0b1e9b4160439ea16a4c1977115a5d1be23db6f9bb65e508e413498830e2ee,643a91e0b9a1cc10067428184fff675682e61b9808c035aaa4af42bb81f063cc,d5b11d25f3b2415dc959ae176b1986eff29aab886b60ed1119de835aef19a109,ddddaf0
eviddie-20230801-19940419,20230801,19940419,rare,5shot,0,EviDDIE,PT-17936618,HSUGRBWQSSZJOP,PYNXFZCZUAOOQC,0,1,0.5013299,0.88705713,0.1243247,0.13032158,fe0b1e9b4160439ea16a4c1977115a5d1be23db6f9bb65e508e413498830e2ee,643a91e0b9a1cc10067428184fff675682e61b9808c035aaa4af42bb81f063cc,d5b11d25f3b2415dc959ae176b1986eff29aab886b60ed1119de835aef19a109,ddddaf0
eviddie-20230801-19940419,20230801,19940419,rare,5shot,0,EviDDIE,PT-17936618,KRKNYBCHXYNGOX,KGFYHTZWPPHNLQ,0,1,0.50128561,0.88936526,0.12150636,0.12728842,fe0b1e9b4160439ea16a4c1977115a5d1be23db6f9bb65e508e413498830e2ee,643a91e0b9a1cc10067428184fff675682e61b9808c035aaa4af42bb81f063cc,d5b11d25f3b2415dc959ae176b1986eff29aab886b60ed1119de835aef19a109,ddddaf0
eviddie-20230801-19940419,20230801,19940419,rare,5shot,0,EviDDIE,PT-17936618,OEYIOHPDSNJKLS,UJLAWZDWDVHWOW,0,1,0.50132686,0.88715374,0.1242092,0.13019173,fe0b1e9b4160439ea16a4c1977115a5d1be23db6f9bb65e508e413498830e2ee,643a91e0b9a1cc10067428184fff675682e61b9808c035aaa4af42bb81f063cc,d5b11d25f3b2415dc959ae176b1986eff29aab886b60ed1119de835aef19a109,ddddaf0
eviddie-20230801-19940419,20230801,19940419,rare,5shot,0,EviDDIE,PT-17936618,XXSMGPRMXLTPCZ,QAOWNCQODCNURD,0,1,0.50136608,0.88521171,0.12658688,0.13275966,fe0b1e9b4160439ea16a4c1977115a5d1be23db6f9bb65e508e413498830e2ee,643a91e0b9a1cc10067428184fff675682e61b9808c035aaa4af42bb81f063cc,d5b11d25f3b2415dc959ae176b1986eff29aab886b60ed1119de835aef19a109,ddddaf0
eviddie-20230801-19940419,20230801,19940419,rare,5shot,0,EviDDIE,PT-17999685,CMWTZPSULFXXJA,PMRYVIKBURPHAH,1,1,0.50130963,0.88810778,0.12304027,0.12893863,fe0b1e9b4160439ea16a4c1977115a5d1be23db6f9bb65e508e413498830e2ee,643a91e0b9a1cc10067428184fff675682e61b9808c035aaa4af42bb81f063cc,d5b11d25f3b2415dc959ae176b1986eff29aab886b60ed1119de835aef19a109,ddddaf0
eviddie-20230801-19940419,20230801,19940419,rare,5shot,0,EviDDIE,PT-17999685,DCOPUUMXTXDBNB,PMRYVIKBURPHAH,1,1,0.50130439,0.88838679,0.12269944,0.12857237,fe0b1e9b4160439ea16a4c1977115a5d1be23db6f9bb65e508e413498830e2ee,643a91e0b9a1cc10067428184fff675682e61b9808c035aaa4af42bb81f063cc,d5b11d25f3b2415dc959ae176b1986eff29aab886b60ed1119de835aef19a109,ddddaf0
eviddie-20230801-19940419,20230801,19940419,rare,5shot,0,EviDDIE,PT-17999685,GJSURZIOUXUGAL,LXMSZDCAJNLERA,1,1,0.50123149,0.89223063,0.11802588,0.12354692,fe0b1e9b4160439ea16a4c1977115a5d1be23db6f9bb65e508e413498830e2ee,643a91e0b9a1cc10067428184fff675682e61b9808c035aaa4af42bb81f063cc,d5b11d25f3b2415dc959ae176b1986eff29aab886b60ed1119de835aef19a109,ddddaf0
eviddie-20230801-19940419,20230801,19940419,rare,5shot,0,EviDDIE,PT-17999685,NNJVILVZKWQKPM,PMRYVIKBURPHAH,1,1,0.5013358,0.8867116,0.12474949,0.13077538,fe0b1e9b4160439ea16a4c1977115a5d1be23db6f9bb65e508e413498830e2ee,643a91e0b9a1cc10067428184fff675682e61b9808c035aaa4af42bb81f063cc,d5b11d25f3b2415dc959ae176b1986eff29aab886b60ed1119de835aef19a109,ddddaf0
eviddie-20230801-19940419,20230801,19940419,rare,5shot,0,EviDDIE,PT-17999685,PMRYVIKBURPHAH,RFHAOTPXVQNOHP,1,1,0.50129372,0.88890171,0.12207288,0.12789463,fe0b1e9b4160439ea16a4c1977115a5d1be23db6f9bb65e508e413498830e2ee,643a91e0b9a1cc10067428184fff675682e61b9808c035aaa4af42bb81f063cc,d5b11d25f3b2415dc959ae176b1986eff29aab886b60ed1119de835aef19a109,ddddaf0
eviddie-20230801-19940419,20230801,19940419,rare,5shot,0,EviDDIE,PT-17999685,PMRYVIKBURPHAH,XOFYZVNMUHMLCC,1,1,0.5012567,0.89091331,0.11962234,0.12526494,fe0b1e9b4160439ea16a4c1977115a5d1be23db6f9bb65e508e413498830e2ee,643a91e0b9a1cc10067428184fff675682e61b9808c035aaa4af42bb81f063cc,d5b11d25f3b2415dc959ae176b1986eff29aab886b60ed1119de835aef19a109,ddddaf0
eviddie-20230801-19940419,20230801,19940419,rare,5shot,0,EviDDIE,PT-17999685,CMWTZPSULFXXJA,UCTWMZQNUQWSLP,0,1,0.50132227,0.88744277,0.12385309,0.12981321,fe0b1e9b4160439ea16a4c1977115a5d1be23db6f9bb65e508e413498830e2ee,643a91e0b9a1cc10067428184fff675682e61b9808c035aaa4af42bb81f063cc,d5b11d25f3b2415dc959ae176b1986eff29aab886b60ed1119de835aef19a109,ddddaf0
eviddie-20230801-19940419,20230801,19940419,rare,5shot,0,EviDDIE,PT-17999685,DCOPUUMXTXDBNB,XZWYZXLIPXDOLR,0,1,0.50124562,0.89159733,0.11878823,0.12437664,fe0b1e9b4160439ea16a4c1977115a5d1be23db6f9bb65e508e413498830e2ee,643a91e0b9a1cc10067428184fff675682e61b9808c035aaa4af42bb81f063cc,d5b11d25f3b2415dc959ae176b1986eff29aab886b60ed1119de835aef19a109,ddddaf0
eviddie-20230801-19940419,20230801,19940419,rare,5shot,0,EviDDIE,PT-17999685,GJSURZIOUXUGAL,YOZNUFWCRFCGIH,0,1,0.50127345,0.89005727,0.12066174,0.12638468,fe0b1e9b4160439ea16a4c1977115a5d1be23db6f9bb65e508e413498830e2ee,643a91e0b9a1cc10067428184fff675682e61b9808c035aaa4af42bb81f063cc,d5b11d25f3b2415dc959ae176b1986eff29aab886b60ed1119de835aef19a109,ddddaf0
eviddie-20230801-19940419,20230801,19940419,rare,5shot,0,EviDDIE,PT-17999685,NNJVILVZKWQKPM,IEDVJHCEMCRBQM,0,1,0.50133157,0.88693947,0.12446986,0.13047522,fe0b1e9b4160439ea16a4c1977115a5d1be23db6f9bb65e508e413498830e2ee,643a91e0b9a1cc10067428184fff675682e61b9808c035aaa4af42bb81f063cc,d5b11d25f3b2415dc959ae176b1986eff29aab886b60ed1119de835aef19a109,ddddaf0
eviddie-20230801-19940419,20230801,19940419,rare,5shot,0,EviDDIE,PT-17999685,PMRYVIKBURPHAH,JSDRRTOADPPCHY,0,1,0.50129086,0.88909268,0.12183839,0.12764591,fe0b1e9b4160439ea16a4c1977115a5d1be23db6f9bb65e508e413498830e2ee,643a91e0b9a1cc10067428184fff675682e61b9808c035aaa4af42bb81f063cc,d5b11d25f3b2415dc959ae176b1986eff29aab886b60ed1119de835aef19a109,ddddaf0
eviddie-20230801-19940419,20230801,19940419,rare,5shot,0,EviDDIE,PT-17999685,PMRYVIKBURPHAH,XXSMGPRMXLTPCZ,0,1,0.50130808,0.88817024,0.12296464,0.12885578,fe0b1e9b4160439ea16a4c1977115a5d1be23db6f9bb65e508e413498830e2ee,643a91e0b9a1cc10067428184fff675682e61b9808c035aaa4af42bb81f063cc,d5b11d25f3b2415dc959ae176b1986eff29aab886b60ed1119de835aef19a109,ddddaf0
eviddie-20230801-19940419,20230801,19940419,rare,5shot,0,EviDDIE,PT-18257545,DRHKJLXJIQTDTD,QYSXJUFSXHHAJI,1,1,0.50129926,0.88868022,0.12234004,0.12818813,fe0b1e9b4160439ea16a4c1977115a5d1be23db6f9bb65e508e413498830e2ee,643a91e0b9a1cc10067428184fff675682e61b9808c035aaa4af42bb81f063cc,d5b11d25f3b2415dc959ae176b1986eff29aab886b60ed1119de835aef19a109,ddddaf0
eviddie-20230801-19940419,20230801,19940419,rare,5shot,0,EviDDIE,PT-18257545,MOYKHGMNXAOIAT,NNJVILVZKWQKPM,1,1,0.50132018,0.88754588,0.12372751,0.12967716,fe0b1e9b4160439ea16a4c1977115a5d1be23db6f9bb65e508e413498830e2ee,643a91e0b9a1cc10067428184fff675682e61b9808c035aaa4af42bb81f063cc,d5b11d25f3b2415dc959ae176b1986eff29aab886b60ed1119de835aef19a109,ddddaf0
eviddie-20230801-19940419,20230801,19940419,rare,5shot,0,EviDDIE,PT-18257545,MOYKHGMNXAOIAT,XFYDIVBRZNQMJC,1,1,0.50127184,0.89006519,0.12065545,0.12637104,fe0b1e9b4160439ea16a4c1977115a5d1be23db6f9bb65e508e413498830e2ee,643a91e0b9a1cc10067428184fff675682e61b9808c035aaa4af42bb81f063cc,d5b11d25f3b2415dc959ae176b1986eff29aab886b60ed1119de835aef19a109,ddddaf0
eviddie-20230801-19940419,20230801,19940419,rare,5shot,0,EviDDIE,PT-18257545,MOYKHGMNXAOIAT,XPCFTKFZXHTYIP,1,1,0.50130075,0.88855994,0.12248868,0.12834436,fe0b1e9b4160439ea16a4c1977115a5d1be23db6f9bb65e508e413498830e2ee,643a91e0b9a1cc10067428184fff675682e61b9808c035aaa4af42bb81f063cc,d5b11d25f3b2415dc959ae176b1986eff29aab886b60ed1119de835aef19a109,ddddaf0
eviddie-20230801-19940419,20230801,19940419,rare,5shot,0,EviDDIE,PT-18257545,QWCRAEMEVRGPNT,SNPPWIUOZRMYNY,1,1,0.50129926,0.88867021,0.12235285,0.12820092,fe0b1e9b4160439ea16a4c1977115a5d1be23db6f9bb65e508e413498830e2ee,643a91e0b9a1cc10067428184fff675682e61b9808c035aaa4af42bb81f063cc,d5b11d25f3b2415dc959ae176b1986eff29aab886b60ed1119de835aef19a109,ddddaf0
eviddie-20230801-19940419,20230801,19940419,rare,5shot,0,EviDDIE,PT-18257545,QWCRAEMEVRGPNT,ZRVUJXDFFKFLMG,1,1,0.50125271,0.89113742,0.11935002,0.12497281,fe0b1e9b4160439ea16a4c1977115a5d1be23db6f9bb65e508e413498830e2ee,643a91e0b9a1cc10067428184fff675682e61b9808c035aaa4af42bb81f063cc,d5b11d25f3b2415dc959ae176b1986eff29aab886b60ed1119de835aef19a109,ddddaf0
eviddie-20230801-19940419,20230801,19940419,rare,5shot,0,EviDDIE,PT-18257545,XFYDIVBRZNQMJC,YWXYYJSYQOXTPL,1,1,0.50125802,0.89086223,0.11968371,0.1253323,fe0b1e9b4160439ea16a4c1977115a5d1be23db6f9bb65e508e413498830e2ee,643a91e0b9a1cc10067428184fff675682e61b9808c035aaa4af42bb81f063cc,d5b11d25f3b2415dc959ae176b1986eff29aab886b60ed1119de835aef19a109,ddddaf0
eviddie-20230801-19940419,20230801,19940419,rare,5shot,0,EviDDIE,PT-18257545,DRHKJLXJIQTDTD,FABPRXSRWADJSP,0,1,0.50130612,0.88828665,0.12282179,0.12870345,fe0b1e9b4160439ea16a4c1977115a5d1be23db6f9bb65e508e413498830e2ee,643a91e0b9a1cc10067428184fff675682e61b9808c035aaa4af42bb81f063cc,d5b11d25f3b2415dc959ae176b1986eff29aab886b60ed1119de835aef19a109,ddddaf0
eviddie-20230801-19940419,20230801,19940419,rare,5shot,0,EviDDIE,PT-18257545,MOYKHGMNXAOIAT,SNIOPGDIGTZGOP,0,1,0.50127822,0.88983971,0.12092501,0.12667088,fe0b1e9b4160439ea16a4c1977115a5d1be23db6f9bb65e508e413498830e2ee,643a91e0b9a1cc10067428184fff675682e61b9808c035aaa4af42bb81f063cc,d5b11d25f3b2415dc959ae176b1986eff29aab886b60ed1119de835aef19a109,ddddaf0
eviddie-20230801-19940419,20230801,19940419,rare,5shot,0,EviDDIE,PT-18257545,MOYKHGMNXAOIAT,OGHNVEJMJSYVRP,0,1,0.50130808,0.88814491,0.12299673,0.12888804,fe0b1e9b4160439ea16a4c1977115a5d1be23db6f9bb65e508e413498830e2ee,643a91e0b9a1cc10067428184fff675682e61b9808c035aaa4af42bb81f063cc,d5b11d25f3b2415dc959ae176b1986eff29aab886b60ed1119de835aef19a109,ddddaf0
eviddie-20230801-19940419,20230801,19940419,rare,5shot,0,EviDDIE,PT-18257545,MOYKHGMNXAOIAT,QYSPLQLAKJAUJT,0,1,0.50127167,0.89010382,0.12060719,0.12632175,fe0b1e9b4160439ea16a4c1977115a5d1be23db6f9bb65e508e413498830e2ee,643a91e0b9a1cc10067428184fff675682e61b9808c035aaa4af42bb81f063cc,d5b11d25f3b2415dc959ae176b1986eff29aab886b60ed1119de835aef19a109,ddddaf0
eviddie-20230801-19940419,20230801,19940419,rare,5shot,0,EviDDIE,PT-18257545,QWCRAEMEVRGPNT,FABPRXSRWADJSP,0,1,0.50124592,0.89148366,0.11893043,0.12452069,fe0b1e9b4160439ea16a4c1977115a5d1be23db6f9bb65e508e413498830e2ee,643a91e0b9a1cc10067428184fff675682e61b9808c035aaa4af42bb81f063cc,d5b11d25f3b2415dc959ae176b1986eff29aab886b60ed1119de835aef19a109,ddddaf0
eviddie-20230801-19940419,20230801,19940419,rare,5shot,0,EviDDIE,PT-18257545,QWCRAEMEVRGPNT,MQTOSJVFKKJCRP,0,1,0.50128686,0.88932616,0.12155288,0.12734088,fe0b1e9b4160439ea16a4c1977115a5d1be23db6f9bb65e508e413498830e2ee,643a91e0b9a1cc10067428184fff675682e61b9808c035aaa4af42bb81f063cc,d5b11d25f3b2415dc959ae176b1986eff29aab886b60ed1119de835aef19a109,ddddaf0
eviddie-20230801-19940419,20230801,19940419,rare,5shot,0,EviDDIE,PT-18257545,XFYDIVBRZNQMJC,NCEXYHBECQHGNR,0,1,0.50124121,0.89173442,0.11862623,0.12419395,fe0b1e9b4160439ea16a4c1977115a5d1be23db6f9bb65e508e413498830e2ee,643a91e0b9a1cc10067428184fff675682e61b9808c035aaa4af42bb81f063cc,d5b11d25f3b2415dc959ae176b1986eff29aab886b60ed1119de835aef19a109,ddddaf0
eviddie-20230801-19940419,20230801,19940419,rare,5shot,0,EviDDIE,PT-18328537,ACWBQPMHZXGDFX,AYXYPKUFHZROOJ,1,1,0.50133079,0.88706779,0.1243092,0.13031006,fe0b1e9b4160439ea16a4c1977115a5d1be23db6f9bb65e508e413498830e2ee,643a91e0b9a1cc10067428184fff675682e61b9808c035aaa4af42bb81f063cc,d5b11d25f3b2415dc959ae176b1986eff29aab886b60ed1119de835aef19a109,ddddaf0
eviddie-20230801-19940419,20230801,19940419,rare,5shot,0,EviDDIE,PT-18328537,ACWBQPMHZXGDFX,KUVIULQEHSCUHY,1,1,0.50131625,0.88779724,0.12341814,0.12934856,fe0b1e9b4160439ea16a4c1977115a5d1be23db6f9bb65e508e413498830e2ee,643a91e0b9a1cc10067428184fff675682e61b9808c035aaa4af42bb81f063cc,d5b11d25f3b2415dc959ae176b1986eff29aab886b60ed1119de835aef19a109,ddddaf0
eviddie-20230801-19940419,20230801,19940419,rare,5shot,0,EviDDIE,PT-18328537,BVKZGUZCCUSVTD,KUVIULQEHSCUHY,1,1,0.50108796,0.89996481,0.1087368,0.11357242,fe0b1e9b4160439ea16a4c1977115a5d1be23db6f9bb65e508e413498830e2ee,643a91e0b9a1cc10067428184fff675682e61b9808c035aaa4af42bb81f063cc,d5b11d25f3b2415dc959ae176b1986eff29aab886b60ed1119de835aef19a109,ddddaf0
eviddie-20230801-19940419,20230801,19940419,rare,5shot,0,EviDDIE,PT-18328537,GBBSUAFBMRNDJC,NBIIXXVUZAFLBC,1,1,0.50126582,0.89051265,0.12010561,0.12579158,fe0b1e9b4160439ea16a4c1977115a5d1be23db6f9bb65e508e413498830e2ee,643a91e0b9a1cc10067428184fff675682e61b9808c035aaa4af42bb81f063cc,d5b11d25f3b2415dc959ae176b1986eff29aab886b60ed1119de835aef19a109,ddddaf0
eviddie-20230801-19940419,20230801,19940419,rare,5shot,0,EviDDIE,PT-18328537,JLKIGFTWXXRPMT,QAOWNCQODCNURD,1,1,0.50133276,0.88697588,0.12442115,0.13043156,fe0b1e9b4160439ea16a4c1977115a5d1be23db6f9bb65e508e413498830e2ee,643a91e0b9a1cc10067428184fff675682e61b9808c035aaa4af42bb81f063cc,d5b11d25f3b2415dc959ae176b1986eff29aab886b60ed1119de835aef19a109,ddddaf0
eviddie-20230801-19940419,20230801,19940419,rare,5shot,0,EviDDIE,PT-18328537,RYMZZMVNJRMUDD,SNICXCGAKADSCV,1,1,0.50130773,0.88815653,0.12298295,0.12887247,fe0b1e9b4160439ea16a4c1977115a5d1be23db6f9bb65e508e413498830e2ee,643a91e0b9a1cc10067428184fff675682e61b9808c035aaa4af42bb81f063cc,d5b11d25f3b2415dc959ae176b1986eff29aab886b60ed1119de835aef19a109,ddddaf0
eviddie-20230801-19940419,20230801,19940419,rare,5shot,0,EviDDIE,PT-18328537,VEXZGXHMUGYJMC,VWPOSFSPZNDTMJ,1,1,0.50116903,0.89562154,0.11393246,0.11915366,fe0b1e9b4160439ea16a4c1977115a5d1be23db6f9bb65e508e413498830e2ee,643a91e0b9a1cc10067428184fff675682e61b9808c035aaa4af42bb81f063cc,d5b11d25f3b2415dc959ae176b1986eff29aab886b60ed1119de835aef19a109,ddddaf0
eviddie-20230801-19940419,20230801,19940419,rare,5shot,0,EviDDIE,PT-18328537,ACWBQPMHZXGDFX,TVYLLZQTGLZFBW,0,1,0.50131965,0.8875798,0.12368573,0.12963286,fe0b1e9b4160439ea16a4c1977115a5d1be23db6f9bb65e508e413498830e2ee,643a91e0b9a1cc10067428184fff675682e61b9808c035aaa4af42bb81f063cc,d5b11d25f3b2415dc959ae176b1986eff29aab886b60ed1119de835aef19a109,ddddaf0
eviddie-20230801-19940419,20230801,19940419,rare,5shot,0,EviDDIE,PT-18328537,ACWBQPMHZXGDFX,RAPZEAPATHNIPO,0,1,0.50130773,0.88818723,0.12294398,0.1288334,fe0b1e9b4160439ea16a4c1977115a5d1be23db6f9bb65e508e413498830e2ee,643a91e0b9a1cc10067428184fff675682e61b9808c035aaa4af42bb81f063cc,d5b11d25f3b2415dc959ae176b1986eff29aab886b60ed1119de835aef19a109,ddddaf0
eviddie-20230801-19940419,20230801,19940419,rare,5shot,0,EviDDIE,PT-18328537,BVKZGUZCCUSVTD,VEQOALNAAJBPNY,0,1,0.5010888,0.899876,0.10884417,0.11368418,fe0b1e9b4160439ea16a4c1977115a5d1be23db6f9bb65e508e413498830e2ee,643a91e0b9a1cc10067428184fff675682e61b9808c035aaa4af42bb81f063cc,d5b11d25f3b2415dc959ae176b1986eff29aab886b60ed1119de835aef19a109,ddddaf0
eviddie-20230801-19940419,20230801,19940419,rare,5shot,0,EviDDIE,PT-18328537,GBBSUAFBMRNDJC,KWGRBVOPPLSCSI,0,1,0.50130641,0.88826513,0.12284852,0.12873152,fe0b1e9b4160439ea16a4c1977115a5d1be23db6f9bb65e508e413498830e2ee,643a91e0b9a1cc10067428184fff675682e61b9808c035aaa4af42bb81f063cc,d5b11d25f3b2415dc959ae176b1986eff29aab886b60ed1119de835aef19a109,ddddaf0
eviddie-20230801-19940419,20230801,19940419,rare,5shot,0,EviDDIE,PT-18328537,JLKIGFTWXXRPMT,BPZSYCZIITTYBL,0,1,0.50132197,0.88746017,0.12383191,0.12979041,fe0b1e9b4160439ea16a4c1977115a5d1be23db6f9bb65e508e413498830e2ee,643a91e0b9a1cc10067428184fff675682e61b9808c035aaa4af42bb81f063cc,d5b11d25f3b2415dc959ae176b1986eff29aab886b60ed1119de835aef19a109,ddddaf0
eviddie-20230801-19940419,20230801,19940419,rare,5shot,0,EviDDIE,PT-18328537,RYMZZMVNJRMUDD,ZRVUJXDFFKFLMG,0,1,0.50129539,0.88885772,0.12212483,0.12795408,fe0b1e9b4160439ea16a4c1977115a5d1be23db6f9bb65e508e413498830e2ee,643a91e0b9a1cc10067428184fff675682e61b9808c035aaa4af42bb81f063cc,d5b11d25f3b2415dc959ae176b1986eff29aab886b60ed1119de835aef19a109,ddddaf0
eviddie-20230801-19940419,20230801,19940419,rare,5shot,0,EviDDIE,PT-18328537,VEXZGXHMUGYJMC,XXSMGPRMXLTPCZ,0,1,0.50117093,0.89551407,0.11406191,0.1192921,fe0b1e9b4160439ea16a4c1977115a5d1be23db6f9bb65e508e413498830e2ee,643a91e0b9a1cc10067428184fff675682e61b9808c035aaa4af42bb81f063cc,d5b11d25f3b2415dc959ae176b1986eff29aab886b60ed1119de835aef19a109,ddddaf0
eviddie-20230801-19940419,20230801,19940419,rare,5shot,0,EviDDIE,PT-18339940,DCOPUUMXTXDBNB,HTIQEAQVCYTUBX,1,1,0.50130022,0.88864803,0.12237874,0.12823121,fe0b1e9b4160439ea16a4c1977115a5d1be23db6f9bb65e508e413498830e2ee,643a91e0b9a1cc10067428184fff675682e61b9808c035aaa4af42bb81f063cc,d5b11d25f3b2415dc959ae176b1986eff29aab886b60ed1119de835aef19a109,ddddaf0
eviddie-20230801-19940419,20230801,19940419,rare,5shot,0,EviDDIE,PT-18339940,DIWRORZWFLOCLC,LXNHXLLTXMVWPM,1,1,0.50129628,0.88880938,0.12218366,0.12801757,fe0b1e9b4160439ea16a4c1977115a5d1be23db6f9bb65e508e413498830e2ee,643a91e0b9a1cc10067428184fff675682e61b9808c035aaa4af42bb81f063cc,d5b11d25f3b2415dc959ae176b1986eff29aab886b60ed1119de835aef19a109,ddddaf0
eviddie-20230801-19940419,20230801,19940419,rare,5shot,0,EviDDIE,PT-18339940,FELGMEQIXOGIFQ,KQKPFRSPSRPDEB,1,1,0.50132072,0.88752055,0.12375814,0.1297107,fe0b1e9b4160439ea16a4c1977115a5d1be23db6f9bb65e508e413498830e2ee,643a91e0b9a1cc10067428184fff675682e61b9808c035aaa4af42bb81f063cc,d5b11d25f3b2415dc959ae176b1986eff29aab886b60ed1119de835aef19a109,ddddaf0
eviddie-20230801-19940419,20230801,19940419,rare,5shot,0,EviDDIE,PT-18339940,KJADKKWYZYXHBB,KWTSXDURSIMDCE,1,1,0.50135118,0.88586253,0.12579267,0.13189387,fe0b1e9b4160439ea16a4c1977115a5d1be23db6f9bb65e508e413498830e2ee,643a91e0b9a1cc10067428184fff675682e61b9808c035aaa4af42bb81f063cc,d5b11d25f3b2415dc959ae176b1986eff29aab886b60ed1119de835aef19a109,ddddaf0
eviddie-20230801-19940419,20230801,19940419,rare,5shot,0,EviDDIE,PT-18339940,KJADKKWYZYXHBB,VYZAMTAEIAYCRO,1,1,0.50114214,0.89706862,0.11219543,0.11728837,fe0b1e9b4160439ea16a4c1977115a5d1be23db6f9bb65e508e413498830e2ee,643a91e0b9a1cc10067428184fff675682e61b9808c035aaa4af42bb81f063cc,d5b11d25f3b2415dc959ae176b1986eff29aab886b60ed1119de835aef19a109,ddddaf0
eviddie-20230801-19940419,20230801,19940419,rare,5shot,0,EviDDIE,PT-18339940,KQKPFRSPSRPDEB,LXMSZDCAJNLERA,1,1,0.50130796,0.88819677,0.12293156,0.12882179,fe0b1e9b4160439ea16a4c1977115a5d1be23db6f9bb65e508e413498830e2ee,643a91e0b9a1cc10067428184fff675682e61b9808c035aaa4af42bb81f063cc,d5b11d25f3b2415dc959ae176b1986eff29aab886b60ed1119de835aef19a109,ddddaf0
eviddie-20230801-19940419,20230801,19940419,rare,5shot,0,EviDDIE,PT-18339940,KQKPFRSPSRPDEB,MBWXNTAXLNYFJB,1,1,0.50135607,0.88568437,0.12600827,0.13213256,fe0b1e9b4160439ea16a4c1977115a5d1be23db6f9bb65e508e413498830e2ee,643a91e0b9a1cc10067428184fff675682e61b9808c035aaa4af42bb81f063cc,d5b11d25f3b2415dc959ae176b1986eff29aab886b60ed1119de835aef19a109,ddddaf0
eviddie-20230801-19940419,20230801,19940419,rare,5shot,0,EviDDIE,PT-18339940,KQKPFRSPSRPDEB,ZZUFCTLCJUWOSV,1,1,0.50135112,0.88591868,0.12572156,0.13182199,fe0b1e9b4160439ea16a4c1977115a5d1be23db6f9bb65e508e413498830e2ee,643a91e0b9a1cc10067428184fff675682e61b9808c035aaa4af42bb81f063cc,d5b11d25f3b2415dc959ae176b1986eff29aab886b60ed1119de835aef19a109,ddddaf0
eviddie-20230801-19940419,20230801,19940419,rare,5shot,0,EviDDIE,PT-18339940,DCOPUUMXTXDBNB,VEXZGXHMUGYJMC,0,1,0.50132346,0.88748074,0.12380245,0.12976752,fe0b1e9b4160439ea16a4c1977115a5d1be23db6f9bb65e508e413498830e2ee,643a91e0b9a1cc10067428184fff675682e61b9808c035aaa4af42bb81f063cc,d5b11d25f3b2415dc959ae176b1986eff29aab886b60ed1119de835aef19a109,ddddaf0
eviddie-20230801-19940419,20230801,19940419,rare,5shot,0,EviDDIE,PT-18339940,DIWRORZWFLOCLC,KGFYHTZWPPHNLQ,0,1,0.50124919,0.89132404,0.11912345,0.12472937,fe0b1e9b4160439ea16a4c1977115a5d1be23db6f9bb65e508e413498830e2ee,643a91e0b9a1cc10067428184fff675682e61b9808c035aaa4af42bb81f063cc,d5b11d25f3b2415dc959ae176b1986eff29aab886b60ed1119de835aef19a109,ddddaf0
eviddie-20230801-19940419,20230801,19940419,rare,5shot,0,EviDDIE,PT-18339940,FELGMEQIXOGIFQ,RZVAJINKPMORJF,0,1,0.50127631,0.88988566,0.12087128,0.1266084,fe0b1e9b4160439ea16a4c1977115a5d1be23db6f9bb65e508e413498830e2ee,643a91e0b9a1cc10067428184fff675682e61b9808c035aaa4af42bb81f063cc,d5b11d25f3b2415dc959ae176b1986eff29aab886b60ed1119de835aef19a109,ddddaf0
eviddie-20230801-19940419,20230801,19940419,rare,5shot,0,EviDDIE,PT-18339940,KJADKKWYZYXHBB,MBMBGCFOFBJSGT,0,1,0.50123507,0.89209515,0.11818767,0.12372554,fe0b1e9b4160439ea16a4c1977115a5d1be23db6f9bb65e508e413498830e2ee,643a91e0b9a1cc10067428184fff675682e61b9808c035aaa4af42bb81f063cc,d5b11d25f3b2415dc959ae176b1986eff29aab886b60ed1119de835aef19a109,ddddaf0
eviddie-20230801-19940419,20230801,19940419,rare,5shot,0,EviDDIE,PT-18339940,KJADKKWYZYXHBB,CEAZRRDELHUEMR,0,1,0.50132632,0.88720703,0.12414265,0.13012253,fe0b1e9b4160439ea16a4c1977115a5d1be23db6f9bb65e508e413498830e2ee,643a91e0b9a1cc10067428184fff675682e61b9808c035aaa4af42bb81f063cc,d5b11d25f3b2415dc959ae176b1986eff29aab886b60ed1119de835aef19a109,ddddaf0
eviddie-20230801-19940419,20230801,19940419,rare,5shot,0,EviDDIE,PT-18339940,KQKPFRSPSRPDEB,DCOPUUMXTXDBNB,0,1,0.50134224,0.88637155,0.12516628,0.13122365,fe0b1e9b4160439ea16a4c1977115a5d1be23db6f9bb65e508e413498830e2ee,643a91e0b9a1cc10067428184fff675682e61b9808c035aaa4af42bb81f063cc,d5b11d25f3b2415dc959ae176b1986eff29aab886b60ed1119de835aef19a109,ddddaf0
eviddie-20230801-19940419,20230801,19940419,rare,5shot,0,EviDDIE,PT-18339940,KQKPFRSPSRPDEB,JCQLYHFGKNRPGE,0,1,0.50137436,0.88467383,0.12725297,0.13346721,fe0b1e9b4160439ea16a4c1977115a5d1be23db6f9bb65e508e413498830e2ee,643a91e0b9a1cc10067428184fff675682e61b9808c035aaa4af42bb81f063cc,d5b11d25f3b2415dc959ae176b1986eff29aab886b60ed1119de835aef19a109,ddddaf0
eviddie-20230801-19940419,20230801,19940419,rare,5shot,0,EviDDIE,PT-18339940,KQKPFRSPSRPDEB,BPZSYCZIITTYBL,0,1,0.50136071,0.88540232,0.1263563,0.13250373,fe0b1e9b4160439ea16a4c1977115a5d1be23db6f9bb65e508e413498830e2ee,643a91e0b9a1cc10067428184fff675682e61b9808c035aaa4af42bb81f063cc,d5b11d25f3b2415dc959ae176b1986eff29aab886b60ed1119de835aef19a109,ddddaf0
eviddie-20230801-19940419,20230801,19940419,rare,5shot,0,EviDDIE,PT-18343320,CDAISMWEOUEBRE,HEFNNWSXXWATRW,1,1,0.50134736,0.88610506,0.1254932,0.13157542,fe0b1e9b4160439ea16a4c1977115a5d1be23db6f9bb65e508e413498830e2ee,643a91e0b9a1cc10067428184fff675682e61b9808c035aaa4af42bb81f063cc,d5b11d25f3b2415dc959ae176b1986eff29aab886b60ed1119de835aef19a109,ddddaf0
eviddie-20230801-19940419,20230801,19940419,rare,5shot,0,EviDDIE,PT-18343320,CDAISMWEOUEBRE,NCEXYHBECQHGNR,1,1,0.50130743,0.88819599,0.12293352,0.12882157,fe0b1e9b4160439ea16a4c1977115a5d1be23db6f9bb65e508e413498830e2ee,643a91e0b9a1cc10067428184fff675682e61b9808c035aaa4af42bb81f063cc,d5b11d25f3b2415dc959ae176b1986eff29aab886b60ed1119de835aef19a109,ddddaf0
eviddie-20230801-19940419,20230801,19940419,rare,5shot,0,EviDDIE,PT-18343320,JYGXADMDTFJGBT,UJLAWZDWDVHWOW,1,1,0.50128525,0.88937318,0.12149721,0.12727764,fe0b1e9b4160439ea16a4c1977115a5d1be23db6f9bb65e508e413498830e2ee,643a91e0b9a1cc10067428184fff675682e61b9808c035aaa4af42bb81f063cc,d5b11d25f3b2415dc959ae176b1986eff29aab886b60ed1119de835aef19a109,ddddaf0
eviddie-20230801-19940419,20230801,19940419,rare,5shot,0,EviDDIE,PT-18343320,PGBHMTALBVVCIT,ZRVUJXDFFKFLMG,1,1,0.50131893,0.88760394,0.12365689,0.1296005,fe0b1e9b4160439ea16a4c1977115a5d1be23db6f9bb65e508e413498830e2ee,643a91e0b9a1cc10067428184fff675682e61b9808c035aaa4af42bb81f063cc,d5b11d25f3b2415dc959ae176b1986eff29aab886b60ed1119de835aef19a109,ddddaf0
eviddie-20230801-19940419,20230801,19940419,rare,5shot,0,EviDDIE,PT-18343320,QYSPLQLAKJAUJT,TVYLLZQTGLZFBW,1,1,0.50127572,0.88989842,0.1208566,0.12659085,fe0b1e9b4160439ea16a4c1977115a5d1be23db6f9bb65e508e413498830e2ee,643a91e0b9a1cc10067428184fff675682e61b9808c035aaa4af42bb81f063cc,d5b11d25f3b2415dc959ae176b1986eff29aab886b60ed1119de835aef19a109,ddddaf0
eviddie-20230801-19940419,20230801,19940419,rare,5shot,0,EviDDIE,PT-18343320,RLAWWYSOJDYHDC,UOZODPSAJZTQNH,1,1,0.50135493,0.8857246,0.12595958,0.13207862,fe0b1e9b4160439ea16a4c1977115a5d1be23db6f9bb65e508e413498830e2ee,643a91e0b9a1cc10067428184fff675682e61b9808c035aaa4af42bb81f063cc,d5b11d25f3b2415dc959ae176b1986eff29aab886b60ed1119de835aef19a109,ddddaf0
eviddie-20230801-19940419,20230801,19940419,rare,5shot,0,EviDDIE,PT-18343320,RZVAJINKPMORJF,UJLAWZDWDVHWOW,1,1,0.50127465,0.88994849,0.12079611,0.126525,fe0b1e9b4160439ea16a4c1977115a5d1be23db6f9bb65e508e413498830e2ee,643a91e0b9a1cc10067428184fff675682e61b9808c035aaa4af42bb81f063cc,d5b11d25f3b2415dc959ae176b1986eff29aab886b60ed1119de835aef19a109,ddddaf0
eviddie-20230801-19940419,20230801,19940419,rare,5shot,0,EviDDIE,PT-18343320,CDAISMWEOUEBRE,QZUDBNBUXVUHMW,0,1,0.50128603,0.8893109,0.12157421,0.12735836,fe0b1e9b4160439ea16a4c1977115a5d1be23db6f9bb65e508e413498830e2ee,643a91e0b9a1cc10067428184fff675682e61b9808c035aaa4af42bb81f063cc,d5b11d25f3b2415dc959ae176b1986eff29aab886b60ed1119de835aef19a109,ddddaf0
eviddie-20230801-19940419,20230801,19940419,rare,5shot,0,EviDDIE,PT-18343320,CDAISMWEOUEBRE,CEAZRRDELHUEMR,0,1,0.5013268,0.88718694,0.1241672,0.13014911,fe0b1e9b4160439ea16a4c1977115a5d1be23db6f9bb65e508e413498830e2ee,643a91e0b9a1cc10067428184fff675682e61b9808c035aaa4af42bb81f063cc,d5b11d25f3b2415dc959ae176b1986eff29aab886b60ed1119de835aef19a109,ddddaf0
eviddie-20230801-19940419,20230801,19940419,rare,5shot,0,EviDDIE,PT-18343320,JYGXADMDTFJGBT,IAVUPMFITXYVAF,0,1,0.50130528,0.8883369,0.12276044,0.12863785,fe0b1e9b4160439ea16a4c1977115a5d1be23db6f9bb65e508e413498830e2ee,643a91e0b9a1cc10067428184fff675682e61b9808c035aaa4af42bb81f063cc,d5b11d25f3b2415dc959ae176b1986eff29aab886b60ed1119de835aef19a109,ddddaf0
eviddie-20230801-19940419,20230801,19940419,rare,5shot,0,EviDDIE,PT-18343320,PGBHMTALBVVCIT,AGOYDEPGAOXOCK,0,1,0.50135612,0.88564605,0.12605679,0.13218179,fe0b1e9b4160439ea16a4c1977115a5d1be23db6f9bb65e508e413498830e2ee,643a91e0b9a1cc10067428184fff675682e61b9808c035aaa4af42bb81f063cc,d5b11d25f3b2415dc959ae176b1986eff29aab886b60ed1119de835aef19a109,ddddaf0
eviddie-20230801-19940419,20230801,19940419,rare,5shot,0,EviDDIE,PT-18343320,QYSPLQLAKJAUJT,QAOWNCQODCNURD,0,1,0.50130486,0.88845223,0.12261564,0.1284903,fe0b1e9b4160439ea16a4c1977115a5d1be23db6f9bb65e508e413498830e2ee,643a91e0b9a1cc10067428184fff675682e61b9808c035aaa4af42bb81f063cc,d5b11d25f3b2415dc959ae176b1986eff29aab886b60ed1119de835aef19a109,ddddaf0
eviddie-20230801-19940419,20230801,19940419,rare,5shot,0,EviDDIE,PT-18343320,RLAWWYSOJDYHDC,ZEUITGRIYCTCEM,0,1,0.5013355,0.88670754,0.1247552,0.13077989,fe0b1e9b4160439ea16a4c1977115a5d1be23db6f9bb65e508e413498830e2ee,643a91e0b9a1cc10067428184fff675682e61b9808c035aaa4af42bb81f063cc,d5b11d25f3b2415dc959ae176b1986eff29aab886b60ed1119de835aef19a109,ddddaf0
eviddie-20230801-19940419,20230801,19940419,rare,5shot,0,EviDDIE,PT-18343320,RZVAJINKPMORJF,CURUTKGFNZGFSE,0,1,0.50126284,0.89060438,0.11999715,0.12566906,fe0b1e9b4160439ea16a4c1977115a5d1be23db6f9bb65e508e413498830e2ee,643a91e0b9a1cc10067428184fff675682e61b9808c035aaa4af42bb81f063cc,d5b11d25f3b2415dc959ae176b1986eff29aab886b60ed1119de835aef19a109,ddddaf0
eviddie-20230801-19940419,20230801,19940419,rare,5shot,0,EviDDIE,PT-18358513,JZUFKLXOESDKRF,YWXYYJSYQOXTPL,1,1,0.50130242,0.88848555,0.12257905,0.12844236,fe0b1e9b4160439ea16a4c1977115a5d1be23db6f9bb65e508e413498830e2ee,643a91e0b9a1cc10067428184fff675682e61b9808c035aaa4af42bb81f063cc,d5b11d25f3b2415dc959ae176b1986eff29aab886b60ed1119de835aef19a109,ddddaf0
eviddie-20230801-19940419,20230801,19940419,rare,5shot,0,EviDDIE,PT-18358513,KLDXJTOLSGUMSJ,OEYIOHPDSNJKLS,1,1,0.5013029,0.88847512,0.12259101,0.12845677,fe0b1e9b4160439ea16a4c1977115a5d1be23db6f9bb65e508e413498830e2ee,643a91e0b9a1cc10067428184fff675682e61b9808c035aaa4af42bb81f063cc,d5b11d25f3b2415dc959ae176b1986eff29aab886b60ed1119de835aef19a109,ddddaf0
eviddie-20230801-19940419,20230801,19940419,rare,5shot,0,EviDDIE,PT-18358513,NDAUXUAQIAJITI,YWXYYJSYQOXTPL,1,1,0.50134319,0.88634759,0.12519492,0.13125637,fe0b1e9b4160439ea16a4c1977115a5d1be23db6f9bb65e508e413498830e2ee,643a91e0b9a1cc10067428184fff675682e61b9808c035aaa4af42bb81f063cc,d5b11d25f3b2415dc959ae176b1986eff29aab886b60ed1119de835aef19a109,ddddaf0
eviddie-20230801-19940419,20230801,19940419,rare,5shot,0,EviDDIE,PT-18358513,PHIQHXFUZVPYII,YWXYYJSYQOXTPL,1,1,0.50134331,0.88632005,0.12522952,0.13129184,fe0b1e9b4160439ea16a4c1977115a5d1be23db6f9bb65e508e413498830e2ee,643a91e0b9a1cc10067428184fff675682e61b9808c035aaa4af42bb81f063cc,d5b11d25f3b2415dc959ae176b1986eff29aab886b60ed1119de835aef19a109,ddddaf0
eviddie-20230801-19940419,20230801,19940419,rare,5shot,0,EviDDIE,PT-18358513,VOVIALXJUBGFJZ,XZWYZXLIPXDOLR,1,1,0.50123417,0.89216709,0.11809944,0.12363301,fe0b1e9b4160439ea16a4c1977115a5d1be23db6f9bb65e508e413498830e2ee,643a91e0b9a1cc10067428184fff675682e61b9808c035aaa4af42bb81f063cc,d5b11d25f3b2415dc959ae176b1986eff29aab886b60ed1119de835aef19a109,ddddaf0
eviddie-20230801-19940419,20230801,19940419,rare,5shot,0,EviDDIE,PT-18358513,YOZNUFWCRFCGIH,YWXYYJSYQOXTPL,1,1,0.50132167,0.88747638,0.12381189,0.12976907,fe0b1e9b4160439ea16a4c1977115a5d1be23db6f9bb65e508e413498830e2ee,643a91e0b9a1cc10067428184fff675682e61b9808c035aaa4af42bb81f063cc,d5b11d25f3b2415dc959ae176b1986eff29aab886b60ed1119de835aef19a109,ddddaf0
eviddie-20230801-19940419,20230801,19940419,rare,5shot,0,EviDDIE,PT-18358513,JZUFKLXOESDKRF,AGOYDEPGAOXOCK,0,1,0.50132161,0.8874734,0.12381595,0.12977272,fe0b1e9b4160439ea16a4c1977115a5d1be23db6f9bb65e508e413498830e2ee,643a91e0b9a1cc10067428184fff675682e61b9808c035aaa4af42bb81f063cc,d5b11d25f3b2415dc959ae176b1986eff29aab886b60ed1119de835aef19a109,ddddaf0
eviddie-20230801-19940419,20230801,19940419,rare,5shot,0,EviDDIE,PT-18358513,KLDXJTOLSGUMSJ,RLAWWYSOJDYHDC,0,1,0.50129551,0.88885111,0.12213278,0.1279628,fe0b1e9b4160439ea16a4c1977115a5d1be23db6f9bb65e508e413498830e2ee,643a91e0b9a1cc10067428184fff675682e61b9808c035aaa4af42bb81f063cc,d5b11d25f3b2415dc959ae176b1986eff29aab886b60ed1119de835aef19a109,ddddaf0
eviddie-20230801-19940419,20230801,19940419,rare,5shot,0,EviDDIE,PT-18358513,NDAUXUAQIAJITI,KJADKKWYZYXHBB,0,1,0.50135827,0.88554162,0.12618482,0.13232009,fe0b1e9b4160439ea16a4c1977115a5d1be23db6f9bb65e508e413498830e2ee,643a91e0b9a1cc10067428184fff675682e61b9808c035aaa4af42bb81f063cc,d5b11d25f3b2415dc959ae176b1986eff29aab886b60ed1119de835aef19a109,ddddaf0
eviddie-20230801-19940419,20230801,19940419,rare,5shot,0,EviDDIE,PT-18358513,PHIQHXFUZVPYII,RDOIQAHITMMDAJ,0,1,0.50134492,0.88620579,0.12537095,0.13144122,fe0b1e9b4160439ea16a4c1977115a5d1be23db6f9bb65e508e413498830e2ee,643a91e0b9a1cc10067428184fff675682e61b9808c035aaa4af42bb81f063cc,d5b11d25f3b2415dc959ae176b1986eff29aab886b60ed1119de835aef19a109,ddddaf0
eviddie-20230801-19940419,20230801,19940419,rare,5shot,0,EviDDIE,PT-18358513,VOVIALXJUBGFJZ,LXMSZDCAJNLERA,0,1,0.50125599,0.89094871,0.11957954,0.12521854,fe0b1e9b4160439ea16a4c1977115a5d1be23db6f9bb65e508e413498830e2ee,643a91e0b9a1cc10067428184fff675682e61b9808c035aaa4af42bb81f063cc,d5b11d25f3b2415dc959ae176b1986eff29aab886b60ed1119de835aef19a109,ddddaf0
eviddie-20230801-19940419,20230801,19940419,rare,5shot,0,EviDDIE,PT-18358513,YOZNUFWCRFCGIH,FFGPTBGBLSHEPO,0,1,0.50128055,0.88962853,0.12118585,0.12694351,fe0b1e9b4160439ea16a4c1977115a5d1be23db6f9bb65e508e413498830e2ee,643a91e0b9a1cc10067428184fff675682e61b9808c035aaa4af42bb81f063cc,d5b11d25f3b2415dc959ae176b1986eff29aab886b60ed1119de835aef19a109,ddddaf0
eviddie-20230801-19940419,20230801,19940419,rare,5shot,0,EviDDIE,PT-18498415,BRUQQQPBMZOVGD,QYSXJUFSXHHAJI,1,1,0.5012387,0.89188081,0.11844829,0.12400372,fe0b1e9b4160439ea16a4c1977115a5d1be23db6f9bb65e508e413498830e2ee,643a91e0b9a1cc10067428184fff675682e61b9808c035aaa4af42bb81f063cc,d5b11d25f3b2415dc959ae176b1986eff29aab886b60ed1119de835aef19a109,ddddaf0
eviddie-20230801-19940419,20230801,19940419,rare,5shot,0,EviDDIE,PT-18498415,BSYNRYMUTXBXSQ,TTWJBBZEZQICBI,1,1,0.50129855,0.88872021,0.12229122,0.12813582,fe0b1e9b4160439ea16a4c1977115a5d1be23db6f9bb65e508e413498830e2ee,643a91e0b9a1cc10067428184fff675682e61b9808c035aaa4af42bb81f063cc,d5b11d25f3b2415dc959ae176b1986eff29aab886b60ed1119de835aef19a109,ddddaf0
eviddie-20230801-19940419,20230801,19940419,rare,5shot,0,EviDDIE,PT-18498415,CEAZRRDELHUEMR,SHGAZHPCJJPHSC,1,1,0.50124639,0.89152467,0.11887785,0.12446997,fe0b1e9b4160439ea16a4c1977115a5d1be23db6f9bb65e508e413498830e2ee,643a91e0b9a1cc10067428184fff675682e61b9808c035aaa4af42bb81f063cc,d5b11d25f3b2415dc959ae176b1986eff29aab886b60ed1119de835aef19a109,ddddaf0
eviddie-20230801-19940419,20230801,19940419,rare,5shot,0,EviDDIE,PT-18498415,QWCRAEMEVRGPNT,SHGAZHPCJJPHSC,1,1,0.50120306,0.8937884,0.1161411,0.121525,fe0b1e9b4160439ea16a4c1977115a5d1be23db6f9bb65e508e413498830e2ee,643a91e0b9a1cc10067428184fff675682e61b9808c035aaa4af42bb81f063cc,d5b11d25f3b2415dc959ae176b1986eff29aab886b60ed1119de835aef19a109,ddddaf0
eviddie-20230801-19940419,20230801,19940419,rare,5shot,0,EviDDIE,PT-18498415,RLAWWYSOJDYHDC,SHGAZHPCJJPHSC,1,1,0.50125694,0.8909744,0.11954522,0.1251881,fe0b1e9b4160439ea16a4c1977115a5d1be23db6f9bb65e508e413498830e2ee,643a91e0b9a1cc10067428184fff675682e61b9808c035aaa4af42bb81f063cc,d5b11d25f3b2415dc959ae176b1986eff29aab886b60ed1119de835aef19a109,ddddaf0
eviddie-20230801-19940419,20230801,19940419,rare,5shot,0,EviDDIE,PT-18498415,RLAWWYSOJDYHDC,XEEYBQQBJWHFJM,1,1,0.50130081,0.8886463,0.12237953,0.12823471,fe0b1e9b4160439ea16a4c1977115a5d1be23db6f9bb65e508e413498830e2ee,643a91e0b9a1cc10067428184fff675682e61b9808c035aaa4af42bb81f063cc,d5b11d25f3b2415dc959ae176b1986eff29aab886b60ed1119de835aef19a109,ddddaf0
eviddie-20230801-19940419,20230801,19940419,rare,5shot,0,EviDDIE,PT-18498415,BRUQQQPBMZOVGD,QRXWMOHMRWLFEY,0,1,0.50125837,0.89081937,0.11973695,0.12538722,fe0b1e9b4160439ea16a4c1977115a5d1be23db6f9bb65e508e413498830e2ee,643a91e0b9a1cc10067428184fff675682e61b9808c035aaa4af42bb81f063cc,d5b11d25f3b2415dc959ae176b1986eff29aab886b60ed1119de835aef19a109,ddddaf0
eviddie-20230801-19940419,20230801,19940419,rare,5shot,0,EviDDIE,PT-18498415,BSYNRYMUTXBXSQ,ZZVUWRFHKOJYTH,0,1,0.50130028,0.88858062,0.12246372,0.12831686,fe0b1e9b4160439ea16a4c1977115a5d1be23db6f9bb65e508e413498830e2ee,643a91e0b9a1cc10067428184fff675682e61b9808c035aaa4af42bb81f063cc,d5b11d25f3b2415dc959ae176b1986eff29aab886b60ed1119de835aef19a109,ddddaf0
eviddie-20230801-19940419,20230801,19940419,rare,5shot,0,EviDDIE,PT-18498415,CEAZRRDELHUEMR,IAVUPMFITXYVAF,0,1,0.50133049,0.88700944,0.12438391,0.13038357,fe0b1e9b4160439ea16a4c1977115a5d1be23db6f9bb65e508e413498830e2ee,643a91e0b9a1cc10067428184fff675682e61b9808c035aaa4af42bb81f063cc,d5b11d25f3b2415dc959ae176b1986eff29aab886b60ed1119de835aef19a109,ddddaf0
eviddie-20230801-19940419,20230801,19940419,rare,5shot,0,EviDDIE,PT-18498415,QWCRAEMEVRGPNT,WIKYUJGCLQQFNW,0,1,0.50125676,0.89088607,0.11965653,0.12529929,fe0b1e9b4160439ea16a4c1977115a5d1be23db6f9bb65e508e413498830e2ee,643a91e0b9a1cc10067428184fff675682e61b9808c035aaa4af42bb81f063cc,d5b11d25f3b2415dc959ae176b1986eff29aab886b60ed1119de835aef19a109,ddddaf0
eviddie-20230801-19940419,20230801,19940419,rare,5shot,0,EviDDIE,PT-18498415,RLAWWYSOJDYHDC,JUKPWJGBANNWMW,0,1,0.50128639,0.88933933,0.12153706,0.12732321,fe0b1e9b4160439ea16a4c1977115a5d1be23db6f9bb65e508e413498830e2ee,643a91e0b9a1cc10067428184fff675682e61b9808c035aaa4af42bb81f063cc,d5b11d25f3b2415dc959ae176b1986eff29aab886b60ed1119de835aef19a109,ddddaf0
eviddie-20230801-19940419,20230801,19940419,rare,5shot,0,EviDDIE,PT-18498415,RLAWWYSOJDYHDC,FELGMEQIXOGIFQ,0,1,0.50131899,0.88757741,0.12369008,0.12963432,fe0b1e9b4160439ea16a4c1977115a5d1be23db6f9bb65e508e413498830e2ee,643a91e0b9a1cc10067428184fff675682e61b9808c035aaa4af42bb81f063cc,d5b11d25f3b2415dc959ae176b1986eff29aab886b60ed1119de835aef19a109,ddddaf0
eviddie-20230801-19940419,20230801,19940419,rare,5shot,0,EviDDIE,PT-18886153,AAOVKJBEBIDNHE,XFYDIVBRZNQMJC,1,1,0.50123763,0.89189625,0.11843137,0.1239819,fe0b1e9b4160439ea16a4c1977115a5d1be23db6f9bb65e508e413498830e2ee,643a91e0b9a1cc10067428184fff675682e61b9808c035aaa4af42bb81f063cc,d5b11d25f3b2415dc959ae176b1986eff29aab886b60ed1119de835aef19a109,ddddaf0
eviddie-20230801-19940419,20230801,19940419,rare,5shot,0,EviDDIE,PT-18886153,AAOVKJBEBIDNHE,ZQDWXGKKHFNSQK,1,1,0.50127184,0.89009607,0.12061642,0.1263321,fe0b1e9b4160439ea16a4c1977115a5d1be23db6f9bb65e508e413498830e2ee,643a91e0b9a1cc10067428184fff675682e61b9808c035aaa4af42bb81f063cc,d5b11d25f3b2415dc959ae176b1986eff29aab886b60ed1119de835aef19a109,ddddaf0
eviddie-20230801-19940419,20230801,19940419,rare,5shot,0,EviDDIE,PT-18886153,AQHHHDLHHXJYJD,SNIOPGDIGTZGOP,1,1,0.50130576,0.88840729,0.1226702,0.12854949,fe0b1e9b4160439ea16a4c1977115a5d1be23db6f9bb65e508e413498830e2ee,643a91e0b9a1cc10067428184fff675682e61b9808c035aaa4af42bb81f063cc,d5b11d25f3b2415dc959ae176b1986eff29aab886b60ed1119de835aef19a109,ddddaf0
eviddie-20230801-19940419,20230801,19940419,rare,5shot,0,EviDDIE,PT-18886153,AUYYCJSJGJYCDS,RGHNJXZEOKUKBD,1,1,0.50134224,0.88646501,0.12504788,0.13110432,fe0b1e9b4160439ea16a4c1977115a5d1be23db6f9bb65e508e413498830e2ee,643a91e0b9a1cc10067428184fff675682e61b9808c035aaa4af42bb81f063cc,d5b11d25f3b2415dc959ae176b1986eff29aab886b60ed1119de835aef19a109,ddddaf0
eviddie-20230801-19940419,20230801,19940419,rare,5shot,0,EviDDIE,PT-18886153,CURUTKGFNZGFSE,ZEUITGRIYCTCEM,1,1,0.50130671,0.88822252,0.12290161,0.12878639,fe0b1e9b4160439ea16a4c1977115a5d1be23db6f9bb65e508e413498830e2ee,643a91e0b9a1cc10067428184fff675682e61b9808c035aaa4af42bb81f063cc,d5b11d25f3b2415dc959ae176b1986eff29aab886b60ed1119de835aef19a109,ddddaf0
eviddie-20230801-19940419,20230801,19940419,rare,5shot,0,EviDDIE,PT-18886153,DLNKOYKMWOXYQA,NNJVILVZKWQKPM,1,1,0.50135672,0.88562572,0.12608127,0.13220912,fe0b1e9b4160439ea16a4c1977115a5d1be23db6f9bb65e508e413498830e2ee,643a91e0b9a1cc10067428184fff675682e61b9808c035aaa4af42bb81f063cc,d5b11d25f3b2415dc959ae176b1986eff29aab886b60ed1119de835aef19a109,ddddaf0
eviddie-20230801-19940419,20230801,19940419,rare,5shot,0,EviDDIE,PT-18886153,MNDBXUUTURYVHR,XFYDIVBRZNQMJC,1,1,0.50128007,0.88965136,0.12115816,0.12691358,fe0b1e9b4160439ea16a4c1977115a5d1be23db6f9bb65e508e413498830e2ee,643a91e0b9a1cc10067428184fff675682e61b9808c035aaa4af42bb81f063cc,d5b11d25f3b2415dc959ae176b1986eff29aab886b60ed1119de835aef19a109,ddddaf0
eviddie-20230801-19940419,20230801,19940419,rare,5shot,0,EviDDIE,PT-18886153,URKOMYMAXPYINW,ZZUFCTLCJUWOSV,1,1,0.50129294,0.88899606,0.12195544,0.1277732,fe0b1e9b4160439ea16a4c1977115a5d1be23db6f9bb65e508e413498830e2ee,643a91e0b9a1cc10067428184fff675682e61b9808c035aaa4af42bb81f063cc,d5b11d25f3b2415dc959ae176b1986eff29aab886b60ed1119de835aef19a109,ddddaf0
eviddie-20230801-19940419,20230801,19940419,rare,5shot,0,EviDDIE,PT-18886153,XUFQPHANEAPEMJ,ZQDWXGKKHFNSQK,1,1,0.50134045,0.88645345,0.12506655,0.13111521,fe0b1e9b4160439ea16a4c1977115a5d1be23db6f9bb65e508e413498830e2ee,643a91e0b9a1cc10067428184fff675682e61b9808c035aaa4af42bb81f063cc,d5b11d25f3b2415dc959ae176b1986eff29aab886b60ed1119de835aef19a109,ddddaf0
eviddie-20230801-19940419,20230801,19940419,rare,5shot,0,EviDDIE,PT-18886153,AAOVKJBEBIDNHE,LSQZJLSUYDQPKJ,0,1,0.50126731,0.89037639,0.12027384,0.1259672,fe0b1e9b4160439ea16a4c1977115a5d1be23db6f9bb65e508e413498830e2ee,643a91e0b9a1cc10067428184fff675682e61b9808c035aaa4af42bb81f063cc,d5b11d25f3b2415dc959ae176b1986eff29aab886b60ed1119de835aef19a109,ddddaf0
eviddie-20230801-19940419,20230801,19940419,rare,5shot,0,EviDDIE,PT-18886153,AAOVKJBEBIDNHE,AAOVKJBEBIDNHE,0,1,0.50123268,0.89215451,0.11811857,0.12364546,fe0b1e9b4160439ea16a4c1977115a5d1be23db6f9bb65e508e413498830e2ee,643a91e0b9a1cc10067428184fff675682e61b9808c035aaa4af42bb81f063cc,d5b11d25f3b2415dc959ae176b1986eff29aab886b60ed1119de835aef19a109,ddddaf0
eviddie-20230801-19940419,20230801,19940419,rare,5shot,0,EviDDIE,PT-18886153,AQHHHDLHHXJYJD,CMWTZPSULFXXJA,0,1,0.50133276,0.88687724,0.12454612,0.13055728,fe0b1e9b4160439ea16a4c1977115a5d1be23db6f9bb65e508e413498830e2ee,643a91e0b9a1cc10067428184fff675682e61b9808c035aaa4af42bb81f063cc,d5b11d25f3b2415dc959ae176b1986eff29aab886b60ed1119de835aef19a109,ddddaf0
eviddie-20230801-19940419,20230801,19940419,rare,5shot,0,EviDDIE,PT-18886153,AUYYCJSJGJYCDS,BFPYWIDHMRZLRN,0,1,0.50129271,0.88898212,0.12197381,0.12779032,fe0b1e9b4160439ea16a4c1977115a5d1be23db6f9bb65e508e413498830e2ee,643a91e0b9a1cc10067428184fff675682e61b9808c035aaa4af42bb81f063cc,d5b11d25f3b2415dc959ae176b1986eff29aab886b60ed1119de835aef19a109,ddddaf0
eviddie-20230801-19940419,20230801,19940419,rare,5shot,0,EviDDIE,PT-18886153,CURUTKGFNZGFSE,RMRCNWBMXRMIRW,0,1,0.50129354,0.88898712,0.12196554,0.12778583,fe0b1e9b4160439ea16a4c1977115a5d1be23db6f9bb65e508e413498830e2ee,643a91e0b9a1cc10067428184fff675682e61b9808c035aaa4af42bb81f063cc,d5b11d25f3b2415dc959ae176b1986eff29aab886b60ed1119de835aef19a109,ddddaf0
eviddie-20230801-19940419,20230801,19940419,rare,5shot,0,EviDDIE,PT-18886153,DLNKOYKMWOXYQA,FABPRXSRWADJSP,0,1,0.50130755,0.88819957,0.12292869,0.12881735,fe0b1e9b4160439ea16a4c1977115a5d1be23db6f9bb65e508e413498830e2ee,643a91e0b9a1cc10067428184fff675682e61b9808c035aaa4af42bb81f063cc,d5b11d25f3b2415dc959ae176b1986eff29aab886b60ed1119de835aef19a109,ddddaf0
eviddie-20230801-19940419,20230801,19940419,rare,5shot,0,EviDDIE,PT-18886153,MNDBXUUTURYVHR,CURUTKGFNZGFSE,0,1,0.50129026,0.88915724,0.12175842,0.12756264,fe0b1e9b4160439ea16a4c1977115a5d1be23db6f9bb65e508e413498830e2ee,643a91e0b9a1cc10067428184fff675682e61b9808c035aaa4af42bb81f063cc,d5b11d25f3b2415dc959ae176b1986eff29aab886b60ed1119de835aef19a109,ddddaf0
eviddie-20230801-19940419,20230801,19940419,rare,5shot,0,EviDDIE,PT-18886153,URKOMYMAXPYINW,KWGRBVOPPLSCSI,0,1,0.50131762,0.88767427,0.12357064,0.12950803,fe0b1e9b4160439ea16a4c1977115a5d1be23db6f9bb65e508e413498830e2ee,643a91e0b9a1cc10067428184fff675682e61b9808c035aaa4af42bb81f063cc,d5b11d25f3b2415dc959ae176b1986eff29aab886b60ed1119de835aef19a109,ddddaf0
eviddie-20230801-19940419,20230801,19940419,rare,5shot,0,EviDDIE,PT-18886153,XUFQPHANEAPEMJ,ZZUFCTLCJUWOSV,0,1,0.50133973,0.88651919,0.1249849,0.13102959,fe0b1e9b4160439ea16a4c1977115a5d1be23db6f9bb65e508e413498830e2ee,643a91e0b9a1cc10067428184fff675682e61b9808c035aaa4af42bb81f063cc,d5b11d25f3b2415dc959ae176b1986eff29aab886b60ed1119de835aef19a109,ddddaf0
eviddie-20240115-19940419,20240115,19940419,rare,5shot,0,EviDDIE,PT-11090837,BOVGTQGAOIONJV,OIGNJSKKLXVSLS,1,0,0.49912739,0.98964232,0.01222945,0.00870267,d7bc70db46c9b861d2aaa0fe4040a7b19be4faa14939df384d353558c5f7720d,643a91e0b9a1cc10067428184fff675682e61b9808c035aaa4af42bb81f063cc,d5b11d25f3b2415dc959ae176b1986eff29aab886b60ed1119de835aef19a109,ddddaf0
eviddie-20240115-19940419,20240115,19940419,rare,5shot,0,EviDDIE,PT-11090837,BVKZGUZCCUSVTD,CDAISMWEOUEBRE,1,0,0.49909678,0.98913074,0.01281514,0.00916242,d7bc70db46c9b861d2aaa0fe4040a7b19be4faa14939df384d353558c5f7720d,643a91e0b9a1cc10067428184fff675682e61b9808c035aaa4af42bb81f063cc,d5b11d25f3b2415dc959ae176b1986eff29aab886b60ed1119de835aef19a109,ddddaf0
eviddie-20240115-19940419,20240115,19940419,rare,5shot,0,EviDDIE,PT-11090837,GBBSUAFBMRNDJC,MBMBGCFOFBJSGT,1,0,0.49914479,0.98992759,0.01190266,0.00844705,d7bc70db46c9b861d2aaa0fe4040a7b19be4faa14939df384d353558c5f7720d,643a91e0b9a1cc10067428184fff675682e61b9808c035aaa4af42bb81f063cc,d5b11d25f3b2415dc959ae176b1986eff29aab886b60ed1119de835aef19a109,ddddaf0
eviddie-20240115-19940419,20240115,19940419,rare,5shot,0,EviDDIE,PT-11090837,GBBSUAFBMRNDJC,WOFMFGQZHJDGCX,1,0,0.49913329,0.98973817,0.01211963,0.00861679,d7bc70db46c9b861d2aaa0fe4040a7b19be4faa14939df384d353558c5f7720d,643a91e0b9a1cc10067428184fff675682e61b9808c035aaa4af42bb81f063cc,d5b11d25f3b2415dc959ae176b1986eff29aab886b60ed1119de835aef19a109,ddddaf0
eviddie-20240115-19940419,20240115,19940419,rare,5shot,0,EviDDIE,PT-11090837,HPNSFSBZBAHARI,OIGNJSKKLXVSLS,1,0,0.49912739,0.98964113,0.01223085,0.00870377,d7bc70db46c9b861d2aaa0fe4040a7b19be4faa14939df384d353558c5f7720d,643a91e0b9a1cc10067428184fff675682e61b9808c035aaa4af42bb81f063cc,d5b11d25f3b2415dc959ae176b1986eff29aab886b60ed1119de835aef19a109,ddddaf0
eviddie-20240115-19940419,20240115,19940419,rare,5shot,0,EviDDIE,PT-11090837,HPNSFSBZBAHARI,SEEPANYCNGTZFQ,1,0,0.49915108,0.99002987,0.01178551,0.00835562,d7bc70db46c9b861d2aaa0fe4040a7b19be4faa14939df384d353558c5f7720d,643a91e0b9a1cc10067428184fff675682e61b9808c035aaa4af42bb81f063cc,d5b11d25f3b2415dc959ae176b1986eff29aab886b60ed1119de835aef19a109,ddddaf0
eviddie-20240115-19940419,20240115,19940419,rare,5shot,0,EviDDIE,PT-11090837,IEDVJHCEMCRBQM,RMRCNWBMXRMIRW,1,0,0.49913576,0.98978031,0.01207133,0.00857888,d7bc70db46c9b861d2aaa0fe4040a7b19be4faa14939df384d353558c5f7720d,643a91e0b9a1cc10067428184fff675682e61b9808c035aaa4af42bb81f063cc,d5b11d25f3b2415dc959ae176b1986eff29aab886b60ed1119de835aef19a109,ddddaf0
eviddie-20240115-19940419,20240115,19940419,rare,5shot,0,EviDDIE,PT-11090837,JCCNYMKQOSZNPW,SEEPANYCNGTZFQ,1,0,0.49915555,0.99010253,0.01170219,0.0082907,d7bc70db46c9b861d2aaa0fe4040a7b19be4faa14939df384d353558c5f7720d,643a91e0b9a1cc10067428184fff675682e61b9808c035aaa4af42bb81f063cc,d5b11d25f3b2415dc959ae176b1986eff29aab886b60ed1119de835aef19a109,ddddaf0
eviddie-20240115-19940419,20240115,19940419,rare,5shot,0,EviDDIE,PT-11090837,OIGNJSKKLXVSLS,RTGDFNSFWBGLEC,1,0,0.49912804,0.98965234,0.01221793,0.00869373,d7bc70db46c9b861d2aaa0fe4040a7b19be4faa14939df384d353558c5f7720d,643a91e0b9a1cc10067428184fff675682e61b9808c035aaa4af42bb81f063cc,d5b11d25f3b2415dc959ae176b1986eff29aab886b60ed1119de835aef19a109,ddddaf0
eviddie-20240115-19940419,20240115,19940419,rare,5shot,0,EviDDIE,PT-11090837,PJVWKTKQMONHTI,RTGDFNSFWBGLEC,1,0,0.49915004,0.99001348,0.01180418,0.0083701,d7bc70db46c9b861d2aaa0fe4040a7b19be4faa14939df384d353558c5f7720d,643a91e0b9a1cc10067428184fff675682e61b9808c035aaa4af42bb81f063cc,d5b11d25f3b2415dc959ae176b1986eff29aab886b60ed1119de835aef19a109,ddddaf0
eviddie-20240115-19940419,20240115,19940419,rare,5shot,0,EviDDIE,PT-11090837,SNPLKNRPJHDVJA,WOFMFGQZHJDGCX,1,0,0.49911508,0.98943782,0.01246374,0.00888624,d7bc70db46c9b861d2aaa0fe4040a7b19be4faa14939df384d353558c5f7720d,643a91e0b9a1cc10067428184fff675682e61b9808c035aaa4af42bb81f063cc,d5b11d25f3b2415dc959ae176b1986eff29aab886b60ed1119de835aef19a109,ddddaf0
eviddie-20240115-19940419,20240115,19940419,rare,5shot,0,EviDDIE,PT-11090837,BOVGTQGAOIONJV,VOVIALXJUBGFJZ,0,0,0.49912694,0.9896338,0.01223925,0.00871033,d7bc70db46c9b861d2aaa0fe4040a7b19be4faa14939df384d353558c5f7720d,643a91e0b9a1cc10067428184fff675682e61b9808c035aaa4af42bb81f063cc,d5b11d25f3b2415dc959ae176b1986eff29aab886b60ed1119de835aef19a109,ddddaf0
eviddie-20240115-19940419,20240115,19940419,rare,5shot,0,EviDDIE,PT-11090837,BVKZGUZCCUSVTD,XPCFTKFZXHTYIP,0,0,0.49912241,0.98955917,0.01232478,0.00877726,d7bc70db46c9b861d2aaa0fe4040a7b19be4faa14939df384d353558c5f7720d,643a91e0b9a1cc10067428184fff675682e61b9808c035aaa4af42bb81f063cc,d5b11d25f3b2415dc959ae176b1986eff29aab886b60ed1119de835aef19a109,ddddaf0
eviddie-20240115-19940419,20240115,19940419,rare,5shot,0,EviDDIE,PT-11090837,GBBSUAFBMRNDJC,JCQLYHFGKNRPGE,0,0,0.49911687,0.98946708,0.01243006,0.00886001,d7bc70db46c9b861d2aaa0fe4040a7b19be4faa14939df384d353558c5f7720d,643a91e0b9a1cc10067428184fff675682e61b9808c035aaa4af42bb81f063cc,d5b11d25f3b2415dc959ae176b1986eff29aab886b60ed1119de835aef19a109,ddddaf0
eviddie-20240115-19940419,20240115,19940419,rare,5shot,0,EviDDIE,PT-11090837,GBBSUAFBMRNDJC,QWCRAEMEVRGPNT,0,0,0.49913299,0.9897334,0.01212515,0.00862105,d7bc70db46c9b861d2aaa0fe4040a7b19be4faa14939df384d353558c5f7720d,643a91e0b9a1cc10067428184fff675682e61b9808c035aaa4af42bb81f063cc,d5b11d25f3b2415dc959ae176b1986eff29aab886b60ed1119de835aef19a109,ddddaf0
eviddie-20240115-19940419,20240115,19940419,rare,5shot,0,EviDDIE,PT-11090837,HPNSFSBZBAHARI,MAEIEVLCKWDQJH,0,0,0.49914241,0.98988777,0.01194838,0.00848279,d7bc70db46c9b861d2aaa0fe4040a7b19be4faa14939df384d353558c5f7720d,643a91e0b9a1cc10067428184fff675682e61b9808c035aaa4af42bb81f063cc,d5b11d25f3b2415dc959ae176b1986eff29aab886b60ed1119de835aef19a109,ddddaf0
eviddie-20240115-19940419,20240115,19940419,rare,5shot,0,EviDDIE,PT-11090837,HPNSFSBZBAHARI,WIKYUJGCLQQFNW,0,0,0.49913526,0.98977131,0.01208169,0.00858699,d7bc70db46c9b861d2aaa0fe4040a7b19be4faa14939df384d353558c5f7720d,643a91e0b9a1cc10067428184fff675682e61b9808c035aaa4af42bb81f063cc,d5b11d25f3b2415dc959ae176b1986eff29aab886b60ed1119de835aef19a109,ddddaf0
eviddie-20240115-19940419,20240115,19940419,rare,5shot,0,EviDDIE,PT-11090837,IEDVJHCEMCRBQM,FFGPTBGBLSHEPO,0,0,0.49914369,0.98990905,0.01192403,0.00846372,d7bc70db46c9b861d2aaa0fe4040a7b19be4faa14939df384d353558c5f7720d,643a91e0b9a1cc10067428184fff675682e61b9808c035aaa4af42bb81f063cc,d5b11d25f3b2415dc959ae176b1986eff29aab886b60ed1119de835aef19a109,ddddaf0
eviddie-20240115-19940419,20240115,19940419,rare,5shot,0,EviDDIE,PT-11090837,JCCNYMKQOSZNPW,ASUTZQLVASHGKV,0,0,0.49913397,0.98974973,0.0121064,0.0086064,d7bc70db46c9b861d2aaa0fe4040a7b19be4faa14939df384d353558c5f7720d,643a91e0b9a1cc10067428184fff675682e61b9808c035aaa4af42bb81f063cc,d5b11d25f3b2415dc959ae176b1986eff29aab886b60ed1119de835aef19a109,ddddaf0
eviddie-20240115-19940419,20240115,19940419,rare,5shot,0,EviDDIE,PT-11090837,OIGNJSKKLXVSLS,BFPYWIDHMRZLRN,0,0,0.4991203,0.98952442,0.01236433,0.00880844,d7bc70db46c9b861d2aaa0fe4040a7b19be4faa14939df384d353558c5f7720d,643a91e0b9a1cc10067428184fff675682e61b9808c035aaa4af42bb81f063cc,d5b11d25f3b2415dc959ae176b1986eff29aab886b60ed1119de835aef19a109,ddddaf0
eviddie-20240115-19940419,20240115,19940419,rare,5shot,0,EviDDIE,PT-11090837,PJVWKTKQMONHTI,ZKLPARSLTMPFCP,0,0,0.4991523,0.99005044,0.01176192,0.00833716,d7bc70db46c9b861d2aaa0fe4040a7b19be4faa14939df384d353558c5f7720d,643a91e0b9a1cc10067428184fff675682e61b9808c035aaa4af42bb81f063cc,d5b11d25f3b2415dc959ae176b1986eff29aab886b60ed1119de835aef19a109,ddddaf0
eviddie-20240115-19940419,20240115,19940419,rare,5shot,0,EviDDIE,PT-11090837,SNPLKNRPJHDVJA,KVWDHTXUZHCGIO,0,0,0.49912021,0.98952371,0.0123653,0.00880894,d7bc70db46c9b861d2aaa0fe4040a7b19be4faa14939df384d353558c5f7720d,643a91e0b9a1cc10067428184fff675682e61b9808c035aaa4af42bb81f063cc,d5b11d25f3b2415dc959ae176b1986eff29aab886b60ed1119de835aef19a109,ddddaf0
eviddie-20240115-19940419,20240115,19940419,rare,5shot,0,EviDDIE,PT-16020885,ASUTZQLVASHGKV,HSUGRBWQSSZJOP,1,0,0.49913421,0.98975337,0.01210224,0.00860317,d7bc70db46c9b861d2aaa0fe4040a7b19be4faa14939df384d353558c5f7720d,643a91e0b9a1cc10067428184fff675682e61b9808c035aaa4af42bb81f063cc,d5b11d25f3b2415dc959ae176b1986eff29aab886b60ed1119de835aef19a109,ddddaf0
eviddie-20240115-19940419,20240115,19940419,rare,5shot,0,EviDDIE,PT-16020885,ASUTZQLVASHGKV,HTIQEAQVCYTUBX,1,0,0.49913228,0.98972219,0.01213793,0.0086311,d7bc70db46c9b861d2aaa0fe4040a7b19be4faa14939df384d353558c5f7720d,643a91e0b9a1cc10067428184fff675682e61b9808c035aaa4af42bb81f063cc,d5b11d25f3b2415dc959ae176b1986eff29aab886b60ed1119de835aef19a109,ddddaf0
eviddie-20240115-19940419,20240115,19940419,rare,5shot,0,EviDDIE,PT-16020885,BPRHUIZQVSMCRT,LOUPRKONTZGTKE,1,0,0.49913815,0.98981911,0.01202696,0.00854416,d7bc70db46c9b861d2aaa0fe4040a7b19be4faa14939df384d353558c5f7720d,643a91e0b9a1cc10067428184fff675682e61b9808c035aaa4af42bb81f063cc,d5b11d25f3b2415dc959ae176b1986eff29aab886b60ed1119de835aef19a109,ddddaf0
eviddie-20240115-19940419,20240115,19940419,rare,5shot,0,EviDDIE,PT-16020885,HTIQEAQVCYTUBX,JSDRRTOADPPCHY,1,0,0.49913582,0.98977983,0.01207198,0.00857945,d7bc70db46c9b861d2aaa0fe4040a7b19be4faa14939df384d353558c5f7720d,643a91e0b9a1cc10067428184fff675682e61b9808c035aaa4af42bb81f063cc,d5b11d25f3b2415dc959ae176b1986eff29aab886b60ed1119de835aef19a109,ddddaf0
eviddie-20240115-19940419,20240115,19940419,rare,5shot,0,EviDDIE,PT-16020885,JCQLYHFGKNRPGE,KJFMBFZCATUALV,1,0,0.49912396,0.98958439,0.01229587,0.00875469,d7bc70db46c9b861d2aaa0fe4040a7b19be4faa14939df384d353558c5f7720d,643a91e0b9a1cc10067428184fff675682e61b9808c035aaa4af42bb81f063cc,d5b11d25f3b2415dc959ae176b1986eff29aab886b60ed1119de835aef19a109,ddddaf0
eviddie-20240115-19940419,20240115,19940419,rare,5shot,0,EviDDIE,PT-16020885,MBWXNTAXLNYFJB,SKZKKFZAGNVIMN,1,0,0.49913454,0.98976046,0.0120941,0.00859668,d7bc70db46c9b861d2aaa0fe4040a7b19be4faa14939df384d353558c5f7720d,643a91e0b9a1cc10067428184fff675682e61b9808c035aaa4af42bb81f063cc,d5b11d25f3b2415dc959ae176b1986eff29aab886b60ed1119de835aef19a109,ddddaf0
eviddie-20240115-19940419,20240115,19940419,rare,5shot,0,EviDDIE,PT-16020885,ASUTZQLVASHGKV,UJLAWZDWDVHWOW,0,0,0.49913391,0.98974949,0.0121066,0.00860656,d7bc70db46c9b861d2aaa0fe4040a7b19be4faa14939df384d353558c5f7720d,643a91e0b9a1cc10067428184fff675682e61b9808c035aaa4af42bb81f063cc,d5b11d25f3b2415dc959ae176b1986eff29aab886b60ed1119de835aef19a109,ddddaf0
eviddie-20240115-19940419,20240115,19940419,rare,5shot,0,EviDDIE,PT-16020885,ASUTZQLVASHGKV,KRKNYBCHXYNGOX,0,0,0.49913079,0.98969716,0.01216656,0.00865353,d7bc70db46c9b861d2aaa0fe4040a7b19be4faa14939df384d353558c5f7720d,643a91e0b9a1cc10067428184fff675682e61b9808c035aaa4af42bb81f063cc,d5b11d25f3b2415dc959ae176b1986eff29aab886b60ed1119de835aef19a109,ddddaf0
eviddie-20240115-19940419,20240115,19940419,rare,5shot,0,EviDDIE,PT-16020885,BPRHUIZQVSMCRT,YWXYYJSYQOXTPL,0,0,0.49912223,0.98955649,0.01232777,0.00877964,d7bc70db46c9b861d2aaa0fe4040a7b19be4faa14939df384d353558c5f7720d,643a91e0b9a1cc10067428184fff675682e61b9808c035aaa4af42bb81f063cc,d5b11d25f3b2415dc959ae176b1986eff29aab886b60ed1119de835aef19a109,ddddaf0
eviddie-20240115-19940419,20240115,19940419,rare,5shot,0,EviDDIE,PT-16020885,HTIQEAQVCYTUBX,HTQMVQVXFRQIKW,0,0,0.49914521,0.98993474,0.01189447,0.00844067,d7bc70db46c9b861d2aaa0fe4040a7b19be4faa14939df384d353558c5f7720d,643a91e0b9a1cc10067428184fff675682e61b9808c035aaa4af42bb81f063cc,d5b11d25f3b2415dc959ae176b1986eff29aab886b60ed1119de835aef19a109,ddddaf0
eviddie-20240115-19940419,20240115,19940419,rare,5shot,0,EviDDIE,PT-16020885,JCQLYHFGKNRPGE,IAVUPMFITXYVAF,0,0,0.49912518,0.98960495,0.01227233,0.00873624,d7bc70db46c9b861d2aaa0fe4040a7b19be4faa14939df384d353558c5f7720d,643a91e0b9a1cc10067428184fff675682e61b9808c035aaa4af42bb81f063cc,d5b11d25f3b2415dc959ae176b1986eff29aab886b60ed1119de835aef19a109,ddddaf0
eviddie-20240115-19940419,20240115,19940419,rare,5shot,0,EviDDIE,PT-16020885,MBWXNTAXLNYFJB,WIKYUJGCLQQFNW,0,0,0.49913079,0.98969764,0.0121661,0.00865301,d7bc70db46c9b861d2aaa0fe4040a7b19be4faa14939df384d353558c5f7720d,643a91e0b9a1cc10067428184fff675682e61b9808c035aaa4af42bb81f063cc,d5b11d25f3b2415dc959ae176b1986eff29aab886b60ed1119de835aef19a109,ddddaf0
eviddie-20240115-19940419,20240115,19940419,rare,5shot,0,EviDDIE,PT-16022530,BVKZGUZCCUSVTD,KLBQZWRITKRQQV,1,0,0.49911734,0.98947573,0.01242032,0.00885214,d7bc70db46c9b861d2aaa0fe4040a7b19be4faa14939df384d353558c5f7720d,643a91e0b9a1cc10067428184fff675682e61b9808c035aaa4af42bb81f063cc,d5b11d25f3b2415dc959ae176b1986eff29aab886b60ed1119de835aef19a109,ddddaf0
eviddie-20240115-19940419,20240115,19940419,rare,5shot,0,EviDDIE,PT-16022530,CEUORZQYGODEFX,UGJMXCAKCUNAIE,1,0,0.49912223,0.98955637,0.01232788,0.00877979,d7bc70db46c9b861d2aaa0fe4040a7b19be4faa14939df384d353558c5f7720d,643a91e0b9a1cc10067428184fff675682e61b9808c035aaa4af42bb81f063cc,d5b11d25f3b2415dc959ae176b1986eff29aab886b60ed1119de835aef19a109,ddddaf0
eviddie-20240115-19940419,20240115,19940419,rare,5shot,0,EviDDIE,PT-16022530,CEUORZQYGODEFX,WSEQXVZVJXJVFP,1,0,0.49913612,0.98978525,0.01206573,0.00857458,d7bc70db46c9b861d2aaa0fe4040a7b19be4faa14939df384d353558c5f7720d,643a91e0b9a1cc10067428184fff675682e61b9808c035aaa4af42bb81f063cc,d5b11d25f3b2415dc959ae176b1986eff29aab886b60ed1119de835aef19a109,ddddaf0
eviddie-20240115-19940419,20240115,19940419,rare,5shot,0,EviDDIE,PT-16022530,LNEPOXFFQSENCJ,PMXMIIMHBWHSKN,1,0,0.49914309,0.98989993,0.01193442,0.00847186,d7bc70db46c9b861d2aaa0fe4040a7b19be4faa14939df384d353558c5f7720d,643a91e0b9a1cc10067428184fff675682e61b9808c035aaa4af42bb81f063cc,d5b11d25f3b2415dc959ae176b1986eff29aab886b60ed1119de835aef19a109,ddddaf0
eviddie-20240115-19940419,20240115,19940419,rare,5shot,0,EviDDIE,PT-16022530,MVWVFYHBGMAFLY,RAPZEAPATHNIPO,1,0,0.49914631,0.98995191,0.01187478,0.00842531,d7bc70db46c9b861d2aaa0fe4040a7b19be4faa14939df384d353558c5f7720d,643a91e0b9a1cc10067428184fff675682e61b9808c035aaa4af42bb81f063cc,d5b11d25f3b2415dc959ae176b1986eff29aab886b60ed1119de835aef19a109,ddddaf0
eviddie-20240115-19940419,20240115,19940419,rare,5shot,0,EviDDIE,PT-16022530,NJMYODHXAKYRHW,PMXMIIMHBWHSKN,1,0,0.49914131,0.98987073,0.01196773,0.0084979,d7bc70db46c9b861d2aaa0fe4040a7b19be4faa14939df384d353558c5f7720d,643a91e0b9a1cc10067428184fff675682e61b9808c035aaa4af42bb81f063cc,d5b11d25f3b2415dc959ae176b1986eff29aab886b60ed1119de835aef19a109,ddddaf0
eviddie-20240115-19940419,20240115,19940419,rare,5shot,0,EviDDIE,PT-16022530,NJMYODHXAKYRHW,RAPZEAPATHNIPO,1,0,0.49914205,0.9898836,0.01195306,0.00848644,d7bc70db46c9b861d2aaa0fe4040a7b19be4faa14939df384d353558c5f7720d,643a91e0b9a1cc10067428184fff675682e61b9808c035aaa4af42bb81f063cc,d5b11d25f3b2415dc959ae176b1986eff29aab886b60ed1119de835aef19a109,ddddaf0
eviddie-20240115-19940419,20240115,19940419,rare,5shot,0,EviDDIE,PT-16022530,PMXMIIMHBWHSKN,UGJMXCAKCUNAIE,1,0,0.49912724,0.98963916,0.01223316,0.00870555,d7bc70db46c9b861d2aaa0fe4040a7b19be4faa14939df384d353558c5f7720d,643a91e0b9a1cc10067428184fff675682e61b9808c035aaa4af42bb81f063cc,d5b11d25f3b2415dc959ae176b1986eff29aab886b60ed1119de835aef19a109,ddddaf0
eviddie-20240115-19940419,20240115,19940419,rare,5shot,0,EviDDIE,PT-16022530,PMXMIIMHBWHSKN,WFPIAZLQTJBIFN,1,0,0.49914294,0.98989725,0.01193749,0.00847429,d7bc70db46c9b861d2aaa0fe4040a7b19be4faa14939df384d353558c5f7720d,643a91e0b9a1cc10067428184fff675682e61b9808c035aaa4af42bb81f063cc,d5b11d25f3b2415dc959ae176b1986eff29aab886b60ed1119de835aef19a109,ddddaf0
eviddie-20240115-19940419,20240115,19940419,rare,5shot,0,EviDDIE,PT-16022530,URKOMYMAXPYINW,XJGVXQDUIWGIRW,1,0,0.49913949,0.98984015,0.01200292,0.00852544,d7bc70db46c9b861d2aaa0fe4040a7b19be4faa14939df384d353558c5f7720d,643a91e0b9a1cc10067428184fff675682e61b9808c035aaa4af42bb81f063cc,d5b11d25f3b2415dc959ae176b1986eff29aab886b60ed1119de835aef19a109,ddddaf0
eviddie-20240115-19940419,20240115,19940419,rare,5shot,0,EviDDIE,PT-16022530,BVKZGUZCCUSVTD,SHGAZHPCJJPHSC,0,0,0.49912047,0.98952699,0.01236162,0.00880618,d7bc70db46c9b861d2aaa0fe4040a7b19be4faa14939df384d353558c5f7720d,643a91e0b9a1cc10067428184fff675682e61b9808c035aaa4af42bb81f063cc,d5b11d25f3b2415dc959ae176b1986eff29aab886b60ed1119de835aef19a109,ddddaf0
eviddie-20240115-19940419,20240115,19940419,rare,5shot,0,EviDDIE,PT-16022530,CEUORZQYGODEFX,DIWRORZWFLOCLC,0,0,0.49914205,0.98988229,0.01195458,0.00848769,d7bc70db46c9b861d2aaa0fe4040a7b19be4faa14939df384d353558c5f7720d,643a91e0b9a1cc10067428184fff675682e61b9808c035aaa4af42bb81f063cc,d5b11d25f3b2415dc959ae176b1986eff29aab886b60ed1119de835aef19a109,ddddaf0
eviddie-20240115-19940419,20240115,19940419,rare,5shot,0,EviDDIE,PT-16022530,CEUORZQYGODEFX,GFNANZIMVAIWHM,0,0,0.49912786,0.98964882,0.01222197,0.00869687,d7bc70db46c9b861d2aaa0fe4040a7b19be4faa14939df384d353558c5f7720d,643a91e0b9a1cc10067428184fff675682e61b9808c035aaa4af42bb81f063cc,d5b11d25f3b2415dc959ae176b1986eff29aab886b60ed1119de835aef19a109,ddddaf0
eviddie-20240115-19940419,20240115,19940419,rare,5shot,0,EviDDIE,PT-16022530,LNEPOXFFQSENCJ,OIGNJSKKLXVSLS,0,0,0.4991309,0.98969859,0.01216512,0.00865231,d7bc70db46c9b861d2aaa0fe4040a7b19be4faa14939df384d353558c5f7720d,643a91e0b9a1cc10067428184fff675682e61b9808c035aaa4af42bb81f063cc,d5b11d25f3b2415dc959ae176b1986eff29aab886b60ed1119de835aef19a109,ddddaf0
eviddie-20240115-19940419,20240115,19940419,rare,5shot,0,EviDDIE,PT-16022530,MVWVFYHBGMAFLY,WIKYUJGCLQQFNW,0,0,0.49914137,0.98987049,0.01196816,0.00849828,d7bc70db46c9b861d2aaa0fe4040a7b19be4faa14939df384d353558c5f7720d,643a91e0b9a1cc10067428184fff675682e61b9808c035aaa4af42bb81f063cc,d5b11d25f3b2415dc959ae176b1986eff29aab886b60ed1119de835aef19a109,ddddaf0
eviddie-20240115-19940419,20240115,19940419,rare,5shot,0,EviDDIE,PT-16022530,NJMYODHXAKYRHW,KQKPFRSPSRPDEB,0,0,0.49914497,0.98993027,0.01189954,0.00844466,d7bc70db46c9b861d2aaa0fe4040a7b19be4faa14939df384d353558c5f7720d,643a91e0b9a1cc10067428184fff675682e61b9808c035aaa4af42bb81f063cc,d5b11d25f3b2415dc959ae176b1986eff29aab886b60ed1119de835aef19a109,ddddaf0
eviddie-20240115-19940419,20240115,19940419,rare,5shot,0,EviDDIE,PT-16022530,NJMYODHXAKYRHW,MOYKHGMNXAOIAT,0,0,0.49912548,0.98961043,0.01226599,0.0087313,d7bc70db46c9b861d2aaa0fe4040a7b19be4faa14939df384d353558c5f7720d,643a91e0b9a1cc10067428184fff675682e61b9808c035aaa4af42bb81f063cc,d5b11d25f3b2415dc959ae176b1986eff29aab886b60ed1119de835aef19a109,ddddaf0
eviddie-20240115-19940419,20240115,19940419,rare,5shot,0,EviDDIE,PT-16022530,PMXMIIMHBWHSKN,LNEPOXFFQSENCJ,0,0,0.49914351,0.98990577,0.01192768,0.00846666,d7bc70db46c9b861d2aaa0fe4040a7b19be4faa14939df384d353558c5f7720d,643a91e0b9a1cc10067428184fff675682e61b9808c035aaa4af42bb81f063cc,d5b11d25f3b2415dc959ae176b1986eff29aab886b60ed1119de835aef19a109,ddddaf0
eviddie-20240115-19940419,20240115,19940419,rare,5shot,0,EviDDIE,PT-16022530,PMXMIIMHBWHSKN,DLNKOYKMWOXYQA,0,0,0.49913812,0.98981744,0.01202888,0.00854578,d7bc70db46c9b861d2aaa0fe4040a7b19be4faa14939df384d353558c5f7720d,643a91e0b9a1cc10067428184fff675682e61b9808c035aaa4af42bb81f063cc,d5b11d25f3b2415dc959ae176b1986eff29aab886b60ed1119de835aef19a109,ddddaf0
eviddie-20240115-19940419,20240115,19940419,rare,5shot,0,EviDDIE,PT-16022530,URKOMYMAXPYINW,ZKLPARSLTMPFCP,0,0,0.49913839,0.98982251,0.01202312,0.00854126,d7bc70db46c9b861d2aaa0fe4040a7b19be4faa14939df384d353558c5f7720d,643a91e0b9a1cc10067428184fff675682e61b9808c035aaa4af42bb81f063cc,d5b11d25f3b2415dc959ae176b1986eff29aab886b60ed1119de835aef19a109,ddddaf0
eviddie-20240115-19940419,20240115,19940419,rare,5shot,0,EviDDIE,PT-16075454,BPZSYCZIITTYBL,DGBIGWXXNGSACT,1,0,0.49914211,0.9898839,0.01195279,0.00848618,d7bc70db46c9b861d2aaa0fe4040a7b19be4faa14939df384d353558c5f7720d,643a91e0b9a1cc10067428184fff675682e61b9808c035aaa4af42bb81f063cc,d5b11d25f3b2415dc959ae176b1986eff29aab886b60ed1119de835aef19a109,ddddaf0
eviddie-20240115-19940419,20240115,19940419,rare,5shot,0,EviDDIE,PT-16075454,BPZSYCZIITTYBL,HSUGRBWQSSZJOP,1,0,0.49913716,0.9898023,0.01204635,0.00855933,d7bc70db46c9b861d2aaa0fe4040a7b19be4faa14939df384d353558c5f7720d,643a91e0b9a1cc10067428184fff675682e61b9808c035aaa4af42bb81f063cc,d5b11d25f3b2415dc959ae176b1986eff29aab886b60ed1119de835aef19a109,ddddaf0
eviddie-20240115-19940419,20240115,19940419,rare,5shot,0,EviDDIE,PT-16075454,BPZSYCZIITTYBL,RYMZZMVNJRMUDD,1,0,0.4991253,0.98960727,0.0122696,0.00873406,d7bc70db46c9b861d2aaa0fe4040a7b19be4faa14939df384d353558c5f7720d,643a91e0b9a1cc10067428184fff675682e61b9808c035aaa4af42bb81f063cc,d5b11d25f3b2415dc959ae176b1986eff29aab886b60ed1119de835aef19a109,ddddaf0
eviddie-20240115-19940419,20240115,19940419,rare,5shot,0,EviDDIE,PT-16075454,BPZSYCZIITTYBL,RZVAJINKPMORJF,1,0,0.49913922,0.98983592,0.0120078,0.00852917,d7bc70db46c9b861d2aaa0fe4040a7b19be4faa14939df384d353558c5f7720d,643a91e0b9a1cc10067428184fff675682e61b9808c035aaa4af42bb81f063cc,d5b11d25f3b2415dc959ae176b1986eff29aab886b60ed1119de835aef19a109,ddddaf0
eviddie-20240115-19940419,20240115,19940419,rare,5shot,0,EviDDIE,PT-16075454,BPZSYCZIITTYBL,ZZVUWRFHKOJYTH,1,0,0.49913856,0.98982495,0.01202038,0.00853903,d7bc70db46c9b861d2aaa0fe4040a7b19be4faa14939df384d353558c5f7720d,643a91e0b9a1cc10067428184fff675682e61b9808c035aaa4af42bb81f063cc,d5b11d25f3b2415dc959ae176b1986eff29aab886b60ed1119de835aef19a109,ddddaf0
eviddie-20240115-19940419,20240115,19940419,rare,5shot,0,EviDDIE,PT-16075454,HSUGRBWQSSZJOP,QAOWNCQODCNURD,1,0,0.49914926,0.99000132,0.01181826,0.00838105,d7bc70db46c9b861d2aaa0fe4040a7b19be4faa14939df384d353558c5f7720d,643a91e0b9a1cc10067428184fff675682e61b9808c035aaa4af42bb81f063cc,d5b11d25f3b2415dc959ae176b1986eff29aab886b60ed1119de835aef19a109,ddddaf0
eviddie-20240115-19940419,20240115,19940419,rare,5shot,0,EviDDIE,PT-16075454,WDJHALXBUFZDSR,XOFYZVNMUHMLCC,1,0,0.49912828,0.98965669,0.01221311,0.00868974,d7bc70db46c9b861d2aaa0fe4040a7b19be4faa14939df384d353558c5f7720d,643a91e0b9a1cc10067428184fff675682e61b9808c035aaa4af42bb81f063cc,d5b11d25f3b2415dc959ae176b1986eff29aab886b60ed1119de835aef19a109,ddddaf0
eviddie-20240115-19940419,20240115,19940419,rare,5shot,0,EviDDIE,PT-16075454,BPZSYCZIITTYBL,BPRHUIZQVSMCRT,0,0,0.49913979,0.98984551,0.01199682,0.00852061,d7bc70db46c9b861d2aaa0fe4040a7b19be4faa14939df384d353558c5f7720d,643a91e0b9a1cc10067428184fff675682e61b9808c035aaa4af42bb81f063cc,d5b11d25f3b2415dc959ae176b1986eff29aab886b60ed1119de835aef19a109,ddddaf0
eviddie-20240115-19940419,20240115,19940419,rare,5shot,0,EviDDIE,PT-16075454,BPZSYCZIITTYBL,JZUFKLXOESDKRF,0,0,0.49914828,0.98998523,0.01183663,0.00839545,d7bc70db46c9b861d2aaa0fe4040a7b19be4faa14939df384d353558c5f7720d,643a91e0b9a1cc10067428184fff675682e61b9808c035aaa4af42bb81f063cc,d5b11d25f3b2415dc959ae176b1986eff29aab886b60ed1119de835aef19a109,ddddaf0
eviddie-20240115-19940419,20240115,19940419,rare,5shot,0,EviDDIE,PT-16075454,BPZSYCZIITTYBL,YWXYYJSYQOXTPL,0,0,0.49911851,0.98949522,0.01239785,0.0088346,d7bc70db46c9b861d2aaa0fe4040a7b19be4faa14939df384d353558c5f7720d,643a91e0b9a1cc10067428184fff675682e61b9808c035aaa4af42bb81f063cc,d5b11d25f3b2415dc959ae176b1986eff29aab886b60ed1119de835aef19a109,ddddaf0
eviddie-20240115-19940419,20240115,19940419,rare,5shot,0,EviDDIE,PT-16075454,BPZSYCZIITTYBL,LXNHXLLTXMVWPM,0,0,0.49913368,0.9897452,0.0121117,0.00861044,d7bc70db46c9b861d2aaa0fe4040a7b19be4faa14939df384d353558c5f7720d,643a91e0b9a1cc10067428184fff675682e61b9808c035aaa4af42bb81f063cc,d5b11d25f3b2415dc959ae176b1986eff29aab886b60ed1119de835aef19a109,ddddaf0
eviddie-20240115-19940419,20240115,19940419,rare,5shot,0,EviDDIE,PT-16075454,BPZSYCZIITTYBL,BPZSYCZIITTYBL,0,0,0.49913445,0.98975837,0.01209653,0.0085986,d7bc70db46c9b861d2aaa0fe4040a7b19be4faa14939df384d353558c5f7720d,643a91e0b9a1cc10067428184fff675682e61b9808c035aaa4af42bb81f063cc,d5b11d25f3b2415dc959ae176b1986eff29aab886b60ed1119de835aef19a109,ddddaf0
eviddie-20240115-19940419,20240115,19940419,rare,5shot,0,EviDDIE,PT-16075454,HSUGRBWQSSZJOP,KGFYHTZWPPHNLQ,0,0,0.49913955,0.98984104,0.01200193,0.00852464,d7bc70db46c9b861d2aaa0fe4040a7b19be4faa14939df384d353558c5f7720d,643a91e0b9a1cc10067428184fff675682e61b9808c035aaa4af42bb81f063cc,d5b11d25f3b2415dc959ae176b1986eff29aab886b60ed1119de835aef19a109,ddddaf0
eviddie-20240115-19940419,20240115,19940419,rare,5shot,0,EviDDIE,PT-16075454,WDJHALXBUFZDSR,NNJVILVZKWQKPM,0,0,0.49913159,0.98971099,0.01215101,0.0086411,d7bc70db46c9b861d2aaa0fe4040a7b19be4faa14939df384d353558c5f7720d,643a91e0b9a1cc10067428184fff675682e61b9808c035aaa4af42bb81f063cc,d5b11d25f3b2415dc959ae176b1986eff29aab886b60ed1119de835aef19a109,ddddaf0
eviddie-20240115-19940419,20240115,19940419,rare,5shot,0,EviDDIE,PT-16259298,ACWBQPMHZXGDFX,SNIOPGDIGTZGOP,1,0,0.49913582,0.98978102,0.01207062,0.00857831,d7bc70db46c9b861d2aaa0fe4040a7b19be4faa14939df384d353558c5f7720d,643a91e0b9a1cc10067428184fff675682e61b9808c035aaa4af42bb81f063cc,d5b11d25f3b2415dc959ae176b1986eff29aab886b60ed1119de835aef19a109,ddddaf0
eviddie-20240115-19940419,20240115,19940419,rare,5shot,0,EviDDIE,PT-16259298,GBBSUAFBMRNDJC,QRXWMOHMRWLFEY,1,0,0.49914363,0.9899081,0.01192492,0.00846455,d7bc70db46c9b861d2aaa0fe4040a7b19be4faa14939df384d353558c5f7720d,643a91e0b9a1cc10067428184fff675682e61b9808c035aaa4af42bb81f063cc,d5b11d25f3b2415dc959ae176b1986eff29aab886b60ed1119de835aef19a109,ddddaf0
eviddie-20240115-19940419,20240115,19940419,rare,5shot,0,EviDDIE,PT-16259298,OEYIOHPDSNJKLS,VEQOALNAAJBPNY,1,0,0.49912578,0.98961544,0.01226049,0.00872672,d7bc70db46c9b861d2aaa0fe4040a7b19be4faa14939df384d353558c5f7720d,643a91e0b9a1cc10067428184fff675682e61b9808c035aaa4af42bb81f063cc,d5b11d25f3b2415dc959ae176b1986eff29aab886b60ed1119de835aef19a109,ddddaf0
eviddie-20240115-19940419,20240115,19940419,rare,5shot,0,EviDDIE,PT-16259298,OVBPIULPVIDEAO,VEQOALNAAJBPNY,1,0,0.499154,0.99007684,0.01173171,0.00831362,d7bc70db46c9b861d2aaa0fe4040a7b19be4faa14939df384d353558c5f7720d,643a91e0b9a1cc10067428184fff675682e61b9808c035aaa4af42bb81f063cc,d5b11d25f3b2415dc959ae176b1986eff29aab886b60ed1119de835aef19a109,ddddaf0
eviddie-20240115-19940419,20240115,19940419,rare,5shot,0,EviDDIE,PT-16259298,RDOIQAHITMMDAJ,VEQOALNAAJBPNY,1,0,0.49915376,0.99007344,0.01173555,0.00831661,d7bc70db46c9b861d2aaa0fe4040a7b19be4faa14939df384d353558c5f7720d,643a91e0b9a1cc10067428184fff675682e61b9808c035aaa4af42bb81f063cc,d5b11d25f3b2415dc959ae176b1986eff29aab886b60ed1119de835aef19a109,ddddaf0
eviddie-20240115-19940419,20240115,19940419,rare,5shot,0,EviDDIE,PT-16259298,RFHAOTPXVQNOHP,RGHNJXZEOKUKBD,1,0,0.49912855,0.98966098,0.01220813,0.00868596,d7bc70db46c9b861d2aaa0fe4040a7b19be4faa14939df384d353558c5f7720d,643a91e0b9a1cc10067428184fff675682e61b9808c035aaa4af42bb81f063cc,d5b11d25f3b2415dc959ae176b1986eff29aab886b60ed1119de835aef19a109,ddddaf0
eviddie-20240115-19940419,20240115,19940419,rare,5shot,0,EviDDIE,PT-16259298,RYMZZMVNJRMUDD,VWPOSFSPZNDTMJ,1,0,0.49911687,0.98946744,0.01242972,0.00885969,d7bc70db46c9b861d2aaa0fe4040a7b19be4faa14939df384d353558c5f7720d,643a91e0b9a1cc10067428184fff675682e61b9808c035aaa4af42bb81f063cc,d5b11d25f3b2415dc959ae176b1986eff29aab886b60ed1119de835aef19a109,ddddaf0
eviddie-20240115-19940419,20240115,19940419,rare,5shot,0,EviDDIE,PT-16259298,SNPLKNRPJHDVJA,VWPOSFSPZNDTMJ,1,0,0.49910975,0.98934841,0.01256614,0.0089666,d7bc70db46c9b861d2aaa0fe4040a7b19be4faa14939df384d353558c5f7720d,643a91e0b9a1cc10067428184fff675682e61b9808c035aaa4af42bb81f063cc,d5b11d25f3b2415dc959ae176b1986eff29aab886b60ed1119de835aef19a109,ddddaf0
eviddie-20240115-19940419,20240115,19940419,rare,5shot,0,EviDDIE,PT-16259298,ACWBQPMHZXGDFX,ZKLPARSLTMPFCP,0,0,0.49913967,0.98984337,0.01199926,0.00852253,d7bc70db46c9b861d2aaa0fe4040a7b19be4faa14939df384d353558c5f7720d,643a91e0b9a1cc10067428184fff675682e61b9808c035aaa4af42bb81f063cc,d5b11d25f3b2415dc959ae176b1986eff29aab886b60ed1119de835aef19a109,ddddaf0
eviddie-20240115-19940419,20240115,19940419,rare,5shot,0,EviDDIE,PT-16259298,GBBSUAFBMRNDJC,LXMSZDCAJNLERA,0,0,0.49913007,0.98968595,0.01217942,0.00866356,d7bc70db46c9b861d2aaa0fe4040a7b19be4faa14939df384d353558c5f7720d,643a91e0b9a1cc10067428184fff675682e61b9808c035aaa4af42bb81f063cc,d5b11d25f3b2415dc959ae176b1986eff29aab886b60ed1119de835aef19a109,ddddaf0
eviddie-20240115-19940419,20240115,19940419,rare,5shot,0,EviDDIE,PT-16259298,OEYIOHPDSNJKLS,HTIQEAQVCYTUBX,0,0,0.49911433,0.98942554,0.01247775,0.00889715,d7bc70db46c9b861d2aaa0fe4040a7b19be4faa14939df384d353558c5f7720d,643a91e0b9a1cc10067428184fff675682e61b9808c035aaa4af42bb81f063cc,d5b11d25f3b2415dc959ae176b1986eff29aab886b60ed1119de835aef19a109,ddddaf0
eviddie-20240115-19940419,20240115,19940419,rare,5shot,0,EviDDIE,PT-16259298,OVBPIULPVIDEAO,JUKPWJGBANNWMW,0,0,0.49913317,0.98973668,0.01212141,0.00861807,d7bc70db46c9b861d2aaa0fe4040a7b19be4faa14939df384d353558c5f7720d,643a91e0b9a1cc10067428184fff675682e61b9808c035aaa4af42bb81f063cc,d5b11d25f3b2415dc959ae176b1986eff29aab886b60ed1119de835aef19a109,ddddaf0
eviddie-20240115-19940419,20240115,19940419,rare,5shot,0,EviDDIE,PT-16259298,RDOIQAHITMMDAJ,RGHNJXZEOKUKBD,0,0,0.49912438,0.98959231,0.01228664,0.00874748,d7bc70db46c9b861d2aaa0fe4040a7b19be4faa14939df384d353558c5f7720d,643a91e0b9a1cc10067428184fff675682e61b9808c035aaa4af42bb81f063cc,d5b11d25f3b2415dc959ae176b1986eff29aab886b60ed1119de835aef19a109,ddddaf0
eviddie-20240115-19940419,20240115,19940419,rare,5shot,0,EviDDIE,PT-16259298,RFHAOTPXVQNOHP,BPRHUIZQVSMCRT,0,0,0.4991498,0.99000937,0.01180899,0.0083739,d7bc70db46c9b861d2aaa0fe4040a7b19be4faa14939df384d353558c5f7720d,643a91e0b9a1cc10067428184fff675682e61b9808c035aaa4af42bb81f063cc,d5b11d25f3b2415dc959ae176b1986eff29aab886b60ed1119de835aef19a109,ddddaf0
eviddie-20240115-19940419,20240115,19940419,rare,5shot,0,EviDDIE,PT-16259298,RYMZZMVNJRMUDD,RLAWWYSOJDYHDC,0,0,0.49912205,0.98955286,0.01233188,0.00878298,d7bc70db46c9b861d2aaa0fe4040a7b19be4faa14939df384d353558c5f7720d,643a91e0b9a1cc10067428184fff675682e61b9808c035aaa4af42bb81f063cc,d5b11d25f3b2415dc959ae176b1986eff29aab886b60ed1119de835aef19a109,ddddaf0
eviddie-20240115-19940419,20240115,19940419,rare,5shot,0,EviDDIE,PT-16259298,SNPLKNRPJHDVJA,PJVWKTKQMONHTI,0,0,0.49913439,0.9897579,0.01209709,0.00859894,d7bc70db46c9b861d2aaa0fe4040a7b19be4faa14939df384d353558c5f7720d,643a91e0b9a1cc10067428184fff675682e61b9808c035aaa4af42bb81f063cc,d5b11d25f3b2415dc959ae176b1986eff29aab886b60ed1119de835aef19a109,ddddaf0
eviddie-20240115-19940419,20240115,19940419,rare,5shot,0,EviDDIE,PT-16599628,AGOYDEPGAOXOCK,KVWDHTXUZHCGIO,1,0,0.49912468,0.98959666,0.01228183,0.00874367,d7bc70db46c9b861d2aaa0fe4040a7b19be4faa14939df384d353558c5f7720d,643a91e0b9a1cc10067428184fff675682e61b9808c035aaa4af42bb81f063cc,d5b11d25f3b2415dc959ae176b1986eff29aab886b60ed1119de835aef19a109,ddddaf0
eviddie-20240115-19940419,20240115,19940419,rare,5shot,0,EviDDIE,PT-16599628,CEUORZQYGODEFX,VREFGVBLTWBCJP,1,0,0.49914548,0.98993915,0.01188934,0.00843668,d7bc70db46c9b861d2aaa0fe4040a7b19be4faa14939df384d353558c5f7720d,643a91e0b9a1cc10067428184fff675682e61b9808c035aaa4af42bb81f063cc,d5b11d25f3b2415dc959ae176b1986eff29aab886b60ed1119de835aef19a109,ddddaf0
eviddie-20240115-19940419,20240115,19940419,rare,5shot,0,EviDDIE,PT-16599628,GBBSUAFBMRNDJC,GFNANZIMVAIWHM,1,0,0.49912873,0.98966366,0.01220498,0.00868361,d7bc70db46c9b861d2aaa0fe4040a7b19be4faa14939df384d353558c5f7720d,643a91e0b9a1cc10067428184fff675682e61b9808c035aaa4af42bb81f063cc,d5b11d25f3b2415dc959ae176b1986eff29aab886b60ed1119de835aef19a109,ddddaf0
eviddie-20240115-19940419,20240115,19940419,rare,5shot,0,EviDDIE,PT-16599628,GFNANZIMVAIWHM,QZUDBNBUXVUHMW,1,0,0.49913061,0.98969406,0.01217025,0.00865636,d7bc70db46c9b861d2aaa0fe4040a7b19be4faa14939df384d353558c5f7720d,643a91e0b9a1cc10067428184fff675682e61b9808c035aaa4af42bb81f063cc,d5b11d25f3b2415dc959ae176b1986eff29aab886b60ed1119de835aef19a109,ddddaf0
eviddie-20240115-19940419,20240115,19940419,rare,5shot,0,EviDDIE,PT-16599628,JLKIGFTWXXRPMT,QZUDBNBUXVUHMW,1,0,0.49915054,0.99002212,0.01179437,0.00836243,d7bc70db46c9b861d2aaa0fe4040a7b19be4faa14939df384d353558c5f7720d,643a91e0b9a1cc10067428184fff675682e61b9808c035aaa4af42bb81f063cc,d5b11d25f3b2415dc959ae176b1986eff29aab886b60ed1119de835aef19a109,ddddaf0
eviddie-20240115-19940419,20240115,19940419,rare,5shot,0,EviDDIE,PT-16599628,JLVVSXFLKOJNIY,KVWDHTXUZHCGIO,1,0,0.49933377,0.99282962,0.0085643,0.00588017,d7bc70db46c9b861d2aaa0fe4040a7b19be4faa14939df384d353558c5f7720d,643a91e0b9a1cc10067428184fff675682e61b9808c035aaa4af42bb81f063cc,d5b11d25f3b2415dc959ae176b1986eff29aab886b60ed1119de835aef19a109,ddddaf0
eviddie-20240115-19940419,20240115,19940419,rare,5shot,0,EviDDIE,PT-16599628,LSQZJLSUYDQPKJ,VREFGVBLTWBCJP,1,0,0.4991388,0.98982984,0.01201459,0.00853449,d7bc70db46c9b861d2aaa0fe4040a7b19be4faa14939df384d353558c5f7720d,643a91e0b9a1cc10067428184fff675682e61b9808c035aaa4af42bb81f063cc,d5b11d25f3b2415dc959ae176b1986eff29aab886b60ed1119de835aef19a109,ddddaf0
eviddie-20240115-19940419,20240115,19940419,rare,5shot,0,EviDDIE,PT-16599628,XLYOFNOQVPJJNP,XTULMSXFIHGYFS,1,0,0.49927038,0.99189585,0.0096416,0.00669921,d7bc70db46c9b861d2aaa0fe4040a7b19be4faa14939df384d353558c5f7720d,643a91e0b9a1cc10067428184fff675682e61b9808c035aaa4af42bb81f063cc,d5b11d25f3b2415dc959ae176b1986eff29aab886b60ed1119de835aef19a109,ddddaf0
eviddie-20240115-19940419,20240115,19940419,rare,5shot,0,EviDDIE,PT-16599628,AGOYDEPGAOXOCK,KRKNYBCHXYNGOX,0,0,0.49912339,0.98957509,0.01230642,0.00876306,d7bc70db46c9b861d2aaa0fe4040a7b19be4faa14939df384d353558c5f7720d,643a91e0b9a1cc10067428184fff675682e61b9808c035aaa4af42bb81f063cc,d5b11d25f3b2415dc959ae176b1986eff29aab886b60ed1119de835aef19a109,ddddaf0
eviddie-20240115-19940419,20240115,19940419,rare,5shot,0,EviDDIE,PT-16599628,CEUORZQYGODEFX,ACWBQPMHZXGDFX,0,0,0.49914044,0.98985648,0.01198407,0.00851073,d7bc70db46c9b861d2aaa0fe4040a7b19be4faa14939df384d353558c5f7720d,643a91e0b9a1cc10067428184fff675682e61b9808c035aaa4af42bb81f063cc,d5b11d25f3b2415dc959ae176b1986eff29aab886b60ed1119de835aef19a109,ddddaf0
eviddie-20240115-19940419,20240115,19940419,rare,5shot,0,EviDDIE,PT-16599628,GBBSUAFBMRNDJC,QWCRAEMEVRGPNT,0,0,0.49913299,0.9897334,0.01212515,0.00862105,d7bc70db46c9b861d2aaa0fe4040a7b19be4faa14939df384d353558c5f7720d,643a91e0b9a1cc10067428184fff675682e61b9808c035aaa4af42bb81f063cc,d5b11d25f3b2415dc959ae176b1986eff29aab886b60ed1119de835aef19a109,ddddaf0
eviddie-20240115-19940419,20240115,19940419,rare,5shot,0,EviDDIE,PT-16599628,GFNANZIMVAIWHM,RZEKVGVHFLEQIL,0,0,0.49914095,0.98986417,0.01197529,0.00850391,d7bc70db46c9b861d2aaa0fe4040a7b19be4faa14939df384d353558c5f7720d,643a91e0b9a1cc10067428184fff675682e61b9808c035aaa4af42bb81f063cc,d5b11d25f3b2415dc959ae176b1986eff29aab886b60ed1119de835aef19a109,ddddaf0
eviddie-20240115-19940419,20240115,19940419,rare,5shot,0,EviDDIE,PT-16599628,JLKIGFTWXXRPMT,TTWJBBZEZQICBI,0,0,0.49914455,0.98992378,0.01190715,0.0084505,d7bc70db46c9b861d2aaa0fe4040a7b19be4faa14939df384d353558c5f7720d,643a91e0b9a1cc10067428184fff675682e61b9808c035aaa4af42bb81f063cc,d5b11d25f3b2415dc959ae176b1986eff29aab886b60ed1119de835aef19a109,ddddaf0
eviddie-20240115-19940419,20240115,19940419,rare,5shot,0,EviDDIE,PT-16599628,JLVVSXFLKOJNIY,ZRVUJXDFFKFLMG,0,0,0.49933952,0.99291211,0.00846878,0.00580807,d7bc70db46c9b861d2aaa0fe4040a7b19be4faa14939df384d353558c5f7720d,643a91e0b9a1cc10067428184fff675682e61b9808c035aaa4af42bb81f063cc,d5b11d25f3b2415dc959ae176b1986eff29aab886b60ed1119de835aef19a109,ddddaf0
eviddie-20240115-19940419,20240115,19940419,rare,5shot,0,EviDDIE,PT-16599628,LSQZJLSUYDQPKJ,OVBPIULPVIDEAO,0,0,0.49913788,0.98981434,0.01203245,0.00854852,d7bc70db46c9b861d2aaa0fe4040a7b19be4faa14939df384d353558c5f7720d,643a91e0b9a1cc10067428184fff675682e61b9808c035aaa4af42bb81f063cc,d5b11d25f3b2415dc959ae176b1986eff29aab886b60ed1119de835aef19a109,ddddaf0
eviddie-20240115-19940419,20240115,19940419,rare,5shot,0,EviDDIE,PT-16599628,XLYOFNOQVPJJNP,SUBDBMMJDZJVOS,0,0,0.49928376,0.99209666,0.00941018,0.00652244,d7bc70db46c9b861d2aaa0fe4040a7b19be4faa14939df384d353558c5f7720d,643a91e0b9a1cc10067428184fff675682e61b9808c035aaa4af42bb81f063cc,d5b11d25f3b2415dc959ae176b1986eff29aab886b60ed1119de835aef19a109,ddddaf0
eviddie-20240115-19940419,20240115,19940419,rare,5shot,0,EviDDIE,PT-17040020,AUYYCJSJGJYCDS,MAEIEVLCKWDQJH,1,0,0.49914265,0.98989201,0.01194353,0.00847894,d7bc70db46c9b861d2aaa0fe4040a7b19be4faa14939df384d353558c5f7720d,643a91e0b9a1cc10067428184fff675682e61b9808c035aaa4af42bb81f063cc,d5b11d25f3b2415dc959ae176b1986eff29aab886b60ed1119de835aef19a109,ddddaf0
eviddie-20240115-19940419,20240115,19940419,rare,5shot,0,EviDDIE,PT-17040020,FKNQFGJONOIPTF,PHIQHXFUZVPYII,1,0,0.49929631,0.99228317,0.00919522,0.00635847,d7bc70db46c9b861d2aaa0fe4040a7b19be4faa14939df384d353558c5f7720d,643a91e0b9a1cc10067428184fff675682e61b9808c035aaa4af42bb81f063cc,d5b11d25f3b2415dc959ae176b1986eff29aab886b60ed1119de835aef19a109,ddddaf0
eviddie-20240115-19940419,20240115,19940419,rare,5shot,0,EviDDIE,PT-17040020,LXNHXLLTXMVWPM,VAAUVRVFOQPIGI,1,0,0.4991388,0.98982984,0.01201469,0.00853456,d7bc70db46c9b861d2aaa0fe4040a7b19be4faa14939df384d353558c5f7720d,643a91e0b9a1cc10067428184fff675682e61b9808c035aaa4af42bb81f063cc,d5b11d25f3b2415dc959ae176b1986eff29aab886b60ed1119de835aef19a109,ddddaf0
eviddie-20240115-19940419,20240115,19940419,rare,5shot,0,EviDDIE,PT-17040020,MAEIEVLCKWDQJH,WVLOADHCBXTIJK,1,0,0.49913344,0.98974216,0.01211521,0.00861317,d7bc70db46c9b861d2aaa0fe4040a7b19be4faa14939df384d353558c5f7720d,643a91e0b9a1cc10067428184fff675682e61b9808c035aaa4af42bb81f063cc,d5b11d25f3b2415dc959ae176b1986eff29aab886b60ed1119de835aef19a109,ddddaf0
eviddie-20240115-19940419,20240115,19940419,rare,5shot,0,EviDDIE,PT-17040020,OEYIOHPDSNJKLS,ORFOPKXBNMVMKC,1,0,0.4991149,0.98943615,0.01246555,0.00888757,d7bc70db46c9b861d2aaa0fe4040a7b19be4faa14939df384d353558c5f7720d,643a91e0b9a1cc10067428184fff675682e61b9808c035aaa4af42bb81f063cc,d5b11d25f3b2415dc959ae176b1986eff29aab886b60ed1119de835aef19a109,ddddaf0
eviddie-20240115-19940419,20240115,19940419,rare,5shot,0,EviDDIE,PT-17040020,ORFOPKXBNMVMKC,RFHAOTPXVQNOHP,1,0,0.49914265,0.98989177,0.01194381,0.00847923,d7bc70db46c9b861d2aaa0fe4040a7b19be4faa14939df384d353558c5f7720d,643a91e0b9a1cc10067428184fff675682e61b9808c035aaa4af42bb81f063cc,d5b11d25f3b2415dc959ae176b1986eff29aab886b60ed1119de835aef19a109,ddddaf0
eviddie-20240115-19940419,20240115,19940419,rare,5shot,0,EviDDIE,PT-17040020,ORFOPKXBNMVMKC,RZVAJINKPMORJF,1,0,0.49913862,0.9898268,0.01201812,0.0085373,d7bc70db46c9b861d2aaa0fe4040a7b19be4faa14939df384d353558c5f7720d,643a91e0b9a1cc10067428184fff675682e61b9808c035aaa4af42bb81f063cc,d5b11d25f3b2415dc959ae176b1986eff29aab886b60ed1119de835aef19a109,ddddaf0
eviddie-20240115-19940419,20240115,19940419,rare,5shot,0,EviDDIE,PT-17040020,ORFOPKXBNMVMKC,ZKLPARSLTMPFCP,1,0,0.49913543,0.98977405,0.01207864,0.00858464,d7bc70db46c9b861d2aaa0fe4040a7b19be4faa14939df384d353558c5f7720d,643a91e0b9a1cc10067428184fff675682e61b9808c035aaa4af42bb81f063cc,d5b11d25f3b2415dc959ae176b1986eff29aab886b60ed1119de835aef19a109,ddddaf0
eviddie-20240115-19940419,20240115,19940419,rare,5shot,0,EviDDIE,PT-17040020,ORFOPKXBNMVMKC,ZZUFCTLCJUWOSV,1,0,0.49914542,0.98993778,0.01189101,0.008438,d7bc70db46c9b861d2aaa0fe4040a7b19be4faa14939df384d353558c5f7720d,643a91e0b9a1cc10067428184fff675682e61b9808c035aaa4af42bb81f063cc,d5b11d25f3b2415dc959ae176b1986eff29aab886b60ed1119de835aef19a109,ddddaf0
eviddie-20240115-19940419,20240115,19940419,rare,5shot,0,EviDDIE,PT-17040020,AUYYCJSJGJYCDS,UCTWMZQNUQWSLP,0,0,0.49912938,0.98967427,0.01219297,0.00867406,d7bc70db46c9b861d2aaa0fe4040a7b19be4faa14939df384d353558c5f7720d,643a91e0b9a1cc10067428184fff675682e61b9808c035aaa4af42bb81f063cc,d5b11d25f3b2415dc959ae176b1986eff29aab886b60ed1119de835aef19a109,ddddaf0
eviddie-20240115-19940419,20240115,19940419,rare,5shot,0,EviDDIE,PT-17040020,FKNQFGJONOIPTF,FELGMEQIXOGIFQ,0,0,0.4993172,0.99259043,0.00884052,0.00608909,d7bc70db46c9b861d2aaa0fe4040a7b19be4faa14939df384d353558c5f7720d,643a91e0b9a1cc10067428184fff675682e61b9808c035aaa4af42bb81f063cc,d5b11d25f3b2415dc959ae176b1986eff29aab886b60ed1119de835aef19a109,ddddaf0
eviddie-20240115-19940419,20240115,19940419,rare,5shot,0,EviDDIE,PT-17040020,LXNHXLLTXMVWPM,ATALOFNDEOCMKK,0,0,0.49913642,0.98979038,0.01205988,0.0085699,d7bc70db46c9b861d2aaa0fe4040a7b19be4faa14939df384d353558c5f7720d,643a91e0b9a1cc10067428184fff675682e61b9808c035aaa4af42bb81f063cc,d5b11d25f3b2415dc959ae176b1986eff29aab886b60ed1119de835aef19a109,ddddaf0
eviddie-20240115-19940419,20240115,19940419,rare,5shot,0,EviDDIE,PT-17040020,MAEIEVLCKWDQJH,PYNXFZCZUAOOQC,0,0,0.49914339,0.98990482,0.01192876,0.00846743,d7bc70db46c9b861d2aaa0fe4040a7b19be4faa14939df384d353558c5f7720d,643a91e0b9a1cc10067428184fff675682e61b9808c035aaa4af42bb81f063cc,d5b11d25f3b2415dc959ae176b1986eff29aab886b60ed1119de835aef19a109,ddddaf0
eviddie-20240115-19940419,20240115,19940419,rare,5shot,0,EviDDIE,PT-17040020,OEYIOHPDSNJKLS,NJMYODHXAKYRHW,0,0,0.49911356,0.98941398,0.01249096,0.00890745,d7bc70db46c9b861d2aaa0fe4040a7b19be4faa14939df384d353558c5f7720d,643a91e0b9a1cc10067428184fff675682e61b9808c035aaa4af42bb81f063cc,d5b11d25f3b2415dc959ae176b1986eff29aab886b60ed1119de835aef19a109,ddddaf0
eviddie-20240115-19940419,20240115,19940419,rare,5shot,0,EviDDIE,PT-17040020,ORFOPKXBNMVMKC,JZUFKLXOESDKRF,0,0,0.49914777,0.98997611,0.01184711,0.00840368,d7bc70db46c9b861d2aaa0fe4040a7b19be4faa14939df384d353558c5f7720d,643a91e0b9a1cc10067428184fff675682e61b9808c035aaa4af42bb81f063cc,d5b11d25f3b2415dc959ae176b1986eff29aab886b60ed1119de835aef19a109,ddddaf0
eviddie-20240115-19940419,20240115,19940419,rare,5shot,0,EviDDIE,PT-17040020,ORFOPKXBNMVMKC,XLYOFNOQVPJJNP,0,0,0.49927986,0.99203885,0.00947696,0.00657323,d7bc70db46c9b861d2aaa0fe4040a7b19be4faa14939df384d353558c5f7720d,643a91e0b9a1cc10067428184fff675682e61b9808c035aaa4af42bb81f063cc,d5b11d25f3b2415dc959ae176b1986eff29aab886b60ed1119de835aef19a109,ddddaf0
eviddie-20240115-19940419,20240115,19940419,rare,5shot,0,EviDDIE,PT-17040020,ORFOPKXBNMVMKC,LSQZJLSUYDQPKJ,0,0,0.49912962,0.98967874,0.0121877,0.00867001,d7bc70db46c9b861d2aaa0fe4040a7b19be4faa14939df384d353558c5f7720d,643a91e0b9a1cc10067428184fff675682e61b9808c035aaa4af42bb81f063cc,d5b11d25f3b2415dc959ae176b1986eff29aab886b60ed1119de835aef19a109,ddddaf0
eviddie-20240115-19940419,20240115,19940419,rare,5shot,0,EviDDIE,PT-17040020,ORFOPKXBNMVMKC,WXURHACBFYSXBI,0,0,0.4991248,0.98959792,0.01228039,0.00874261,d7bc70db46c9b861d2aaa0fe4040a7b19be4faa14939df384d353558c5f7720d,643a91e0b9a1cc10067428184fff675682e61b9808c035aaa4af42bb81f063cc,d5b11d25f3b2415dc959ae176b1986eff29aab886b60ed1119de835aef19a109,ddddaf0
eviddie-20240115-19940419,20240115,19940419,rare,5shot,0,EviDDIE,PT-17433139,ATALOFNDEOCMKK,BFPYWIDHMRZLRN,1,0,0.49912927,0.98967242,0.01219511,0.00867573,d7bc70db46c9b861d2aaa0fe4040a7b19be4faa14939df384d353558c5f7720d,643a91e0b9a1cc10067428184fff675682e61b9808c035aaa4af42bb81f063cc,d5b11d25f3b2415dc959ae176b1986eff29aab886b60ed1119de835aef19a109,ddddaf0
eviddie-20240115-19940419,20240115,19940419,rare,5shot,0,EviDDIE,PT-17433139,ATALOFNDEOCMKK,BQJCRHHNABKAKU,1,0,0.49912956,0.98967689,0.01218996,0.0086717,d7bc70db46c9b861d2aaa0fe4040a7b19be4faa14939df384d353558c5f7720d,643a91e0b9a1cc10067428184fff675682e61b9808c035aaa4af42bb81f063cc,d5b11d25f3b2415dc959ae176b1986eff29aab886b60ed1119de835aef19a109,ddddaf0
eviddie-20240115-19940419,20240115,19940419,rare,5shot,0,EviDDIE,PT-17433139,BFPYWIDHMRZLRN,ITRJWOMZKQRYTA,1,0,0.49912614,0.98962015,0.01225499,0.00872272,d7bc70db46c9b861d2aaa0fe4040a7b19be4faa14939df384d353558c5f7720d,643a91e0b9a1cc10067428184fff675682e61b9808c035aaa4af42bb81f063cc,d5b11d25f3b2415dc959ae176b1986eff29aab886b60ed1119de835aef19a109,ddddaf0
eviddie-20240115-19940419,20240115,19940419,rare,5shot,0,EviDDIE,PT-17433139,BRUQQQPBMZOVGD,JYGXADMDTFJGBT,1,0,0.49912286,0.98956621,0.01231667,0.00877109,d7bc70db46c9b861d2aaa0fe4040a7b19be4faa14939df384d353558c5f7720d,643a91e0b9a1cc10067428184fff675682e61b9808c035aaa4af42bb81f063cc,d5b11d25f3b2415dc959ae176b1986eff29aab886b60ed1119de835aef19a109,ddddaf0
eviddie-20240115-19940419,20240115,19940419,rare,5shot,0,EviDDIE,PT-17433139,JBIWCJUYHHGXTC,RZEKVGVHFLEQIL,1,0,0.49914071,0.98986,0.01198015,0.00850767,d7bc70db46c9b861d2aaa0fe4040a7b19be4faa14939df384d353558c5f7720d,643a91e0b9a1cc10067428184fff675682e61b9808c035aaa4af42bb81f063cc,d5b11d25f3b2415dc959ae176b1986eff29aab886b60ed1119de835aef19a109,ddddaf0
eviddie-20240115-19940419,20240115,19940419,rare,5shot,0,EviDDIE,PT-17433139,KEDYTOTWMPBSLG,KWGRBVOPPLSCSI,1,0,0.49912736,0.98964065,0.01223143,0.00870424,d7bc70db46c9b861d2aaa0fe4040a7b19be4faa14939df384d353558c5f7720d,643a91e0b9a1cc10067428184fff675682e61b9808c035aaa4af42bb81f063cc,d5b11d25f3b2415dc959ae176b1986eff29aab886b60ed1119de835aef19a109,ddddaf0
eviddie-20240115-19940419,20240115,19940419,rare,5shot,0,EviDDIE,PT-17433139,ATALOFNDEOCMKK,RGHNJXZEOKUKBD,0,0,0.49912137,0.98954099,0.01234557,0.00879367,d7bc70db46c9b861d2aaa0fe4040a7b19be4faa14939df384d353558c5f7720d,643a91e0b9a1cc10067428184fff675682e61b9808c035aaa4af42bb81f063cc,d5b11d25f3b2415dc959ae176b1986eff29aab886b60ed1119de835aef19a109,ddddaf0
eviddie-20240115-19940419,20240115,19940419,rare,5shot,0,EviDDIE,PT-17433139,ATALOFNDEOCMKK,BPRHUIZQVSMCRT,0,0,0.49914271,0.98989326,0.01194198,0.00847777,d7bc70db46c9b861d2aaa0fe4040a7b19be4faa14939df384d353558c5f7720d,643a91e0b9a1cc10067428184fff675682e61b9808c035aaa4af42bb81f063cc,d5b11d25f3b2415dc959ae176b1986eff29aab886b60ed1119de835aef19a109,ddddaf0
eviddie-20240115-19940419,20240115,19940419,rare,5shot,0,EviDDIE,PT-17433139,BFPYWIDHMRZLRN,GJSURZIOUXUGAL,0,0,0.49913362,0.98974484,0.01211201,0.00861075,d7bc70db46c9b861d2aaa0fe4040a7b19be4faa14939df384d353558c5f7720d,643a91e0b9a1cc10067428184fff675682e61b9808c035aaa4af42bb81f063cc,d5b11d25f3b2415dc959ae176b1986eff29aab886b60ed1119de835aef19a109,ddddaf0
eviddie-20240115-19940419,20240115,19940419,rare,5shot,0,EviDDIE,PT-17433139,BRUQQQPBMZOVGD,LXNHXLLTXMVWPM,0,0,0.49913099,0.98970115,0.01216203,0.00864997,d7bc70db46c9b861d2aaa0fe4040a7b19be4faa14939df384d353558c5f7720d,643a91e0b9a1cc10067428184fff675682e61b9808c035aaa4af42bb81f063cc,d5b11d25f3b2415dc959ae176b1986eff29aab886b60ed1119de835aef19a109,ddddaf0
eviddie-20240115-19940419,20240115,19940419,rare,5shot,0,EviDDIE,PT-17433139,JBIWCJUYHHGXTC,KJADKKWYZYXHBB,0,0,0.49911821,0.98948961,0.01240435,0.00883977,d7bc70db46c9b861d2aaa0fe4040a7b19be4faa14939df384d353558c5f7720d,643a91e0b9a1cc10067428184fff675682e61b9808c035aaa4af42bb81f063cc,d5b11d25f3b2415dc959ae176b1986eff29aab886b60ed1119de835aef19a109,ddddaf0
eviddie-20240115-19940419,20240115,19940419,rare,5shot,0,EviDDIE,PT-17433139,KEDYTOTWMPBSLG,ZQDWXGKKHFNSQK,0,0,0.49913099,0.98970163,0.01216155,0.00864949,d7bc70db46c9b861d2aaa0fe4040a7b19be4faa14939df384d353558c5f7720d,643a91e0b9a1cc10067428184fff675682e61b9808c035aaa4af42bb81f063cc,d5b11d25f3b2415dc959ae176b1986eff29aab886b60ed1119de835aef19a109,ddddaf0
eviddie-20240115-19940419,20240115,19940419,rare,5shot,0,EviDDIE,PT-17529495,HTQMVQVXFRQIKW,IAVUPMFITXYVAF,1,0,0.49915427,0.99008197,0.01172584,0.00830902,d7bc70db46c9b861d2aaa0fe4040a7b19be4faa14939df384d353558c5f7720d,643a91e0b9a1cc10067428184fff675682e61b9808c035aaa4af42bb81f063cc,d5b11d25f3b2415dc959ae176b1986eff29aab886b60ed1119de835aef19a109,ddddaf0
eviddie-20240115-19940419,20240115,19940419,rare,5shot,0,EviDDIE,PT-17529495,HTQMVQVXFRQIKW,NXFQHRVNIOXGAQ,1,0,0.49915364,0.99007142,0.01173795,0.00831848,d7bc70db46c9b861d2aaa0fe4040a7b19be4faa14939df384d353558c5f7720d,643a91e0b9a1cc10067428184fff675682e61b9808c035aaa4af42bb81f063cc,d5b11d25f3b2415dc959ae176b1986eff29aab886b60ed1119de835aef19a109,ddddaf0
eviddie-20240115-19940419,20240115,19940419,rare,5shot,0,EviDDIE,PT-17529495,HXHWSAZORRCQMX,ITRJWOMZKQRYTA,1,0,0.49913368,0.98974574,0.01211094,0.00860987,d7bc70db46c9b861d2aaa0fe4040a7b19be4faa14939df384d353558c5f7720d,643a91e0b9a1cc10067428184fff675682e61b9808c035aaa4af42bb81f063cc,d5b11d25f3b2415dc959ae176b1986eff29aab886b60ed1119de835aef19a109,ddddaf0
eviddie-20240115-19940419,20240115,19940419,rare,5shot,0,EviDDIE,PT-17529495,HXHWSAZORRCQMX,SUBDBMMJDZJVOS,1,0,0.4991473,0.98996907,0.01185508,0.00840989,d7bc70db46c9b861d2aaa0fe4040a7b19be4faa14939df384d353558c5f7720d,643a91e0b9a1cc10067428184fff675682e61b9808c035aaa4af42bb81f063cc,d5b11d25f3b2415dc959ae176b1986eff29aab886b60ed1119de835aef19a109,ddddaf0
eviddie-20240115-19940419,20240115,19940419,rare,5shot,0,EviDDIE,PT-17529495,ITRJWOMZKQRYTA,XZWYZXLIPXDOLR,1,0,0.49912339,0.98957437,0.01230733,0.00876378,d7bc70db46c9b861d2aaa0fe4040a7b19be4faa14939df384d353558c5f7720d,643a91e0b9a1cc10067428184fff675682e61b9808c035aaa4af42bb81f063cc,d5b11d25f3b2415dc959ae176b1986eff29aab886b60ed1119de835aef19a109,ddddaf0
eviddie-20240115-19940419,20240115,19940419,rare,5shot,0,EviDDIE,PT-17529495,KGFYHTZWPPHNLQ,ZZUFCTLCJUWOSV,1,0,0.49914712,0.98996526,0.01185954,0.00841348,d7bc70db46c9b861d2aaa0fe4040a7b19be4faa14939df384d353558c5f7720d,643a91e0b9a1cc10067428184fff675682e61b9808c035aaa4af42bb81f063cc,d5b11d25f3b2415dc959ae176b1986eff29aab886b60ed1119de835aef19a109,ddddaf0
eviddie-20240115-19940419,20240115,19940419,rare,5shot,0,EviDDIE,PT-17529495,HTQMVQVXFRQIKW,XOFYZVNMUHMLCC,0,0,0.49914148,0.98987377,0.01196427,0.0084952,d7bc70db46c9b861d2aaa0fe4040a7b19be4faa14939df384d353558c5f7720d,643a91e0b9a1cc10067428184fff675682e61b9808c035aaa4af42bb81f063cc,d5b11d25f3b2415dc959ae176b1986eff29aab886b60ed1119de835aef19a109,ddddaf0
eviddie-20240115-19940419,20240115,19940419,rare,5shot,0,EviDDIE,PT-17529495,HTQMVQVXFRQIKW,FELGMEQIXOGIFQ,0,0,0.49915603,0.99011046,0.01169307,0.00828347,d7bc70db46c9b861d2aaa0fe4040a7b19be4faa14939df384d353558c5f7720d,643a91e0b9a1cc10067428184fff675682e61b9808c035aaa4af42bb81f063cc,d5b11d25f3b2415dc959ae176b1986eff29aab886b60ed1119de835aef19a109,ddddaf0
eviddie-20240115-19940419,20240115,19940419,rare,5shot,0,EviDDIE,PT-17529495,HXHWSAZORRCQMX,PYNXFZCZUAOOQC,0,0,0.49914205,0.98988336,0.01195331,0.00848664,d7bc70db46c9b861d2aaa0fe4040a7b19be4faa14939df384d353558c5f7720d,643a91e0b9a1cc10067428184fff675682e61b9808c035aaa4af42bb81f063cc,d5b11d25f3b2415dc959ae176b1986eff29aab886b60ed1119de835aef19a109,ddddaf0
eviddie-20240115-19940419,20240115,19940419,rare,5shot,0,EviDDIE,PT-17529495,HXHWSAZORRCQMX,BPZSYCZIITTYBL,0,0,0.4991377,0.9898116,0.01203545,0.00855085,d7bc70db46c9b861d2aaa0fe4040a7b19be4faa14939df384d353558c5f7720d,643a91e0b9a1cc10067428184fff675682e61b9808c035aaa4af42bb81f063cc,d5b11d25f3b2415dc959ae176b1986eff29aab886b60ed1119de835aef19a109,ddddaf0
eviddie-20240115-19940419,20240115,19940419,rare,5shot,0,EviDDIE,PT-17529495,ITRJWOMZKQRYTA,VWPOSFSPZNDTMJ,0,0,0.49912316,0.98957157,0.01231046,0.00876621,d7bc70db46c9b861d2aaa0fe4040a7b19be4faa14939df384d353558c5f7720d,643a91e0b9a1cc10067428184fff675682e61b9808c035aaa4af42bb81f063cc,d5b11d25f3b2415dc959ae176b1986eff29aab886b60ed1119de835aef19a109,ddddaf0
eviddie-20240115-19940419,20240115,19940419,rare,5shot,0,EviDDIE,PT-17529495,KGFYHTZWPPHNLQ,FKNQFGJONOIPTF,0,0,0.49930766,0.99245149,0.00900113,0.00621068,d7bc70db46c9b861d2aaa0fe4040a7b19be4faa14939df384d353558c5f7720d,643a91e0b9a1cc10067428184fff675682e61b9808c035aaa4af42bb81f063cc,d5b11d25f3b2415dc959ae176b1986eff29aab886b60ed1119de835aef19a109,ddddaf0
eviddie-20240115-19940419,20240115,19940419,rare,5shot,0,EviDDIE,PT-17556663,FFGPTBGBLSHEPO,MBUVEWMHONZEQD,1,0,0.49914899,0.98999572,0.01182469,0.00838619,d7bc70db46c9b861d2aaa0fe4040a7b19be4faa14939df384d353558c5f7720d,643a91e0b9a1cc10067428184fff675682e61b9808c035aaa4af42bb81f063cc,d5b11d25f3b2415dc959ae176b1986eff29aab886b60ed1119de835aef19a109,ddddaf0
eviddie-20240115-19940419,20240115,19940419,rare,5shot,0,EviDDIE,PT-17556663,FFGPTBGBLSHEPO,ZRVUJXDFFKFLMG,1,0,0.49915054,0.99002099,0.01179565,0.00836355,d7bc70db46c9b861d2aaa0fe4040a7b19be4faa14939df384d353558c5f7720d,643a91e0b9a1cc10067428184fff675682e61b9808c035aaa4af42bb81f063cc,d5b11d25f3b2415dc959ae176b1986eff29aab886b60ed1119de835aef19a109,ddddaf0
eviddie-20240115-19940419,20240115,19940419,rare,5shot,0,EviDDIE,PT-17556663,HYIMSNHJOBLJNT,NGBFQHCMQULJNZ,1,0,0.49914393,0.98991346,0.01191882,0.00845973,d7bc70db46c9b861d2aaa0fe4040a7b19be4faa14939df384d353558c5f7720d,643a91e0b9a1cc10067428184fff675682e61b9808c035aaa4af42bb81f063cc,d5b11d25f3b2415dc959ae176b1986eff29aab886b60ed1119de835aef19a109,ddddaf0
eviddie-20240115-19940419,20240115,19940419,rare,5shot,0,EviDDIE,PT-17556663,HYIMSNHJOBLJNT,VOVIALXJUBGFJZ,1,0,0.4991264,0.98962504,0.01224924,0.0087182,d7bc70db46c9b861d2aaa0fe4040a7b19be4faa14939df384d353558c5f7720d,643a91e0b9a1cc10067428184fff675682e61b9808c035aaa4af42bb81f063cc,d5b11d25f3b2415dc959ae176b1986eff29aab886b60ed1119de835aef19a109,ddddaf0
eviddie-20240115-19940419,20240115,19940419,rare,5shot,0,EviDDIE,PT-17556663,JIVPVXMEBJLZRO,VOVIALXJUBGFJZ,1,0,0.49913722,0.98980343,0.01204505,0.0085583,d7bc70db46c9b861d2aaa0fe4040a7b19be4faa14939df384d353558c5f7720d,643a91e0b9a1cc10067428184fff675682e61b9808c035aaa4af42bb81f063cc,d5b11d25f3b2415dc959ae176b1986eff29aab886b60ed1119de835aef19a109,ddddaf0
eviddie-20240115-19940419,20240115,19940419,rare,5shot,0,EviDDIE,PT-17556663,JYGXADMDTFJGBT,NGBFQHCMQULJNZ,1,0,0.49913728,0.98980427,0.01204393,0.00855757,d7bc70db46c9b861d2aaa0fe4040a7b19be4faa14939df384d353558c5f7720d,643a91e0b9a1cc10067428184fff675682e61b9808c035aaa4af42bb81f063cc,d5b11d25f3b2415dc959ae176b1986eff29aab886b60ed1119de835aef19a109,ddddaf0
eviddie-20240115-19940419,20240115,19940419,rare,5shot,0,EviDDIE,PT-17556663,FFGPTBGBLSHEPO,AQHHHDLHHXJYJD,0,0,0.49914321,0.98990142,0.01193262,0.00847051,d7bc70db46c9b861d2aaa0fe4040a7b19be4faa14939df384d353558c5f7720d,643a91e0b9a1cc10067428184fff675682e61b9808c035aaa4af42bb81f063cc,d5b11d25f3b2415dc959ae176b1986eff29aab886b60ed1119de835aef19a109,ddddaf0
eviddie-20240115-19940419,20240115,19940419,rare,5shot,0,EviDDIE,PT-17556663,FFGPTBGBLSHEPO,NDAUXUAQIAJITI,0,0,0.49913496,0.98976582,0.01208805,0.00859202,d7bc70db46c9b861d2aaa0fe4040a7b19be4faa14939df384d353558c5f7720d,643a91e0b9a1cc10067428184fff675682e61b9808c035aaa4af42bb81f063cc,d5b11d25f3b2415dc959ae176b1986eff29aab886b60ed1119de835aef19a109,ddddaf0
eviddie-20240115-19940419,20240115,19940419,rare,5shot,0,EviDDIE,PT-17556663,HYIMSNHJOBLJNT,VAAUVRVFOQPIGI,0,0,0.49913898,0.9898324,0.01201167,0.00853231,d7bc70db46c9b861d2aaa0fe4040a7b19be4faa14939df384d353558c5f7720d,643a91e0b9a1cc10067428184fff675682e61b9808c035aaa4af42bb81f063cc,d5b11d25f3b2415dc959ae176b1986eff29aab886b60ed1119de835aef19a109,ddddaf0
eviddie-20240115-19940419,20240115,19940419,rare,5shot,0,EviDDIE,PT-17556663,HYIMSNHJOBLJNT,MVWVFYHBGMAFLY,0,0,0.4991405,0.98985732,0.01198322,0.00851003,d7bc70db46c9b861d2aaa0fe4040a7b19be4faa14939df384d353558c5f7720d,643a91e0b9a1cc10067428184fff675682e61b9808c035aaa4af42bb81f063cc,d5b11d25f3b2415dc959ae176b1986eff29aab886b60ed1119de835aef19a109,ddddaf0
eviddie-20240115-19940419,20240115,19940419,rare,5shot,0,EviDDIE,PT-17556663,JIVPVXMEBJLZRO,RTHCYVBBDHJXIQ,0,0,0.49914792,0.98997891,0.01184385,0.00840111,d7bc70db46c9b861d2aaa0fe4040a7b19be4faa14939df384d353558c5f7720d,643a91e0b9a1cc10067428184fff675682e61b9808c035aaa4af42bb81f063cc,d5b11d25f3b2415dc959ae176b1986eff29aab886b60ed1119de835aef19a109,ddddaf0
eviddie-20240115-19940419,20240115,19940419,rare,5shot,0,EviDDIE,PT-17556663,JYGXADMDTFJGBT,XZWYZXLIPXDOLR,0,0,0.49911937,0.98950803,0.0123832,0.00882327,d7bc70db46c9b861d2aaa0fe4040a7b19be4faa14939df384d353558c5f7720d,643a91e0b9a1cc10067428184fff675682e61b9808c035aaa4af42bb81f063cc,d5b11d25f3b2415dc959ae176b1986eff29aab886b60ed1119de835aef19a109,ddddaf0
eviddie-20240115-19940419,20240115,19940419,rare,5shot,0,EviDDIE,PT-17730751,AGOYDEPGAOXOCK,FEBLZLNTKCEFIT,1,0,0.49911404,0.98942006,0.01248379,0.00890215,d7bc70db46c9b861d2aaa0fe4040a7b19be4faa14939df384d353558c5f7720d,643a91e0b9a1cc10067428184fff675682e61b9808c035aaa4af42bb81f063cc,d5b11d25f3b2415dc959ae176b1986eff29aab886b60ed1119de835aef19a109,ddddaf0
eviddie-20240115-19940419,20240115,19940419,rare,5shot,0,EviDDIE,PT-17730751,AYXYPKUFHZROOJ,QRXWMOHMRWLFEY,1,0,0.49912235,0.98955882,0.01232512,0.00877747,d7bc70db46c9b861d2aaa0fe4040a7b19be4faa14939df384d353558c5f7720d,643a91e0b9a1cc10067428184fff675682e61b9808c035aaa4af42bb81f063cc,d5b11d25f3b2415dc959ae176b1986eff29aab886b60ed1119de835aef19a109,ddddaf0
eviddie-20240115-19940419,20240115,19940419,rare,5shot,0,EviDDIE,PT-17730751,CNBGNNVCVSKAQZ,KUVIULQEHSCUHY,1,0,0.49913806,0.98981756,0.01202876,0.00854557,d7bc70db46c9b861d2aaa0fe4040a7b19be4faa14939df384d353558c5f7720d,643a91e0b9a1cc10067428184fff675682e61b9808c035aaa4af42bb81f063cc,d5b11d25f3b2415dc959ae176b1986eff29aab886b60ed1119de835aef19a109,ddddaf0
eviddie-20240115-19940419,20240115,19940419,rare,5shot,0,EviDDIE,PT-17730751,FEBLZLNTKCEFIT,MQTOSJVFKKJCRP,1,0,0.49911219,0.98938841,0.01252013,0.00893069,d7bc70db46c9b861d2aaa0fe4040a7b19be4faa14939df384d353558c5f7720d,643a91e0b9a1cc10067428184fff675682e61b9808c035aaa4af42bb81f063cc,d5b11d25f3b2415dc959ae176b1986eff29aab886b60ed1119de835aef19a109,ddddaf0
eviddie-20240115-19940419,20240115,19940419,rare,5shot,0,EviDDIE,PT-17730751,GFNANZIMVAIWHM,RYMZZMVNJRMUDD,1,0,0.49911937,0.98950899,0.01238204,0.00882234,d7bc70db46c9b861d2aaa0fe4040a7b19be4faa14939df384d353558c5f7720d,643a91e0b9a1cc10067428184fff675682e61b9808c035aaa4af42bb81f063cc,d5b11d25f3b2415dc959ae176b1986eff29aab886b60ed1119de835aef19a109,ddddaf0
eviddie-20240115-19940419,20240115,19940419,rare,5shot,0,EviDDIE,PT-17730751,MOVRKLZUVNCBIP,QYSXJUFSXHHAJI,1,0,0.4991228,0.98956573,0.01231718,0.00877146,d7bc70db46c9b861d2aaa0fe4040a7b19be4faa14939df384d353558c5f7720d,643a91e0b9a1cc10067428184fff675682e61b9808c035aaa4af42bb81f063cc,d5b11d25f3b2415dc959ae176b1986eff29aab886b60ed1119de835aef19a109,ddddaf0
eviddie-20240115-19940419,20240115,19940419,rare,5shot,0,EviDDIE,PT-17730751,MOVRKLZUVNCBIP,RYMZZMVNJRMUDD,1,0,0.49912426,0.98958886,0.01229071,0.00875074,d7bc70db46c9b861d2aaa0fe4040a7b19be4faa14939df384d353558c5f7720d,643a91e0b9a1cc10067428184fff675682e61b9808c035aaa4af42bb81f063cc,d5b11d25f3b2415dc959ae176b1986eff29aab886b60ed1119de835aef19a109,ddddaf0
eviddie-20240115-19940419,20240115,19940419,rare,5shot,0,EviDDIE,PT-17730751,MOVRKLZUVNCBIP,UREBDLICKHMUKA,1,0,0.49912491,0.98960054,0.01227723,0.00874021,d7bc70db46c9b861d2aaa0fe4040a7b19be4faa14939df384d353558c5f7720d,643a91e0b9a1cc10067428184fff675682e61b9808c035aaa4af42bb81f063cc,d5b11d25f3b2415dc959ae176b1986eff29aab886b60ed1119de835aef19a109,ddddaf0
eviddie-20240115-19940419,20240115,19940419,rare,5shot,0,EviDDIE,PT-17730751,MQTOSJVFKKJCRP,ZKLPARSLTMPFCP,1,0,0.49912298,0.98956782,0.01231482,0.00876959,d7bc70db46c9b861d2aaa0fe4040a7b19be4faa14939df384d353558c5f7720d,643a91e0b9a1cc10067428184fff675682e61b9808c035aaa4af42bb81f063cc,d5b11d25f3b2415dc959ae176b1986eff29aab886b60ed1119de835aef19a109,ddddaf0
eviddie-20240115-19940419,20240115,19940419,rare,5shot,0,EviDDIE,PT-17730751,QRXWMOHMRWLFEY,RDOIQAHITMMDAJ,1,0,0.49914253,0.98989081,0.01194485,0.00848001,d7bc70db46c9b861d2aaa0fe4040a7b19be4faa14939df384d353558c5f7720d,643a91e0b9a1cc10067428184fff675682e61b9808c035aaa4af42bb81f063cc,d5b11d25f3b2415dc959ae176b1986eff29aab886b60ed1119de835aef19a109,ddddaf0
eviddie-20240115-19940419,20240115,19940419,rare,5shot,0,EviDDIE,PT-17730751,AGOYDEPGAOXOCK,ATALOFNDEOCMKK,0,0,0.49912491,0.98960018,0.0122777,0.00874051,d7bc70db46c9b861d2aaa0fe4040a7b19be4faa14939df384d353558c5f7720d,643a91e0b9a1cc10067428184fff675682e61b9808c035aaa4af42bb81f063cc,d5b11d25f3b2415dc959ae176b1986eff29aab886b60ed1119de835aef19a109,ddddaf0
eviddie-20240115-19940419,20240115,19940419,rare,5shot,0,EviDDIE,PT-17730751,AYXYPKUFHZROOJ,XXSMGPRMXLTPCZ,0,0,0.49911711,0.98947185,0.01242476,0.00885561,d7bc70db46c9b861d2aaa0fe4040a7b19be4faa14939df384d353558c5f7720d,643a91e0b9a1cc10067428184fff675682e61b9808c035aaa4af42bb81f063cc,d5b11d25f3b2415dc959ae176b1986eff29aab886b60ed1119de835aef19a109,ddddaf0
eviddie-20240115-19940419,20240115,19940419,rare,5shot,0,EviDDIE,PT-17730751,CNBGNNVCVSKAQZ,TTWJBBZEZQICBI,0,0,0.49913868,0.98982823,0.01201657,0.00853603,d7bc70db46c9b861d2aaa0fe4040a7b19be4faa14939df384d353558c5f7720d,643a91e0b9a1cc10067428184fff675682e61b9808c035aaa4af42bb81f063cc,d5b11d25f3b2415dc959ae176b1986eff29aab886b60ed1119de835aef19a109,ddddaf0
eviddie-20240115-19940419,20240115,19940419,rare,5shot,0,EviDDIE,PT-17730751,FEBLZLNTKCEFIT,LSQZJLSUYDQPKJ,0,0,0.49912369,0.9895795,0.01230139,0.00875915,d7bc70db46c9b861d2aaa0fe4040a7b19be4faa14939df384d353558c5f7720d,643a91e0b9a1cc10067428184fff675682e61b9808c035aaa4af42bb81f063cc,d5b11d25f3b2415dc959ae176b1986eff29aab886b60ed1119de835aef19a109,ddddaf0
eviddie-20240115-19940419,20240115,19940419,rare,5shot,0,EviDDIE,PT-17730751,GFNANZIMVAIWHM,AGOYDEPGAOXOCK,0,0,0.49911472,0.98943079,0.01247168,0.00889267,d7bc70db46c9b861d2aaa0fe4040a7b19be4faa14939df384d353558c5f7720d,643a91e0b9a1cc10067428184fff675682e61b9808c035aaa4af42bb81f063cc,d5b11d25f3b2415dc959ae176b1986eff29aab886b60ed1119de835aef19a109,ddddaf0
eviddie-20240115-19940419,20240115,19940419,rare,5shot,0,EviDDIE,PT-17730751,MOVRKLZUVNCBIP,VAAUVRVFOQPIGI,0,0,0.49913752,0.98980814,0.0120395,0.00855411,d7bc70db46c9b861d2aaa0fe4040a7b19be4faa14939df384d353558c5f7720d,643a91e0b9a1cc10067428184fff675682e61b9808c035aaa4af42bb81f063cc,d5b11d25f3b2415dc959ae176b1986eff29aab886b60ed1119de835aef19a109,ddddaf0
eviddie-20240115-19940419,20240115,19940419,rare,5shot,0,EviDDIE,PT-17730751,MOVRKLZUVNCBIP,WVLOADHCBXTIJK,0,0,0.49912751,0.98964417,0.01222725,0.00870101,d7bc70db46c9b861d2aaa0fe4040a7b19be4faa14939df384d353558c5f7720d,643a91e0b9a1cc10067428184fff675682e61b9808c035aaa4af42bb81f063cc,d5b11d25f3b2415dc959ae176b1986eff29aab886b60ed1119de835aef19a109,ddddaf0
eviddie-20240115-19940419,20240115,19940419,rare,5shot,0,EviDDIE,PT-17730751,MOVRKLZUVNCBIP,OGHNVEJMJSYVRP,0,0,0.49913949,0.98984045,0.01200243,0.00852513,d7bc70db46c9b861d2aaa0fe4040a7b19be4faa14939df384d353558c5f7720d,643a91e0b9a1cc10067428184fff675682e61b9808c035aaa4af42bb81f063cc,d5b11d25f3b2415dc959ae176b1986eff29aab886b60ed1119de835aef19a109,ddddaf0
eviddie-20240115-19940419,20240115,19940419,rare,5shot,0,EviDDIE,PT-17730751,MQTOSJVFKKJCRP,ATALOFNDEOCMKK,0,0,0.49912316,0.98957157,0.01231047,0.0087662,d7bc70db46c9b861d2aaa0fe4040a7b19be4faa14939df384d353558c5f7720d,643a91e0b9a1cc10067428184fff675682e61b9808c035aaa4af42bb81f063cc,d5b11d25f3b2415dc959ae176b1986eff29aab886b60ed1119de835aef19a109,ddddaf0
eviddie-20240115-19940419,20240115,19940419,rare,5shot,0,EviDDIE,PT-17730751,QRXWMOHMRWLFEY,PHIQHXFUZVPYII,0,0,0.49912572,0.98961407,0.01226183,0.00872803,d7bc70db46c9b861d2aaa0fe4040a7b19be4faa14939df384d353558c5f7720d,643a91e0b9a1cc10067428184fff675682e61b9808c035aaa4af42bb81f063cc,d5b11d25f3b2415dc959ae176b1986eff29aab886b60ed1119de835aef19a109,ddddaf0
eviddie-20240115-19940419,20240115,19940419,rare,5shot,0,EviDDIE,PT-17750120,AYXYPKUFHZROOJ,XZWYZXLIPXDOLR,1,0,0.49910885,0.98933405,0.01258243,0.00897944,d7bc70db46c9b861d2aaa0fe4040a7b19be4faa14939df384d353558c5f7720d,643a91e0b9a1cc10067428184fff675682e61b9808c035aaa4af42bb81f063cc,d5b11d25f3b2415dc959ae176b1986eff29aab886b60ed1119de835aef19a109,ddddaf0
eviddie-20240115-19940419,20240115,19940419,rare,5shot,0,EviDDIE,PT-17750120,FABPRXSRWADJSP,OIGNJSKKLXVSLS,1,0,0.49912542,0.98960936,0.01226707,0.0087322,d7bc70db46c9b861d2aaa0fe4040a7b19be4faa14939df384d353558c5f7720d,643a91e0b9a1cc10067428184fff675682e61b9808c035aaa4af42bb81f063cc,d5b11d25f3b2415dc959ae176b1986eff29aab886b60ed1119de835aef19a109,ddddaf0
eviddie-20240115-19940419,20240115,19940419,rare,5shot,0,EviDDIE,PT-17750120,FABPRXSRWADJSP,WIKYUJGCLQQFNW,1,0,0.49913356,0.98974317,0.012114,0.00861232,d7bc70db46c9b861d2aaa0fe4040a7b19be4faa14939df384d353558c5f7720d,643a91e0b9a1cc10067428184fff675682e61b9808c035aaa4af42bb81f063cc,d5b11d25f3b2415dc959ae176b1986eff29aab886b60ed1119de835aef19a109,ddddaf0
eviddie-20240115-19940419,20240115,19940419,rare,5shot,0,EviDDIE,PT-17750120,KJADKKWYZYXHBB,XZWYZXLIPXDOLR,1,0,0.49911937,0.98950899,0.01238209,0.00882234,d7bc70db46c9b861d2aaa0fe4040a7b19be4faa14939df384d353558c5f7720d,643a91e0b9a1cc10067428184fff675682e61b9808c035aaa4af42bb81f063cc,d5b11d25f3b2415dc959ae176b1986eff29aab886b60ed1119de835aef19a109,ddddaf0
eviddie-20240115-19940419,20240115,19940419,rare,5shot,0,EviDDIE,PT-17750120,KPYSYYIEGFHWSV,XZWYZXLIPXDOLR,1,0,0.49912712,0.98963761,0.01223486,0.00870683,d7bc70db46c9b861d2aaa0fe4040a7b19be4faa14939df384d353558c5f7720d,643a91e0b9a1cc10067428184fff675682e61b9808c035aaa4af42bb81f063cc,d5b11d25f3b2415dc959ae176b1986eff29aab886b60ed1119de835aef19a109,ddddaf0
eviddie-20240115-19940419,20240115,19940419,rare,5shot,0,EviDDIE,PT-17750120,OGHNVEJMJSYVRP,WIKYUJGCLQQFNW,1,0,0.49914205,0.98988289,0.01195405,0.00848716,d7bc70db46c9b861d2aaa0fe4040a7b19be4faa14939df384d353558c5f7720d,643a91e0b9a1cc10067428184fff675682e61b9808c035aaa4af42bb81f063cc,d5b11d25f3b2415dc959ae176b1986eff29aab886b60ed1119de835aef19a109,ddddaf0
eviddie-20240115-19940419,20240115,19940419,rare,5shot,0,EviDDIE,PT-17750120,AYXYPKUFHZROOJ,YPCRNBPOUVJVMU,0,0,0.49910027,0.98919022,0.01274689,0.00910875,d7bc70db46c9b861d2aaa0fe4040a7b19be4faa14939df384d353558c5f7720d,643a91e0b9a1cc10067428184fff675682e61b9808c035aaa4af42bb81f063cc,d5b11d25f3b2415dc959ae176b1986eff29aab886b60ed1119de835aef19a109,ddddaf0
eviddie-20240115-19940419,20240115,19940419,rare,5shot,0,EviDDIE,PT-17750120,FABPRXSRWADJSP,CNBGNNVCVSKAQZ,0,0,0.4991402,0.98985225,0.01198898,0.00851458,d7bc70db46c9b861d2aaa0fe4040a7b19be4faa14939df384d353558c5f7720d,643a91e0b9a1cc10067428184fff675682e61b9808c035aaa4af42bb81f063cc,d5b11d25f3b2415dc959ae176b1986eff29aab886b60ed1119de835aef19a109,ddddaf0
eviddie-20240115-19940419,20240115,19940419,rare,5shot,0,EviDDIE,PT-17750120,FABPRXSRWADJSP,XPCFTKFZXHTYIP,0,0,0.49913734,0.9898051,0.01204304,0.00855684,d7bc70db46c9b861d2aaa0fe4040a7b19be4faa14939df384d353558c5f7720d,643a91e0b9a1cc10067428184fff675682e61b9808c035aaa4af42bb81f063cc,d5b11d25f3b2415dc959ae176b1986eff29aab886b60ed1119de835aef19a109,ddddaf0
eviddie-20240115-19940419,20240115,19940419,rare,5shot,0,EviDDIE,PT-17750120,KJADKKWYZYXHBB,IAVUPMFITXYVAF,0,0,0.4991357,0.98977906,0.01207288,0.00858012,d7bc70db46c9b861d2aaa0fe4040a7b19be4faa14939df384d353558c5f7720d,643a91e0b9a1cc10067428184fff675682e61b9808c035aaa4af42bb81f063cc,d5b11d25f3b2415dc959ae176b1986eff29aab886b60ed1119de835aef19a109,ddddaf0
eviddie-20240115-19940419,20240115,19940419,rare,5shot,0,EviDDIE,PT-17750120,KPYSYYIEGFHWSV,KVWDHTXUZHCGIO,0,0,0.49913764,0.98981094,0.01203641,0.00855146,d7bc70db46c9b861d2aaa0fe4040a7b19be4faa14939df384d353558c5f7720d,643a91e0b9a1cc10067428184fff675682e61b9808c035aaa4af42bb81f063cc,d5b11d25f3b2415dc959ae176b1986eff29aab886b60ed1119de835aef19a109,ddddaf0
eviddie-20240115-19940419,20240115,19940419,rare,5shot,0,EviDDIE,PT-17750120,OGHNVEJMJSYVRP,KWMLJOLKUYYJFJ,0,0,0.49912614,0.9896208,0.01225411,0.008722,d7bc70db46c9b861d2aaa0fe4040a7b19be4faa14939df384d353558c5f7720d,643a91e0b9a1cc10067428184fff675682e61b9808c035aaa4af42bb81f063cc,d5b11d25f3b2415dc959ae176b1986eff29aab886b60ed1119de835aef19a109,ddddaf0
eviddie-20240115-19940419,20240115,19940419,rare,5shot,0,EviDDIE,PT-17777361,ADEBPBSSDYVVLD,DGBIGWXXNGSACT,1,0,0.49914309,0.98990041,0.01193375,0.00847137,d7bc70db46c9b861d2aaa0fe4040a7b19be4faa14939df384d353558c5f7720d,643a91e0b9a1cc10067428184fff675682e61b9808c035aaa4af42bb81f063cc,d5b11d25f3b2415dc959ae176b1986eff29aab886b60ed1119de835aef19a109,ddddaf0
eviddie-20240115-19940419,20240115,19940419,rare,5shot,0,EviDDIE,PT-17777361,BUGYDGFZZOZRHP,IQPSEEYGBUAQFF,1,0,0.49912584,0.98961568,0.01225988,0.00872655,d7bc70db46c9b861d2aaa0fe4040a7b19be4faa14939df384d353558c5f7720d,643a91e0b9a1cc10067428184fff675682e61b9808c035aaa4af42bb81f063cc,d5b11d25f3b2415dc959ae176b1986eff29aab886b60ed1119de835aef19a109,ddddaf0
eviddie-20240115-19940419,20240115,19940419,rare,5shot,0,EviDDIE,PT-17777361,BUGYDGFZZOZRHP,XZWYZXLIPXDOLR,1,0,0.49910963,0.98934537,0.01256948,0.0089694,d7bc70db46c9b861d2aaa0fe4040a7b19be4faa14939df384d353558c5f7720d,643a91e0b9a1cc10067428184fff675682e61b9808c035aaa4af42bb81f063cc,d5b11d25f3b2415dc959ae176b1986eff29aab886b60ed1119de835aef19a109,ddddaf0
eviddie-20240115-19940419,20240115,19940419,rare,5shot,0,EviDDIE,PT-17777361,DRHKJLXJIQTDTD,JUKPWJGBANNWMW,1,0,0.49913159,0.98971111,0.01215079,0.00864102,d7bc70db46c9b861d2aaa0fe4040a7b19be4faa14939df384d353558c5f7720d,643a91e0b9a1cc10067428184fff675682e61b9808c035aaa4af42bb81f063cc,d5b11d25f3b2415dc959ae176b1986eff29aab886b60ed1119de835aef19a109,ddddaf0
eviddie-20240115-19940419,20240115,19940419,rare,5shot,0,EviDDIE,PT-17777361,IQPSEEYGBUAQFF,PYNXFZCZUAOOQC,1,0,0.4991473,0.98996884,0.01185531,0.00841009,d7bc70db46c9b861d2aaa0fe4040a7b19be4faa14939df384d353558c5f7720d,643a91e0b9a1cc10067428184fff675682e61b9808c035aaa4af42bb81f063cc,d5b11d25f3b2415dc959ae176b1986eff29aab886b60ed1119de835aef19a109,ddddaf0
eviddie-20240115-19940419,20240115,19940419,rare,5shot,0,EviDDIE,PT-17777361,JUKPWJGBANNWMW,MAEIEVLCKWDQJH,1,0,0.49913576,0.98977941,0.01207233,0.00857982,d7bc70db46c9b861d2aaa0fe4040a7b19be4faa14939df384d353558c5f7720d,643a91e0b9a1cc10067428184fff675682e61b9808c035aaa4af42bb81f063cc,d5b11d25f3b2415dc959ae176b1986eff29aab886b60ed1119de835aef19a109,ddddaf0
eviddie-20240115-19940419,20240115,19940419,rare,5shot,0,EviDDIE,PT-17777361,JUKPWJGBANNWMW,MBWXNTAXLNYFJB,1,0,0.49912566,0.98961264,0.01226337,0.00872937,d7bc70db46c9b861d2aaa0fe4040a7b19be4faa14939df384d353558c5f7720d,643a91e0b9a1cc10067428184fff675682e61b9808c035aaa4af42bb81f063cc,d5b11d25f3b2415dc959ae176b1986eff29aab886b60ed1119de835aef19a109,ddddaf0
eviddie-20240115-19940419,20240115,19940419,rare,5shot,0,EviDDIE,PT-17777361,OGHNVEJMJSYVRP,RTHCYVBBDHJXIQ,1,0,0.4991442,0.9899177,0.01191409,0.00845597,d7bc70db46c9b861d2aaa0fe4040a7b19be4faa14939df384d353558c5f7720d,643a91e0b9a1cc10067428184fff675682e61b9808c035aaa4af42bb81f063cc,d5b11d25f3b2415dc959ae176b1986eff29aab886b60ed1119de835aef19a109,ddddaf0
eviddie-20240115-19940419,20240115,19940419,rare,5shot,0,EviDDIE,PT-17777361,ADEBPBSSDYVVLD,JYGXADMDTFJGBT,0,0,0.49912646,0.98962629,0.01224774,0.00871701,d7bc70db46c9b861d2aaa0fe4040a7b19be4faa14939df384d353558c5f7720d,643a91e0b9a1cc10067428184fff675682e61b9808c035aaa4af42bb81f063cc,d5b11d25f3b2415dc959ae176b1986eff29aab886b60ed1119de835aef19a109,ddddaf0
eviddie-20240115-19940419,20240115,19940419,rare,5shot,0,EviDDIE,PT-17777361,BUGYDGFZZOZRHP,KEDYTOTWMPBSLG,0,0,0.49911508,0.98943806,0.01246329,0.00888603,d7bc70db46c9b861d2aaa0fe4040a7b19be4faa14939df384d353558c5f7720d,643a91e0b9a1cc10067428184fff675682e61b9808c035aaa4af42bb81f063cc,d5b11d25f3b2415dc959ae176b1986eff29aab886b60ed1119de835aef19a109,ddddaf0
eviddie-20240115-19940419,20240115,19940419,rare,5shot,0,EviDDIE,PT-17777361,BUGYDGFZZOZRHP,XOFYZVNMUHMLCC,0,0,0.49911317,0.98940492,0.01250134,0.00891589,d7bc70db46c9b861d2aaa0fe4040a7b19be4faa14939df384d353558c5f7720d,643a91e0b9a1cc10067428184fff675682e61b9808c035aaa4af42bb81f063cc,d5b11d25f3b2415dc959ae176b1986eff29aab886b60ed1119de835aef19a109,ddddaf0
eviddie-20240115-19940419,20240115,19940419,rare,5shot,0,EviDDIE,PT-17777361,DRHKJLXJIQTDTD,RZVAJINKPMORJF,0,0,0.49914369,0.98990995,0.01192282,0.00846276,d7bc70db46c9b861d2aaa0fe4040a7b19be4faa14939df384d353558c5f7720d,643a91e0b9a1cc10067428184fff675682e61b9808c035aaa4af42bb81f063cc,d5b11d25f3b2415dc959ae176b1986eff29aab886b60ed1119de835aef19a109,ddddaf0
eviddie-20240115-19940419,20240115,19940419,rare,5shot,0,EviDDIE,PT-17777361,IQPSEEYGBUAQFF,DLNKOYKMWOXYQA,0,0,0.49914026,0.98985308,0.01198803,0.00851378,d7bc70db46c9b861d2aaa0fe4040a7b19be4faa14939df384d353558c5f7720d,643a91e0b9a1cc10067428184fff675682e61b9808c035aaa4af42bb81f063cc,d5b11d25f3b2415dc959ae176b1986eff29aab886b60ed1119de835aef19a109,ddddaf0
eviddie-20240115-19940419,20240115,19940419,rare,5shot,0,EviDDIE,PT-17777361,JUKPWJGBANNWMW,QYSPLQLAKJAUJT,0,0,0.49913827,0.98982012,0.01202576,0.00854341,d7bc70db46c9b861d2aaa0fe4040a7b19be4faa14939df384d353558c5f7720d,643a91e0b9a1cc10067428184fff675682e61b9808c035aaa4af42bb81f063cc,d5b11d25f3b2415dc959ae176b1986eff29aab886b60ed1119de835aef19a109,ddddaf0
eviddie-20240115-19940419,20240115,19940419,rare,5shot,0,EviDDIE,PT-17777361,JUKPWJGBANNWMW,FABPRXSRWADJSP,0,0,0.49912694,0.98963356,0.01223946,0.00871061,d7bc70db46c9b861d2aaa0fe4040a7b19be4faa14939df384d353558c5f7720d,643a91e0b9a1cc10067428184fff675682e61b9808c035aaa4af42bb81f063cc,d5b11d25f3b2415dc959ae176b1986eff29aab886b60ed1119de835aef19a109,ddddaf0
eviddie-20240115-19940419,20240115,19940419,rare,5shot,0,EviDDIE,PT-17777361,OGHNVEJMJSYVRP,NBIIXXVUZAFLBC,0,0,0.49912652,0.98962784,0.0122461,0.00871566,d7bc70db46c9b861d2aaa0fe4040a7b19be4faa14939df384d353558c5f7720d,643a91e0b9a1cc10067428184fff675682e61b9808c035aaa4af42bb81f063cc,d5b11d25f3b2415dc959ae176b1986eff29aab886b60ed1119de835aef19a109,ddddaf0
eviddie-20240115-19940419,20240115,19940419,rare,5shot,0,EviDDIE,PT-17926716,CEAZRRDELHUEMR,MAEIEVLCKWDQJH,1,0,0.49912757,0.98964489,0.01222649,0.00870036,d7bc70db46c9b861d2aaa0fe4040a7b19be4faa14939df384d353558c5f7720d,643a91e0b9a1cc10067428184fff675682e61b9808c035aaa4af42bb81f063cc,d5b11d25f3b2415dc959ae176b1986eff29aab886b60ed1119de835aef19a109,ddddaf0
eviddie-20240115-19940419,20240115,19940419,rare,5shot,0,EviDDIE,PT-17926716,HSUGRBWQSSZJOP,UCTWMZQNUQWSLP,1,0,0.49913085,0.98969835,0.01216525,0.00865242,d7bc70db46c9b861d2aaa0fe4040a7b19be4faa14939df384d353558c5f7720d,643a91e0b9a1cc10067428184fff675682e61b9808c035aaa4af42bb81f063cc,d5b11d25f3b2415dc959ae176b1986eff29aab886b60ed1119de835aef19a109,ddddaf0
eviddie-20240115-19940419,20240115,19940419,rare,5shot,0,EviDDIE,PT-17926716,HSUGRBWQSSZJOP,WIKYUJGCLQQFNW,1,0,0.49913716,0.98980254,0.01204599,0.00855907,d7bc70db46c9b861d2aaa0fe4040a7b19be4faa14939df384d353558c5f7720d,643a91e0b9a1cc10067428184fff675682e61b9808c035aaa4af42bb81f063cc,d5b11d25f3b2415dc959ae176b1986eff29aab886b60ed1119de835aef19a109,ddddaf0
eviddie-20240115-19940419,20240115,19940419,rare,5shot,0,EviDDIE,PT-17926716,KDLRVYVGXIQJDK,VOVIALXJUBGFJZ,1,0,0.49911189,0.98938388,0.01252548,0.00893479,d7bc70db46c9b861d2aaa0fe4040a7b19be4faa14939df384d353558c5f7720d,643a91e0b9a1cc10067428184fff675682e61b9808c035aaa4af42bb81f063cc,d5b11d25f3b2415dc959ae176b1986eff29aab886b60ed1119de835aef19a109,ddddaf0
eviddie-20240115-19940419,20240115,19940419,rare,5shot,0,EviDDIE,PT-17926716,RFHAOTPXVQNOHP,ZZVUWRFHKOJYTH,1,0,0.49914858,0.98998916,0.01183217,0.008392,d7bc70db46c9b861d2aaa0fe4040a7b19be4faa14939df384d353558c5f7720d,643a91e0b9a1cc10067428184fff675682e61b9808c035aaa4af42bb81f063cc,d5b11d25f3b2415dc959ae176b1986eff29aab886b60ed1119de835aef19a109,ddddaf0
eviddie-20240115-19940419,20240115,19940419,rare,5shot,0,EviDDIE,PT-17926716,VEGXETMJINRLTH,XOFYZVNMUHMLCC,1,0,0.49911538,0.98944151,0.01245937,0.00888294,d7bc70db46c9b861d2aaa0fe4040a7b19be4faa14939df384d353558c5f7720d,643a91e0b9a1cc10067428184fff675682e61b9808c035aaa4af42bb81f063cc,d5b11d25f3b2415dc959ae176b1986eff29aab886b60ed1119de835aef19a109,ddddaf0
eviddie-20240115-19940419,20240115,19940419,rare,5shot,0,EviDDIE,PT-17926716,CEAZRRDELHUEMR,RAPZEAPATHNIPO,0,0,0.49912572,0.98961419,0.01226175,0.00872793,d7bc70db46c9b861d2aaa0fe4040a7b19be4faa14939df384d353558c5f7720d,643a91e0b9a1cc10067428184fff675682e61b9808c035aaa4af42bb81f063cc,d5b11d25f3b2415dc959ae176b1986eff29aab886b60ed1119de835aef19a109,ddddaf0
eviddie-20240115-19940419,20240115,19940419,rare,5shot,0,EviDDIE,PT-17926716,HSUGRBWQSSZJOP,JCQLYHFGKNRPGE,0,0,0.49911711,0.98947155,0.01242503,0.00885599,d7bc70db46c9b861d2aaa0fe4040a7b19be4faa14939df384d353558c5f7720d,643a91e0b9a1cc10067428184fff675682e61b9808c035aaa4af42bb81f063cc,d5b11d25f3b2415dc959ae176b1986eff29aab886b60ed1119de835aef19a109,ddddaf0
eviddie-20240115-19940419,20240115,19940419,rare,5shot,0,EviDDIE,PT-17926716,HSUGRBWQSSZJOP,FELGMEQIXOGIFQ,0,0,0.49914607,0.98994863,0.01187857,0.00842824,d7bc70db46c9b861d2aaa0fe4040a7b19be4faa14939df384d353558c5f7720d,643a91e0b9a1cc10067428184fff675682e61b9808c035aaa4af42bb81f063cc,d5b11d25f3b2415dc959ae176b1986eff29aab886b60ed1119de835aef19a109,ddddaf0
eviddie-20240115-19940419,20240115,19940419,rare,5shot,0,EviDDIE,PT-17926716,KDLRVYVGXIQJDK,QZUDBNBUXVUHMW,0,0,0.49912259,0.98956209,0.01232139,0.00877464,d7bc70db46c9b861d2aaa0fe4040a7b19be4faa14939df384d353558c5f7720d,643a91e0b9a1cc10067428184fff675682e61b9808c035aaa4af42bb81f063cc,d5b11d25f3b2415dc959ae176b1986eff29aab886b60ed1119de835aef19a109,ddddaf0
eviddie-20240115-19940419,20240115,19940419,rare,5shot,0,EviDDIE,PT-17926716,RFHAOTPXVQNOHP,WOFMFGQZHJDGCX,0,0,0.49914107,0.98986661,0.01197254,0.00850164,d7bc70db46c9b861d2aaa0fe4040a7b19be4faa14939df384d353558c5f7720d,643a91e0b9a1cc10067428184fff675682e61b9808c035aaa4af42bb81f063cc,d5b11d25f3b2415dc959ae176b1986eff29aab886b60ed1119de835aef19a109,ddddaf0
eviddie-20240115-19940419,20240115,19940419,rare,5shot,0,EviDDIE,PT-17926716,VEGXETMJINRLTH,WIKYUJGCLQQFNW,0,0,0.49912015,0.9895215,0.01236784,0.00881109,d7bc70db46c9b861d2aaa0fe4040a7b19be4faa14939df384d353558c5f7720d,643a91e0b9a1cc10067428184fff675682e61b9808c035aaa4af42bb81f063cc,d5b11d25f3b2415dc959ae176b1986eff29aab886b60ed1119de835aef19a109,ddddaf0
eviddie-20240115-19940419,20240115,19940419,rare,5shot,0,EviDDIE,PT-17936618,DCOPUUMXTXDBNB,MFYSYFVPBJMHGN,1,0,0.4991357,0.9897787,0.01207337,0.00858042,d7bc70db46c9b861d2aaa0fe4040a7b19be4faa14939df384d353558c5f7720d,643a91e0b9a1cc10067428184fff675682e61b9808c035aaa4af42bb81f063cc,d5b11d25f3b2415dc959ae176b1986eff29aab886b60ed1119de835aef19a109,ddddaf0
eviddie-20240115-19940419,20240115,19940419,rare,5shot,0,EviDDIE,PT-17936618,HDACQVRGBOVJII,KRKNYBCHXYNGOX,1,0,0.49912968,0.98967874,0.01218776,0.00867007,d7bc70db46c9b861d2aaa0fe4040a7b19be4faa14939df384d353558c5f7720d,643a91e0b9a1cc10067428184fff675682e61b9808c035aaa4af42bb81f063cc,d5b11d25f3b2415dc959ae176b1986eff29aab886b60ed1119de835aef19a109,ddddaf0
eviddie-20240115-19940419,20240115,19940419,rare,5shot,0,EviDDIE,PT-17936618,HSUGRBWQSSZJOP,JLKIGFTWXXRPMT,1,0,0.49915132,0.99003381,0.01178089,0.00835201,d7bc70db46c9b861d2aaa0fe4040a7b19be4faa14939df384d353558c5f7720d,643a91e0b9a1cc10067428184fff675682e61b9808c035aaa4af42bb81f063cc,d5b11d25f3b2415dc959ae176b1986eff29aab886b60ed1119de835aef19a109,ddddaf0
eviddie-20240115-19940419,20240115,19940419,rare,5shot,0,EviDDIE,PT-17936618,HSUGRBWQSSZJOP,KWMLJOLKUYYJFJ,1,0,0.49912053,0.98952824,0.01236009,0.00880508,d7bc70db46c9b861d2aaa0fe4040a7b19be4faa14939df384d353558c5f7720d,643a91e0b9a1cc10067428184fff675682e61b9808c035aaa4af42bb81f063cc,d5b11d25f3b2415dc959ae176b1986eff29aab886b60ed1119de835aef19a109,ddddaf0
eviddie-20240115-19940419,20240115,19940419,rare,5shot,0,EviDDIE,PT-17936618,HSUGRBWQSSZJOP,YPCRNBPOUVJVMU,1,0,0.49911967,0.98951387,0.0123764,0.00881788,d7bc70db46c9b861d2aaa0fe4040a7b19be4faa14939df384d353558c5f7720d,643a91e0b9a1cc10067428184fff675682e61b9808c035aaa4af42bb81f063cc,d5b11d25f3b2415dc959ae176b1986eff29aab886b60ed1119de835aef19a109,ddddaf0
eviddie-20240115-19940419,20240115,19940419,rare,5shot,0,EviDDIE,PT-17936618,KRKNYBCHXYNGOX,ULGZDMOVFRHVEP,1,0,0.49911356,0.98941272,0.01249244,0.00890879,d7bc70db46c9b861d2aaa0fe4040a7b19be4faa14939df384d353558c5f7720d,643a91e0b9a1cc10067428184fff675682e61b9808c035aaa4af42bb81f063cc,d5b11d25f3b2415dc959ae176b1986eff29aab886b60ed1119de835aef19a109,ddddaf0
eviddie-20240115-19940419,20240115,19940419,rare,5shot,0,EviDDIE,PT-17936618,OEYIOHPDSNJKLS,WXURHACBFYSXBI,1,0,0.49910346,0.98924375,0.01268579,0.00906057,d7bc70db46c9b861d2aaa0fe4040a7b19be4faa14939df384d353558c5f7720d,643a91e0b9a1cc10067428184fff675682e61b9808c035aaa4af42bb81f063cc,d5b11d25f3b2415dc959ae176b1986eff29aab886b60ed1119de835aef19a109,ddddaf0
eviddie-20240115-19940419,20240115,19940419,rare,5shot,0,EviDDIE,PT-17936618,XXSMGPRMXLTPCZ,ZKLPARSLTMPFCP,1,0,0.49913692,0.98979902,0.01204999,0.00856218,d7bc70db46c9b861d2aaa0fe4040a7b19be4faa14939df384d353558c5f7720d,643a91e0b9a1cc10067428184fff675682e61b9808c035aaa4af42bb81f063cc,d5b11d25f3b2415dc959ae176b1986eff29aab886b60ed1119de835aef19a109,ddddaf0
eviddie-20240115-19940419,20240115,19940419,rare,5shot,0,EviDDIE,PT-17936618,DCOPUUMXTXDBNB,XZWYZXLIPXDOLR,0,0,0.49913356,0.98974377,0.01211327,0.00861166,d7bc70db46c9b861d2aaa0fe4040a7b19be4faa14939df384d353558c5f7720d,643a91e0b9a1cc10067428184fff675682e61b9808c035aaa4af42bb81f063cc,d5b11d25f3b2415dc959ae176b1986eff29aab886b60ed1119de835aef19a109,ddddaf0
eviddie-20240115-19940419,20240115,19940419,rare,5shot,0,EviDDIE,PT-17936618,HDACQVRGBOVJII,LSQZJLSUYDQPKJ,0,0,0.49912614,0.98962015,0.01225496,0.00872267,d7bc70db46c9b861d2aaa0fe4040a7b19be4faa14939df384d353558c5f7720d,643a91e0b9a1cc10067428184fff675682e61b9808c035aaa4af42bb81f063cc,d5b11d25f3b2415dc959ae176b1986eff29aab886b60ed1119de835aef19a109,ddddaf0
eviddie-20240115-19940419,20240115,19940419,rare,5shot,0,EviDDIE,PT-17936618,HSUGRBWQSSZJOP,OGHNVEJMJSYVRP,0,0,0.49914339,0.98990434,0.01192936,0.00846795,d7bc70db46c9b861d2aaa0fe4040a7b19be4faa14939df384d353558c5f7720d,643a91e0b9a1cc10067428184fff675682e61b9808c035aaa4af42bb81f063cc,d5b11d25f3b2415dc959ae176b1986eff29aab886b60ed1119de835aef19a109,ddddaf0
eviddie-20240115-19940419,20240115,19940419,rare,5shot,0,EviDDIE,PT-17936618,HSUGRBWQSSZJOP,KDLRVYVGXIQJDK,0,0,0.49912259,0.98956209,0.01232134,0.00877463,d7bc70db46c9b861d2aaa0fe4040a7b19be4faa14939df384d353558c5f7720d,643a91e0b9a1cc10067428184fff675682e61b9808c035aaa4af42bb81f063cc,d5b11d25f3b2415dc959ae176b1986eff29aab886b60ed1119de835aef19a109,ddddaf0
eviddie-20240115-19940419,20240115,19940419,rare,5shot,0,EviDDIE,PT-17936618,HSUGRBWQSSZJOP,PYNXFZCZUAOOQC,0,0,0.49914142,0.98987216,0.01196628,0.0084968,d7bc70db46c9b861d2aaa0fe4040a7b19be4faa14939df384d353558c5f7720d,643a91e0b9a1cc10067428184fff675682e61b9808c035aaa4af42bb81f063cc,d5b11d25f3b2415dc959ae176b1986eff29aab886b60ed1119de835aef19a109,ddddaf0
eviddie-20240115-19940419,20240115,19940419,rare,5shot,0,EviDDIE,PT-17936618,KRKNYBCHXYNGOX,KGFYHTZWPPHNLQ,0,0,0.49912977,0.98968118,0.01218501,0.00866777,d7bc70db46c9b861d2aaa0fe4040a7b19be4faa14939df384d353558c5f7720d,643a91e0b9a1cc10067428184fff675682e61b9808c035aaa4af42bb81f063cc,d5b11d25f3b2415dc959ae176b1986eff29aab886b60ed1119de835aef19a109,ddddaf0
eviddie-20240115-19940419,20240115,19940419,rare,5shot,0,EviDDIE,PT-17936618,OEYIOHPDSNJKLS,UJLAWZDWDVHWOW,0,0,0.49911532,0.98944235,0.01245853,0.00888202,d7bc70db46c9b861d2aaa0fe4040a7b19be4faa14939df384d353558c5f7720d,643a91e0b9a1cc10067428184fff675682e61b9808c035aaa4af42bb81f063cc,d5b11d25f3b2415dc959ae176b1986eff29aab886b60ed1119de835aef19a109,ddddaf0
eviddie-20240115-19940419,20240115,19940419,rare,5shot,0,EviDDIE,PT-17936618,XXSMGPRMXLTPCZ,QAOWNCQODCNURD,0,0,0.49914771,0.98997551,0.01184785,0.00840413,d7bc70db46c9b861d2aaa0fe4040a7b19be4faa14939df384d353558c5f7720d,643a91e0b9a1cc10067428184fff675682e61b9808c035aaa4af42bb81f063cc,d5b11d25f3b2415dc959ae176b1986eff29aab886b60ed1119de835aef19a109,ddddaf0
eviddie-20240115-19940419,20240115,19940419,rare,5shot,0,EviDDIE,PT-17999685,CMWTZPSULFXXJA,PMRYVIKBURPHAH,1,0,0.49915648,0.99011862,0.01168374,0.00827616,d7bc70db46c9b861d2aaa0fe4040a7b19be4faa14939df384d353558c5f7720d,643a91e0b9a1cc10067428184fff675682e61b9808c035aaa4af42bb81f063cc,d5b11d25f3b2415dc959ae176b1986eff29aab886b60ed1119de835aef19a109,ddddaf0
eviddie-20240115-19940419,20240115,19940419,rare,5shot,0,EviDDIE,PT-17999685,DCOPUUMXTXDBNB,PMRYVIKBURPHAH,1,0,0.49915683,0.99012357,0.01167827,0.00827186,d7bc70db46c9b861d2aaa0fe4040a7b19be4faa14939df384d353558c5f7720d,643a91e0b9a1cc10067428184fff675682e61b9808c035aaa4af42bb81f063cc,d5b11d25f3b2415dc959ae176b1986eff29aab886b60ed1119de835aef19a109,ddddaf0
eviddie-20240115-19940419,20240115,19940419,rare,5shot,0,EviDDIE,PT-17999685,GJSURZIOUXUGAL,LXMSZDCAJNLERA,1,0,0.49912974,0.98967999,0.01218626,0.00866889,d7bc70db46c9b861d2aaa0fe4040a7b19be4faa14939df384d353558c5f7720d,643a91e0b9a1cc10067428184fff675682e61b9808c035aaa4af42bb81f063cc,d5b11d25f3b2415dc959ae176b1986eff29aab886b60ed1119de835aef19a109,ddddaf0
eviddie-20240115-19940419,20240115,19940419,rare,5shot,0,EviDDIE,PT-17999685,NNJVILVZKWQKPM,PMRYVIKBURPHAH,1,0,0.49914759,0.98997343,0.0118502,0.008406,d7bc70db46c9b861d2aaa0fe4040a7b19be4faa14939df384d353558c5f7720d,643a91e0b9a1cc10067428184fff675682e61b9808c035aaa4af42bb81f063cc,d5b11d25f3b2415dc959ae176b1986eff29aab886b60ed1119de835aef19a109,ddddaf0
eviddie-20240115-19940419,20240115,19940419,rare,5shot,0,EviDDIE,PT-17999685,PMRYVIKBURPHAH,RFHAOTPXVQNOHP,1,0,0.49915504,0.9900946,0.01171133,0.00829769,d7bc70db46c9b861d2aaa0fe4040a7b19be4faa14939df384d353558c5f7720d,643a91e0b9a1cc10067428184fff675682e61b9808c035aaa4af42bb81f063cc,d5b11d25f3b2415dc959ae176b1986eff29aab886b60ed1119de835aef19a109,ddddaf0
eviddie-20240115-19940419,20240115,19940419,rare,5shot,0,EviDDIE,PT-17999685,PMRYVIKBURPHAH,XOFYZVNMUHMLCC,1,0,0.49914119,0.98986912,0.01196971,0.00849941,d7bc70db46c9b861d2aaa0fe4040a7b19be4faa14939df384d353558c5f7720d,643a91e0b9a1cc10067428184fff675682e61b9808c035aaa4af42bb81f063cc,d5b11d25f3b2415dc959ae176b1986eff29aab886b60ed1119de835aef19a109,ddddaf0
eviddie-20240115-19940419,20240115,19940419,rare,5shot,0,EviDDIE,PT-17999685,CMWTZPSULFXXJA,UCTWMZQNUQWSLP,0,0,0.49913538,0.98977274,0.01208012,0.00858577,d7bc70db46c9b861d2aaa0fe4040a7b19be4faa14939df384d353558c5f7720d,643a91e0b9a1cc10067428184fff675682e61b9808c035aaa4af42bb81f063cc,d5b11d25f3b2415dc959ae176b1986eff29aab886b60ed1119de835aef19a109,ddddaf0
eviddie-20240115-19940419,20240115,19940419,rare,5shot,0,EviDDIE,PT-17999685,DCOPUUMXTXDBNB,XZWYZXLIPXDOLR,0,0,0.49913356,0.98974377,0.01211327,0.00861166,d7bc70db46c9b861d2aaa0fe4040a7b19be4faa14939df384d353558c5f7720d,643a91e0b9a1cc10067428184fff675682e61b9808c035aaa4af42bb81f063cc,d5b11d25f3b2415dc959ae176b1986eff29aab886b60ed1119de835aef19a109,ddddaf0
eviddie-20240115-19940419,20240115,19940419,rare,5shot,0,EviDDIE,PT-17999685,GJSURZIOUXUGAL,YOZNUFWCRFCGIH,0,0,0.49913576,0.98977965,0.01207216,0.00857962,d7bc70db46c9b861d2aaa0fe4040a7b19be4faa14939df384d353558c5f7720d,643a91e0b9a1cc10067428184fff675682e61b9808c035aaa4af42bb81f063cc,d5b11d25f3b2415dc959ae176b1986eff29aab886b60ed1119de835aef19a109,ddddaf0
eviddie-20240115-19940419,20240115,19940419,rare,5shot,0,EviDDIE,PT-17999685,NNJVILVZKWQKPM,IEDVJHCEMCRBQM,0,0,0.49913338,0.98974037,0.0121172,0.00861472,d7bc70db46c9b861d2aaa0fe4040a7b19be4faa14939df384d353558c5f7720d,643a91e0b9a1cc10067428184fff675682e61b9808c035aaa4af42bb81f063cc,d5b11d25f3b2415dc959ae176b1986eff29aab886b60ed1119de835aef19a109,ddddaf0
eviddie-20240115-19940419,20240115,19940419,rare,5shot,0,EviDDIE,PT-17999685,PMRYVIKBURPHAH,JSDRRTOADPPCHY,0,0,0.49914914,0.98999876,0.01182113,0.00838337,d7bc70db46c9b861d2aaa0fe4040a7b19be4faa14939df384d353558c5f7720d,643a91e0b9a1cc10067428184fff675682e61b9808c035aaa4af42bb81f063cc,d5b11d25f3b2415dc959ae176b1986eff29aab886b60ed1119de835aef19a109,ddddaf0
eviddie-20240115-19940419,20240115,19940419,rare,5shot,0,EviDDIE,PT-17999685,PMRYVIKBURPHAH,XXSMGPRMXLTPCZ,0,0,0.49914694,0.989963,0.01186214,0.00841537,d7bc70db46c9b861d2aaa0fe4040a7b19be4faa14939df384d353558c5f7720d,643a91e0b9a1cc10067428184fff675682e61b9808c035aaa4af42bb81f063cc,d5b11d25f3b2415dc959ae176b1986eff29aab886b60ed1119de835aef19a109,ddddaf0
eviddie-20240115-19940419,20240115,19940419,rare,5shot,0,EviDDIE,PT-18257545,DRHKJLXJIQTDTD,QYSXJUFSXHHAJI,1,0,0.49912855,0.98966122,0.01220797,0.00868576,d7bc70db46c9b861d2aaa0fe4040a7b19be4faa14939df384d353558c5f7720d,643a91e0b9a1cc10067428184fff675682e61b9808c035aaa4af42bb81f063cc,d5b11d25f3b2415dc959ae176b1986eff29aab886b60ed1119de835aef19a109,ddddaf0
eviddie-20240115-19940419,20240115,19940419,rare,5shot,0,EviDDIE,PT-18257545,MOYKHGMNXAOIAT,NNJVILVZKWQKPM,1,0,0.49911788,0.98948342,0.01241138,0.00884532,d7bc70db46c9b861d2aaa0fe4040a7b19be4faa14939df384d353558c5f7720d,643a91e0b9a1cc10067428184fff675682e61b9808c035aaa4af42bb81f063cc,d5b11d25f3b2415dc959ae176b1986eff29aab886b60ed1119de835aef19a109,ddddaf0
eviddie-20240115-19940419,20240115,19940419,rare,5shot,0,EviDDIE,PT-18257545,MOYKHGMNXAOIAT,XFYDIVBRZNQMJC,1,0,0.49912903,0.98966891,0.01219892,0.00867876,d7bc70db46c9b861d2aaa0fe4040a7b19be4faa14939df384d353558c5f7720d,643a91e0b9a1cc10067428184fff675682e61b9808c035aaa4af42bb81f063cc,d5b11d25f3b2415dc959ae176b1986eff29aab886b60ed1119de835aef19a109,ddddaf0
eviddie-20240115-19940419,20240115,19940419,rare,5shot,0,EviDDIE,PT-18257545,MOYKHGMNXAOIAT,XPCFTKFZXHTYIP,1,0,0.4991231,0.98957062,0.01231149,0.00876701,d7bc70db46c9b861d2aaa0fe4040a7b19be4faa14939df384d353558c5f7720d,643a91e0b9a1cc10067428184fff675682e61b9808c035aaa4af42bb81f063cc,d5b11d25f3b2415dc959ae176b1986eff29aab886b60ed1119de835aef19a109,ddddaf0
eviddie-20240115-19940419,20240115,19940419,rare,5shot,0,EviDDIE,PT-18257545,QWCRAEMEVRGPNT,SNPPWIUOZRMYNY,1,0,0.49912927,0.98967218,0.01219526,0.00867599,d7bc70db46c9b861d2aaa0fe4040a7b19be4faa14939df384d353558c5f7720d,643a91e0b9a1cc10067428184fff675682e61b9808c035aaa4af42bb81f063cc,d5b11d25f3b2415dc959ae176b1986eff29aab886b60ed1119de835aef19a109,ddddaf0
eviddie-20240115-19940419,20240115,19940419,rare,5shot,0,EviDDIE,PT-18257545,QWCRAEMEVRGPNT,ZRVUJXDFFKFLMG,1,0,0.49914014,0.989851,0.01199046,0.00851577,d7bc70db46c9b861d2aaa0fe4040a7b19be4faa14939df384d353558c5f7720d,643a91e0b9a1cc10067428184fff675682e61b9808c035aaa4af42bb81f063cc,d5b11d25f3b2415dc959ae176b1986eff29aab886b60ed1119de835aef19a109,ddddaf0
eviddie-20240115-19940419,20240115,19940419,rare,5shot,0,EviDDIE,PT-18257545,XFYDIVBRZNQMJC,YWXYYJSYQOXTPL,1,0,0.49912706,0.98963577,0.01223696,0.00870862,d7bc70db46c9b861d2aaa0fe4040a7b19be4faa14939df384d353558c5f7720d,643a91e0b9a1cc10067428184fff675682e61b9808c035aaa4af42bb81f063cc,d5b11d25f3b2415dc959ae176b1986eff29aab886b60ed1119de835aef19a109,ddddaf0
eviddie-20240115-19940419,20240115,19940419,rare,5shot,0,EviDDIE,PT-18257545,DRHKJLXJIQTDTD,FABPRXSRWADJSP,0,0,0.49913746,0.98980814,0.01203957,0.008554,d7bc70db46c9b861d2aaa0fe4040a7b19be4faa14939df384d353558c5f7720d,643a91e0b9a1cc10067428184fff675682e61b9808c035aaa4af42bb81f063cc,d5b11d25f3b2415dc959ae176b1986eff29aab886b60ed1119de835aef19a109,ddddaf0
eviddie-20240115-19940419,20240115,19940419,rare,5shot,0,EviDDIE,PT-18257545,MOYKHGMNXAOIAT,SNIOPGDIGTZGOP,0,0,0.49911734,0.98947477,0.01242128,0.00885309,d7bc70db46c9b861d2aaa0fe4040a7b19be4faa14939df384d353558c5f7720d,643a91e0b9a1cc10067428184fff675682e61b9808c035aaa4af42bb81f063cc,d5b11d25f3b2415dc959ae176b1986eff29aab886b60ed1119de835aef19a109,ddddaf0
eviddie-20240115-19940419,20240115,19940419,rare,5shot,0,EviDDIE,PT-18257545,MOYKHGMNXAOIAT,OGHNVEJMJSYVRP,0,0,0.4991253,0.98960704,0.01226977,0.00873431,d7bc70db46c9b861d2aaa0fe4040a7b19be4faa14939df384d353558c5f7720d,643a91e0b9a1cc10067428184fff675682e61b9808c035aaa4af42bb81f063cc,d5b11d25f3b2415dc959ae176b1986eff29aab886b60ed1119de835aef19a109,ddddaf0
eviddie-20240115-19940419,20240115,19940419,rare,5shot,0,EviDDIE,PT-18257545,MOYKHGMNXAOIAT,QYSPLQLAKJAUJT,0,0,0.49912873,0.98966426,0.01220425,0.00868298,d7bc70db46c9b861d2aaa0fe4040a7b19be4faa14939df384d353558c5f7720d,643a91e0b9a1cc10067428184fff675682e61b9808c035aaa4af42bb81f063cc,d5b11d25f3b2415dc959ae176b1986eff29aab886b60ed1119de835aef19a109,ddddaf0
eviddie-20240115-19940419,20240115,19940419,rare,5shot,0,EviDDIE,PT-18257545,QWCRAEMEVRGPNT,FABPRXSRWADJSP,0,0,0.49912968,0.98967874,0.01218783,0.00867015,d7bc70db46c9b861d2aaa0fe4040a7b19be4faa14939df384d353558c5f7720d,643a91e0b9a1cc10067428184fff675682e61b9808c035aaa4af42bb81f063cc,d5b11d25f3b2415dc959ae176b1986eff29aab886b60ed1119de835aef19a109,ddddaf0
eviddie-20240115-19940419,20240115,19940419,rare,5shot,0,EviDDIE,PT-18257545,QWCRAEMEVRGPNT,MQTOSJVFKKJCRP,0,0,0.4991155,0.98944408,0.01245631,0.00888059,d7bc70db46c9b861d2aaa0fe4040a7b19be4faa14939df384d353558c5f7720d,643a91e0b9a1cc10067428184fff675682e61b9808c035aaa4af42bb81f063cc,d5b11d25f3b2415dc959ae176b1986eff29aab886b60ed1119de835aef19a109,ddddaf0
eviddie-20240115-19940419,20240115,19940419,rare,5shot,0,EviDDIE,PT-18257545,XFYDIVBRZNQMJC,NCEXYHBECQHGNR,0,0,0.49915627,0.99011374,0.01168916,0.00828058,d7bc70db46c9b861d2aaa0fe4040a7b19be4faa14939df384d353558c5f7720d,643a91e0b9a1cc10067428184fff675682e61b9808c035aaa4af42bb81f063cc,d5b11d25f3b2415dc959ae176b1986eff29aab886b60ed1119de835aef19a109,ddddaf0
eviddie-20240115-19940419,20240115,19940419,rare,5shot,0,EviDDIE,PT-18328537,ACWBQPMHZXGDFX,AYXYPKUFHZROOJ,1,0,0.4991228,0.98956585,0.01231703,0.00877124,d7bc70db46c9b861d2aaa0fe4040a7b19be4faa14939df384d353558c5f7720d,643a91e0b9a1cc10067428184fff675682e61b9808c035aaa4af42bb81f063cc,d5b11d25f3b2415dc959ae176b1986eff29aab886b60ed1119de835aef19a109,ddddaf0
eviddie-20240115-19940419,20240115,19940419,rare,5shot,0,EviDDIE,PT-18328537,ACWBQPMHZXGDFX,KUVIULQEHSCUHY,1,0,0.49913403,0.98975116,0.0121048,0.00860507,d7bc70db46c9b861d2aaa0fe4040a7b19be4faa14939df384d353558c5f7720d,643a91e0b9a1cc10067428184fff675682e61b9808c035aaa4af42bb81f063cc,d5b11d25f3b2415dc959ae176b1986eff29aab886b60ed1119de835aef19a109,ddddaf0
eviddie-20240115-19940419,20240115,19940419,rare,5shot,0,EviDDIE,PT-18328537,BVKZGUZCCUSVTD,KUVIULQEHSCUHY,1,0,0.4991149,0.98943543,0.01246631,0.00888828,d7bc70db46c9b861d2aaa0fe4040a7b19be4faa14939df384d353558c5f7720d,643a91e0b9a1cc10067428184fff675682e61b9808c035aaa4af42bb81f063cc,d5b11d25f3b2415dc959ae176b1986eff29aab886b60ed1119de835aef19a109,ddddaf0
eviddie-20240115-19940419,20240115,19940419,rare,5shot,0,EviDDIE,PT-18328537,GBBSUAFBMRNDJC,NBIIXXVUZAFLBC,1,0,0.49912152,0.98954403,0.01234205,0.00879093,d7bc70db46c9b861d2aaa0fe4040a7b19be4faa14939df384d353558c5f7720d,643a91e0b9a1cc10067428184fff675682e61b9808c035aaa4af42bb81f063cc,d5b11d25f3b2415dc959ae176b1986eff29aab886b60ed1119de835aef19a109,ddddaf0
eviddie-20240115-19940419,20240115,19940419,rare,5shot,0,EviDDIE,PT-18328537,JLKIGFTWXXRPMT,QAOWNCQODCNURD,1,0,0.49915987,0.9901731,0.01162144,0.00822751,d7bc70db46c9b861d2aaa0fe4040a7b19be4faa14939df384d353558c5f7720d,643a91e0b9a1cc10067428184fff675682e61b9808c035aaa4af42bb81f063cc,d5b11d25f3b2415dc959ae176b1986eff29aab886b60ed1119de835aef19a109,ddddaf0
eviddie-20240115-19940419,20240115,19940419,rare,5shot,0,EviDDIE,PT-18328537,RYMZZMVNJRMUDD,SNICXCGAKADSCV,1,0,0.49912339,0.98957562,0.01230581,0.0087625,d7bc70db46c9b861d2aaa0fe4040a7b19be4faa14939df384d353558c5f7720d,643a91e0b9a1cc10067428184fff675682e61b9808c035aaa4af42bb81f063cc,d5b11d25f3b2415dc959ae176b1986eff29aab886b60ed1119de835aef19a109,ddddaf0
eviddie-20240115-19940419,20240115,19940419,rare,5shot,0,EviDDIE,PT-18328537,VEXZGXHMUGYJMC,VWPOSFSPZNDTMJ,1,0,0.49932143,0.99264961,0.00877195,0.00603762,d7bc70db46c9b861d2aaa0fe4040a7b19be4faa14939df384d353558c5f7720d,643a91e0b9a1cc10067428184fff675682e61b9808c035aaa4af42bb81f063cc,d5b11d25f3b2415dc959ae176b1986eff29aab886b60ed1119de835aef19a109,ddddaf0
eviddie-20240115-19940419,20240115,19940419,rare,5shot,0,EviDDIE,PT-18328537,ACWBQPMHZXGDFX,TVYLLZQTGLZFBW,0,0,0.49913117,0.98970431,0.01215847,0.00864705,d7bc70db46c9b861d2aaa0fe4040a7b19be4faa14939df384d353558c5f7720d,643a91e0b9a1cc10067428184fff675682e61b9808c035aaa4af42bb81f063cc,d5b11d25f3b2415dc959ae176b1986eff29aab886b60ed1119de835aef19a109,ddddaf0
eviddie-20240115-19940419,20240115,19940419,rare,5shot,0,EviDDIE,PT-18328537,ACWBQPMHZXGDFX,RAPZEAPATHNIPO,0,0,0.49914327,0.98990297,0.01193101,0.00846915,d7bc70db46c9b861d2aaa0fe4040a7b19be4faa14939df384d353558c5f7720d,643a91e0b9a1cc10067428184fff675682e61b9808c035aaa4af42bb81f063cc,d5b11d25f3b2415dc959ae176b1986eff29aab886b60ed1119de835aef19a109,ddddaf0
eviddie-20240115-19940419,20240115,19940419,rare,5shot,0,EviDDIE,PT-18328537,BVKZGUZCCUSVTD,VEQOALNAAJBPNY,0,0,0.49913117,0.98970467,0.01215819,0.00864672,d7bc70db46c9b861d2aaa0fe4040a7b19be4faa14939df384d353558c5f7720d,643a91e0b9a1cc10067428184fff675682e61b9808c035aaa4af42bb81f063cc,d5b11d25f3b2415dc959ae176b1986eff29aab886b60ed1119de835aef19a109,ddddaf0
eviddie-20240115-19940419,20240115,19940419,rare,5shot,0,EviDDIE,PT-18328537,GBBSUAFBMRNDJC,KWGRBVOPPLSCSI,0,0,0.49913323,0.98973757,0.01212032,0.00861734,d7bc70db46c9b861d2aaa0fe4040a7b19be4faa14939df384d353558c5f7720d,643a91e0b9a1cc10067428184fff675682e61b9808c035aaa4af42bb81f063cc,d5b11d25f3b2415dc959ae176b1986eff29aab886b60ed1119de835aef19a109,ddddaf0
eviddie-20240115-19940419,20240115,19940419,rare,5shot,0,EviDDIE,PT-18328537,JLKIGFTWXXRPMT,BPZSYCZIITTYBL,0,0,0.4991481,0.98998159,0.0118408,0.00839871,d7bc70db46c9b861d2aaa0fe4040a7b19be4faa14939df384d353558c5f7720d,643a91e0b9a1cc10067428184fff675682e61b9808c035aaa4af42bb81f063cc,d5b11d25f3b2415dc959ae176b1986eff29aab886b60ed1119de835aef19a109,ddddaf0
eviddie-20240115-19940419,20240115,19940419,rare,5shot,0,EviDDIE,PT-18328537,RYMZZMVNJRMUDD,ZRVUJXDFFKFLMG,0,0,0.4991346,0.98976022,0.01209446,0.00859705,d7bc70db46c9b861d2aaa0fe4040a7b19be4faa14939df384d353558c5f7720d,643a91e0b9a1cc10067428184fff675682e61b9808c035aaa4af42bb81f063cc,d5b11d25f3b2415dc959ae176b1986eff29aab886b60ed1119de835aef19a109,ddddaf0
eviddie-20240115-19940419,20240115,19940419,rare,5shot,0,EviDDIE,PT-18328537,VEXZGXHMUGYJMC,XXSMGPRMXLTPCZ,0,0,0.49932933,0.99276394,0.00863989,0.0059377,d7bc70db46c9b861d2aaa0fe4040a7b19be4faa14939df384d353558c5f7720d,643a91e0b9a1cc10067428184fff675682e61b9808c035aaa4af42bb81f063cc,d5b11d25f3b2415dc959ae176b1986eff29aab886b60ed1119de835aef19a109,ddddaf0
eviddie-20240115-19940419,20240115,19940419,rare,5shot,0,EviDDIE,PT-18339940,DCOPUUMXTXDBNB,HTIQEAQVCYTUBX,1,0,0.49914259,0.98989153,0.01194413,0.00847941,d7bc70db46c9b861d2aaa0fe4040a7b19be4faa14939df384d353558c5f7720d,643a91e0b9a1cc10067428184fff675682e61b9808c035aaa4af42bb81f063cc,d5b11d25f3b2415dc959ae176b1986eff29aab886b60ed1119de835aef19a109,ddddaf0
eviddie-20240115-19940419,20240115,19940419,rare,5shot,0,EviDDIE,PT-18339940,DIWRORZWFLOCLC,LXNHXLLTXMVWPM,1,0,0.49913979,0.98984599,0.01199623,0.00852018,d7bc70db46c9b861d2aaa0fe4040a7b19be4faa14939df384d353558c5f7720d,643a91e0b9a1cc10067428184fff675682e61b9808c035aaa4af42bb81f063cc,d5b11d25f3b2415dc959ae176b1986eff29aab886b60ed1119de835aef19a109,ddddaf0
eviddie-20240115-19940419,20240115,19940419,rare,5shot,0,EviDDIE,PT-18339940,FELGMEQIXOGIFQ,KQKPFRSPSRPDEB,1,0,0.49915329,0.99006557,0.01174453,0.00832364,d7bc70db46c9b861d2aaa0fe4040a7b19be4faa14939df384d353558c5f7720d,643a91e0b9a1cc10067428184fff675682e61b9808c035aaa4af42bb81f063cc,d5b11d25f3b2415dc959ae176b1986eff29aab886b60ed1119de835aef19a109,ddddaf0
eviddie-20240115-19940419,20240115,19940419,rare,5shot,0,EviDDIE,PT-18339940,KJADKKWYZYXHBB,KWTSXDURSIMDCE,1,0,0.49912736,0.98964065,0.01223133,0.00870415,d7bc70db46c9b861d2aaa0fe4040a7b19be4faa14939df384d353558c5f7720d,643a91e0b9a1cc10067428184fff675682e61b9808c035aaa4af42bb81f063cc,d5b11d25f3b2415dc959ae176b1986eff29aab886b60ed1119de835aef19a109,ddddaf0
eviddie-20240115-19940419,20240115,19940419,rare,5shot,0,EviDDIE,PT-18339940,KJADKKWYZYXHBB,VYZAMTAEIAYCRO,1,0,0.49930513,0.99241298,0.00904541,0.00624467,d7bc70db46c9b861d2aaa0fe4040a7b19be4faa14939df384d353558c5f7720d,643a91e0b9a1cc10067428184fff675682e61b9808c035aaa4af42bb81f063cc,d5b11d25f3b2415dc959ae176b1986eff29aab886b60ed1119de835aef19a109,ddddaf0
eviddie-20240115-19940419,20240115,19940419,rare,5shot,0,EviDDIE,PT-18339940,KQKPFRSPSRPDEB,LXMSZDCAJNLERA,1,0,0.49913618,0.9897871,0.01206363,0.00857279,d7bc70db46c9b861d2aaa0fe4040a7b19be4faa14939df384d353558c5f7720d,643a91e0b9a1cc10067428184fff675682e61b9808c035aaa4af42bb81f063cc,d5b11d25f3b2415dc959ae176b1986eff29aab886b60ed1119de835aef19a109,ddddaf0
eviddie-20240115-19940419,20240115,19940419,rare,5shot,0,EviDDIE,PT-18339940,KQKPFRSPSRPDEB,MBWXNTAXLNYFJB,1,0,0.4991399,0.98984736,0.01199469,0.0085189,d7bc70db46c9b861d2aaa0fe4040a7b19be4faa14939df384d353558c5f7720d,643a91e0b9a1cc10067428184fff675682e61b9808c035aaa4af42bb81f063cc,d5b11d25f3b2415dc959ae176b1986eff29aab886b60ed1119de835aef19a109,ddddaf0
eviddie-20240115-19940419,20240115,19940419,rare,5shot,0,EviDDIE,PT-18339940,KQKPFRSPSRPDEB,ZZUFCTLCJUWOSV,1,0,0.49915427,0.99008197,0.01172586,0.00830904,d7bc70db46c9b861d2aaa0fe4040a7b19be4faa14939df384d353558c5f7720d,643a91e0b9a1cc10067428184fff675682e61b9808c035aaa4af42bb81f063cc,d5b11d25f3b2415dc959ae176b1986eff29aab886b60ed1119de835aef19a109,ddddaf0
eviddie-20240115-19940419,20240115,19940419,rare,5shot,0,EviDDIE,PT-18339940,DCOPUUMXTXDBNB,VEXZGXHMUGYJMC,0,0,0.49933726,0.99287874,0.00850722,0.00583733,d7bc70db46c9b861d2aaa0fe4040a7b19be4faa14939df384d353558c5f7720d,643a91e0b9a1cc10067428184fff675682e61b9808c035aaa4af42bb81f063cc,d5b11d25f3b2415dc959ae176b1986eff29aab886b60ed1119de835aef19a109,ddddaf0
eviddie-20240115-19940419,20240115,19940419,rare,5shot,0,EviDDIE,PT-18339940,DIWRORZWFLOCLC,KGFYHTZWPPHNLQ,0,0,0.49914309,0.98989958,0.01193477,0.00847215,d7bc70db46c9b861d2aaa0fe4040a7b19be4faa14939df384d353558c5f7720d,643a91e0b9a1cc10067428184fff675682e61b9808c035aaa4af42bb81f063cc,d5b11d25f3b2415dc959ae176b1986eff29aab886b60ed1119de835aef19a109,ddddaf0
eviddie-20240115-19940419,20240115,19940419,rare,5shot,0,EviDDIE,PT-18339940,FELGMEQIXOGIFQ,RZVAJINKPMORJF,0,0,0.49915004,0.99001276,0.01180502,0.00837085,d7bc70db46c9b861d2aaa0fe4040a7b19be4faa14939df384d353558c5f7720d,643a91e0b9a1cc10067428184fff675682e61b9808c035aaa4af42bb81f063cc,d5b11d25f3b2415dc959ae176b1986eff29aab886b60ed1119de835aef19a109,ddddaf0
eviddie-20240115-19940419,20240115,19940419,rare,5shot,0,EviDDIE,PT-18339940,KJADKKWYZYXHBB,MBMBGCFOFBJSGT,0,0,0.4991363,0.98978806,0.01206262,0.00857207,d7bc70db46c9b861d2aaa0fe4040a7b19be4faa14939df384d353558c5f7720d,643a91e0b9a1cc10067428184fff675682e61b9808c035aaa4af42bb81f063cc,d5b11d25f3b2415dc959ae176b1986eff29aab886b60ed1119de835aef19a109,ddddaf0
eviddie-20240115-19940419,20240115,19940419,rare,5shot,0,EviDDIE,PT-18339940,KJADKKWYZYXHBB,CEAZRRDELHUEMR,0,0,0.49911097,0.98936802,0.01254354,0.00894898,d7bc70db46c9b861d2aaa0fe4040a7b19be4faa14939df384d353558c5f7720d,643a91e0b9a1cc10067428184fff675682e61b9808c035aaa4af42bb81f063cc,d5b11d25f3b2415dc959ae176b1986eff29aab886b60ed1119de835aef19a109,ddddaf0
eviddie-20240115-19940419,20240115,19940419,rare,5shot,0,EviDDIE,PT-18339940,KQKPFRSPSRPDEB,DCOPUUMXTXDBNB,0,0,0.49915031,0.99001837,0.01179857,0.00836575,d7bc70db46c9b861d2aaa0fe4040a7b19be4faa14939df384d353558c5f7720d,643a91e0b9a1cc10067428184fff675682e61b9808c035aaa4af42bb81f063cc,d5b11d25f3b2415dc959ae176b1986eff29aab886b60ed1119de835aef19a109,ddddaf0
eviddie-20240115-19940419,20240115,19940419,rare,5shot,0,EviDDIE,PT-18339940,KQKPFRSPSRPDEB,JCQLYHFGKNRPGE,0,0,0.49912304,0.98957038,0.01231182,0.00876714,d7bc70db46c9b861d2aaa0fe4040a7b19be4faa14939df384d353558c5f7720d,643a91e0b9a1cc10067428184fff675682e61b9808c035aaa4af42bb81f063cc,d5b11d25f3b2415dc959ae176b1986eff29aab886b60ed1119de835aef19a109,ddddaf0
eviddie-20240115-19940419,20240115,19940419,rare,5shot,0,EviDDIE,PT-18339940,KQKPFRSPSRPDEB,BPZSYCZIITTYBL,0,0,0.49914289,0.98989606,0.01193879,0.00847525,d7bc70db46c9b861d2aaa0fe4040a7b19be4faa14939df384d353558c5f7720d,643a91e0b9a1cc10067428184fff675682e61b9808c035aaa4af42bb81f063cc,d5b11d25f3b2415dc959ae176b1986eff29aab886b60ed1119de835aef19a109,ddddaf0
eviddie-20240115-19940419,20240115,19940419,rare,5shot,0,EviDDIE,PT-18343320,CDAISMWEOUEBRE,HEFNNWSXXWATRW,1,0,0.49911311,0.9894051,0.01250105,0.00891559,d7bc70db46c9b861d2aaa0fe4040a7b19be4faa14939df384d353558c5f7720d,643a91e0b9a1cc10067428184fff675682e61b9808c035aaa4af42bb81f063cc,d5b11d25f3b2415dc959ae176b1986eff29aab886b60ed1119de835aef19a109,ddddaf0
eviddie-20240115-19940419,20240115,19940419,rare,5shot,0,EviDDIE,PT-18343320,CDAISMWEOUEBRE,NCEXYHBECQHGNR,1,0,0.49912694,0.98963469,0.01223821,0.00870948,d7bc70db46c9b861d2aaa0fe4040a7b19be4faa14939df384d353558c5f7720d,643a91e0b9a1cc10067428184fff675682e61b9808c035aaa4af42bb81f063cc,d5b11d25f3b2415dc959ae176b1986eff29aab886b60ed1119de835aef19a109,ddddaf0
eviddie-20240115-19940419,20240115,19940419,rare,5shot,0,EviDDIE,PT-18343320,JYGXADMDTFJGBT,UJLAWZDWDVHWOW,1,0,0.49913049,0.98969239,0.01217207,0.00865782,d7bc70db46c9b861d2aaa0fe4040a7b19be4faa14939df384d353558c5f7720d,643a91e0b9a1cc10067428184fff675682e61b9808c035aaa4af42bb81f063cc,d5b11d25f3b2415dc959ae176b1986eff29aab886b60ed1119de835aef19a109,ddddaf0
eviddie-20240115-19940419,20240115,19940419,rare,5shot,0,EviDDIE,PT-18343320,PGBHMTALBVVCIT,ZRVUJXDFFKFLMG,1,0,0.4991253,0.98960704,0.01226989,0.00873436,d7bc70db46c9b861d2aaa0fe4040a7b19be4faa14939df384d353558c5f7720d,643a91e0b9a1cc10067428184fff675682e61b9808c035aaa4af42bb81f063cc,d5b11d25f3b2415dc959ae176b1986eff29aab886b60ed1119de835aef19a109,ddddaf0
eviddie-20240115-19940419,20240115,19940419,rare,5shot,0,EviDDIE,PT-18343320,QYSPLQLAKJAUJT,TVYLLZQTGLZFBW,1,0,0.49913538,0.98977262,0.01208029,0.00858591,d7bc70db46c9b861d2aaa0fe4040a7b19be4faa14939df384d353558c5f7720d,643a91e0b9a1cc10067428184fff675682e61b9808c035aaa4af42bb81f063cc,d5b11d25f3b2415dc959ae176b1986eff29aab886b60ed1119de835aef19a109,ddddaf0
eviddie-20240115-19940419,20240115,19940419,rare,5shot,0,EviDDIE,PT-18343320,RLAWWYSOJDYHDC,UOZODPSAJZTQNH,1,0,0.49910897,0.98933548,0.01258079,0.00897822,d7bc70db46c9b861d2aaa0fe4040a7b19be4faa14939df384d353558c5f7720d,643a91e0b9a1cc10067428184fff675682e61b9808c035aaa4af42bb81f063cc,d5b11d25f3b2415dc959ae176b1986eff29aab886b60ed1119de835aef19a109,ddddaf0
eviddie-20240115-19940419,20240115,19940419,rare,5shot,0,EviDDIE,PT-18343320,RZVAJINKPMORJF,UJLAWZDWDVHWOW,1,0,0.49913886,0.98983127,0.01201303,0.00853326,d7bc70db46c9b861d2aaa0fe4040a7b19be4faa14939df384d353558c5f7720d,643a91e0b9a1cc10067428184fff675682e61b9808c035aaa4af42bb81f063cc,d5b11d25f3b2415dc959ae176b1986eff29aab886b60ed1119de835aef19a109,ddddaf0
eviddie-20240115-19940419,20240115,19940419,rare,5shot,0,EviDDIE,PT-18343320,CDAISMWEOUEBRE,QZUDBNBUXVUHMW,0,0,0.49911588,0.98945183,0.01244763,0.00887358,d7bc70db46c9b861d2aaa0fe4040a7b19be4faa14939df384d353558c5f7720d,643a91e0b9a1cc10067428184fff675682e61b9808c035aaa4af42bb81f063cc,d5b11d25f3b2415dc959ae176b1986eff29aab886b60ed1119de835aef19a109,ddddaf0
eviddie-20240115-19940419,20240115,19940419,rare,5shot,0,EviDDIE,PT-18343320,CDAISMWEOUEBRE,CEAZRRDELHUEMR,0,0,0.49909666,0.98913002,0.01281585,0.00916296,d7bc70db46c9b861d2aaa0fe4040a7b19be4faa14939df384d353558c5f7720d,643a91e0b9a1cc10067428184fff675682e61b9808c035aaa4af42bb81f063cc,d5b11d25f3b2415dc959ae176b1986eff29aab886b60ed1119de835aef19a109,ddddaf0
eviddie-20240115-19940419,20240115,19940419,rare,5shot,0,EviDDIE,PT-18343320,JYGXADMDTFJGBT,IAVUPMFITXYVAF,0,0,0.49913624,0.98978698,0.01206374,0.00857305,d7bc70db46c9b861d2aaa0fe4040a7b19be4faa14939df384d353558c5f7720d,643a91e0b9a1cc10067428184fff675682e61b9808c035aaa4af42bb81f063cc,d5b11d25f3b2415dc959ae176b1986eff29aab886b60ed1119de835aef19a109,ddddaf0
eviddie-20240115-19940419,20240115,19940419,rare,5shot,0,EviDDIE,PT-18343320,PGBHMTALBVVCIT,AGOYDEPGAOXOCK,0,0,0.49910265,0.98922938,0.0127021,0.0090736,d7bc70db46c9b861d2aaa0fe4040a7b19be4faa14939df384d353558c5f7720d,643a91e0b9a1cc10067428184fff675682e61b9808c035aaa4af42bb81f063cc,d5b11d25f3b2415dc959ae176b1986eff29aab886b60ed1119de835aef19a109,ddddaf0
eviddie-20240115-19940419,20240115,19940419,rare,5shot,0,EviDDIE,PT-18343320,QYSPLQLAKJAUJT,QAOWNCQODCNURD,0,0,0.49915415,0.99008125,0.01172661,0.00830954,d7bc70db46c9b861d2aaa0fe4040a7b19be4faa14939df384d353558c5f7720d,643a91e0b9a1cc10067428184fff675682e61b9808c035aaa4af42bb81f063cc,d5b11d25f3b2415dc959ae176b1986eff29aab886b60ed1119de835aef19a109,ddddaf0
eviddie-20240115-19940419,20240115,19940419,rare,5shot,0,EviDDIE,PT-18343320,RLAWWYSOJDYHDC,ZEUITGRIYCTCEM,0,0,0.49913684,0.98979759,0.01205158,0.00856344,d7bc70db46c9b861d2aaa0fe4040a7b19be4faa14939df384d353558c5f7720d,643a91e0b9a1cc10067428184fff675682e61b9808c035aaa4af42bb81f063cc,d5b11d25f3b2415dc959ae176b1986eff29aab886b60ed1119de835aef19a109,ddddaf0
eviddie-20240115-19940419,20240115,19940419,rare,5shot,0,EviDDIE,PT-18343320,RZVAJINKPMORJF,CURUTKGFNZGFSE,0,0,0.49912375,0.98958158,0.01229904,0.00875711,d7bc70db46c9b861d2aaa0fe4040a7b19be4faa14939df384d353558c5f7720d,643a91e0b9a1cc10067428184fff675682e61b9808c035aaa4af42bb81f063cc,d5b11d25f3b2415dc959ae176b1986eff29aab886b60ed1119de835aef19a109,ddddaf0
eviddie-20240115-19940419,20240115,19940419,rare,5shot,0,EviDDIE,PT-18358513,JZUFKLXOESDKRF,YWXYYJSYQOXTPL,1,0,0.49913013,0.98968714,0.0121781,0.00866242,d7bc70db46c9b861d2aaa0fe4040a7b19be4faa14939df384d353558c5f7720d,643a91e0b9a1cc10067428184fff675682e61b9808c035aaa4af42bb81f063cc,d5b11d25f3b2415dc959ae176b1986eff29aab886b60ed1119de835aef19a109,ddddaf0
eviddie-20240115-19940419,20240115,19940419,rare,5shot,0,EviDDIE,PT-18358513,KLDXJTOLSGUMSJ,OEYIOHPDSNJKLS,1,0,0.49909616,0.98912036,0.0128269,0.00917178,d7bc70db46c9b861d2aaa0fe4040a7b19be4faa14939df384d353558c5f7720d,643a91e0b9a1cc10067428184fff675682e61b9808c035aaa4af42bb81f063cc,d5b11d25f3b2415dc959ae176b1986eff29aab886b60ed1119de835aef19a109,ddddaf0
eviddie-20240115-19940419,20240115,19940419,rare,5shot,0,EviDDIE,PT-18358513,NDAUXUAQIAJITI,YWXYYJSYQOXTPL,1,0,0.49911264,0.98939729,0.01251006,0.00892261,d7bc70db46c9b861d2aaa0fe4040a7b19be4faa14939df384d353558c5f7720d,643a91e0b9a1cc10067428184fff675682e61b9808c035aaa4af42bb81f063cc,d5b11d25f3b2415dc959ae176b1986eff29aab886b60ed1119de835aef19a109,ddddaf0
eviddie-20240115-19940419,20240115,19940419,rare,5shot,0,EviDDIE,PT-18358513,PHIQHXFUZVPYII,YWXYYJSYQOXTPL,1,0,0.49910101,0.98920327,0.01273198,0.00909694,d7bc70db46c9b861d2aaa0fe4040a7b19be4faa14939df384d353558c5f7720d,643a91e0b9a1cc10067428184fff675682e61b9808c035aaa4af42bb81f063cc,d5b11d25f3b2415dc959ae176b1986eff29aab886b60ed1119de835aef19a109,ddddaf0
eviddie-20240115-19940419,20240115,19940419,rare,5shot,0,EviDDIE,PT-18358513,VOVIALXJUBGFJZ,XZWYZXLIPXDOLR,1,0,0.49911913,0.98950458,0.01238715,0.00882635,d7bc70db46c9b861d2aaa0fe4040a7b19be4faa14939df384d353558c5f7720d,643a91e0b9a1cc10067428184fff675682e61b9808c035aaa4af42bb81f063cc,d5b11d25f3b2415dc959ae176b1986eff29aab886b60ed1119de835aef19a109,ddddaf0
eviddie-20240115-19940419,20240115,19940419,rare,5shot,0,EviDDIE,PT-18358513,YOZNUFWCRFCGIH,YWXYYJSYQOXTPL,1,0,0.49911764,0.98947936,0.01241615,0.00884905,d7bc70db46c9b861d2aaa0fe4040a7b19be4faa14939df384d353558c5f7720d,643a91e0b9a1cc10067428184fff675682e61b9808c035aaa4af42bb81f063cc,d5b11d25f3b2415dc959ae176b1986eff29aab886b60ed1119de835aef19a109,ddddaf0
eviddie-20240115-19940419,20240115,19940419,rare,5shot,0,EviDDIE,PT-18358513,JZUFKLXOESDKRF,AGOYDEPGAOXOCK,0,0,0.49913216,0.989721,0.01213939,0.00863212,d7bc70db46c9b861d2aaa0fe4040a7b19be4faa14939df384d353558c5f7720d,643a91e0b9a1cc10067428184fff675682e61b9808c035aaa4af42bb81f063cc,d5b11d25f3b2415dc959ae176b1986eff29aab886b60ed1119de835aef19a109,ddddaf0
eviddie-20240115-19940419,20240115,19940419,rare,5shot,0,EviDDIE,PT-18358513,KLDXJTOLSGUMSJ,RLAWWYSOJDYHDC,0,0,0.49911484,0.98943359,0.01246834,0.00889002,d7bc70db46c9b861d2aaa0fe4040a7b19be4faa14939df384d353558c5f7720d,643a91e0b9a1cc10067428184fff675682e61b9808c035aaa4af42bb81f063cc,d5b11d25f3b2415dc959ae176b1986eff29aab886b60ed1119de835aef19a109,ddddaf0
eviddie-20240115-19940419,20240115,19940419,rare,5shot,0,EviDDIE,PT-18358513,NDAUXUAQIAJITI,KJADKKWYZYXHBB,0,0,0.4991188,0.98949975,0.0123927,0.0088305,d7bc70db46c9b861d2aaa0fe4040a7b19be4faa14939df384d353558c5f7720d,643a91e0b9a1cc10067428184fff675682e61b9808c035aaa4af42bb81f063cc,d5b11d25f3b2415dc959ae176b1986eff29aab886b60ed1119de835aef19a109,ddddaf0
eviddie-20240115-19940419,20240115,19940419,rare,5shot,0,EviDDIE,PT-18358513,PHIQHXFUZVPYII,RDOIQAHITMMDAJ,0,0,0.49912158,0.98954636,0.01233941,0.00878869,d7bc70db46c9b861d2aaa0fe4040a7b19be4faa14939df384d353558c5f7720d,643a91e0b9a1cc10067428184fff675682e61b9808c035aaa4af42bb81f063cc,d5b11d25f3b2415dc959ae176b1986eff29aab886b60ed1119de835aef19a109,ddddaf0
eviddie-20240115-19940419,20240115,19940419,rare,5shot,0,EviDDIE,PT-18358513,VOVIALXJUBGFJZ,LXMSZDCAJNLERA,0,0,0.49912125,0.98953944,0.01234723,0.00879504,d7bc70db46c9b861d2aaa0fe4040a7b19be4faa14939df384d353558c5f7720d,643a91e0b9a1cc10067428184fff675682e61b9808c035aaa4af42bb81f063cc,d5b11d25f3b2415dc959ae176b1986eff29aab886b60ed1119de835aef19a109,ddddaf0
eviddie-20240115-19940419,20240115,19940419,rare,5shot,0,EviDDIE,PT-18358513,YOZNUFWCRFCGIH,FFGPTBGBLSHEPO,0,0,0.49914095,0.98986512,0.01197418,0.00850296,d7bc70db46c9b861d2aaa0fe4040a7b19be4faa14939df384d353558c5f7720d,643a91e0b9a1cc10067428184fff675682e61b9808c035aaa4af42bb81f063cc,d5b11d25f3b2415dc959ae176b1986eff29aab886b60ed1119de835aef19a109,ddddaf0
eviddie-20240115-19940419,20240115,19940419,rare,5shot,0,EviDDIE,PT-18498415,BRUQQQPBMZOVGD,QYSXJUFSXHHAJI,1,0,0.49912125,0.98953956,0.01234717,0.00879496,d7bc70db46c9b861d2aaa0fe4040a7b19be4faa14939df384d353558c5f7720d,643a91e0b9a1cc10067428184fff675682e61b9808c035aaa4af42bb81f063cc,d5b11d25f3b2415dc959ae176b1986eff29aab886b60ed1119de835aef19a109,ddddaf0
eviddie-20240115-19940419,20240115,19940419,rare,5shot,0,EviDDIE,PT-18498415,BSYNRYMUTXBXSQ,TTWJBBZEZQICBI,1,0,0.49913454,0.98975933,0.01209556,0.00859782,d7bc70db46c9b861d2aaa0fe4040a7b19be4faa14939df384d353558c5f7720d,643a91e0b9a1cc10067428184fff675682e61b9808c035aaa4af42bb81f063cc,d5b11d25f3b2415dc959ae176b1986eff29aab886b60ed1119de835aef19a109,ddddaf0
eviddie-20240115-19940419,20240115,19940419,rare,5shot,0,EviDDIE,PT-18498415,CEAZRRDELHUEMR,SHGAZHPCJJPHSC,1,0,0.49912146,0.98954391,0.01234219,0.008791,d7bc70db46c9b861d2aaa0fe4040a7b19be4faa14939df384d353558c5f7720d,643a91e0b9a1cc10067428184fff675682e61b9808c035aaa4af42bb81f063cc,d5b11d25f3b2415dc959ae176b1986eff29aab886b60ed1119de835aef19a109,ddddaf0
eviddie-20240115-19940419,20240115,19940419,rare,5shot,0,EviDDIE,PT-18498415,QWCRAEMEVRGPNT,SHGAZHPCJJPHSC,1,0,0.49913183,0.98971468,0.01214653,0.0086378,d7bc70db46c9b861d2aaa0fe4040a7b19be4faa14939df384d353558c5f7720d,643a91e0b9a1cc10067428184fff675682e61b9808c035aaa4af42bb81f063cc,d5b11d25f3b2415dc959ae176b1986eff29aab886b60ed1119de835aef19a109,ddddaf0
eviddie-20240115-19940419,20240115,19940419,rare,5shot,0,EviDDIE,PT-18498415,RLAWWYSOJDYHDC,SHGAZHPCJJPHSC,1,0,0.49912977,0.98968154,0.01218456,0.00866746,d7bc70db46c9b861d2aaa0fe4040a7b19be4faa14939df384d353558c5f7720d,643a91e0b9a1cc10067428184fff675682e61b9808c035aaa4af42bb81f063cc,d5b11d25f3b2415dc959ae176b1986eff29aab886b60ed1119de835aef19a109,ddddaf0
eviddie-20240115-19940419,20240115,19940419,rare,5shot,0,EviDDIE,PT-18498415,RLAWWYSOJDYHDC,XEEYBQQBJWHFJM,1,0,0.49930313,0.99238366,0.00907918,0.00627041,d7bc70db46c9b861d2aaa0fe4040a7b19be4faa14939df384d353558c5f7720d,643a91e0b9a1cc10067428184fff675682e61b9808c035aaa4af42bb81f063cc,d5b11d25f3b2415dc959ae176b1986eff29aab886b60ed1119de835aef19a109,ddddaf0
eviddie-20240115-19940419,20240115,19940419,rare,5shot,0,EviDDIE,PT-18498415,BRUQQQPBMZOVGD,QRXWMOHMRWLFEY,0,0,0.4991385,0.98982412,0.01202115,0.00853976,d7bc70db46c9b861d2aaa0fe4040a7b19be4faa14939df384d353558c5f7720d,643a91e0b9a1cc10067428184fff675682e61b9808c035aaa4af42bb81f063cc,d5b11d25f3b2415dc959ae176b1986eff29aab886b60ed1119de835aef19a109,ddddaf0
eviddie-20240115-19940419,20240115,19940419,rare,5shot,0,EviDDIE,PT-18498415,BSYNRYMUTXBXSQ,ZZVUWRFHKOJYTH,0,0,0.49914154,0.98987424,0.0119639,0.00849489,d7bc70db46c9b861d2aaa0fe4040a7b19be4faa14939df384d353558c5f7720d,643a91e0b9a1cc10067428184fff675682e61b9808c035aaa4af42bb81f063cc,d5b11d25f3b2415dc959ae176b1986eff29aab886b60ed1119de835aef19a109,ddddaf0
eviddie-20240115-19940419,20240115,19940419,rare,5shot,0,EviDDIE,PT-18498415,CEAZRRDELHUEMR,IAVUPMFITXYVAF,0,0,0.49912873,0.98966354,0.0122052,0.00868366,d7bc70db46c9b861d2aaa0fe4040a7b19be4faa14939df384d353558c5f7720d,643a91e0b9a1cc10067428184fff675682e61b9808c035aaa4af42bb81f063cc,d5b11d25f3b2415dc959ae176b1986eff29aab886b60ed1119de835aef19a109,ddddaf0
eviddie-20240115-19940419,20240115,19940419,rare,5shot,0,EviDDIE,PT-18498415,QWCRAEMEVRGPNT,WIKYUJGCLQQFNW,0,0,0.49913129,0.98970538,0.01215724,0.00864619,d7bc70db46c9b861d2aaa0fe4040a7b19be4faa14939df384d353558c5f7720d,643a91e0b9a1cc10067428184fff675682e61b9808c035aaa4af42bb81f063cc,d5b11d25f3b2415dc959ae176b1986eff29aab886b60ed1119de835aef19a109,ddddaf0
eviddie-20240115-19940419,20240115,19940419,rare,5shot,0,EviDDIE,PT-18498415,RLAWWYSOJDYHDC,JUKPWJGBANNWMW,0,0,0.49912176,0.98954821,0.01233728,0.00878712,d7bc70db46c9b861d2aaa0fe4040a7b19be4faa14939df384d353558c5f7720d,643a91e0b9a1cc10067428184fff675682e61b9808c035aaa4af42bb81f063cc,d5b11d25f3b2415dc959ae176b1986eff29aab886b60ed1119de835aef19a109,ddddaf0
eviddie-20240115-19940419,20240115,19940419,rare,5shot,0,EviDDIE,PT-18498415,RLAWWYSOJDYHDC,FELGMEQIXOGIFQ,0,0,0.49913827,0.98982131,0.01202448,0.0085422,d7bc70db46c9b861d2aaa0fe4040a7b19be4faa14939df384d353558c5f7720d,643a91e0b9a1cc10067428184fff675682e61b9808c035aaa4af42bb81f063cc,d5b11d25f3b2415dc959ae176b1986eff29aab886b60ed1119de835aef19a109,ddddaf0
eviddie-20240115-19940419,20240115,19940419,rare,5shot,0,EviDDIE,PT-18886153,AAOVKJBEBIDNHE,XFYDIVBRZNQMJC,1,0,0.49915317,0.99006373,0.01174673,0.00832536,d7bc70db46c9b861d2aaa0fe4040a7b19be4faa14939df384d353558c5f7720d,643a91e0b9a1cc10067428184fff675682e61b9808c035aaa4af42bb81f063cc,d5b11d25f3b2415dc959ae176b1986eff29aab886b60ed1119de835aef19a109,ddddaf0
eviddie-20240115-19940419,20240115,19940419,rare,5shot,0,EviDDIE,PT-18886153,AAOVKJBEBIDNHE,ZQDWXGKKHFNSQK,1,0,0.49914321,0.98990113,0.0119331,0.00847087,d7bc70db46c9b861d2aaa0fe4040a7b19be4faa14939df384d353558c5f7720d,643a91e0b9a1cc10067428184fff675682e61b9808c035aaa4af42bb81f063cc,d5b11d25f3b2415dc959ae176b1986eff29aab886b60ed1119de835aef19a109,ddddaf0
eviddie-20240115-19940419,20240115,19940419,rare,5shot,0,EviDDIE,PT-18886153,AQHHHDLHHXJYJD,SNIOPGDIGTZGOP,1,0,0.49913478,0.98976338,0.01209086,0.00859412,d7bc70db46c9b861d2aaa0fe4040a7b19be4faa14939df384d353558c5f7720d,643a91e0b9a1cc10067428184fff675682e61b9808c035aaa4af42bb81f063cc,d5b11d25f3b2415dc959ae176b1986eff29aab886b60ed1119de835aef19a109,ddddaf0
eviddie-20240115-19940419,20240115,19940419,rare,5shot,0,EviDDIE,PT-18886153,AUYYCJSJGJYCDS,RGHNJXZEOKUKBD,1,0,0.49912021,0.9895224,0.01236673,0.00881024,d7bc70db46c9b861d2aaa0fe4040a7b19be4faa14939df384d353558c5f7720d,643a91e0b9a1cc10067428184fff675682e61b9808c035aaa4af42bb81f063cc,d5b11d25f3b2415dc959ae176b1986eff29aab886b60ed1119de835aef19a109,ddddaf0
eviddie-20240115-19940419,20240115,19940419,rare,5shot,0,EviDDIE,PT-18886153,CURUTKGFNZGFSE,ZEUITGRIYCTCEM,1,0,0.49913073,0.98969692,0.01216681,0.00865364,d7bc70db46c9b861d2aaa0fe4040a7b19be4faa14939df384d353558c5f7720d,643a91e0b9a1cc10067428184fff675682e61b9808c035aaa4af42bb81f063cc,d5b11d25f3b2415dc959ae176b1986eff29aab886b60ed1119de835aef19a109,ddddaf0
eviddie-20240115-19940419,20240115,19940419,rare,5shot,0,EviDDIE,PT-18886153,DLNKOYKMWOXYQA,NNJVILVZKWQKPM,1,0,0.49913099,0.98970222,0.01216096,0.00864891,d7bc70db46c9b861d2aaa0fe4040a7b19be4faa14939df384d353558c5f7720d,643a91e0b9a1cc10067428184fff675682e61b9808c035aaa4af42bb81f063cc,d5b11d25f3b2415dc959ae176b1986eff29aab886b60ed1119de835aef19a109,ddddaf0
eviddie-20240115-19940419,20240115,19940419,rare,5shot,0,EviDDIE,PT-18886153,MNDBXUUTURYVHR,XFYDIVBRZNQMJC,1,0,0.49914363,0.98990881,0.01192422,0.00846385,d7bc70db46c9b861d2aaa0fe4040a7b19be4faa14939df384d353558c5f7720d,643a91e0b9a1cc10067428184fff675682e61b9808c035aaa4af42bb81f063cc,d5b11d25f3b2415dc959ae176b1986eff29aab886b60ed1119de835aef19a109,ddddaf0
eviddie-20240115-19940419,20240115,19940419,rare,5shot,0,EviDDIE,PT-18886153,URKOMYMAXPYINW,ZZUFCTLCJUWOSV,1,0,0.4991484,0.98998547,0.01183637,0.00839538,d7bc70db46c9b861d2aaa0fe4040a7b19be4faa14939df384d353558c5f7720d,643a91e0b9a1cc10067428184fff675682e61b9808c035aaa4af42bb81f063cc,d5b11d25f3b2415dc959ae176b1986eff29aab886b60ed1119de835aef19a109,ddddaf0
eviddie-20240115-19940419,20240115,19940419,rare,5shot,0,EviDDIE,PT-18886153,XUFQPHANEAPEMJ,ZQDWXGKKHFNSQK,1,0,0.4991374,0.98980671,0.01204118,0.00855529,d7bc70db46c9b861d2aaa0fe4040a7b19be4faa14939df384d353558c5f7720d,643a91e0b9a1cc10067428184fff675682e61b9808c035aaa4af42bb81f063cc,d5b11d25f3b2415dc959ae176b1986eff29aab886b60ed1119de835aef19a109,ddddaf0
eviddie-20240115-19940419,20240115,19940419,rare,5shot,0,EviDDIE,PT-18886153,AAOVKJBEBIDNHE,LSQZJLSUYDQPKJ,0,0,0.4991388,0.98982936,0.0120152,0.00853506,d7bc70db46c9b861d2aaa0fe4040a7b19be4faa14939df384d353558c5f7720d,643a91e0b9a1cc10067428184fff675682e61b9808c035aaa4af42bb81f063cc,d5b11d25f3b2415dc959ae176b1986eff29aab886b60ed1119de835aef19a109,ddddaf0
eviddie-20240115-19940419,20240115,19940419,rare,5shot,0,EviDDIE,PT-18886153,AAOVKJBEBIDNHE,AAOVKJBEBIDNHE,0,0,0.49915153,0.99003744,0.0117768,0.00834885,d7bc70db46c9b861d2aaa0fe4040a7b19be4faa14939df384d353558c5f7720d,643a91e0b9a1cc10067428184fff675682e61b9808c035aaa4af42bb81f063cc,d5b11d25f3b2415dc959ae176b1986eff29aab886b60ed1119de835aef19a109,ddddaf0
eviddie-20240115-19940419,20240115,19940419,rare,5shot,0,EviDDIE,PT-18886153,AQHHHDLHHXJYJD,CMWTZPSULFXXJA,0,0,0.49914387,0.98991281,0.01191965,0.00846031,d7bc70db46c9b861d2aaa0fe4040a7b19be4faa14939df384d353558c5f7720d,643a91e0b9a1cc10067428184fff675682e61b9808c035aaa4af42bb81f063cc,d5b11d25f3b2415dc959ae176b1986eff29aab886b60ed1119de835aef19a109,ddddaf0
eviddie-20240115-19940419,20240115,19940419,rare,5shot,0,EviDDIE,PT-18886153,AUYYCJSJGJYCDS,BFPYWIDHMRZLRN,0,0,0.49912733,0.98964161,0.01223029,0.00870325,d7bc70db46c9b861d2aaa0fe4040a7b19be4faa14939df384d353558c5f7720d,643a91e0b9a1cc10067428184fff675682e61b9808c035aaa4af42bb81f063cc,d5b11d25f3b2415dc959ae176b1986eff29aab886b60ed1119de835aef19a109,ddddaf0
eviddie-20240115-19940419,20240115,19940419,rare,5shot,0,EviDDIE,PT-18886153,CURUTKGFNZGFSE,RMRCNWBMXRMIRW,0,0,0.49912304,0.98956949,0.01231295,0.00876811,d7bc70db46c9b861d2aaa0fe4040a7b19be4faa14939df384d353558c5f7720d,643a91e0b9a1cc10067428184fff675682e61b9808c035aaa4af42bb81f063cc,d5b11d25f3b2415dc959ae176b1986eff29aab886b60ed1119de835aef19a109,ddddaf0
eviddie-20240115-19940419,20240115,19940419,rare,5shot,0,EviDDIE,PT-18886153,DLNKOYKMWOXYQA,FABPRXSRWADJSP,0,0,0.49913085,0.98969895,0.01216468,0.00865182,d7bc70db46c9b861d2aaa0fe4040a7b19be4faa14939df384d353558c5f7720d,643a91e0b9a1cc10067428184fff675682e61b9808c035aaa4af42bb81f063cc,d5b11d25f3b2415dc959ae176b1986eff29aab886b60ed1119de835aef19a109,ddddaf0
eviddie-20240115-19940419,20240115,19940419,rare,5shot,0,EviDDIE,PT-18886153,MNDBXUUTURYVHR,CURUTKGFNZGFSE,0,0,0.49912053,0.98952836,0.01236005,0.00880493,d7bc70db46c9b861d2aaa0fe4040a7b19be4faa14939df384d353558c5f7720d,643a91e0b9a1cc10067428184fff675682e61b9808c035aaa4af42bb81f063cc,d5b11d25f3b2415dc959ae176b1986eff29aab886b60ed1119de835aef19a109,ddddaf0
eviddie-20240115-19940419,20240115,19940419,rare,5shot,0,EviDDIE,PT-18886153,URKOMYMAXPYINW,KWGRBVOPPLSCSI,0,0,0.49913332,0.98973936,0.0121183,0.00861574,d7bc70db46c9b861d2aaa0fe4040a7b19be4faa14939df384d353558c5f7720d,643a91e0b9a1cc10067428184fff675682e61b9808c035aaa4af42bb81f063cc,d5b11d25f3b2415dc959ae176b1986eff29aab886b60ed1119de835aef19a109,ddddaf0
eviddie-20240115-19940419,20240115,19940419,rare,5shot,0,EviDDIE,PT-18886153,XUFQPHANEAPEMJ,ZZUFCTLCJUWOSV,0,0,0.49914882,0.98999244,0.01182842,0.00838909,d7bc70db46c9b861d2aaa0fe4040a7b19be4faa14939df384d353558c5f7720d,643a91e0b9a1cc10067428184fff675682e61b9808c035aaa4af42bb81f063cc,d5b11d25f3b2415dc959ae176b1986eff29aab886b60ed1119de835aef19a109,ddddaf0
eviddie-20240520-19940419,20240520,19940419,rare,5shot,0,EviDDIE,PT-11090837,BOVGTQGAOIONJV,OIGNJSKKLXVSLS,1,1,0.50348431,0.85882109,0.15627275,0.17250092,cef85baa2df0893bc2964a3d3f36b9277e37b3c2f393a1c5de9d6dd48b09782c,643a91e0b9a1cc10067428184fff675682e61b9808c035aaa4af42bb81f063cc,d5b11d25f3b2415dc959ae176b1986eff29aab886b60ed1119de835aef19a109,ddddaf0
eviddie-20240520-19940419,20240520,19940419,rare,5shot,0,EviDDIE,PT-11090837,BVKZGUZCCUSVTD,CDAISMWEOUEBRE,1,1,0.50347769,0.85955316,0.1553033,0.17148705,cef85baa2df0893bc2964a3d3f36b9277e37b3c2f393a1c5de9d6dd48b09782c,643a91e0b9a1cc10067428184fff675682e61b9808c035aaa4af42bb81f063cc,d5b11d25f3b2415dc959ae176b1986eff29aab886b60ed1119de835aef19a109,ddddaf0
eviddie-20240520-19940419,20240520,19940419,rare,5shot,0,EviDDIE,PT-11090837,GBBSUAFBMRNDJC,MBMBGCFOFBJSGT,1,1,0.50347769,0.859501,0.15537345,0.17155814,cef85baa2df0893bc2964a3d3f36b9277e37b3c2f393a1c5de9d6dd48b09782c,643a91e0b9a1cc10067428184fff675682e61b9808c035aaa4af42bb81f063cc,d5b11d25f3b2415dc959ae176b1986eff29aab886b60ed1119de835aef19a109,ddddaf0
eviddie-20240520-19940419,20240520,19940419,rare,5shot,0,EviDDIE,PT-11090837,GBBSUAFBMRNDJC,WOFMFGQZHJDGCX,1,1,0.50348192,0.85904688,0.15597449,0.17218727,cef85baa2df0893bc2964a3d3f36b9277e37b3c2f393a1c5de9d6dd48b09782c,643a91e0b9a1cc10067428184fff675682e61b9808c035aaa4af42bb81f063cc,d5b11d25f3b2415dc959ae176b1986eff29aab886b60ed1119de835aef19a109,ddddaf0
eviddie-20240520-19940419,20240520,19940419,rare,5shot,0,EviDDIE,PT-11090837,HPNSFSBZBAHARI,OIGNJSKKLXVSLS,1,1,0.50347984,0.85925347,0.15570113,0.17190062,cef85baa2df0893bc2964a3d3f36b9277e37b3c2f393a1c5de9d6dd48b09782c,643a91e0b9a1cc10067428184fff675682e61b9808c035aaa4af42bb81f063cc,d5b11d25f3b2415dc959ae176b1986eff29aab886b60ed1119de835aef19a109,ddddaf0
eviddie-20240520-19940419,20240520,19940419,rare,5shot,0,EviDDIE,PT-11090837,HPNSFSBZBAHARI,SEEPANYCNGTZFQ,1,1,0.50348592,0.85870451,0.156426,0.17266396,cef85baa2df0893bc2964a3d3f36b9277e37b3c2f393a1c5de9d6dd48b09782c,643a91e0b9a1cc10067428184fff675682e61b9808c035aaa4af42bb81f063cc,d5b11d25f3b2415dc959ae176b1986eff29aab886b60ed1119de835aef19a109,ddddaf0
eviddie-20240520-19940419,20240520,19940419,rare,5shot,0,EviDDIE,PT-11090837,IEDVJHCEMCRBQM,RMRCNWBMXRMIRW,1,1,0.50347334,0.85973889,0.15506387,0.17122392,cef85baa2df0893bc2964a3d3f36b9277e37b3c2f393a1c5de9d6dd48b09782c,643a91e0b9a1cc10067428184fff675682e61b9808c035aaa4af42bb81f063cc,d5b11d25f3b2415dc959ae176b1986eff29aab886b60ed1119de835aef19a109,ddddaf0
eviddie-20240520-19940419,20240520,19940419,rare,5shot,0,EviDDIE,PT-11090837,JCCNYMKQOSZNPW,SEEPANYCNGTZFQ,1,1,0.50349128,0.85828167,0.15698311,0.17325428,cef85baa2df0893bc2964a3d3f36b9277e37b3c2f393a1c5de9d6dd48b09782c,643a91e0b9a1cc10067428184fff675682e61b9808c035aaa4af42bb81f063cc,d5b11d25f3b2415dc959ae176b1986eff29aab886b60ed1119de835aef19a109,ddddaf0
eviddie-20240520-19940419,20240520,19940419,rare,5shot,0,EviDDIE,PT-11090837,OIGNJSKKLXVSLS,RTGDFNSFWBGLEC,1,1,0.50348967,0.85835385,0.15688981,0.17315172,cef85baa2df0893bc2964a3d3f36b9277e37b3c2f393a1c5de9d6dd48b09782c,643a91e0b9a1cc10067428184fff675682e61b9808c035aaa4af42bb81f063cc,d5b11d25f3b2415dc959ae176b1986eff29aab886b60ed1119de835aef19a109,ddddaf0
eviddie-20240520-19940419,20240520,19940419,rare,5shot,0,EviDDIE,PT-11090837,PJVWKTKQMONHTI,RTGDFNSFWBGLEC,1,1,0.50347561,0.85966909,0.15515237,0.17132427,cef85baa2df0893bc2964a3d3f36b9277e37b3c2f393a1c5de9d6dd48b09782c,643a91e0b9a1cc10067428184fff675682e61b9808c035aaa4af42bb81f063cc,d5b11d25f3b2415dc959ae176b1986eff29aab886b60ed1119de835aef19a109,ddddaf0
eviddie-20240520-19940419,20240520,19940419,rare,5shot,0,EviDDIE,PT-11090837,SNPLKNRPJHDVJA,WOFMFGQZHJDGCX,1,1,0.50348085,0.85917777,0.15580054,0.17200623,cef85baa2df0893bc2964a3d3f36b9277e37b3c2f393a1c5de9d6dd48b09782c,643a91e0b9a1cc10067428184fff675682e61b9808c035aaa4af42bb81f063cc,d5b11d25f3b2415dc959ae176b1986eff29aab886b60ed1119de835aef19a109,ddddaf0
eviddie-20240520-19940419,20240520,19940419,rare,5shot,0,EviDDIE,PT-11090837,BOVGTQGAOIONJV,VOVIALXJUBGFJZ,0,1,0.50348359,0.85886621,0.15621346,0.17243779,cef85baa2df0893bc2964a3d3f36b9277e37b3c2f393a1c5de9d6dd48b09782c,643a91e0b9a1cc10067428184fff675682e61b9808c035aaa4af42bb81f063cc,d5b11d25f3b2415dc959ae176b1986eff29aab886b60ed1119de835aef19a109,ddddaf0
eviddie-20240520-19940419,20240520,19940419,rare,5shot,0,EviDDIE,PT-11090837,BVKZGUZCCUSVTD,XPCFTKFZXHTYIP,0,1,0.50346643,0.8603943,0.15420008,0.17031544,cef85baa2df0893bc2964a3d3f36b9277e37b3c2f393a1c5de9d6dd48b09782c,643a91e0b9a1cc10067428184fff675682e61b9808c035aaa4af42bb81f063cc,d5b11d25f3b2415dc959ae176b1986eff29aab886b60ed1119de835aef19a109,ddddaf0
eviddie-20240520-19940419,20240520,19940419,rare,5shot,0,EviDDIE,PT-11090837,GBBSUAFBMRNDJC,JCQLYHFGKNRPGE,0,1,0.50348479,0.85885417,0.15622711,0.17245694,cef85baa2df0893bc2964a3d3f36b9277e37b3c2f393a1c5de9d6dd48b09782c,643a91e0b9a1cc10067428184fff675682e61b9808c035aaa4af42bb81f063cc,d5b11d25f3b2415dc959ae176b1986eff29aab886b60ed1119de835aef19a109,ddddaf0
eviddie-20240520-19940419,20240520,19940419,rare,5shot,0,EviDDIE,PT-11090837,GBBSUAFBMRNDJC,QWCRAEMEVRGPNT,0,1,0.50348461,0.858845,0.15623991,0.17246898,cef85baa2df0893bc2964a3d3f36b9277e37b3c2f393a1c5de9d6dd48b09782c,643a91e0b9a1cc10067428184fff675682e61b9808c035aaa4af42bb81f063cc,d5b11d25f3b2415dc959ae176b1986eff29aab886b60ed1119de835aef19a109,ddddaf0
eviddie-20240520-19940419,20240520,19940419,rare,5shot,0,EviDDIE,PT-11090837,HPNSFSBZBAHARI,MAEIEVLCKWDQJH,0,1,0.50348306,0.85897648,0.15606657,0.17228605,cef85baa2df0893bc2964a3d3f36b9277e37b3c2f393a1c5de9d6dd48b09782c,643a91e0b9a1cc10067428184fff675682e61b9808c035aaa4af42bb81f063cc,d5b11d25f3b2415dc959ae176b1986eff29aab886b60ed1119de835aef19a109,ddddaf0
eviddie-20240520-19940419,20240520,19940419,rare,5shot,0,EviDDIE,PT-11090837,HPNSFSBZBAHARI,WIKYUJGCLQQFNW,0,1,0.50348109,0.85914063,0.15585023,0.17205735,cef85baa2df0893bc2964a3d3f36b9277e37b3c2f393a1c5de9d6dd48b09782c,643a91e0b9a1cc10067428184fff675682e61b9808c035aaa4af42bb81f063cc,d5b11d25f3b2415dc959ae176b1986eff29aab886b60ed1119de835aef19a109,ddddaf0
eviddie-20240520-19940419,20240520,19940419,rare,5shot,0,EviDDIE,PT-11090837,IEDVJHCEMCRBQM,FFGPTBGBLSHEPO,0,1,0.50348008,0.85931998,0.15561111,0.17181052,cef85baa2df0893bc2964a3d3f36b9277e37b3c2f393a1c5de9d6dd48b09782c,643a91e0b9a1cc10067428184fff675682e61b9808c035aaa4af42bb81f063cc,d5b11d25f3b2415dc959ae176b1986eff29aab886b60ed1119de835aef19a109,ddddaf0
eviddie-20240520-19940419,20240520,19940419,rare,5shot,0,EviDDIE,PT-11090837,JCCNYMKQOSZNPW,ASUTZQLVASHGKV,0,1,0.50348574,0.85878646,0.15631609,0.17255166,cef85baa2df0893bc2964a3d3f36b9277e37b3c2f393a1c5de9d6dd48b09782c,643a91e0b9a1cc10067428184fff675682e61b9808c035aaa4af42bb81f063cc,d5b11d25f3b2415dc959ae176b1986eff29aab886b60ed1119de835aef19a109,ddddaf0
eviddie-20240520-19940419,20240520,19940419,rare,5shot,0,EviDDIE,PT-11090837,OIGNJSKKLXVSLS,BFPYWIDHMRZLRN,0,1,0.50349212,0.85815048,0.15715799,0.1734354,cef85baa2df0893bc2964a3d3f36b9277e37b3c2f393a1c5de9d6dd48b09782c,643a91e0b9a1cc10067428184fff675682e61b9808c035aaa4af42bb81f063cc,d5b11d25f3b2415dc959ae176b1986eff29aab886b60ed1119de835aef19a109,ddddaf0
eviddie-20240520-19940419,20240520,19940419,rare,5shot,0,EviDDIE,PT-11090837,PJVWKTKQMONHTI,ZKLPARSLTMPFCP,0,1,0.50347728,0.85952991,0.15533566,0.17151776,cef85baa2df0893bc2964a3d3f36b9277e37b3c2f393a1c5de9d6dd48b09782c,643a91e0b9a1cc10067428184fff675682e61b9808c035aaa4af42bb81f063cc,d5b11d25f3b2415dc959ae176b1986eff29aab886b60ed1119de835aef19a109,ddddaf0
eviddie-20240520-19940419,20240520,19940419,rare,5shot,0,EviDDIE,PT-11090837,SNPLKNRPJHDVJA,KVWDHTXUZHCGIO,0,1,0.50348234,0.85906851,0.15594421,0.17215876,cef85baa2df0893bc2964a3d3f36b9277e37b3c2f393a1c5de9d6dd48b09782c,643a91e0b9a1cc10067428184fff675682e61b9808c035aaa4af42bb81f063cc,d5b11d25f3b2415dc959ae176b1986eff29aab886b60ed1119de835aef19a109,ddddaf0
eviddie-20240520-19940419,20240520,19940419,rare,5shot,0,EviDDIE,PT-16020885,ASUTZQLVASHGKV,HSUGRBWQSSZJOP,1,1,0.50348753,0.85856819,0.15660599,0.17285383,cef85baa2df0893bc2964a3d3f36b9277e37b3c2f393a1c5de9d6dd48b09782c,643a91e0b9a1cc10067428184fff675682e61b9808c035aaa4af42bb81f063cc,d5b11d25f3b2415dc959ae176b1986eff29aab886b60ed1119de835aef19a109,ddddaf0
eviddie-20240520-19940419,20240520,19940419,rare,5shot,0,EviDDIE,PT-16020885,ASUTZQLVASHGKV,HTIQEAQVCYTUBX,1,1,0.50348824,0.85855573,0.1566209,0.17287257,cef85baa2df0893bc2964a3d3f36b9277e37b3c2f393a1c5de9d6dd48b09782c,643a91e0b9a1cc10067428184fff675682e61b9808c035aaa4af42bb81f063cc,d5b11d25f3b2415dc959ae176b1986eff29aab886b60ed1119de835aef19a109,ddddaf0
eviddie-20240520-19940419,20240520,19940419,rare,5shot,0,EviDDIE,PT-16020885,BPRHUIZQVSMCRT,LOUPRKONTZGTKE,1,1,0.50348198,0.85895389,0.15609936,0.17231444,cef85baa2df0893bc2964a3d3f36b9277e37b3c2f393a1c5de9d6dd48b09782c,643a91e0b9a1cc10067428184fff675682e61b9808c035aaa4af42bb81f063cc,d5b11d25f3b2415dc959ae176b1986eff29aab886b60ed1119de835aef19a109,ddddaf0
eviddie-20240520-19940419,20240520,19940419,rare,5shot,0,EviDDIE,PT-16020885,HTIQEAQVCYTUBX,JSDRRTOADPPCHY,1,1,0.50347638,0.85949999,0.15537781,0.17155653,cef85baa2df0893bc2964a3d3f36b9277e37b3c2f393a1c5de9d6dd48b09782c,643a91e0b9a1cc10067428184fff675682e61b9808c035aaa4af42bb81f063cc,d5b11d25f3b2415dc959ae176b1986eff29aab886b60ed1119de835aef19a109,ddddaf0
eviddie-20240520-19940419,20240520,19940419,rare,5shot,0,EviDDIE,PT-16020885,JCQLYHFGKNRPGE,KJFMBFZCATUALV,1,1,0.50348574,0.85870159,0.15643017,0.17266756,cef85baa2df0893bc2964a3d3f36b9277e37b3c2f393a1c5de9d6dd48b09782c,643a91e0b9a1cc10067428184fff675682e61b9808c035aaa4af42bb81f063cc,d5b11d25f3b2415dc959ae176b1986eff29aab886b60ed1119de835aef19a109,ddddaf0
eviddie-20240520-19940419,20240520,19940419,rare,5shot,0,EviDDIE,PT-16020885,MBWXNTAXLNYFJB,SKZKKFZAGNVIMN,1,1,0.50349391,0.85820436,0.15708135,0.17336594,cef85baa2df0893bc2964a3d3f36b9277e37b3c2f393a1c5de9d6dd48b09782c,643a91e0b9a1cc10067428184fff675682e61b9808c035aaa4af42bb81f063cc,d5b11d25f3b2415dc959ae176b1986eff29aab886b60ed1119de835aef19a109,ddddaf0
eviddie-20240520-19940419,20240520,19940419,rare,5shot,0,EviDDIE,PT-16020885,ASUTZQLVASHGKV,UJLAWZDWDVHWOW,0,1,0.50348872,0.85845524,0.15675524,0.17301106,cef85baa2df0893bc2964a3d3f36b9277e37b3c2f393a1c5de9d6dd48b09782c,643a91e0b9a1cc10067428184fff675682e61b9808c035aaa4af42bb81f063cc,d5b11d25f3b2415dc959ae176b1986eff29aab886b60ed1119de835aef19a109,ddddaf0
eviddie-20240520-19940419,20240520,19940419,rare,5shot,0,EviDDIE,PT-16020885,ASUTZQLVASHGKV,KRKNYBCHXYNGOX,0,1,0.50350171,0.85769302,0.15775302,0.17408375,cef85baa2df0893bc2964a3d3f36b9277e37b3c2f393a1c5de9d6dd48b09782c,643a91e0b9a1cc10067428184fff675682e61b9808c035aaa4af42bb81f063cc,d5b11d25f3b2415dc959ae176b1986eff29aab886b60ed1119de835aef19a109,ddddaf0
eviddie-20240520-19940419,20240520,19940419,rare,5shot,0,EviDDIE,PT-16020885,BPRHUIZQVSMCRT,YWXYYJSYQOXTPL,0,1,0.50348347,0.85894322,0.15611032,0.17233245,cef85baa2df0893bc2964a3d3f36b9277e37b3c2f393a1c5de9d6dd48b09782c,643a91e0b9a1cc10067428184fff675682e61b9808c035aaa4af42bb81f063cc,d5b11d25f3b2415dc959ae176b1986eff29aab886b60ed1119de835aef19a109,ddddaf0
eviddie-20240520-19940419,20240520,19940419,rare,5shot,0,EviDDIE,PT-16020885,HTIQEAQVCYTUBX,HTQMVQVXFRQIKW,0,1,0.5034734,0.85971224,0.15509942,0.17126019,cef85baa2df0893bc2964a3d3f36b9277e37b3c2f393a1c5de9d6dd48b09782c,643a91e0b9a1cc10067428184fff675682e61b9808c035aaa4af42bb81f063cc,d5b11d25f3b2415dc959ae176b1986eff29aab886b60ed1119de835aef19a109,ddddaf0
eviddie-20240520-19940419,20240520,19940419,rare,5shot,0,EviDDIE,PT-16020885,JCQLYHFGKNRPGE,IAVUPMFITXYVAF,0,1,0.50349057,0.85821134,0.15707967,0.17334865,cef85baa2df0893bc2964a3d3f36b9277e37b3c2f393a1c5de9d6dd48b09782c,643a91e0b9a1cc10067428184fff675682e61b9808c035aaa4af42bb81f063cc,d5b11d25f3b2415dc959ae176b1986eff29aab886b60ed1119de835aef19a109,ddddaf0
eviddie-20240520-19940419,20240520,19940419,rare,5shot,0,EviDDIE,PT-16020885,MBWXNTAXLNYFJB,WIKYUJGCLQQFNW,0,1,0.50348592,0.85865611,0.15649109,0.17273004,cef85baa2df0893bc2964a3d3f36b9277e37b3c2f393a1c5de9d6dd48b09782c,643a91e0b9a1cc10067428184fff675682e61b9808c035aaa4af42bb81f063cc,d5b11d25f3b2415dc959ae176b1986eff29aab886b60ed1119de835aef19a109,ddddaf0
eviddie-20240520-19940419,20240520,19940419,rare,5shot,0,EviDDIE,PT-16022530,BVKZGUZCCUSVTD,KLBQZWRITKRQQV,1,1,0.50347286,0.85984921,0.15491682,0.17107248,cef85baa2df0893bc2964a3d3f36b9277e37b3c2f393a1c5de9d6dd48b09782c,643a91e0b9a1cc10067428184fff675682e61b9808c035aaa4af42bb81f063cc,d5b11d25f3b2415dc959ae176b1986eff29aab886b60ed1119de835aef19a109,ddddaf0
eviddie-20240520-19940419,20240520,19940419,rare,5shot,0,EviDDIE,PT-16022530,CEUORZQYGODEFX,UGJMXCAKCUNAIE,1,1,0.5034982,0.85794359,0.15742292,0.17373264,cef85baa2df0893bc2964a3d3f36b9277e37b3c2f393a1c5de9d6dd48b09782c,643a91e0b9a1cc10067428184fff675682e61b9808c035aaa4af42bb81f063cc,d5b11d25f3b2415dc959ae176b1986eff29aab886b60ed1119de835aef19a109,ddddaf0
eviddie-20240520-19940419,20240520,19940419,rare,5shot,0,EviDDIE,PT-16022530,CEUORZQYGODEFX,WSEQXVZVJXJVFP,1,1,0.50348783,0.85853958,0.15664348,0.1728937,cef85baa2df0893bc2964a3d3f36b9277e37b3c2f393a1c5de9d6dd48b09782c,643a91e0b9a1cc10067428184fff675682e61b9808c035aaa4af42bb81f063cc,d5b11d25f3b2415dc959ae176b1986eff29aab886b60ed1119de835aef19a109,ddddaf0
eviddie-20240520-19940419,20240520,19940419,rare,5shot,0,EviDDIE,PT-16022530,LNEPOXFFQSENCJ,PMXMIIMHBWHSKN,1,1,0.5034858,0.85870707,0.15642256,0.17266026,cef85baa2df0893bc2964a3d3f36b9277e37b3c2f393a1c5de9d6dd48b09782c,643a91e0b9a1cc10067428184fff675682e61b9808c035aaa4af42bb81f063cc,d5b11d25f3b2415dc959ae176b1986eff29aab886b60ed1119de835aef19a109,ddddaf0
eviddie-20240520-19940419,20240520,19940419,rare,5shot,0,EviDDIE,PT-16022530,MVWVFYHBGMAFLY,RAPZEAPATHNIPO,1,1,0.50348443,0.85883796,0.15624972,0.1724782,cef85baa2df0893bc2964a3d3f36b9277e37b3c2f393a1c5de9d6dd48b09782c,643a91e0b9a1cc10067428184fff675682e61b9808c035aaa4af42bb81f063cc,d5b11d25f3b2415dc959ae176b1986eff29aab886b60ed1119de835aef19a109,ddddaf0
eviddie-20240520-19940419,20240520,19940419,rare,5shot,0,EviDDIE,PT-16022530,NJMYODHXAKYRHW,PMXMIIMHBWHSKN,1,1,0.50348753,0.85850585,0.15668985,0.17293909,cef85baa2df0893bc2964a3d3f36b9277e37b3c2f393a1c5de9d6dd48b09782c,643a91e0b9a1cc10067428184fff675682e61b9808c035aaa4af42bb81f063cc,d5b11d25f3b2415dc959ae176b1986eff29aab886b60ed1119de835aef19a109,ddddaf0
eviddie-20240520-19940419,20240520,19940419,rare,5shot,0,EviDDIE,PT-16022530,NJMYODHXAKYRHW,RAPZEAPATHNIPO,1,1,0.50348711,0.85853988,0.15664488,0.17289157,cef85baa2df0893bc2964a3d3f36b9277e37b3c2f393a1c5de9d6dd48b09782c,643a91e0b9a1cc10067428184fff675682e61b9808c035aaa4af42bb81f063cc,d5b11d25f3b2415dc959ae176b1986eff29aab886b60ed1119de835aef19a109,ddddaf0
eviddie-20240520-19940419,20240520,19940419,rare,5shot,0,EviDDIE,PT-16022530,PMXMIIMHBWHSKN,UGJMXCAKCUNAIE,1,1,0.5034979,0.85796702,0.15739189,0.17369984,cef85baa2df0893bc2964a3d3f36b9277e37b3c2f393a1c5de9d6dd48b09782c,643a91e0b9a1cc10067428184fff675682e61b9808c035aaa4af42bb81f063cc,d5b11d25f3b2415dc959ae176b1986eff29aab886b60ed1119de835aef19a109,ddddaf0
eviddie-20240520-19940419,20240520,19940419,rare,5shot,0,EviDDIE,PT-16022530,PMXMIIMHBWHSKN,WFPIAZLQTJBIFN,1,1,0.50348914,0.85846573,0.15674025,0.17299762,cef85baa2df0893bc2964a3d3f36b9277e37b3c2f393a1c5de9d6dd48b09782c,643a91e0b9a1cc10067428184fff675682e61b9808c035aaa4af42bb81f063cc,d5b11d25f3b2415dc959ae176b1986eff29aab886b60ed1119de835aef19a109,ddddaf0
eviddie-20240520-19940419,20240520,19940419,rare,5shot,0,EviDDIE,PT-16022530,URKOMYMAXPYINW,XJGVXQDUIWGIRW,1,1,0.50348932,0.85845327,0.15675652,0.17301506,cef85baa2df0893bc2964a3d3f36b9277e37b3c2f393a1c5de9d6dd48b09782c,643a91e0b9a1cc10067428184fff675682e61b9808c035aaa4af42bb81f063cc,d5b11d25f3b2415dc959ae176b1986eff29aab886b60ed1119de835aef19a109,ddddaf0
eviddie-20240520-19940419,20240520,19940419,rare,5shot,0,EviDDIE,PT-16022530,BVKZGUZCCUSVTD,SHGAZHPCJJPHSC,0,1,0.50346273,0.86073959,0.15374555,0.16983742,cef85baa2df0893bc2964a3d3f36b9277e37b3c2f393a1c5de9d6dd48b09782c,643a91e0b9a1cc10067428184fff675682e61b9808c035aaa4af42bb81f063cc,d5b11d25f3b2415dc959ae176b1986eff29aab886b60ed1119de835aef19a109,ddddaf0
eviddie-20240520-19940419,20240520,19940419,rare,5shot,0,EviDDIE,PT-16022530,CEUORZQYGODEFX,DIWRORZWFLOCLC,0,1,0.5034886,0.85852408,0.15666269,0.17291662,cef85baa2df0893bc2964a3d3f36b9277e37b3c2f393a1c5de9d6dd48b09782c,643a91e0b9a1cc10067428184fff675682e61b9808c035aaa4af42bb81f063cc,d5b11d25f3b2415dc959ae176b1986eff29aab886b60ed1119de835aef19a109,ddddaf0
eviddie-20240520-19940419,20240520,19940419,rare,5shot,0,EviDDIE,PT-16022530,CEUORZQYGODEFX,GFNANZIMVAIWHM,0,1,0.50348836,0.85850853,0.15668415,0.17293735,cef85baa2df0893bc2964a3d3f36b9277e37b3c2f393a1c5de9d6dd48b09782c,643a91e0b9a1cc10067428184fff675682e61b9808c035aaa4af42bb81f063cc,d5b11d25f3b2415dc959ae176b1986eff29aab886b60ed1119de835aef19a109,ddddaf0
eviddie-20240520-19940419,20240520,19940419,rare,5shot,0,EviDDIE,PT-16022530,LNEPOXFFQSENCJ,OIGNJSKKLXVSLS,0,1,0.50348735,0.85861582,0.15654197,0.1727884,cef85baa2df0893bc2964a3d3f36b9277e37b3c2f393a1c5de9d6dd48b09782c,643a91e0b9a1cc10067428184fff675682e61b9808c035aaa4af42bb81f063cc,d5b11d25f3b2415dc959ae176b1986eff29aab886b60ed1119de835aef19a109,ddddaf0
eviddie-20240520-19940419,20240520,19940419,rare,5shot,0,EviDDIE,PT-16022530,MVWVFYHBGMAFLY,WIKYUJGCLQQFNW,0,1,0.50348759,0.85859984,0.15656312,0.17281079,cef85baa2df0893bc2964a3d3f36b9277e37b3c2f393a1c5de9d6dd48b09782c,643a91e0b9a1cc10067428184fff675682e61b9808c035aaa4af42bb81f063cc,d5b11d25f3b2415dc959ae176b1986eff29aab886b60ed1119de835aef19a109,ddddaf0
eviddie-20240520-19940419,20240520,19940419,rare,5shot,0,EviDDIE,PT-16022530,NJMYODHXAKYRHW,KQKPFRSPSRPDEB,0,1,0.50349247,0.85814935,0.15715882,0.17343779,cef85baa2df0893bc2964a3d3f36b9277e37b3c2f393a1c5de9d6dd48b09782c,643a91e0b9a1cc10067428184fff675682e61b9808c035aaa4af42bb81f063cc,d5b11d25f3b2415dc959ae176b1986eff29aab886b60ed1119de835aef19a109,ddddaf0
eviddie-20240520-19940419,20240520,19940419,rare,5shot,0,EviDDIE,PT-16022530,NJMYODHXAKYRHW,MOYKHGMNXAOIAT,0,1,0.5034855,0.85883015,0.15625767,0.17249139,cef85baa2df0893bc2964a3d3f36b9277e37b3c2f393a1c5de9d6dd48b09782c,643a91e0b9a1cc10067428184fff675682e61b9808c035aaa4af42bb81f063cc,d5b11d25f3b2415dc959ae176b1986eff29aab886b60ed1119de835aef19a109,ddddaf0
eviddie-20240520-19940419,20240520,19940419,rare,5shot,0,EviDDIE,PT-16022530,PMXMIIMHBWHSKN,LNEPOXFFQSENCJ,0,1,0.50349003,0.85837758,0.15685692,0.17312032,cef85baa2df0893bc2964a3d3f36b9277e37b3c2f393a1c5de9d6dd48b09782c,643a91e0b9a1cc10067428184fff675682e61b9808c035aaa4af42bb81f063cc,d5b11d25f3b2415dc959ae176b1986eff29aab886b60ed1119de835aef19a109,ddddaf0
eviddie-20240520-19940419,20240520,19940419,rare,5shot,0,EviDDIE,PT-16022530,PMXMIIMHBWHSKN,DLNKOYKMWOXYQA,0,1,0.50350124,0.85770369,0.15773949,0.17406802,cef85baa2df0893bc2964a3d3f36b9277e37b3c2f393a1c5de9d6dd48b09782c,643a91e0b9a1cc10067428184fff675682e61b9808c035aaa4af42bb81f063cc,d5b11d25f3b2415dc959ae176b1986eff29aab886b60ed1119de835aef19a109,ddddaf0
eviddie-20240520-19940419,20240520,19940419,rare,5shot,0,EviDDIE,PT-16022530,URKOMYMAXPYINW,ZKLPARSLTMPFCP,0,1,0.50348896,0.85847789,0.15672407,0.17298062,cef85baa2df0893bc2964a3d3f36b9277e37b3c2f393a1c5de9d6dd48b09782c,643a91e0b9a1cc10067428184fff675682e61b9808c035aaa4af42bb81f063cc,d5b11d25f3b2415dc959ae176b1986eff29aab886b60ed1119de835aef19a109,ddddaf0
eviddie-20240520-19940419,20240520,19940419,rare,5shot,0,EviDDIE,PT-16075454,BPZSYCZIITTYBL,DGBIGWXXNGSACT,1,1,0.503474,0.85976708,0.15502466,0.17118686,cef85baa2df0893bc2964a3d3f36b9277e37b3c2f393a1c5de9d6dd48b09782c,643a91e0b9a1cc10067428184fff675682e61b9808c035aaa4af42bb81f063cc,d5b11d25f3b2415dc959ae176b1986eff29aab886b60ed1119de835aef19a109,ddddaf0
eviddie-20240520-19940419,20240520,19940419,rare,5shot,0,EviDDIE,PT-16075454,BPZSYCZIITTYBL,HSUGRBWQSSZJOP,1,1,0.5034802,0.85918111,0.15579765,0.17200023,cef85baa2df0893bc2964a3d3f36b9277e37b3c2f393a1c5de9d6dd48b09782c,643a91e0b9a1cc10067428184fff675682e61b9808c035aaa4af42bb81f063cc,d5b11d25f3b2415dc959ae176b1986eff29aab886b60ed1119de835aef19a109,ddddaf0
eviddie-20240520-19940419,20240520,19940419,rare,5shot,0,EviDDIE,PT-16075454,BPZSYCZIITTYBL,RYMZZMVNJRMUDD,1,1,0.50348037,0.8591764,0.15580353,0.17200707,cef85baa2df0893bc2964a3d3f36b9277e37b3c2f393a1c5de9d6dd48b09782c,643a91e0b9a1cc10067428184fff675682e61b9808c035aaa4af42bb81f063cc,d5b11d25f3b2415dc959ae176b1986eff29aab886b60ed1119de835aef19a109,ddddaf0
eviddie-20240520-19940419,20240520,19940419,rare,5shot,0,EviDDIE,PT-16075454,BPZSYCZIITTYBL,RZVAJINKPMORJF,1,1,0.50349152,0.85839075,0.15683563,0.1731057,cef85baa2df0893bc2964a3d3f36b9277e37b3c2f393a1c5de9d6dd48b09782c,643a91e0b9a1cc10067428184fff675682e61b9808c035aaa4af42bb81f063cc,d5b11d25f3b2415dc959ae176b1986eff29aab886b60ed1119de835aef19a109,ddddaf0
eviddie-20240520-19940419,20240520,19940419,rare,5shot,0,EviDDIE,PT-16075454,BPZSYCZIITTYBL,ZZVUWRFHKOJYTH,1,1,0.50348562,0.85876822,0.15634091,0.17257619,cef85baa2df0893bc2964a3d3f36b9277e37b3c2f393a1c5de9d6dd48b09782c,643a91e0b9a1cc10067428184fff675682e61b9808c035aaa4af42bb81f063cc,d5b11d25f3b2415dc959ae176b1986eff29aab886b60ed1119de835aef19a109,ddddaf0
eviddie-20240520-19940419,20240520,19940419,rare,5shot,0,EviDDIE,PT-16075454,HSUGRBWQSSZJOP,QAOWNCQODCNURD,1,1,0.50350296,0.85771126,0.15772559,0.17406167,cef85baa2df0893bc2964a3d3f36b9277e37b3c2f393a1c5de9d6dd48b09782c,643a91e0b9a1cc10067428184fff675682e61b9808c035aaa4af42bb81f063cc,d5b11d25f3b2415dc959ae176b1986eff29aab886b60ed1119de835aef19a109,ddddaf0
eviddie-20240520-19940419,20240520,19940419,rare,5shot,0,EviDDIE,PT-16075454,WDJHALXBUFZDSR,XOFYZVNMUHMLCC,1,1,0.50346893,0.8603192,0.15429507,0.17042348,cef85baa2df0893bc2964a3d3f36b9277e37b3c2f393a1c5de9d6dd48b09782c,643a91e0b9a1cc10067428184fff675682e61b9808c035aaa4af42bb81f063cc,d5b11d25f3b2415dc959ae176b1986eff29aab886b60ed1119de835aef19a109,ddddaf0
eviddie-20240520-19940419,20240520,19940419,rare,5shot,0,EviDDIE,PT-16075454,BPZSYCZIITTYBL,BPRHUIZQVSMCRT,0,1,0.50348324,0.85891008,0.15615529,0.17237711,cef85baa2df0893bc2964a3d3f36b9277e37b3c2f393a1c5de9d6dd48b09782c,643a91e0b9a1cc10067428184fff675682e61b9808c035aaa4af42bb81f063cc,d5b11d25f3b2415dc959ae176b1986eff29aab886b60ed1119de835aef19a109,ddddaf0
eviddie-20240520-19940419,20240520,19940419,rare,5shot,0,EviDDIE,PT-16075454,BPZSYCZIITTYBL,JZUFKLXOESDKRF,0,1,0.5034849,0.85873687,0.15638465,0.17261748,cef85baa2df0893bc2964a3d3f36b9277e37b3c2f393a1c5de9d6dd48b09782c,643a91e0b9a1cc10067428184fff675682e61b9808c035aaa4af42bb81f063cc,d5b11d25f3b2415dc959ae176b1986eff29aab886b60ed1119de835aef19a109,ddddaf0
eviddie-20240520-19940419,20240520,19940419,rare,5shot,0,EviDDIE,PT-16075454,BPZSYCZIITTYBL,YWXYYJSYQOXTPL,0,1,0.50348324,0.85905445,0.15596132,0.17218003,cef85baa2df0893bc2964a3d3f36b9277e37b3c2f393a1c5de9d6dd48b09782c,643a91e0b9a1cc10067428184fff675682e61b9808c035aaa4af42bb81f063cc,d5b11d25f3b2415dc959ae176b1986eff29aab886b60ed1119de835aef19a109,ddddaf0
eviddie-20240520-19940419,20240520,19940419,rare,5shot,0,EviDDIE,PT-16075454,BPZSYCZIITTYBL,LXNHXLLTXMVWPM,0,1,0.50349253,0.85831904,0.15692993,0.17320596,cef85baa2df0893bc2964a3d3f36b9277e37b3c2f393a1c5de9d6dd48b09782c,643a91e0b9a1cc10067428184fff675682e61b9808c035aaa4af42bb81f063cc,d5b11d25f3b2415dc959ae176b1986eff29aab886b60ed1119de835aef19a109,ddddaf0
eviddie-20240520-19940419,20240520,19940419,rare,5shot,0,EviDDIE,PT-16075454,BPZSYCZIITTYBL,BPZSYCZIITTYBL,0,1,0.50348288,0.85900199,0.15603259,0.17225079,cef85baa2df0893bc2964a3d3f36b9277e37b3c2f393a1c5de9d6dd48b09782c,643a91e0b9a1cc10067428184fff675682e61b9808c035aaa4af42bb81f063cc,d5b11d25f3b2415dc959ae176b1986eff29aab886b60ed1119de835aef19a109,ddddaf0
eviddie-20240520-19940419,20240520,19940419,rare,5shot,0,EviDDIE,PT-16075454,HSUGRBWQSSZJOP,KGFYHTZWPPHNLQ,0,1,0.5034821,0.85900831,0.15602584,0.17224035,cef85baa2df0893bc2964a3d3f36b9277e37b3c2f393a1c5de9d6dd48b09782c,643a91e0b9a1cc10067428184fff675682e61b9808c035aaa4af42bb81f063cc,d5b11d25f3b2415dc959ae176b1986eff29aab886b60ed1119de835aef19a109,ddddaf0
eviddie-20240520-19940419,20240520,19940419,rare,5shot,0,EviDDIE,PT-16075454,WDJHALXBUFZDSR,NNJVILVZKWQKPM,0,1,0.50347608,0.85979509,0.15498203,0.17115366,cef85baa2df0893bc2964a3d3f36b9277e37b3c2f393a1c5de9d6dd48b09782c,643a91e0b9a1cc10067428184fff675682e61b9808c035aaa4af42bb81f063cc,d5b11d25f3b2415dc959ae176b1986eff29aab886b60ed1119de835aef19a109,ddddaf0
eviddie-20240520-19940419,20240520,19940419,rare,5shot,0,EviDDIE,PT-16259298,ACWBQPMHZXGDFX,SNIOPGDIGTZGOP,1,1,0.50348163,0.85933638,0.15558577,0.17179163,cef85baa2df0893bc2964a3d3f36b9277e37b3c2f393a1c5de9d6dd48b09782c,643a91e0b9a1cc10067428184fff675682e61b9808c035aaa4af42bb81f063cc,d5b11d25f3b2415dc959ae176b1986eff29aab886b60ed1119de835aef19a109,ddddaf0
eviddie-20240520-19940419,20240520,19940419,rare,5shot,0,EviDDIE,PT-16259298,GBBSUAFBMRNDJC,QRXWMOHMRWLFEY,1,1,0.50349295,0.85832626,0.15691903,0.17319714,cef85baa2df0893bc2964a3d3f36b9277e37b3c2f393a1c5de9d6dd48b09782c,643a91e0b9a1cc10067428184fff675682e61b9808c035aaa4af42bb81f063cc,d5b11d25f3b2415dc959ae176b1986eff29aab886b60ed1119de835aef19a109,ddddaf0
eviddie-20240520-19940419,20240520,19940419,rare,5shot,0,EviDDIE,PT-16259298,OEYIOHPDSNJKLS,VEQOALNAAJBPNY,1,1,0.50348532,0.85896099,0.1560822,0.17231238,cef85baa2df0893bc2964a3d3f36b9277e37b3c2f393a1c5de9d6dd48b09782c,643a91e0b9a1cc10067428184fff675682e61b9808c035aaa4af42bb81f063cc,d5b11d25f3b2415dc959ae176b1986eff29aab886b60ed1119de835aef19a109,ddddaf0
eviddie-20240520-19940419,20240520,19940419,rare,5shot,0,EviDDIE,PT-16259298,OVBPIULPVIDEAO,VEQOALNAAJBPNY,1,1,0.50347143,0.8599422,0.15479513,0.17094253,cef85baa2df0893bc2964a3d3f36b9277e37b3c2f393a1c5de9d6dd48b09782c,643a91e0b9a1cc10067428184fff675682e61b9808c035aaa4af42bb81f063cc,d5b11d25f3b2415dc959ae176b1986eff29aab886b60ed1119de835aef19a109,ddddaf0
eviddie-20240520-19940419,20240520,19940419,rare,5shot,0,EviDDIE,PT-16259298,RDOIQAHITMMDAJ,VEQOALNAAJBPNY,1,1,0.50348657,0.85869634,0.15643524,0.17267668,cef85baa2df0893bc2964a3d3f36b9277e37b3c2f393a1c5de9d6dd48b09782c,643a91e0b9a1cc10067428184fff675682e61b9808c035aaa4af42bb81f063cc,d5b11d25f3b2415dc959ae176b1986eff29aab886b60ed1119de835aef19a109,ddddaf0
eviddie-20240520-19940419,20240520,19940419,rare,5shot,0,EviDDIE,PT-16259298,RFHAOTPXVQNOHP,RGHNJXZEOKUKBD,1,1,0.50349629,0.85813695,0.15716675,0.17346367,cef85baa2df0893bc2964a3d3f36b9277e37b3c2f393a1c5de9d6dd48b09782c,643a91e0b9a1cc10067428184fff675682e61b9808c035aaa4af42bb81f063cc,d5b11d25f3b2415dc959ae176b1986eff29aab886b60ed1119de835aef19a109,ddddaf0
eviddie-20240520-19940419,20240520,19940419,rare,5shot,0,EviDDIE,PT-16259298,RYMZZMVNJRMUDD,VWPOSFSPZNDTMJ,1,1,0.50349337,0.85808235,0.1572472,0.17353153,cef85baa2df0893bc2964a3d3f36b9277e37b3c2f393a1c5de9d6dd48b09782c,643a91e0b9a1cc10067428184fff675682e61b9808c035aaa4af42bb81f063cc,d5b11d25f3b2415dc959ae176b1986eff29aab886b60ed1119de835aef19a109,ddddaf0
eviddie-20240520-19940419,20240520,19940419,rare,5shot,0,EviDDIE,PT-16259298,SNPLKNRPJHDVJA,VWPOSFSPZNDTMJ,1,1,0.50348639,0.85873157,0.15638837,0.17262806,cef85baa2df0893bc2964a3d3f36b9277e37b3c2f393a1c5de9d6dd48b09782c,643a91e0b9a1cc10067428184fff675682e61b9808c035aaa4af42bb81f063cc,d5b11d25f3b2415dc959ae176b1986eff29aab886b60ed1119de835aef19a109,ddddaf0
eviddie-20240520-19940419,20240520,19940419,rare,5shot,0,EviDDIE,PT-16259298,ACWBQPMHZXGDFX,ZKLPARSLTMPFCP,0,1,0.50348043,0.85918307,0.15579472,0.17199801,cef85baa2df0893bc2964a3d3f36b9277e37b3c2f393a1c5de9d6dd48b09782c,643a91e0b9a1cc10067428184fff675682e61b9808c035aaa4af42bb81f063cc,d5b11d25f3b2415dc959ae176b1986eff29aab886b60ed1119de835aef19a109,ddddaf0
eviddie-20240520-19940419,20240520,19940419,rare,5shot,0,EviDDIE,PT-16259298,GBBSUAFBMRNDJC,LXMSZDCAJNLERA,0,1,0.50348341,0.85891658,0.15614629,0.17236857,cef85baa2df0893bc2964a3d3f36b9277e37b3c2f393a1c5de9d6dd48b09782c,643a91e0b9a1cc10067428184fff675682e61b9808c035aaa4af42bb81f063cc,d5b11d25f3b2415dc959ae176b1986eff29aab886b60ed1119de835aef19a109,ddddaf0
eviddie-20240520-19940419,20240520,19940419,rare,5shot,0,EviDDIE,PT-16259298,OEYIOHPDSNJKLS,HTIQEAQVCYTUBX,0,1,0.50348127,0.85931683,0.15561278,0.1718175,cef85baa2df0893bc2964a3d3f36b9277e37b3c2f393a1c5de9d6dd48b09782c,643a91e0b9a1cc10067428184fff675682e61b9808c035aaa4af42bb81f063cc,d5b11d25f3b2415dc959ae176b1986eff29aab886b60ed1119de835aef19a109,ddddaf0
eviddie-20240520-19940419,20240520,19940419,rare,5shot,0,EviDDIE,PT-16259298,OVBPIULPVIDEAO,JUKPWJGBANNWMW,0,1,0.50346875,0.86009282,0.15459934,0.17073122,cef85baa2df0893bc2964a3d3f36b9277e37b3c2f393a1c5de9d6dd48b09782c,643a91e0b9a1cc10067428184fff675682e61b9808c035aaa4af42bb81f063cc,d5b11d25f3b2415dc959ae176b1986eff29aab886b60ed1119de835aef19a109,ddddaf0
eviddie-20240520-19940419,20240520,19940419,rare,5shot,0,EviDDIE,PT-16259298,RDOIQAHITMMDAJ,RGHNJXZEOKUKBD,0,1,0.50350052,0.85781401,0.15759236,0.17391527,cef85baa2df0893bc2964a3d3f36b9277e37b3c2f393a1c5de9d6dd48b09782c,643a91e0b9a1cc10067428184fff675682e61b9808c035aaa4af42bb81f063cc,d5b11d25f3b2415dc959ae176b1986eff29aab886b60ed1119de835aef19a109,ddddaf0
eviddie-20240520-19940419,20240520,19940419,rare,5shot,0,EviDDIE,PT-16259298,RFHAOTPXVQNOHP,BPRHUIZQVSMCRT,0,1,0.50348383,0.85889268,0.15617746,0.17240211,cef85baa2df0893bc2964a3d3f36b9277e37b3c2f393a1c5de9d6dd48b09782c,643a91e0b9a1cc10067428184fff675682e61b9808c035aaa4af42bb81f063cc,d5b11d25f3b2415dc959ae176b1986eff29aab886b60ed1119de835aef19a109,ddddaf0
eviddie-20240520-19940419,20240520,19940419,rare,5shot,0,EviDDIE,PT-16259298,RYMZZMVNJRMUDD,RLAWWYSOJDYHDC,0,1,0.5034852,0.85873914,0.15638085,0.17261499,cef85baa2df0893bc2964a3d3f36b9277e37b3c2f393a1c5de9d6dd48b09782c,643a91e0b9a1cc10067428184fff675682e61b9808c035aaa4af42bb81f063cc,d5b11d25f3b2415dc959ae176b1986eff29aab886b60ed1119de835aef19a109,ddddaf0
eviddie-20240520-19940419,20240520,19940419,rare,5shot,0,EviDDIE,PT-16259298,SNPLKNRPJHDVJA,PJVWKTKQMONHTI,0,1,0.50347912,0.85934424,0.15558091,0.17177519,cef85baa2df0893bc2964a3d3f36b9277e37b3c2f393a1c5de9d6dd48b09782c,643a91e0b9a1cc10067428184fff675682e61b9808c035aaa4af42bb81f063cc,d5b11d25f3b2415dc959ae176b1986eff29aab886b60ed1119de835aef19a109,ddddaf0
eviddie-20240520-19940419,20240520,19940419,rare,5shot,0,EviDDIE,PT-16599628,AGOYDEPGAOXOCK,KVWDHTXUZHCGIO,1,1,0.50349218,0.85809815,0.1572284,0.17350723,cef85baa2df0893bc2964a3d3f36b9277e37b3c2f393a1c5de9d6dd48b09782c,643a91e0b9a1cc10067428184fff675682e61b9808c035aaa4af42bb81f063cc,d5b11d25f3b2415dc959ae176b1986eff29aab886b60ed1119de835aef19a109,ddddaf0
eviddie-20240520-19940419,20240520,19940419,rare,5shot,0,EviDDIE,PT-16599628,CEUORZQYGODEFX,VREFGVBLTWBCJP,1,1,0.50348651,0.85865527,0.15649074,0.17273261,cef85baa2df0893bc2964a3d3f36b9277e37b3c2f393a1c5de9d6dd48b09782c,643a91e0b9a1cc10067428184fff675682e61b9808c035aaa4af42bb81f063cc,d5b11d25f3b2415dc959ae176b1986eff29aab886b60ed1119de835aef19a109,ddddaf0
eviddie-20240520-19940419,20240520,19940419,rare,5shot,0,EviDDIE,PT-16599628,GBBSUAFBMRNDJC,GFNANZIMVAIWHM,1,1,0.50348336,0.85892844,0.15613031,0.17235215,cef85baa2df0893bc2964a3d3f36b9277e37b3c2f393a1c5de9d6dd48b09782c,643a91e0b9a1cc10067428184fff675682e61b9808c035aaa4af42bb81f063cc,d5b11d25f3b2415dc959ae176b1986eff29aab886b60ed1119de835aef19a109,ddddaf0
eviddie-20240520-19940419,20240520,19940419,rare,5shot,0,EviDDIE,PT-16599628,GFNANZIMVAIWHM,QZUDBNBUXVUHMW,1,1,0.50349033,0.85826916,0.15700226,0.17326903,cef85baa2df0893bc2964a3d3f36b9277e37b3c2f393a1c5de9d6dd48b09782c,643a91e0b9a1cc10067428184fff675682e61b9808c035aaa4af42bb81f063cc,d5b11d25f3b2415dc959ae176b1986eff29aab886b60ed1119de835aef19a109,ddddaf0
eviddie-20240520-19940419,20240520,19940419,rare,5shot,0,EviDDIE,PT-16599628,JLKIGFTWXXRPMT,QZUDBNBUXVUHMW,1,1,0.50347698,0.85945892,0.15543155,0.17161383,cef85baa2df0893bc2964a3d3f36b9277e37b3c2f393a1c5de9d6dd48b09782c,643a91e0b9a1cc10067428184fff675682e61b9808c035aaa4af42bb81f063cc,d5b11d25f3b2415dc959ae176b1986eff29aab886b60ed1119de835aef19a109,ddddaf0
eviddie-20240520-19940419,20240520,19940419,rare,5shot,0,EviDDIE,PT-16599628,JLVVSXFLKOJNIY,KVWDHTXUZHCGIO,1,1,0.50346982,0.86022943,0.15441325,0.17054781,cef85baa2df0893bc2964a3d3f36b9277e37b3c2f393a1c5de9d6dd48b09782c,643a91e0b9a1cc10067428184fff675682e61b9808c035aaa4af42bb81f063cc,d5b11d25f3b2415dc959ae176b1986eff29aab886b60ed1119de835aef19a109,ddddaf0
eviddie-20240520-19940419,20240520,19940419,rare,5shot,0,EviDDIE,PT-16599628,LSQZJLSUYDQPKJ,VREFGVBLTWBCJP,1,1,0.50347656,0.85941511,0.15549162,0.17167263,cef85baa2df0893bc2964a3d3f36b9277e37b3c2f393a1c5de9d6dd48b09782c,643a91e0b9a1cc10067428184fff675682e61b9808c035aaa4af42bb81f063cc,d5b11d25f3b2415dc959ae176b1986eff29aab886b60ed1119de835aef19a109,ddddaf0
eviddie-20240520-19940419,20240520,19940419,rare,5shot,0,EviDDIE,PT-16599628,XLYOFNOQVPJJNP,XTULMSXFIHGYFS,1,1,0.50346988,0.86029822,0.15432091,0.17045426,cef85baa2df0893bc2964a3d3f36b9277e37b3c2f393a1c5de9d6dd48b09782c,643a91e0b9a1cc10067428184fff675682e61b9808c035aaa4af42bb81f063cc,d5b11d25f3b2415dc959ae176b1986eff29aab886b60ed1119de835aef19a109,ddddaf0
eviddie-20240520-19940419,20240520,19940419,rare,5shot,0,EviDDIE,PT-16599628,AGOYDEPGAOXOCK,KRKNYBCHXYNGOX,0,1,0.50350475,0.85737336,0.15817739,0.17452849,cef85baa2df0893bc2964a3d3f36b9277e37b3c2f393a1c5de9d6dd48b09782c,643a91e0b9a1cc10067428184fff675682e61b9808c035aaa4af42bb81f063cc,d5b11d25f3b2415dc959ae176b1986eff29aab886b60ed1119de835aef19a109,ddddaf0
eviddie-20240520-19940419,20240520,19940419,rare,5shot,0,EviDDIE,PT-16599628,CEUORZQYGODEFX,ACWBQPMHZXGDFX,0,1,0.5034849,0.85880673,0.15629071,0.17252199,cef85baa2df0893bc2964a3d3f36b9277e37b3c2f393a1c5de9d6dd48b09782c,643a91e0b9a1cc10067428184fff675682e61b9808c035aaa4af42bb81f063cc,d5b11d25f3b2415dc959ae176b1986eff29aab886b60ed1119de835aef19a109,ddddaf0
eviddie-20240520-19940419,20240520,19940419,rare,5shot,0,EviDDIE,PT-16599628,GBBSUAFBMRNDJC,QWCRAEMEVRGPNT,0,1,0.50348461,0.858845,0.15623991,0.172469,cef85baa2df0893bc2964a3d3f36b9277e37b3c2f393a1c5de9d6dd48b09782c,643a91e0b9a1cc10067428184fff675682e61b9808c035aaa4af42bb81f063cc,d5b11d25f3b2415dc959ae176b1986eff29aab886b60ed1119de835aef19a109,ddddaf0
eviddie-20240520-19940419,20240520,19940419,rare,5shot,0,EviDDIE,PT-16599628,GFNANZIMVAIWHM,RZEKVGVHFLEQIL,0,1,0.50349605,0.85777456,0.15765598,0.17395894,cef85baa2df0893bc2964a3d3f36b9277e37b3c2f393a1c5de9d6dd48b09782c,643a91e0b9a1cc10067428184fff675682e61b9808c035aaa4af42bb81f063cc,d5b11d25f3b2415dc959ae176b1986eff29aab886b60ed1119de835aef19a109,ddddaf0
eviddie-20240520-19940419,20240520,19940419,rare,5shot,0,EviDDIE,PT-16599628,JLKIGFTWXXRPMT,TTWJBBZEZQICBI,0,1,0.50348133,0.85917002,0.15581009,0.17201792,cef85baa2df0893bc2964a3d3f36b9277e37b3c2f393a1c5de9d6dd48b09782c,643a91e0b9a1cc10067428184fff675682e61b9808c035aaa4af42bb81f063cc,d5b11d25f3b2415dc959ae176b1986eff29aab886b60ed1119de835aef19a109,ddddaf0
eviddie-20240520-19940419,20240520,19940419,rare,5shot,0,EviDDIE,PT-16599628,JLVVSXFLKOJNIY,ZRVUJXDFFKFLMG,0,1,0.50346565,0.86052549,0.15402587,0.17013535,cef85baa2df0893bc2964a3d3f36b9277e37b3c2f393a1c5de9d6dd48b09782c,643a91e0b9a1cc10067428184fff675682e61b9808c035aaa4af42bb81f063cc,d5b11d25f3b2415dc959ae176b1986eff29aab886b60ed1119de835aef19a109,ddddaf0
eviddie-20240520-19940419,20240520,19940419,rare,5shot,0,EviDDIE,PT-16599628,LSQZJLSUYDQPKJ,OVBPIULPVIDEAO,0,1,0.50346875,0.86005777,0.15464617,0.17077886,cef85baa2df0893bc2964a3d3f36b9277e37b3c2f393a1c5de9d6dd48b09782c,643a91e0b9a1cc10067428184fff675682e61b9808c035aaa4af42bb81f063cc,d5b11d25f3b2415dc959ae176b1986eff29aab886b60ed1119de835aef19a109,ddddaf0
eviddie-20240520-19940419,20240520,19940419,rare,5shot,0,EviDDIE,PT-16599628,XLYOFNOQVPJJNP,SUBDBMMJDZJVOS,0,1,0.50347525,0.8598603,0.15489635,0.17106281,cef85baa2df0893bc2964a3d3f36b9277e37b3c2f393a1c5de9d6dd48b09782c,643a91e0b9a1cc10067428184fff675682e61b9808c035aaa4af42bb81f063cc,d5b11d25f3b2415dc959ae176b1986eff29aab886b60ed1119de835aef19a109,ddddaf0
eviddie-20240520-19940419,20240520,19940419,rare,5shot,0,EviDDIE,PT-17040020,AUYYCJSJGJYCDS,MAEIEVLCKWDQJH,1,1,0.50347763,0.85941041,0.15549532,0.17168149,cef85baa2df0893bc2964a3d3f36b9277e37b3c2f393a1c5de9d6dd48b09782c,643a91e0b9a1cc10067428184fff675682e61b9808c035aaa4af42bb81f063cc,d5b11d25f3b2415dc959ae176b1986eff29aab886b60ed1119de835aef19a109,ddddaf0
eviddie-20240520-19940419,20240520,19940419,rare,5shot,0,EviDDIE,PT-17040020,FKNQFGJONOIPTF,PHIQHXFUZVPYII,1,1,0.50348186,0.85945737,0.15542243,0.17162736,cef85baa2df0893bc2964a3d3f36b9277e37b3c2f393a1c5de9d6dd48b09782c,643a91e0b9a1cc10067428184fff675682e61b9808c035aaa4af42bb81f063cc,d5b11d25f3b2415dc959ae176b1986eff29aab886b60ed1119de835aef19a109,ddddaf0
eviddie-20240520-19940419,20240520,19940419,rare,5shot,0,EviDDIE,PT-17040020,LXNHXLLTXMVWPM,VAAUVRVFOQPIGI,1,1,0.50347233,0.85998285,0.15473847,0.17088929,cef85baa2df0893bc2964a3d3f36b9277e37b3c2f393a1c5de9d6dd48b09782c,643a91e0b9a1cc10067428184fff675682e61b9808c035aaa4af42bb81f063cc,d5b11d25f3b2415dc959ae176b1986eff29aab886b60ed1119de835aef19a109,ddddaf0
eviddie-20240520-19940419,20240520,19940419,rare,5shot,0,EviDDIE,PT-17040020,MAEIEVLCKWDQJH,WVLOADHCBXTIJK,1,1,0.5034799,0.85914749,0.15584363,0.17204531,cef85baa2df0893bc2964a3d3f36b9277e37b3c2f393a1c5de9d6dd48b09782c,643a91e0b9a1cc10067428184fff675682e61b9808c035aaa4af42bb81f063cc,d5b11d25f3b2415dc959ae176b1986eff29aab886b60ed1119de835aef19a109,ddddaf0
eviddie-20240520-19940419,20240520,19940419,rare,5shot,0,EviDDIE,PT-17040020,OEYIOHPDSNJKLS,ORFOPKXBNMVMKC,1,1,0.50347179,0.86005551,0.15464239,0.17078908,cef85baa2df0893bc2964a3d3f36b9277e37b3c2f393a1c5de9d6dd48b09782c,643a91e0b9a1cc10067428184fff675682e61b9808c035aaa4af42bb81f063cc,d5b11d25f3b2415dc959ae176b1986eff29aab886b60ed1119de835aef19a109,ddddaf0
eviddie-20240520-19940419,20240520,19940419,rare,5shot,0,EviDDIE,PT-17040020,ORFOPKXBNMVMKC,RFHAOTPXVQNOHP,1,1,0.50347376,0.85960603,0.15524165,0.17140585,cef85baa2df0893bc2964a3d3f36b9277e37b3c2f393a1c5de9d6dd48b09782c,643a91e0b9a1cc10067428184fff675682e61b9808c035aaa4af42bb81f063cc,d5b11d25f3b2415dc959ae176b1986eff29aab886b60ed1119de835aef19a109,ddddaf0
eviddie-20240520-19940419,20240520,19940419,rare,5shot,0,EviDDIE,PT-17040020,ORFOPKXBNMVMKC,RZVAJINKPMORJF,1,1,0.50348306,0.85899365,0.15604328,0.17226271,cef85baa2df0893bc2964a3d3f36b9277e37b3c2f393a1c5de9d6dd48b09782c,643a91e0b9a1cc10067428184fff675682e61b9808c035aaa4af42bb81f063cc,d5b11d25f3b2415dc959ae176b1986eff29aab886b60ed1119de835aef19a109,ddddaf0
eviddie-20240520-19940419,20240520,19940419,rare,5shot,0,EviDDIE,PT-17040020,ORFOPKXBNMVMKC,ZKLPARSLTMPFCP,1,1,0.5034731,0.8596971,0.15512063,0.17128015,cef85baa2df0893bc2964a3d3f36b9277e37b3c2f393a1c5de9d6dd48b09782c,643a91e0b9a1cc10067428184fff675682e61b9808c035aaa4af42bb81f063cc,d5b11d25f3b2415dc959ae176b1986eff29aab886b60ed1119de835aef19a109,ddddaf0
eviddie-20240520-19940419,20240520,19940419,rare,5shot,0,EviDDIE,PT-17040020,ORFOPKXBNMVMKC,ZZUFCTLCJUWOSV,1,1,0.50347835,0.85924041,0.15572238,0.17191489,cef85baa2df0893bc2964a3d3f36b9277e37b3c2f393a1c5de9d6dd48b09782c,643a91e0b9a1cc10067428184fff675682e61b9808c035aaa4af42bb81f063cc,d5b11d25f3b2415dc959ae176b1986eff29aab886b60ed1119de835aef19a109,ddddaf0
eviddie-20240520-19940419,20240520,19940419,rare,5shot,0,EviDDIE,PT-17040020,AUYYCJSJGJYCDS,UCTWMZQNUQWSLP,0,1,0.50348359,0.85903817,0.1559823,0.17220305,cef85baa2df0893bc2964a3d3f36b9277e37b3c2f393a1c5de9d6dd48b09782c,643a91e0b9a1cc10067428184fff675682e61b9808c035aaa4af42bb81f063cc,d5b11d25f3b2415dc959ae176b1986eff29aab886b60ed1119de835aef19a109,ddddaf0
eviddie-20240520-19940419,20240520,19940419,rare,5shot,0,EviDDIE,PT-17040020,FKNQFGJONOIPTF,FELGMEQIXOGIFQ,0,1,0.50346929,0.86033183,0.15427719,0.17040716,cef85baa2df0893bc2964a3d3f36b9277e37b3c2f393a1c5de9d6dd48b09782c,643a91e0b9a1cc10067428184fff675682e61b9808c035aaa4af42bb81f063cc,d5b11d25f3b2415dc959ae176b1986eff29aab886b60ed1119de835aef19a109,ddddaf0
eviddie-20240520-19940419,20240520,19940419,rare,5shot,0,EviDDIE,PT-17040020,LXNHXLLTXMVWPM,ATALOFNDEOCMKK,0,1,0.50348347,0.85901165,0.15601806,0.17223896,cef85baa2df0893bc2964a3d3f36b9277e37b3c2f393a1c5de9d6dd48b09782c,643a91e0b9a1cc10067428184fff675682e61b9808c035aaa4af42bb81f063cc,d5b11d25f3b2415dc959ae176b1986eff29aab886b60ed1119de835aef19a109,ddddaf0
eviddie-20240520-19940419,20240520,19940419,rare,5shot,0,EviDDIE,PT-17040020,MAEIEVLCKWDQJH,PYNXFZCZUAOOQC,0,1,0.50347883,0.85925996,0.1556949,0.17188945,cef85baa2df0893bc2964a3d3f36b9277e37b3c2f393a1c5de9d6dd48b09782c,643a91e0b9a1cc10067428184fff675682e61b9808c035aaa4af42bb81f063cc,d5b11d25f3b2415dc959ae176b1986eff29aab886b60ed1119de835aef19a109,ddddaf0
eviddie-20240520-19940419,20240520,19940419,rare,5shot,0,EviDDIE,PT-17040020,OEYIOHPDSNJKLS,NJMYODHXAKYRHW,0,1,0.50348407,0.85901994,0.15600573,0.17222904,cef85baa2df0893bc2964a3d3f36b9277e37b3c2f393a1c5de9d6dd48b09782c,643a91e0b9a1cc10067428184fff675682e61b9808c035aaa4af42bb81f063cc,d5b11d25f3b2415dc959ae176b1986eff29aab886b60ed1119de835aef19a109,ddddaf0
eviddie-20240520-19940419,20240520,19940419,rare,5shot,0,EviDDIE,PT-17040020,ORFOPKXBNMVMKC,JZUFKLXOESDKRF,0,1,0.5034768,0.85933709,0.15559606,0.17177948,cef85baa2df0893bc2964a3d3f36b9277e37b3c2f393a1c5de9d6dd48b09782c,643a91e0b9a1cc10067428184fff675682e61b9808c035aaa4af42bb81f063cc,d5b11d25f3b2415dc959ae176b1986eff29aab886b60ed1119de835aef19a109,ddddaf0
eviddie-20240520-19940419,20240520,19940419,rare,5shot,0,EviDDIE,PT-17040020,ORFOPKXBNMVMKC,XLYOFNOQVPJJNP,0,1,0.50351572,0.8569715,0.158695,0.1751048,cef85baa2df0893bc2964a3d3f36b9277e37b3c2f393a1c5de9d6dd48b09782c,643a91e0b9a1cc10067428184fff675682e61b9808c035aaa4af42bb81f063cc,d5b11d25f3b2415dc959ae176b1986eff29aab886b60ed1119de835aef19a109,ddddaf0
eviddie-20240520-19940419,20240520,19940419,rare,5shot,0,EviDDIE,PT-17040020,ORFOPKXBNMVMKC,LSQZJLSUYDQPKJ,0,1,0.50346619,0.86024106,0.15440604,0.17052357,cef85baa2df0893bc2964a3d3f36b9277e37b3c2f393a1c5de9d6dd48b09782c,643a91e0b9a1cc10067428184fff675682e61b9808c035aaa4af42bb81f063cc,d5b11d25f3b2415dc959ae176b1986eff29aab886b60ed1119de835aef19a109,ddddaf0
eviddie-20240520-19940419,20240520,19940419,rare,5shot,0,EviDDIE,PT-17040020,ORFOPKXBNMVMKC,WXURHACBFYSXBI,0,1,0.50347203,0.85975766,0.15504175,0.17119524,cef85baa2df0893bc2964a3d3f36b9277e37b3c2f393a1c5de9d6dd48b09782c,643a91e0b9a1cc10067428184fff675682e61b9808c035aaa4af42bb81f063cc,d5b11d25f3b2415dc959ae176b1986eff29aab886b60ed1119de835aef19a109,ddddaf0
eviddie-20240520-19940419,20240520,19940419,rare,5shot,0,EviDDIE,PT-17433139,ATALOFNDEOCMKK,BFPYWIDHMRZLRN,1,1,0.50348729,0.85848492,0.1567187,0.17296705,cef85baa2df0893bc2964a3d3f36b9277e37b3c2f393a1c5de9d6dd48b09782c,643a91e0b9a1cc10067428184fff675682e61b9808c035aaa4af42bb81f063cc,d5b11d25f3b2415dc959ae176b1986eff29aab886b60ed1119de835aef19a109,ddddaf0
eviddie-20240520-19940419,20240520,19940419,rare,5shot,0,EviDDIE,PT-17433139,ATALOFNDEOCMKK,BQJCRHHNABKAKU,1,1,0.50348526,0.85867083,0.15647283,0.17270839,cef85baa2df0893bc2964a3d3f36b9277e37b3c2f393a1c5de9d6dd48b09782c,643a91e0b9a1cc10067428184fff675682e61b9808c035aaa4af42bb81f063cc,d5b11d25f3b2415dc959ae176b1986eff29aab886b60ed1119de835aef19a109,ddddaf0
eviddie-20240520-19940419,20240520,19940419,rare,5shot,0,EviDDIE,PT-17433139,BFPYWIDHMRZLRN,ITRJWOMZKQRYTA,1,1,0.503492,0.8582077,0.15708111,0.17335702,cef85baa2df0893bc2964a3d3f36b9277e37b3c2f393a1c5de9d6dd48b09782c,643a91e0b9a1cc10067428184fff675682e61b9808c035aaa4af42bb81f063cc,d5b11d25f3b2415dc959ae176b1986eff29aab886b60ed1119de835aef19a109,ddddaf0
eviddie-20240520-19940419,20240520,19940419,rare,5shot,0,EviDDIE,PT-17433139,BRUQQQPBMZOVGD,JYGXADMDTFJGBT,1,1,0.50349283,0.85814732,0.15716057,0.17344156,cef85baa2df0893bc2964a3d3f36b9277e37b3c2f393a1c5de9d6dd48b09782c,643a91e0b9a1cc10067428184fff675682e61b9808c035aaa4af42bb81f063cc,d5b11d25f3b2415dc959ae176b1986eff29aab886b60ed1119de835aef19a109,ddddaf0
eviddie-20240520-19940419,20240520,19940419,rare,5shot,0,EviDDIE,PT-17433139,JBIWCJUYHHGXTC,RZEKVGVHFLEQIL,1,1,0.50348473,0.85862184,0.15654016,0.17277423,cef85baa2df0893bc2964a3d3f36b9277e37b3c2f393a1c5de9d6dd48b09782c,643a91e0b9a1cc10067428184fff675682e61b9808c035aaa4af42bb81f063cc,d5b11d25f3b2415dc959ae176b1986eff29aab886b60ed1119de835aef19a109,ddddaf0
eviddie-20240520-19940419,20240520,19940419,rare,5shot,0,EviDDIE,PT-17433139,KEDYTOTWMPBSLG,KWGRBVOPPLSCSI,1,1,0.50349468,0.85813838,0.15716834,0.17345807,cef85baa2df0893bc2964a3d3f36b9277e37b3c2f393a1c5de9d6dd48b09782c,643a91e0b9a1cc10067428184fff675682e61b9808c035aaa4af42bb81f063cc,d5b11d25f3b2415dc959ae176b1986eff29aab886b60ed1119de835aef19a109,ddddaf0
eviddie-20240520-19940419,20240520,19940419,rare,5shot,0,EviDDIE,PT-17433139,ATALOFNDEOCMKK,RGHNJXZEOKUKBD,0,1,0.50350147,0.85765207,0.15780881,0.17413923,cef85baa2df0893bc2964a3d3f36b9277e37b3c2f393a1c5de9d6dd48b09782c,643a91e0b9a1cc10067428184fff675682e61b9808c035aaa4af42bb81f063cc,d5b11d25f3b2415dc959ae176b1986eff29aab886b60ed1119de835aef19a109,ddddaf0
eviddie-20240520-19940419,20240520,19940419,rare,5shot,0,EviDDIE,PT-17433139,ATALOFNDEOCMKK,BPRHUIZQVSMCRT,0,1,0.50348747,0.85845494,0.15675858,0.17300849,cef85baa2df0893bc2964a3d3f36b9277e37b3c2f393a1c5de9d6dd48b09782c,643a91e0b9a1cc10067428184fff675682e61b9808c035aaa4af42bb81f063cc,d5b11d25f3b2415dc959ae176b1986eff29aab886b60ed1119de835aef19a109,ddddaf0
eviddie-20240520-19940419,20240520,19940419,rare,5shot,0,EviDDIE,PT-17433139,BFPYWIDHMRZLRN,GJSURZIOUXUGAL,0,1,0.50349849,0.85784936,0.15754934,0.1738622,cef85baa2df0893bc2964a3d3f36b9277e37b3c2f393a1c5de9d6dd48b09782c,643a91e0b9a1cc10067428184fff675682e61b9808c035aaa4af42bb81f063cc,d5b11d25f3b2415dc959ae176b1986eff29aab886b60ed1119de835aef19a109,ddddaf0
eviddie-20240520-19940419,20240520,19940419,rare,5shot,0,EviDDIE,PT-17433139,BRUQQQPBMZOVGD,LXNHXLLTXMVWPM,0,1,0.50350481,0.85742527,0.15810731,0.17445771,cef85baa2df0893bc2964a3d3f36b9277e37b3c2f393a1c5de9d6dd48b09782c,643a91e0b9a1cc10067428184fff675682e61b9808c035aaa4af42bb81f063cc,d5b11d25f3b2415dc959ae176b1986eff29aab886b60ed1119de835aef19a109,ddddaf0
eviddie-20240520-19940419,20240520,19940419,rare,5shot,0,EviDDIE,PT-17433139,JBIWCJUYHHGXTC,KJADKKWYZYXHBB,0,1,0.50348139,0.85895056,0.15610534,0.17231748,cef85baa2df0893bc2964a3d3f36b9277e37b3c2f393a1c5de9d6dd48b09782c,643a91e0b9a1cc10067428184fff675682e61b9808c035aaa4af42bb81f063cc,d5b11d25f3b2415dc959ae176b1986eff29aab886b60ed1119de835aef19a109,ddddaf0
eviddie-20240520-19940419,20240520,19940419,rare,5shot,0,EviDDIE,PT-17433139,KEDYTOTWMPBSLG,ZQDWXGKKHFNSQK,0,1,0.50348574,0.85872537,0.15639845,0.17263505,cef85baa2df0893bc2964a3d3f36b9277e37b3c2f393a1c5de9d6dd48b09782c,643a91e0b9a1cc10067428184fff675682e61b9808c035aaa4af42bb81f063cc,d5b11d25f3b2415dc959ae176b1986eff29aab886b60ed1119de835aef19a109,ddddaf0
eviddie-20240520-19940419,20240520,19940419,rare,5shot,0,EviDDIE,PT-17529495,HTQMVQVXFRQIKW,IAVUPMFITXYVAF,1,1,0.50347853,0.85934168,0.15558559,0.17177734,cef85baa2df0893bc2964a3d3f36b9277e37b3c2f393a1c5de9d6dd48b09782c,643a91e0b9a1cc10067428184fff675682e61b9808c035aaa4af42bb81f063cc,d5b11d25f3b2415dc959ae176b1986eff29aab886b60ed1119de835aef19a109,ddddaf0
eviddie-20240520-19940419,20240520,19940419,rare,5shot,0,EviDDIE,PT-17529495,HTQMVQVXFRQIKW,NXFQHRVNIOXGAQ,1,1,0.50347251,0.86003143,0.15467303,0.17082343,cef85baa2df0893bc2964a3d3f36b9277e37b3c2f393a1c5de9d6dd48b09782c,643a91e0b9a1cc10067428184fff675682e61b9808c035aaa4af42bb81f063cc,d5b11d25f3b2415dc959ae176b1986eff29aab886b60ed1119de835aef19a109,ddddaf0
eviddie-20240520-19940419,20240520,19940419,rare,5shot,0,EviDDIE,PT-17529495,HXHWSAZORRCQMX,ITRJWOMZKQRYTA,1,1,0.50347763,0.85947925,0.15540281,0.17158763,cef85baa2df0893bc2964a3d3f36b9277e37b3c2f393a1c5de9d6dd48b09782c,643a91e0b9a1cc10067428184fff675682e61b9808c035aaa4af42bb81f063cc,d5b11d25f3b2415dc959ae176b1986eff29aab886b60ed1119de835aef19a109,ddddaf0
eviddie-20240520-19940419,20240520,19940419,rare,5shot,0,EviDDIE,PT-17529495,HXHWSAZORRCQMX,SUBDBMMJDZJVOS,1,1,0.50347859,0.85938412,0.1555284,0.17171955,cef85baa2df0893bc2964a3d3f36b9277e37b3c2f393a1c5de9d6dd48b09782c,643a91e0b9a1cc10067428184fff675682e61b9808c035aaa4af42bb81f063cc,d5b11d25f3b2415dc959ae176b1986eff29aab886b60ed1119de835aef19a109,ddddaf0
eviddie-20240520-19940419,20240520,19940419,rare,5shot,0,EviDDIE,PT-17529495,ITRJWOMZKQRYTA,XZWYZXLIPXDOLR,1,1,0.50351167,0.85706687,0.15857539,0.17496476,cef85baa2df0893bc2964a3d3f36b9277e37b3c2f393a1c5de9d6dd48b09782c,643a91e0b9a1cc10067428184fff675682e61b9808c035aaa4af42bb81f063cc,d5b11d25f3b2415dc959ae176b1986eff29aab886b60ed1119de835aef19a109,ddddaf0
eviddie-20240520-19940419,20240520,19940419,rare,5shot,0,EviDDIE,PT-17529495,KGFYHTZWPPHNLQ,ZZUFCTLCJUWOSV,1,1,0.50348747,0.85852873,0.15665902,0.17290768,cef85baa2df0893bc2964a3d3f36b9277e37b3c2f393a1c5de9d6dd48b09782c,643a91e0b9a1cc10067428184fff675682e61b9808c035aaa4af42bb81f063cc,d5b11d25f3b2415dc959ae176b1986eff29aab886b60ed1119de835aef19a109,ddddaf0
eviddie-20240520-19940419,20240520,19940419,rare,5shot,0,EviDDIE,PT-17529495,HTQMVQVXFRQIKW,XOFYZVNMUHMLCC,0,1,0.50347781,0.85944265,0.15545151,0.17163801,cef85baa2df0893bc2964a3d3f36b9277e37b3c2f393a1c5de9d6dd48b09782c,643a91e0b9a1cc10067428184fff675682e61b9808c035aaa4af42bb81f063cc,d5b11d25f3b2415dc959ae176b1986eff29aab886b60ed1119de835aef19a109,ddddaf0
eviddie-20240520-19940419,20240520,19940419,rare,5shot,0,EviDDIE,PT-17529495,HTQMVQVXFRQIKW,FELGMEQIXOGIFQ,0,1,0.50347698,0.85951936,0.15535048,0.17153141,cef85baa2df0893bc2964a3d3f36b9277e37b3c2f393a1c5de9d6dd48b09782c,643a91e0b9a1cc10067428184fff675682e61b9808c035aaa4af42bb81f063cc,d5b11d25f3b2415dc959ae176b1986eff29aab886b60ed1119de835aef19a109,ddddaf0
eviddie-20240520-19940419,20240520,19940419,rare,5shot,0,EviDDIE,PT-17529495,HXHWSAZORRCQMX,PYNXFZCZUAOOQC,0,1,0.50347716,0.85955262,0.15530525,0.17148645,cef85baa2df0893bc2964a3d3f36b9277e37b3c2f393a1c5de9d6dd48b09782c,643a91e0b9a1cc10067428184fff675682e61b9808c035aaa4af42bb81f063cc,d5b11d25f3b2415dc959ae176b1986eff29aab886b60ed1119de835aef19a109,ddddaf0
eviddie-20240520-19940419,20240520,19940419,rare,5shot,0,EviDDIE,PT-17529495,HXHWSAZORRCQMX,BPZSYCZIITTYBL,0,1,0.50347936,0.85938913,0.15551999,0.1717146,cef85baa2df0893bc2964a3d3f36b9277e37b3c2f393a1c5de9d6dd48b09782c,643a91e0b9a1cc10067428184fff675682e61b9808c035aaa4af42bb81f063cc,d5b11d25f3b2415dc959ae176b1986eff29aab886b60ed1119de835aef19a109,ddddaf0
eviddie-20240520-19940419,20240520,19940419,rare,5shot,0,EviDDIE,PT-17529495,ITRJWOMZKQRYTA,VWPOSFSPZNDTMJ,0,1,0.50349462,0.8579995,0.15735592,0.17364776,cef85baa2df0893bc2964a3d3f36b9277e37b3c2f393a1c5de9d6dd48b09782c,643a91e0b9a1cc10067428184fff675682e61b9808c035aaa4af42bb81f063cc,d5b11d25f3b2415dc959ae176b1986eff29aab886b60ed1119de835aef19a109,ddddaf0
eviddie-20240520-19940419,20240520,19940419,rare,5shot,0,EviDDIE,PT-17529495,KGFYHTZWPPHNLQ,FKNQFGJONOIPTF,0,1,0.50354099,0.85521072,0.16102147,0.17758341,cef85baa2df0893bc2964a3d3f36b9277e37b3c2f393a1c5de9d6dd48b09782c,643a91e0b9a1cc10067428184fff675682e61b9808c035aaa4af42bb81f063cc,d5b11d25f3b2415dc959ae176b1986eff29aab886b60ed1119de835aef19a109,ddddaf0
eviddie-20240520-19940419,20240520,19940419,rare,5shot,0,EviDDIE,PT-17556663,FFGPTBGBLSHEPO,MBUVEWMHONZEQD,1,1,0.50347525,0.85964459,0.15518595,0.17135681,cef85baa2df0893bc2964a3d3f36b9277e37b3c2f393a1c5de9d6dd48b09782c,643a91e0b9a1cc10067428184fff675682e61b9808c035aaa4af42bb81f063cc,d5b11d25f3b2415dc959ae176b1986eff29aab886b60ed1119de835aef19a109,ddddaf0
eviddie-20240520-19940419,20240520,19940419,rare,5shot,0,EviDDIE,PT-17556663,FFGPTBGBLSHEPO,ZRVUJXDFFKFLMG,1,1,0.50347358,0.85978335,0.15500349,0.17116377,cef85baa2df0893bc2964a3d3f36b9277e37b3c2f393a1c5de9d6dd48b09782c,643a91e0b9a1cc10067428184fff675682e61b9808c035aaa4af42bb81f063cc,d5b11d25f3b2415dc959ae176b1986eff29aab886b60ed1119de835aef19a109,ddddaf0
eviddie-20240520-19940419,20240520,19940419,rare,5shot,0,EviDDIE,PT-17556663,HYIMSNHJOBLJNT,NGBFQHCMQULJNZ,1,1,0.50347078,0.85996026,0.15477259,0.17091636,cef85baa2df0893bc2964a3d3f36b9277e37b3c2f393a1c5de9d6dd48b09782c,643a91e0b9a1cc10067428184fff675682e61b9808c035aaa4af42bb81f063cc,d5b11d25f3b2415dc959ae176b1986eff29aab886b60ed1119de835aef19a109,ddddaf0
eviddie-20240520-19940419,20240520,19940419,rare,5shot,0,EviDDIE,PT-17556663,HYIMSNHJOBLJNT,VOVIALXJUBGFJZ,1,1,0.50346875,0.86013514,0.15454242,0.17067358,cef85baa2df0893bc2964a3d3f36b9277e37b3c2f393a1c5de9d6dd48b09782c,643a91e0b9a1cc10067428184fff675682e61b9808c035aaa4af42bb81f063cc,d5b11d25f3b2415dc959ae176b1986eff29aab886b60ed1119de835aef19a109,ddddaf0
eviddie-20240520-19940419,20240520,19940419,rare,5shot,0,EviDDIE,PT-17556663,JIVPVXMEBJLZRO,VOVIALXJUBGFJZ,1,1,0.50348228,0.85890436,0.15616535,0.17238262,cef85baa2df0893bc2964a3d3f36b9277e37b3c2f393a1c5de9d6dd48b09782c,643a91e0b9a1cc10067428184fff675682e61b9808c035aaa4af42bb81f063cc,d5b11d25f3b2415dc959ae176b1986eff29aab886b60ed1119de835aef19a109,ddddaf0
eviddie-20240520-19940419,20240520,19940419,rare,5shot,0,EviDDIE,PT-17556663,JYGXADMDTFJGBT,NGBFQHCMQULJNZ,1,1,0.50349307,0.85805953,0.15727839,0.17356203,cef85baa2df0893bc2964a3d3f36b9277e37b3c2f393a1c5de9d6dd48b09782c,643a91e0b9a1cc10067428184fff675682e61b9808c035aaa4af42bb81f063cc,d5b11d25f3b2415dc959ae176b1986eff29aab886b60ed1119de835aef19a109,ddddaf0
eviddie-20240520-19940419,20240520,19940419,rare,5shot,0,EviDDIE,PT-17556663,FFGPTBGBLSHEPO,AQHHHDLHHXJYJD,0,1,0.50348324,0.85906303,0.15594965,0.17216831,cef85baa2df0893bc2964a3d3f36b9277e37b3c2f393a1c5de9d6dd48b09782c,643a91e0b9a1cc10067428184fff675682e61b9808c035aaa4af42bb81f063cc,d5b11d25f3b2415dc959ae176b1986eff29aab886b60ed1119de835aef19a109,ddddaf0
eviddie-20240520-19940419,20240520,19940419,rare,5shot,0,EviDDIE,PT-17556663,FFGPTBGBLSHEPO,NDAUXUAQIAJITI,0,1,0.50348306,0.85908353,0.15592246,0.17213984,cef85baa2df0893bc2964a3d3f36b9277e37b3c2f393a1c5de9d6dd48b09782c,643a91e0b9a1cc10067428184fff675682e61b9808c035aaa4af42bb81f063cc,d5b11d25f3b2415dc959ae176b1986eff29aab886b60ed1119de835aef19a109,ddddaf0
eviddie-20240520-19940419,20240520,19940419,rare,5shot,0,EviDDIE,PT-17556663,HYIMSNHJOBLJNT,VAAUVRVFOQPIGI,0,1,0.50345683,0.86112916,0.15323731,0.1692946,cef85baa2df0893bc2964a3d3f36b9277e37b3c2f393a1c5de9d6dd48b09782c,643a91e0b9a1cc10067428184fff675682e61b9808c035aaa4af42bb81f063cc,d5b11d25f3b2415dc959ae176b1986eff29aab886b60ed1119de835aef19a109,ddddaf0
eviddie-20240520-19940419,20240520,19940419,rare,5shot,0,EviDDIE,PT-17556663,HYIMSNHJOBLJNT,MVWVFYHBGMAFLY,0,1,0.50346696,0.86025888,0.15438026,0.17050111,cef85baa2df0893bc2964a3d3f36b9277e37b3c2f393a1c5de9d6dd48b09782c,643a91e0b9a1cc10067428184fff675682e61b9808c035aaa4af42bb81f063cc,d5b11d25f3b2415dc959ae176b1986eff29aab886b60ed1119de835aef19a109,ddddaf0
eviddie-20240520-19940419,20240520,19940419,rare,5shot,0,EviDDIE,PT-17556663,JIVPVXMEBJLZRO,RTHCYVBBDHJXIQ,0,1,0.50348765,0.85846257,0.15674788,0.17299847,cef85baa2df0893bc2964a3d3f36b9277e37b3c2f393a1c5de9d6dd48b09782c,643a91e0b9a1cc10067428184fff675682e61b9808c035aaa4af42bb81f063cc,d5b11d25f3b2415dc959ae176b1986eff29aab886b60ed1119de835aef19a109,ddddaf0
eviddie-20240520-19940419,20240520,19940419,rare,5shot,0,EviDDIE,PT-17556663,JYGXADMDTFJGBT,XZWYZXLIPXDOLR,0,1,0.50351459,0.85686779,0.15883788,0.1752445,cef85baa2df0893bc2964a3d3f36b9277e37b3c2f393a1c5de9d6dd48b09782c,643a91e0b9a1cc10067428184fff675682e61b9808c035aaa4af42bb81f063cc,d5b11d25f3b2415dc959ae176b1986eff29aab886b60ed1119de835aef19a109,ddddaf0
eviddie-20240520-19940419,20240520,19940419,rare,5shot,0,EviDDIE,PT-17730751,AGOYDEPGAOXOCK,FEBLZLNTKCEFIT,1,1,0.50349241,0.85804349,0.15730172,0.17358254,cef85baa2df0893bc2964a3d3f36b9277e37b3c2f393a1c5de9d6dd48b09782c,643a91e0b9a1cc10067428184fff675682e61b9808c035aaa4af42bb81f063cc,d5b11d25f3b2415dc959ae176b1986eff29aab886b60ed1119de835aef19a109,ddddaf0
eviddie-20240520-19940419,20240520,19940419,rare,5shot,0,EviDDIE,PT-17730751,AYXYPKUFHZROOJ,QRXWMOHMRWLFEY,1,1,0.5034892,0.85868037,0.15645079,0.17270461,cef85baa2df0893bc2964a3d3f36b9277e37b3c2f393a1c5de9d6dd48b09782c,643a91e0b9a1cc10067428184fff675682e61b9808c035aaa4af42bb81f063cc,d5b11d25f3b2415dc959ae176b1986eff29aab886b60ed1119de835aef19a109,ddddaf0
eviddie-20240520-19940419,20240520,19940419,rare,5shot,0,EviDDIE,PT-17730751,CNBGNNVCVSKAQZ,KUVIULQEHSCUHY,1,1,0.50348341,0.85895801,0.15609042,0.17231196,cef85baa2df0893bc2964a3d3f36b9277e37b3c2f393a1c5de9d6dd48b09782c,643a91e0b9a1cc10067428184fff675682e61b9808c035aaa4af42bb81f063cc,d5b11d25f3b2415dc959ae176b1986eff29aab886b60ed1119de835aef19a109,ddddaf0
eviddie-20240520-19940419,20240520,19940419,rare,5shot,0,EviDDIE,PT-17730751,FEBLZLNTKCEFIT,MQTOSJVFKKJCRP,1,1,0.50348878,0.85831749,0.15694074,0.17319936,cef85baa2df0893bc2964a3d3f36b9277e37b3c2f393a1c5de9d6dd48b09782c,643a91e0b9a1cc10067428184fff675682e61b9808c035aaa4af42bb81f063cc,d5b11d25f3b2415dc959ae176b1986eff29aab886b60ed1119de835aef19a109,ddddaf0
eviddie-20240520-19940419,20240520,19940419,rare,5shot,0,EviDDIE,PT-17730751,GFNANZIMVAIWHM,RYMZZMVNJRMUDD,1,1,0.50348884,0.85837829,0.15685871,0.17311651,cef85baa2df0893bc2964a3d3f36b9277e37b3c2f393a1c5de9d6dd48b09782c,643a91e0b9a1cc10067428184fff675682e61b9808c035aaa4af42bb81f063cc,d5b11d25f3b2415dc959ae176b1986eff29aab886b60ed1119de835aef19a109,ddddaf0
eviddie-20240520-19940419,20240520,19940419,rare,5shot,0,EviDDIE,PT-17730751,MOVRKLZUVNCBIP,QYSXJUFSXHHAJI,1,1,0.50348741,0.8585372,0.15664776,0.17289607,cef85baa2df0893bc2964a3d3f36b9277e37b3c2f393a1c5de9d6dd48b09782c,643a91e0b9a1cc10067428184fff675682e61b9808c035aaa4af42bb81f063cc,d5b11d25f3b2415dc959ae176b1986eff29aab886b60ed1119de835aef19a109,ddddaf0
eviddie-20240520-19940419,20240520,19940419,rare,5shot,0,EviDDIE,PT-17730751,MOVRKLZUVNCBIP,RYMZZMVNJRMUDD,1,1,0.50348639,0.85860544,0.15655844,0.17280024,cef85baa2df0893bc2964a3d3f36b9277e37b3c2f393a1c5de9d6dd48b09782c,643a91e0b9a1cc10067428184fff675682e61b9808c035aaa4af42bb81f063cc,d5b11d25f3b2415dc959ae176b1986eff29aab886b60ed1119de835aef19a109,ddddaf0
eviddie-20240520-19940419,20240520,19940419,rare,5shot,0,EviDDIE,PT-17730751,MOVRKLZUVNCBIP,UREBDLICKHMUKA,1,1,0.50348723,0.85852164,0.15666918,0.17291681,cef85baa2df0893bc2964a3d3f36b9277e37b3c2f393a1c5de9d6dd48b09782c,643a91e0b9a1cc10067428184fff675682e61b9808c035aaa4af42bb81f063cc,d5b11d25f3b2415dc959ae176b1986eff29aab886b60ed1119de835aef19a109,ddddaf0
eviddie-20240520-19940419,20240520,19940419,rare,5shot,0,EviDDIE,PT-17730751,MQTOSJVFKKJCRP,ZKLPARSLTMPFCP,1,1,0.50349283,0.85804796,0.15729456,0.17357747,cef85baa2df0893bc2964a3d3f36b9277e37b3c2f393a1c5de9d6dd48b09782c,643a91e0b9a1cc10067428184fff675682e61b9808c035aaa4af42bb81f063cc,d5b11d25f3b2415dc959ae176b1986eff29aab886b60ed1119de835aef19a109,ddddaf0
eviddie-20240520-19940419,20240520,19940419,rare,5shot,0,EviDDIE,PT-17730751,QRXWMOHMRWLFEY,RDOIQAHITMMDAJ,1,1,0.50346941,0.86023438,0.15440774,0.17054015,cef85baa2df0893bc2964a3d3f36b9277e37b3c2f393a1c5de9d6dd48b09782c,643a91e0b9a1cc10067428184fff675682e61b9808c035aaa4af42bb81f063cc,d5b11d25f3b2415dc959ae176b1986eff29aab886b60ed1119de835aef19a109,ddddaf0
eviddie-20240520-19940419,20240520,19940419,rare,5shot,0,EviDDIE,PT-17730751,AGOYDEPGAOXOCK,ATALOFNDEOCMKK,0,1,0.50349212,0.85803586,0.15731274,0.17359219,cef85baa2df0893bc2964a3d3f36b9277e37b3c2f393a1c5de9d6dd48b09782c,643a91e0b9a1cc10067428184fff675682e61b9808c035aaa4af42bb81f063cc,d5b11d25f3b2415dc959ae176b1986eff29aab886b60ed1119de835aef19a109,ddddaf0
eviddie-20240520-19940419,20240520,19940419,rare,5shot,0,EviDDIE,PT-17730751,AYXYPKUFHZROOJ,XXSMGPRMXLTPCZ,0,1,0.50348467,0.85896152,0.15608281,0.17231013,cef85baa2df0893bc2964a3d3f36b9277e37b3c2f393a1c5de9d6dd48b09782c,643a91e0b9a1cc10067428184fff675682e61b9808c035aaa4af42bb81f063cc,d5b11d25f3b2415dc959ae176b1986eff29aab886b60ed1119de835aef19a109,ddddaf0
eviddie-20240520-19940419,20240520,19940419,rare,5shot,0,EviDDIE,PT-17730751,CNBGNNVCVSKAQZ,TTWJBBZEZQICBI,0,1,0.50348884,0.85858136,0.15658492,0.17283897,cef85baa2df0893bc2964a3d3f36b9277e37b3c2f393a1c5de9d6dd48b09782c,643a91e0b9a1cc10067428184fff675682e61b9808c035aaa4af42bb81f063cc,d5b11d25f3b2415dc959ae176b1986eff29aab886b60ed1119de835aef19a109,ddddaf0
eviddie-20240520-19940419,20240520,19940419,rare,5shot,0,EviDDIE,PT-17730751,FEBLZLNTKCEFIT,LSQZJLSUYDQPKJ,0,1,0.50348568,0.85861742,0.15654375,0.17278242,cef85baa2df0893bc2964a3d3f36b9277e37b3c2f393a1c5de9d6dd48b09782c,643a91e0b9a1cc10067428184fff675682e61b9808c035aaa4af42bb81f063cc,d5b11d25f3b2415dc959ae176b1986eff29aab886b60ed1119de835aef19a109,ddddaf0
eviddie-20240520-19940419,20240520,19940419,rare,5shot,0,EviDDIE,PT-17730751,GFNANZIMVAIWHM,AGOYDEPGAOXOCK,0,1,0.50348741,0.85845751,0.15675524,0.17300493,cef85baa2df0893bc2964a3d3f36b9277e37b3c2f393a1c5de9d6dd48b09782c,643a91e0b9a1cc10067428184fff675682e61b9808c035aaa4af42bb81f063cc,d5b11d25f3b2415dc959ae176b1986eff29aab886b60ed1119de835aef19a109,ddddaf0
eviddie-20240520-19940419,20240520,19940419,rare,5shot,0,EviDDIE,PT-17730751,MOVRKLZUVNCBIP,VAAUVRVFOQPIGI,0,1,0.50347787,0.85930467,0.15563686,0.17182618,cef85baa2df0893bc2964a3d3f36b9277e37b3c2f393a1c5de9d6dd48b09782c,643a91e0b9a1cc10067428184fff675682e61b9808c035aaa4af42bb81f063cc,d5b11d25f3b2415dc959ae176b1986eff29aab886b60ed1119de835aef19a109,ddddaf0
eviddie-20240520-19940419,20240520,19940419,rare,5shot,0,EviDDIE,PT-17730751,MOVRKLZUVNCBIP,WVLOADHCBXTIJK,0,1,0.50348818,0.85845369,0.15675849,0.17301179,cef85baa2df0893bc2964a3d3f36b9277e37b3c2f393a1c5de9d6dd48b09782c,643a91e0b9a1cc10067428184fff675682e61b9808c035aaa4af42bb81f063cc,d5b11d25f3b2415dc959ae176b1986eff29aab886b60ed1119de835aef19a109,ddddaf0
eviddie-20240520-19940419,20240520,19940419,rare,5shot,0,EviDDIE,PT-17730751,MOVRKLZUVNCBIP,OGHNVEJMJSYVRP,0,1,0.5034883,0.85844642,0.15676795,0.17302205,cef85baa2df0893bc2964a3d3f36b9277e37b3c2f393a1c5de9d6dd48b09782c,643a91e0b9a1cc10067428184fff675682e61b9808c035aaa4af42bb81f063cc,d5b11d25f3b2415dc959ae176b1986eff29aab886b60ed1119de835aef19a109,ddddaf0
eviddie-20240520-19940419,20240520,19940419,rare,5shot,0,EviDDIE,PT-17730751,MQTOSJVFKKJCRP,ATALOFNDEOCMKK,0,1,0.50349236,0.85801125,0.15734524,0.17362639,cef85baa2df0893bc2964a3d3f36b9277e37b3c2f393a1c5de9d6dd48b09782c,643a91e0b9a1cc10067428184fff675682e61b9808c035aaa4af42bb81f063cc,d5b11d25f3b2415dc959ae176b1986eff29aab886b60ed1119de835aef19a109,ddddaf0
eviddie-20240520-19940419,20240520,19940419,rare,5shot,0,EviDDIE,PT-17730751,QRXWMOHMRWLFEY,PHIQHXFUZVPYII,0,1,0.5034861,0.8590467,0.15596484,0.17219733,cef85baa2df0893bc2964a3d3f36b9277e37b3c2f393a1c5de9d6dd48b09782c,643a91e0b9a1cc10067428184fff675682e61b9808c035aaa4af42bb81f063cc,d5b11d25f3b2415dc959ae176b1986eff29aab886b60ed1119de835aef19a109,ddddaf0
eviddie-20240520-19940419,20240520,19940419,rare,5shot,0,EviDDIE,PT-17750120,AYXYPKUFHZROOJ,XZWYZXLIPXDOLR,1,1,0.5035007,0.85794985,0.15740888,0.17372988,cef85baa2df0893bc2964a3d3f36b9277e37b3c2f393a1c5de9d6dd48b09782c,643a91e0b9a1cc10067428184fff675682e61b9808c035aaa4af42bb81f063cc,d5b11d25f3b2415dc959ae176b1986eff29aab886b60ed1119de835aef19a109,ddddaf0
eviddie-20240520-19940419,20240520,19940419,rare,5shot,0,EviDDIE,PT-17750120,FABPRXSRWADJSP,OIGNJSKKLXVSLS,1,1,0.50348645,0.85866046,0.15648402,0.17272529,cef85baa2df0893bc2964a3d3f36b9277e37b3c2f393a1c5de9d6dd48b09782c,643a91e0b9a1cc10067428184fff675682e61b9808c035aaa4af42bb81f063cc,d5b11d25f3b2415dc959ae176b1986eff29aab886b60ed1119de835aef19a109,ddddaf0
eviddie-20240520-19940419,20240520,19940419,rare,5shot,0,EviDDIE,PT-17750120,FABPRXSRWADJSP,WIKYUJGCLQQFNW,1,1,0.50348729,0.85858262,0.15658696,0.17283373,cef85baa2df0893bc2964a3d3f36b9277e37b3c2f393a1c5de9d6dd48b09782c,643a91e0b9a1cc10067428184fff675682e61b9808c035aaa4af42bb81f063cc,d5b11d25f3b2415dc959ae176b1986eff29aab886b60ed1119de835aef19a109,ddddaf0
eviddie-20240520-19940419,20240520,19940419,rare,5shot,0,EviDDIE,PT-17750120,KJADKKWYZYXHBB,XZWYZXLIPXDOLR,1,1,0.50351208,0.85698903,0.1586796,0.17507248,cef85baa2df0893bc2964a3d3f36b9277e37b3c2f393a1c5de9d6dd48b09782c,643a91e0b9a1cc10067428184fff675682e61b9808c035aaa4af42bb81f063cc,d5b11d25f3b2415dc959ae176b1986eff29aab886b60ed1119de835aef19a109,ddddaf0
eviddie-20240520-19940419,20240520,19940419,rare,5shot,0,EviDDIE,PT-17750120,KPYSYYIEGFHWSV,XZWYZXLIPXDOLR,1,1,0.50349861,0.85814029,0.15715669,0.1734646,cef85baa2df0893bc2964a3d3f36b9277e37b3c2f393a1c5de9d6dd48b09782c,643a91e0b9a1cc10067428184fff675682e61b9808c035aaa4af42bb81f063cc,d5b11d25f3b2415dc959ae176b1986eff29aab886b60ed1119de835aef19a109,ddddaf0
eviddie-20240520-19940419,20240520,19940419,rare,5shot,0,EviDDIE,PT-17750120,OGHNVEJMJSYVRP,WIKYUJGCLQQFNW,1,1,0.50348717,0.85863668,0.15651445,0.17275953,cef85baa2df0893bc2964a3d3f36b9277e37b3c2f393a1c5de9d6dd48b09782c,643a91e0b9a1cc10067428184fff675682e61b9808c035aaa4af42bb81f063cc,d5b11d25f3b2415dc959ae176b1986eff29aab886b60ed1119de835aef19a109,ddddaf0
eviddie-20240520-19940419,20240520,19940419,rare,5shot,0,EviDDIE,PT-17750120,AYXYPKUFHZROOJ,YPCRNBPOUVJVMU,0,1,0.50347894,0.85943991,0.15545264,0.17164429,cef85baa2df0893bc2964a3d3f36b9277e37b3c2f393a1c5de9d6dd48b09782c,643a91e0b9a1cc10067428184fff675682e61b9808c035aaa4af42bb81f063cc,d5b11d25f3b2415dc959ae176b1986eff29aab886b60ed1119de835aef19a109,ddddaf0
eviddie-20240520-19940419,20240520,19940419,rare,5shot,0,EviDDIE,PT-17750120,FABPRXSRWADJSP,CNBGNNVCVSKAQZ,0,1,0.50348699,0.85861093,0.15654929,0.1727943,cef85baa2df0893bc2964a3d3f36b9277e37b3c2f393a1c5de9d6dd48b09782c,643a91e0b9a1cc10067428184fff675682e61b9808c035aaa4af42bb81f063cc,d5b11d25f3b2415dc959ae176b1986eff29aab886b60ed1119de835aef19a109,ddddaf0
eviddie-20240520-19940419,20240520,19940419,rare,5shot,0,EviDDIE,PT-17750120,FABPRXSRWADJSP,XPCFTKFZXHTYIP,0,1,0.50348312,0.85896027,0.15608819,0.17230818,cef85baa2df0893bc2964a3d3f36b9277e37b3c2f393a1c5de9d6dd48b09782c,643a91e0b9a1cc10067428184fff675682e61b9808c035aaa4af42bb81f063cc,d5b11d25f3b2415dc959ae176b1986eff29aab886b60ed1119de835aef19a109,ddddaf0
eviddie-20240520-19940419,20240520,19940419,rare,5shot,0,EviDDIE,PT-17750120,KJADKKWYZYXHBB,IAVUPMFITXYVAF,0,1,0.50349045,0.85817838,0.15712421,0.17339349,cef85baa2df0893bc2964a3d3f36b9277e37b3c2f393a1c5de9d6dd48b09782c,643a91e0b9a1cc10067428184fff675682e61b9808c035aaa4af42bb81f063cc,d5b11d25f3b2415dc959ae176b1986eff29aab886b60ed1119de835aef19a109,ddddaf0
eviddie-20240520-19940419,20240520,19940419,rare,5shot,0,EviDDIE,PT-17750120,KPYSYYIEGFHWSV,KVWDHTXUZHCGIO,0,1,0.50347888,0.85942215,0.15547653,0.17166838,cef85baa2df0893bc2964a3d3f36b9277e37b3c2f393a1c5de9d6dd48b09782c,643a91e0b9a1cc10067428184fff675682e61b9808c035aaa4af42bb81f063cc,d5b11d25f3b2415dc959ae176b1986eff29aab886b60ed1119de835aef19a109,ddddaf0
eviddie-20240520-19940419,20240520,19940419,rare,5shot,0,EviDDIE,PT-17750120,OGHNVEJMJSYVRP,KWMLJOLKUYYJFJ,0,1,0.50349665,0.85809243,0.15722576,0.17352541,cef85baa2df0893bc2964a3d3f36b9277e37b3c2f393a1c5de9d6dd48b09782c,643a91e0b9a1cc10067428184fff675682e61b9808c035aaa4af42bb81f063cc,d5b11d25f3b2415dc959ae176b1986eff29aab886b60ed1119de835aef19a109,ddddaf0
eviddie-20240520-19940419,20240520,19940419,rare,5shot,0,EviDDIE,PT-17777361,ADEBPBSSDYVVLD,DGBIGWXXNGSACT,1,1,0.50348014,0.85925084,0.15570398,0.17190494,cef85baa2df0893bc2964a3d3f36b9277e37b3c2f393a1c5de9d6dd48b09782c,643a91e0b9a1cc10067428184fff675682e61b9808c035aaa4af42bb81f063cc,d5b11d25f3b2415dc959ae176b1986eff29aab886b60ed1119de835aef19a109,ddddaf0
eviddie-20240520-19940419,20240520,19940419,rare,5shot,0,EviDDIE,PT-17777361,BUGYDGFZZOZRHP,IQPSEEYGBUAQFF,1,1,0.50349218,0.85815734,0.15714873,0.1734263,cef85baa2df0893bc2964a3d3f36b9277e37b3c2f393a1c5de9d6dd48b09782c,643a91e0b9a1cc10067428184fff675682e61b9808c035aaa4af42bb81f063cc,d5b11d25f3b2415dc959ae176b1986eff29aab886b60ed1119de835aef19a109,ddddaf0
eviddie-20240520-19940419,20240520,19940419,rare,5shot,0,EviDDIE,PT-17777361,BUGYDGFZZOZRHP,XZWYZXLIPXDOLR,1,1,0.50351161,0.85710233,0.15852757,0.17491587,cef85baa2df0893bc2964a3d3f36b9277e37b3c2f393a1c5de9d6dd48b09782c,643a91e0b9a1cc10067428184fff675682e61b9808c035aaa4af42bb81f063cc,d5b11d25f3b2415dc959ae176b1986eff29aab886b60ed1119de835aef19a109,ddddaf0
eviddie-20240520-19940419,20240520,19940419,rare,5shot,0,EviDDIE,PT-17777361,DRHKJLXJIQTDTD,JUKPWJGBANNWMW,1,1,0.50348341,0.85885936,0.15622336,0.1724467,cef85baa2df0893bc2964a3d3f36b9277e37b3c2f393a1c5de9d6dd48b09782c,643a91e0b9a1cc10067428184fff675682e61b9808c035aaa4af42bb81f063cc,d5b11d25f3b2415dc959ae176b1986eff29aab886b60ed1119de835aef19a109,ddddaf0
eviddie-20240520-19940419,20240520,19940419,rare,5shot,0,EviDDIE,PT-17777361,IQPSEEYGBUAQFF,PYNXFZCZUAOOQC,1,1,0.50348258,0.85899776,0.15603897,0.17225584,cef85baa2df0893bc2964a3d3f36b9277e37b3c2f393a1c5de9d6dd48b09782c,643a91e0b9a1cc10067428184fff675682e61b9808c035aaa4af42bb81f063cc,d5b11d25f3b2415dc959ae176b1986eff29aab886b60ed1119de835aef19a109,ddddaf0
eviddie-20240520-19940419,20240520,19940419,rare,5shot,0,EviDDIE,PT-17777361,JUKPWJGBANNWMW,MAEIEVLCKWDQJH,1,1,0.50349599,0.85785544,0.15754712,0.1738482,cef85baa2df0893bc2964a3d3f36b9277e37b3c2f393a1c5de9d6dd48b09782c,643a91e0b9a1cc10067428184fff675682e61b9808c035aaa4af42bb81f063cc,d5b11d25f3b2415dc959ae176b1986eff29aab886b60ed1119de835aef19a109,ddddaf0
eviddie-20240520-19940419,20240520,19940419,rare,5shot,0,EviDDIE,PT-17777361,JUKPWJGBANNWMW,MBWXNTAXLNYFJB,1,1,0.50349027,0.85831255,0.15694404,0.17320955,cef85baa2df0893bc2964a3d3f36b9277e37b3c2f393a1c5de9d6dd48b09782c,643a91e0b9a1cc10067428184fff675682e61b9808c035aaa4af42bb81f063cc,d5b11d25f3b2415dc959ae176b1986eff29aab886b60ed1119de835aef19a109,ddddaf0
eviddie-20240520-19940419,20240520,19940419,rare,5shot,0,EviDDIE,PT-17777361,OGHNVEJMJSYVRP,RTHCYVBBDHJXIQ,1,1,0.5034911,0.85832477,0.15692544,0.17319486,cef85baa2df0893bc2964a3d3f36b9277e37b3c2f393a1c5de9d6dd48b09782c,643a91e0b9a1cc10067428184fff675682e61b9808c035aaa4af42bb81f063cc,d5b11d25f3b2415dc959ae176b1986eff29aab886b60ed1119de835aef19a109,ddddaf0
eviddie-20240520-19940419,20240520,19940419,rare,5shot,0,EviDDIE,PT-17777361,ADEBPBSSDYVVLD,JYGXADMDTFJGBT,0,1,0.503488,0.85853273,0.15665253,0.17290357,cef85baa2df0893bc2964a3d3f36b9277e37b3c2f393a1c5de9d6dd48b09782c,643a91e0b9a1cc10067428184fff675682e61b9808c035aaa4af42bb81f063cc,d5b11d25f3b2415dc959ae176b1986eff29aab886b60ed1119de835aef19a109,ddddaf0
eviddie-20240520-19940419,20240520,19940419,rare,5shot,0,EviDDIE,PT-17777361,BUGYDGFZZOZRHP,KEDYTOTWMPBSLG,0,1,0.50348741,0.85858947,0.1565772,0.17282456,cef85baa2df0893bc2964a3d3f36b9277e37b3c2f393a1c5de9d6dd48b09782c,643a91e0b9a1cc10067428184fff675682e61b9808c035aaa4af42bb81f063cc,d5b11d25f3b2415dc959ae176b1986eff29aab886b60ed1119de835aef19a109,ddddaf0
eviddie-20240520-19940419,20240520,19940419,rare,5shot,0,EviDDIE,PT-17777361,BUGYDGFZZOZRHP,XOFYZVNMUHMLCC,0,1,0.50348914,0.85842097,0.15680033,0.17305887,cef85baa2df0893bc2964a3d3f36b9277e37b3c2f393a1c5de9d6dd48b09782c,643a91e0b9a1cc10067428184fff675682e61b9808c035aaa4af42bb81f063cc,d5b11d25f3b2415dc959ae176b1986eff29aab886b60ed1119de835aef19a109,ddddaf0
eviddie-20240520-19940419,20240520,19940419,rare,5shot,0,EviDDIE,PT-17777361,DRHKJLXJIQTDTD,RZVAJINKPMORJF,0,1,0.50349468,0.85812575,0.1571856,0.17347527,cef85baa2df0893bc2964a3d3f36b9277e37b3c2f393a1c5de9d6dd48b09782c,643a91e0b9a1cc10067428184fff675682e61b9808c035aaa4af42bb81f063cc,d5b11d25f3b2415dc959ae176b1986eff29aab886b60ed1119de835aef19a109,ddddaf0
eviddie-20240520-19940419,20240520,19940419,rare,5shot,0,EviDDIE,PT-17777361,IQPSEEYGBUAQFF,DLNKOYKMWOXYQA,0,1,0.50349468,0.85815012,0.15715256,0.1734419,cef85baa2df0893bc2964a3d3f36b9277e37b3c2f393a1c5de9d6dd48b09782c,643a91e0b9a1cc10067428184fff675682e61b9808c035aaa4af42bb81f063cc,d5b11d25f3b2415dc959ae176b1986eff29aab886b60ed1119de835aef19a109,ddddaf0
eviddie-20240520-19940419,20240520,19940419,rare,5shot,0,EviDDIE,PT-17777361,JUKPWJGBANNWMW,QYSPLQLAKJAUJT,0,1,0.50349122,0.85818166,0.15711817,0.17339076,cef85baa2df0893bc2964a3d3f36b9277e37b3c2f393a1c5de9d6dd48b09782c,643a91e0b9a1cc10067428184fff675682e61b9808c035aaa4af42bb81f063cc,d5b11d25f3b2415dc959ae176b1986eff29aab886b60ed1119de835aef19a109,ddddaf0
eviddie-20240520-19940419,20240520,19940419,rare,5shot,0,EviDDIE,PT-17777361,JUKPWJGBANNWMW,FABPRXSRWADJSP,0,1,0.50348926,0.85834402,0.15690373,0.17316428,cef85baa2df0893bc2964a3d3f36b9277e37b3c2f393a1c5de9d6dd48b09782c,643a91e0b9a1cc10067428184fff675682e61b9808c035aaa4af42bb81f063cc,d5b11d25f3b2415dc959ae176b1986eff29aab886b60ed1119de835aef19a109,ddddaf0
eviddie-20240520-19940419,20240520,19940419,rare,5shot,0,EviDDIE,PT-17777361,OGHNVEJMJSYVRP,NBIIXXVUZAFLBC,0,1,0.50351602,0.85684258,0.1588686,0.17528249,cef85baa2df0893bc2964a3d3f36b9277e37b3c2f393a1c5de9d6dd48b09782c,643a91e0b9a1cc10067428184fff675682e61b9808c035aaa4af42bb81f063cc,d5b11d25f3b2415dc959ae176b1986eff29aab886b60ed1119de835aef19a109,ddddaf0
eviddie-20240520-19940419,20240520,19940419,rare,5shot,0,EviDDIE,PT-17926716,CEAZRRDELHUEMR,MAEIEVLCKWDQJH,1,1,0.50349593,0.85784632,0.15755951,0.17386045,cef85baa2df0893bc2964a3d3f36b9277e37b3c2f393a1c5de9d6dd48b09782c,643a91e0b9a1cc10067428184fff675682e61b9808c035aaa4af42bb81f063cc,d5b11d25f3b2415dc959ae176b1986eff29aab886b60ed1119de835aef19a109,ddddaf0
eviddie-20240520-19940419,20240520,19940419,rare,5shot,0,EviDDIE,PT-17926716,HSUGRBWQSSZJOP,UCTWMZQNUQWSLP,1,1,0.50349283,0.85825533,0.15701522,0.17329387,cef85baa2df0893bc2964a3d3f36b9277e37b3c2f393a1c5de9d6dd48b09782c,643a91e0b9a1cc10067428184fff675682e61b9808c035aaa4af42bb81f063cc,d5b11d25f3b2415dc959ae176b1986eff29aab886b60ed1119de835aef19a109,ddddaf0
eviddie-20240520-19940419,20240520,19940419,rare,5shot,0,EviDDIE,PT-17926716,HSUGRBWQSSZJOP,WIKYUJGCLQQFNW,1,1,0.50348449,0.85878986,0.1563143,0.17254397,cef85baa2df0893bc2964a3d3f36b9277e37b3c2f393a1c5de9d6dd48b09782c,643a91e0b9a1cc10067428184fff675682e61b9808c035aaa4af42bb81f063cc,d5b11d25f3b2415dc959ae176b1986eff29aab886b60ed1119de835aef19a109,ddddaf0
eviddie-20240520-19940419,20240520,19940419,rare,5shot,0,EviDDIE,PT-17926716,KDLRVYVGXIQJDK,VOVIALXJUBGFJZ,1,1,0.5034892,0.85835868,0.15688422,0.1731441,cef85baa2df0893bc2964a3d3f36b9277e37b3c2f393a1c5de9d6dd48b09782c,643a91e0b9a1cc10067428184fff675682e61b9808c035aaa4af42bb81f063cc,d5b11d25f3b2415dc959ae176b1986eff29aab886b60ed1119de835aef19a109,ddddaf0
eviddie-20240520-19940419,20240520,19940419,rare,5shot,0,EviDDIE,PT-17926716,RFHAOTPXVQNOHP,ZZVUWRFHKOJYTH,1,1,0.50348628,0.85874397,0.15637203,0.17261089,cef85baa2df0893bc2964a3d3f36b9277e37b3c2f393a1c5de9d6dd48b09782c,643a91e0b9a1cc10067428184fff675682e61b9808c035aaa4af42bb81f063cc,d5b11d25f3b2415dc959ae176b1986eff29aab886b60ed1119de835aef19a109,ddddaf0
eviddie-20240520-19940419,20240520,19940419,rare,5shot,0,EviDDIE,PT-17926716,VEGXETMJINRLTH,XOFYZVNMUHMLCC,1,1,0.50349194,0.85814679,0.15716363,0.17344005,cef85baa2df0893bc2964a3d3f36b9277e37b3c2f393a1c5de9d6dd48b09782c,643a91e0b9a1cc10067428184fff675682e61b9808c035aaa4af42bb81f063cc,d5b11d25f3b2415dc959ae176b1986eff29aab886b60ed1119de835aef19a109,ddddaf0
eviddie-20240520-19940419,20240520,19940419,rare,5shot,0,EviDDIE,PT-17926716,CEAZRRDELHUEMR,RAPZEAPATHNIPO,0,1,0.50349015,0.85824496,0.15703523,0.17330182,cef85baa2df0893bc2964a3d3f36b9277e37b3c2f393a1c5de9d6dd48b09782c,643a91e0b9a1cc10067428184fff675682e61b9808c035aaa4af42bb81f063cc,d5b11d25f3b2415dc959ae176b1986eff29aab886b60ed1119de835aef19a109,ddddaf0
eviddie-20240520-19940419,20240520,19940419,rare,5shot,0,EviDDIE,PT-17926716,HSUGRBWQSSZJOP,JCQLYHFGKNRPGE,0,1,0.50348413,0.85885423,0.15622835,0.17245546,cef85baa2df0893bc2964a3d3f36b9277e37b3c2f393a1c5de9d6dd48b09782c,643a91e0b9a1cc10067428184fff675682e61b9808c035aaa4af42bb81f063cc,d5b11d25f3b2415dc959ae176b1986eff29aab886b60ed1119de835aef19a109,ddddaf0
eviddie-20240520-19940419,20240520,19940419,rare,5shot,0,EviDDIE,PT-17926716,HSUGRBWQSSZJOP,FELGMEQIXOGIFQ,0,1,0.50348169,0.85902542,0.15600398,0.17221601,cef85baa2df0893bc2964a3d3f36b9277e37b3c2f393a1c5de9d6dd48b09782c,643a91e0b9a1cc10067428184fff675682e61b9808c035aaa4af42bb81f063cc,d5b11d25f3b2415dc959ae176b1986eff29aab886b60ed1119de835aef19a109,ddddaf0
eviddie-20240520-19940419,20240520,19940419,rare,5shot,0,EviDDIE,PT-17926716,KDLRVYVGXIQJDK,QZUDBNBUXVUHMW,0,1,0.50348932,0.85836792,0.15687171,0.17313173,cef85baa2df0893bc2964a3d3f36b9277e37b3c2f393a1c5de9d6dd48b09782c,643a91e0b9a1cc10067428184fff675682e61b9808c035aaa4af42bb81f063cc,d5b11d25f3b2415dc959ae176b1986eff29aab886b60ed1119de835aef19a109,ddddaf0
eviddie-20240520-19940419,20240520,19940419,rare,5shot,0,EviDDIE,PT-17926716,RFHAOTPXVQNOHP,WOFMFGQZHJDGCX,0,1,0.50348109,0.85913509,0.15585753,0.17206496,cef85baa2df0893bc2964a3d3f36b9277e37b3c2f393a1c5de9d6dd48b09782c,643a91e0b9a1cc10067428184fff675682e61b9808c035aaa4af42bb81f063cc,d5b11d25f3b2415dc959ae176b1986eff29aab886b60ed1119de835aef19a109,ddddaf0
eviddie-20240520-19940419,20240520,19940419,rare,5shot,0,EviDDIE,PT-17926716,VEGXETMJINRLTH,WIKYUJGCLQQFNW,0,1,0.5034942,0.85798854,0.15737166,0.17366178,cef85baa2df0893bc2964a3d3f36b9277e37b3c2f393a1c5de9d6dd48b09782c,643a91e0b9a1cc10067428184fff675682e61b9808c035aaa4af42bb81f063cc,d5b11d25f3b2415dc959ae176b1986eff29aab886b60ed1119de835aef19a109,ddddaf0
eviddie-20240520-19940419,20240520,19940419,rare,5shot,0,EviDDIE,PT-17936618,DCOPUUMXTXDBNB,MFYSYFVPBJMHGN,1,1,0.50347549,0.85963947,0.15519235,0.17136434,cef85baa2df0893bc2964a3d3f36b9277e37b3c2f393a1c5de9d6dd48b09782c,643a91e0b9a1cc10067428184fff675682e61b9808c035aaa4af42bb81f063cc,d5b11d25f3b2415dc959ae176b1986eff29aab886b60ed1119de835aef19a109,ddddaf0
eviddie-20240520-19940419,20240520,19940419,rare,5shot,0,EviDDIE,PT-17936618,HDACQVRGBOVJII,KRKNYBCHXYNGOX,1,1,0.50349593,0.85810298,0.15721317,0.17350934,cef85baa2df0893bc2964a3d3f36b9277e37b3c2f393a1c5de9d6dd48b09782c,643a91e0b9a1cc10067428184fff675682e61b9808c035aaa4af42bb81f063cc,d5b11d25f3b2415dc959ae176b1986eff29aab886b60ed1119de835aef19a109,ddddaf0
eviddie-20240520-19940419,20240520,19940419,rare,5shot,0,EviDDIE,PT-17936618,HSUGRBWQSSZJOP,JLKIGFTWXXRPMT,1,1,0.50348729,0.85850549,0.15669087,0.17293911,cef85baa2df0893bc2964a3d3f36b9277e37b3c2f393a1c5de9d6dd48b09782c,643a91e0b9a1cc10067428184fff675682e61b9808c035aaa4af42bb81f063cc,d5b11d25f3b2415dc959ae176b1986eff29aab886b60ed1119de835aef19a109,ddddaf0
eviddie-20240520-19940419,20240520,19940419,rare,5shot,0,EviDDIE,PT-17936618,HSUGRBWQSSZJOP,KWMLJOLKUYYJFJ,1,1,0.50349438,0.85818487,0.15710644,0.17339368,cef85baa2df0893bc2964a3d3f36b9277e37b3c2f393a1c5de9d6dd48b09782c,643a91e0b9a1cc10067428184fff675682e61b9808c035aaa4af42bb81f063cc,d5b11d25f3b2415dc959ae176b1986eff29aab886b60ed1119de835aef19a109,ddddaf0
eviddie-20240520-19940419,20240520,19940419,rare,5shot,0,EviDDIE,PT-17936618,HSUGRBWQSSZJOP,YPCRNBPOUVJVMU,1,1,0.50348133,0.85908258,0.15592757,0.1721372,cef85baa2df0893bc2964a3d3f36b9277e37b3c2f393a1c5de9d6dd48b09782c,643a91e0b9a1cc10067428184fff675682e61b9808c035aaa4af42bb81f063cc,d5b11d25f3b2415dc959ae176b1986eff29aab886b60ed1119de835aef19a109,ddddaf0
eviddie-20240520-19940419,20240520,19940419,rare,5shot,0,EviDDIE,PT-17936618,KRKNYBCHXYNGOX,ULGZDMOVFRHVEP,1,1,0.50346273,0.86063254,0.15388894,0.169983,cef85baa2df0893bc2964a3d3f36b9277e37b3c2f393a1c5de9d6dd48b09782c,643a91e0b9a1cc10067428184fff675682e61b9808c035aaa4af42bb81f063cc,d5b11d25f3b2415dc959ae176b1986eff29aab886b60ed1119de835aef19a109,ddddaf0
eviddie-20240520-19940419,20240520,19940419,rare,5shot,0,EviDDIE,PT-17936618,OEYIOHPDSNJKLS,WXURHACBFYSXBI,1,1,0.50348175,0.85923904,0.15571645,0.17192475,cef85baa2df0893bc2964a3d3f36b9277e37b3c2f393a1c5de9d6dd48b09782c,643a91e0b9a1cc10067428184fff675682e61b9808c035aaa4af42bb81f063cc,d5b11d25f3b2415dc959ae176b1986eff29aab886b60ed1119de835aef19a109,ddddaf0
eviddie-20240520-19940419,20240520,19940419,rare,5shot,0,EviDDIE,PT-17936618,XXSMGPRMXLTPCZ,ZKLPARSLTMPFCP,1,1,0.50348753,0.85863894,0.1565105,0.17275722,cef85baa2df0893bc2964a3d3f36b9277e37b3c2f393a1c5de9d6dd48b09782c,643a91e0b9a1cc10067428184fff675682e61b9808c035aaa4af42bb81f063cc,d5b11d25f3b2415dc959ae176b1986eff29aab886b60ed1119de835aef19a109,ddddaf0
eviddie-20240520-19940419,20240520,19940419,rare,5shot,0,EviDDIE,PT-17936618,DCOPUUMXTXDBNB,XZWYZXLIPXDOLR,0,1,0.50349611,0.85829169,0.1569584,0.17325173,cef85baa2df0893bc2964a3d3f36b9277e37b3c2f393a1c5de9d6dd48b09782c,643a91e0b9a1cc10067428184fff675682e61b9808c035aaa4af42bb81f063cc,d5b11d25f3b2415dc959ae176b1986eff29aab886b60ed1119de835aef19a109,ddddaf0
eviddie-20240520-19940419,20240520,19940419,rare,5shot,0,EviDDIE,PT-17936618,HDACQVRGBOVJII,LSQZJLSUYDQPKJ,0,1,0.50347912,0.85926807,0.15568326,0.17187911,cef85baa2df0893bc2964a3d3f36b9277e37b3c2f393a1c5de9d6dd48b09782c,643a91e0b9a1cc10067428184fff675682e61b9808c035aaa4af42bb81f063cc,d5b11d25f3b2415dc959ae176b1986eff29aab886b60ed1119de835aef19a109,ddddaf0
eviddie-20240520-19940419,20240520,19940419,rare,5shot,0,EviDDIE,PT-17936618,HSUGRBWQSSZJOP,OGHNVEJMJSYVRP,0,1,0.50348419,0.85882252,0.15627109,0.17249879,cef85baa2df0893bc2964a3d3f36b9277e37b3c2f393a1c5de9d6dd48b09782c,643a91e0b9a1cc10067428184fff675682e61b9808c035aaa4af42bb81f063cc,d5b11d25f3b2415dc959ae176b1986eff29aab886b60ed1119de835aef19a109,ddddaf0
eviddie-20240520-19940419,20240520,19940419,rare,5shot,0,EviDDIE,PT-17936618,HSUGRBWQSSZJOP,KDLRVYVGXIQJDK,0,1,0.50348282,0.85895449,0.15609676,0.17231551,cef85baa2df0893bc2964a3d3f36b9277e37b3c2f393a1c5de9d6dd48b09782c,643a91e0b9a1cc10067428184fff675682e61b9808c035aaa4af42bb81f063cc,d5b11d25f3b2415dc959ae176b1986eff29aab886b60ed1119de835aef19a109,ddddaf0
eviddie-20240520-19940419,20240520,19940419,rare,5shot,0,EviDDIE,PT-17936618,HSUGRBWQSSZJOP,PYNXFZCZUAOOQC,0,1,0.50348216,0.85900849,0.15602539,0.17224032,cef85baa2df0893bc2964a3d3f36b9277e37b3c2f393a1c5de9d6dd48b09782c,643a91e0b9a1cc10067428184fff675682e61b9808c035aaa4af42bb81f063cc,d5b11d25f3b2415dc959ae176b1986eff29aab886b60ed1119de835aef19a109,ddddaf0
eviddie-20240520-19940419,20240520,19940419,rare,5shot,0,EviDDIE,PT-17936618,KRKNYBCHXYNGOX,KGFYHTZWPPHNLQ,0,1,0.503465,0.86049098,0.15407358,0.17018078,cef85baa2df0893bc2964a3d3f36b9277e37b3c2f393a1c5de9d6dd48b09782c,643a91e0b9a1cc10067428184fff675682e61b9808c035aaa4af42bb81f063cc,d5b11d25f3b2415dc959ae176b1986eff29aab886b60ed1119de835aef19a109,ddddaf0
eviddie-20240520-19940419,20240520,19940419,rare,5shot,0,EviDDIE,PT-17936618,OEYIOHPDSNJKLS,UJLAWZDWDVHWOW,0,1,0.50348145,0.85923672,0.15572007,0.17192727,cef85baa2df0893bc2964a3d3f36b9277e37b3c2f393a1c5de9d6dd48b09782c,643a91e0b9a1cc10067428184fff675682e61b9808c035aaa4af42bb81f063cc,d5b11d25f3b2415dc959ae176b1986eff29aab886b60ed1119de835aef19a109,ddddaf0
eviddie-20240520-19940419,20240520,19940419,rare,5shot,0,EviDDIE,PT-17936618,XXSMGPRMXLTPCZ,QAOWNCQODCNURD,0,1,0.50350696,0.85749477,0.15800829,0.17436747,cef85baa2df0893bc2964a3d3f36b9277e37b3c2f393a1c5de9d6dd48b09782c,643a91e0b9a1cc10067428184fff675682e61b9808c035aaa4af42bb81f063cc,d5b11d25f3b2415dc959ae176b1986eff29aab886b60ed1119de835aef19a109,ddddaf0
eviddie-20240520-19940419,20240520,19940419,rare,5shot,0,EviDDIE,PT-17999685,CMWTZPSULFXXJA,PMRYVIKBURPHAH,1,1,0.50348347,0.85914159,0.1558433,0.17206167,cef85baa2df0893bc2964a3d3f36b9277e37b3c2f393a1c5de9d6dd48b09782c,643a91e0b9a1cc10067428184fff675682e61b9808c035aaa4af42bb81f063cc,d5b11d25f3b2415dc959ae176b1986eff29aab886b60ed1119de835aef19a109,ddddaf0
eviddie-20240520-19940419,20240520,19940419,rare,5shot,0,EviDDIE,PT-17999685,DCOPUUMXTXDBNB,PMRYVIKBURPHAH,1,1,0.50348318,0.85912412,0.15586749,0.17208496,cef85baa2df0893bc2964a3d3f36b9277e37b3c2f393a1c5de9d6dd48b09782c,643a91e0b9a1cc10067428184fff675682e61b9808c035aaa4af42bb81f063cc,d5b11d25f3b2415dc959ae176b1986eff29aab886b60ed1119de835aef19a109,ddddaf0
eviddie-20240520-19940419,20240520,19940419,rare,5shot,0,EviDDIE,PT-17999685,GJSURZIOUXUGAL,LXMSZDCAJNLERA,1,1,0.50348151,0.85917926,0.15579714,0.17200582,cef85baa2df0893bc2964a3d3f36b9277e37b3c2f393a1c5de9d6dd48b09782c,643a91e0b9a1cc10067428184fff675682e61b9808c035aaa4af42bb81f063cc,d5b11d25f3b2415dc959ae176b1986eff29aab886b60ed1119de835aef19a109,ddddaf0
eviddie-20240520-19940419,20240520,19940419,rare,5shot,0,EviDDIE,PT-17999685,NNJVILVZKWQKPM,PMRYVIKBURPHAH,1,1,0.50348824,0.8586995,0.1564274,0.17267616,cef85baa2df0893bc2964a3d3f36b9277e37b3c2f393a1c5de9d6dd48b09782c,643a91e0b9a1cc10067428184fff675682e61b9808c035aaa4af42bb81f063cc,d5b11d25f3b2415dc959ae176b1986eff29aab886b60ed1119de835aef19a109,ddddaf0
eviddie-20240520-19940419,20240520,19940419,rare,5shot,0,EviDDIE,PT-17999685,PMRYVIKBURPHAH,RFHAOTPXVQNOHP,1,1,0.50346589,0.86058658,0.15394345,0.17005292,cef85baa2df0893bc2964a3d3f36b9277e37b3c2f393a1c5de9d6dd48b09782c,643a91e0b9a1cc10067428184fff675682e61b9808c035aaa4af42bb81f063cc,d5b11d25f3b2415dc959ae176b1986eff29aab886b60ed1119de835aef19a109,ddddaf0
eviddie-20240520-19940419,20240520,19940419,rare,5shot,0,EviDDIE,PT-17999685,PMRYVIKBURPHAH,XOFYZVNMUHMLCC,1,1,0.50346267,0.86088705,0.15354818,0.16963693,cef85baa2df0893bc2964a3d3f36b9277e37b3c2f393a1c5de9d6dd48b09782c,643a91e0b9a1cc10067428184fff675682e61b9808c035aaa4af42bb81f063cc,d5b11d25f3b2415dc959ae176b1986eff29aab886b60ed1119de835aef19a109,ddddaf0
eviddie-20240520-19940419,20240520,19940419,rare,5shot,0,EviDDIE,PT-17999685,CMWTZPSULFXXJA,UCTWMZQNUQWSLP,0,1,0.50348574,0.85895544,0.15608852,0.17232093,cef85baa2df0893bc2964a3d3f36b9277e37b3c2f393a1c5de9d6dd48b09782c,643a91e0b9a1cc10067428184fff675682e61b9808c035aaa4af42bb81f063cc,d5b11d25f3b2415dc959ae176b1986eff29aab886b60ed1119de835aef19a109,ddddaf0
eviddie-20240520-19940419,20240520,19940419,rare,5shot,0,EviDDIE,PT-17999685,DCOPUUMXTXDBNB,XZWYZXLIPXDOLR,0,1,0.50349611,0.85829169,0.15695843,0.17325173,cef85baa2df0893bc2964a3d3f36b9277e37b3c2f393a1c5de9d6dd48b09782c,643a91e0b9a1cc10067428184fff675682e61b9808c035aaa4af42bb81f063cc,d5b11d25f3b2415dc959ae176b1986eff29aab886b60ed1119de835aef19a109,ddddaf0
eviddie-20240520-19940419,20240520,19940419,rare,5shot,0,EviDDIE,PT-17999685,GJSURZIOUXUGAL,YOZNUFWCRFCGIH,0,1,0.50347549,0.85964352,0.15518692,0.17135872,cef85baa2df0893bc2964a3d3f36b9277e37b3c2f393a1c5de9d6dd48b09782c,643a91e0b9a1cc10067428184fff675682e61b9808c035aaa4af42bb81f063cc,d5b11d25f3b2415dc959ae176b1986eff29aab886b60ed1119de835aef19a109,ddddaf0
eviddie-20240520-19940419,20240520,19940419,rare,5shot,0,EviDDIE,PT-17999685,NNJVILVZKWQKPM,IEDVJHCEMCRBQM,0,1,0.50348204,0.85914242,0.1558454,0.17205727,cef85baa2df0893bc2964a3d3f36b9277e37b3c2f393a1c5de9d6dd48b09782c,643a91e0b9a1cc10067428184fff675682e61b9808c035aaa4af42bb81f063cc,d5b11d25f3b2415dc959ae176b1986eff29aab886b60ed1119de835aef19a109,ddddaf0
eviddie-20240520-19940419,20240520,19940419,rare,5shot,0,EviDDIE,PT-17999685,PMRYVIKBURPHAH,JSDRRTOADPPCHY,0,1,0.50345916,0.86118931,0.1531515,0.16921829,cef85baa2df0893bc2964a3d3f36b9277e37b3c2f393a1c5de9d6dd48b09782c,643a91e0b9a1cc10067428184fff675682e61b9808c035aaa4af42bb81f063cc,d5b11d25f3b2415dc959ae176b1986eff29aab886b60ed1119de835aef19a109,ddddaf0
eviddie-20240520-19940419,20240520,19940419,rare,5shot,0,EviDDIE,PT-17999685,PMRYVIKBURPHAH,XXSMGPRMXLTPCZ,0,1,0.50346965,0.86035389,0.15424676,0.17037795,cef85baa2df0893bc2964a3d3f36b9277e37b3c2f393a1c5de9d6dd48b09782c,643a91e0b9a1cc10067428184fff675682e61b9808c035aaa4af42bb81f063cc,d5b11d25f3b2415dc959ae176b1986eff29aab886b60ed1119de835aef19a109,ddddaf0
eviddie-20240520-19940419,20240520,19940419,rare,5shot,0,EviDDIE,PT-18257545,DRHKJLXJIQTDTD,QYSXJUFSXHHAJI,1,1,0.50348413,0.85884112,0.15624622,0.17247322,cef85baa2df0893bc2964a3d3f36b9277e37b3c2f393a1c5de9d6dd48b09782c,643a91e0b9a1cc10067428184fff675682e61b9808c035aaa4af42bb81f063cc,d5b11d25f3b2415dc959ae176b1986eff29aab886b60ed1119de835aef19a109,ddddaf0
eviddie-20240520-19940419,20240520,19940419,rare,5shot,0,EviDDIE,PT-18257545,MOYKHGMNXAOIAT,NNJVILVZKWQKPM,1,1,0.50348163,0.85921502,0.15574881,0.17195728,cef85baa2df0893bc2964a3d3f36b9277e37b3c2f393a1c5de9d6dd48b09782c,643a91e0b9a1cc10067428184fff675682e61b9808c035aaa4af42bb81f063cc,d5b11d25f3b2415dc959ae176b1986eff29aab886b60ed1119de835aef19a109,ddddaf0
eviddie-20240520-19940419,20240520,19940419,rare,5shot,0,EviDDIE,PT-18257545,MOYKHGMNXAOIAT,XFYDIVBRZNQMJC,1,1,0.5034765,0.85955828,0.15529916,0.17147726,cef85baa2df0893bc2964a3d3f36b9277e37b3c2f393a1c5de9d6dd48b09782c,643a91e0b9a1cc10067428184fff675682e61b9808c035aaa4af42bb81f063cc,d5b11d25f3b2415dc959ae176b1986eff29aab886b60ed1119de835aef19a109,ddddaf0
eviddie-20240520-19940419,20240520,19940419,rare,5shot,0,EviDDIE,PT-18257545,MOYKHGMNXAOIAT,XPCFTKFZXHTYIP,1,1,0.50347245,0.8599093,0.15483689,0.17098962,cef85baa2df0893bc2964a3d3f36b9277e37b3c2f393a1c5de9d6dd48b09782c,643a91e0b9a1cc10067428184fff675682e61b9808c035aaa4af42bb81f063cc,d5b11d25f3b2415dc959ae176b1986eff29aab886b60ed1119de835aef19a109,ddddaf0
eviddie-20240520-19940419,20240520,19940419,rare,5shot,0,EviDDIE,PT-18257545,QWCRAEMEVRGPNT,SNPPWIUOZRMYNY,1,1,0.50349951,0.85771948,0.1577222,0.17404237,cef85baa2df0893bc2964a3d3f36b9277e37b3c2f393a1c5de9d6dd48b09782c,643a91e0b9a1cc10067428184fff675682e61b9808c035aaa4af42bb81f063cc,d5b11d25f3b2415dc959ae176b1986eff29aab886b60ed1119de835aef19a109,ddddaf0
eviddie-20240520-19940419,20240520,19940419,rare,5shot,0,EviDDIE,PT-18257545,QWCRAEMEVRGPNT,ZRVUJXDFFKFLMG,1,1,0.50348818,0.85846084,0.15674883,0.17300208,cef85baa2df0893bc2964a3d3f36b9277e37b3c2f393a1c5de9d6dd48b09782c,643a91e0b9a1cc10067428184fff675682e61b9808c035aaa4af42bb81f063cc,d5b11d25f3b2415dc959ae176b1986eff29aab886b60ed1119de835aef19a109,ddddaf0
eviddie-20240520-19940419,20240520,19940419,rare,5shot,0,EviDDIE,PT-18257545,XFYDIVBRZNQMJC,YWXYYJSYQOXTPL,1,1,0.50348037,0.85939157,0.15551431,0.17171352,cef85baa2df0893bc2964a3d3f36b9277e37b3c2f393a1c5de9d6dd48b09782c,643a91e0b9a1cc10067428184fff675682e61b9808c035aaa4af42bb81f063cc,d5b11d25f3b2415dc959ae176b1986eff29aab886b60ed1119de835aef19a109,ddddaf0
eviddie-20240520-19940419,20240520,19940419,rare,5shot,0,EviDDIE,PT-18257545,DRHKJLXJIQTDTD,FABPRXSRWADJSP,0,1,0.50348139,0.85903066,0.15599732,0.1722082,cef85baa2df0893bc2964a3d3f36b9277e37b3c2f393a1c5de9d6dd48b09782c,643a91e0b9a1cc10067428184fff675682e61b9808c035aaa4af42bb81f063cc,d5b11d25f3b2415dc959ae176b1986eff29aab886b60ed1119de835aef19a109,ddddaf0
eviddie-20240520-19940419,20240520,19940419,rare,5shot,0,EviDDIE,PT-18257545,MOYKHGMNXAOIAT,SNIOPGDIGTZGOP,0,1,0.50347692,0.85976356,0.15502241,0.17119861,cef85baa2df0893bc2964a3d3f36b9277e37b3c2f393a1c5de9d6dd48b09782c,643a91e0b9a1cc10067428184fff675682e61b9808c035aaa4af42bb81f063cc,d5b11d25f3b2415dc959ae176b1986eff29aab886b60ed1119de835aef19a109,ddddaf0
eviddie-20240520-19940419,20240520,19940419,rare,5shot,0,EviDDIE,PT-18257545,MOYKHGMNXAOIAT,OGHNVEJMJSYVRP,0,1,0.50347722,0.85950857,0.15536413,0.17154665,cef85baa2df0893bc2964a3d3f36b9277e37b3c2f393a1c5de9d6dd48b09782c,643a91e0b9a1cc10067428184fff675682e61b9808c035aaa4af42bb81f063cc,d5b11d25f3b2415dc959ae176b1986eff29aab886b60ed1119de835aef19a109,ddddaf0
eviddie-20240520-19940419,20240520,19940419,rare,5shot,0,EviDDIE,PT-18257545,MOYKHGMNXAOIAT,QYSPLQLAKJAUJT,0,1,0.50347489,0.85967076,0.15515183,0.17132023,cef85baa2df0893bc2964a3d3f36b9277e37b3c2f393a1c5de9d6dd48b09782c,643a91e0b9a1cc10067428184fff675682e61b9808c035aaa4af42bb81f063cc,d5b11d25f3b2415dc959ae176b1986eff29aab886b60ed1119de835aef19a109,ddddaf0
eviddie-20240520-19940419,20240520,19940419,rare,5shot,0,EviDDIE,PT-18257545,QWCRAEMEVRGPNT,FABPRXSRWADJSP,0,1,0.50348806,0.85850239,0.15669316,0.17294498,cef85baa2df0893bc2964a3d3f36b9277e37b3c2f393a1c5de9d6dd48b09782c,643a91e0b9a1cc10067428184fff675682e61b9808c035aaa4af42bb81f063cc,d5b11d25f3b2415dc959ae176b1986eff29aab886b60ed1119de835aef19a109,ddddaf0
eviddie-20240520-19940419,20240520,19940419,rare,5shot,0,EviDDIE,PT-18257545,QWCRAEMEVRGPNT,MQTOSJVFKKJCRP,0,1,0.50348848,0.8584373,0.15678009,0.17303492,cef85baa2df0893bc2964a3d3f36b9277e37b3c2f393a1c5de9d6dd48b09782c,643a91e0b9a1cc10067428184fff675682e61b9808c035aaa4af42bb81f063cc,d5b11d25f3b2415dc959ae176b1986eff29aab886b60ed1119de835aef19a109,ddddaf0
eviddie-20240520-19940419,20240520,19940419,rare,5shot,0,EviDDIE,PT-18257545,XFYDIVBRZNQMJC,NCEXYHBECQHGNR,0,1,0.50348085,0.85919333,0.15577975,0.17198499,cef85baa2df0893bc2964a3d3f36b9277e37b3c2f393a1c5de9d6dd48b09782c,643a91e0b9a1cc10067428184fff675682e61b9808c035aaa4af42bb81f063cc,d5b11d25f3b2415dc959ae176b1986eff29aab886b60ed1119de835aef19a109,ddddaf0
eviddie-20240520-19940419,20240520,19940419,rare,5shot,0,EviDDIE,PT-18328537,ACWBQPMHZXGDFX,AYXYPKUFHZROOJ,1,1,0.50349766,0.85804874,0.15728235,0.17358761,cef85baa2df0893bc2964a3d3f36b9277e37b3c2f393a1c5de9d6dd48b09782c,643a91e0b9a1cc10067428184fff675682e61b9808c035aaa4af42bb81f063cc,d5b11d25f3b2415dc959ae176b1986eff29aab886b60ed1119de835aef19a109,ddddaf0
eviddie-20240520-19940419,20240520,19940419,rare,5shot,0,EviDDIE,PT-18328537,ACWBQPMHZXGDFX,KUVIULQEHSCUHY,1,1,0.50347865,0.85931176,0.15562564,0.17181839,cef85baa2df0893bc2964a3d3f36b9277e37b3c2f393a1c5de9d6dd48b09782c,643a91e0b9a1cc10067428184fff675682e61b9808c035aaa4af42bb81f063cc,d5b11d25f3b2415dc959ae176b1986eff29aab886b60ed1119de835aef19a109,ddddaf0
eviddie-20240520-19940419,20240520,19940419,rare,5shot,0,EviDDIE,PT-18328537,BVKZGUZCCUSVTD,KUVIULQEHSCUHY,1,1,0.5034675,0.86025393,0.15438579,0.17050895,cef85baa2df0893bc2964a3d3f36b9277e37b3c2f393a1c5de9d6dd48b09782c,643a91e0b9a1cc10067428184fff675682e61b9808c035aaa4af42bb81f063cc,d5b11d25f3b2415dc959ae176b1986eff29aab886b60ed1119de835aef19a109,ddddaf0
eviddie-20240520-19940419,20240520,19940419,rare,5shot,0,EviDDIE,PT-18328537,GBBSUAFBMRNDJC,NBIIXXVUZAFLBC,1,1,0.50351471,0.85693073,0.15875252,0.17515855,cef85baa2df0893bc2964a3d3f36b9277e37b3c2f393a1c5de9d6dd48b09782c,643a91e0b9a1cc10067428184fff675682e61b9808c035aaa4af42bb81f063cc,d5b11d25f3b2415dc959ae176b1986eff29aab886b60ed1119de835aef19a109,ddddaf0
eviddie-20240520-19940419,20240520,19940419,rare,5shot,0,EviDDIE,PT-18328537,JLKIGFTWXXRPMT,QAOWNCQODCNURD,1,1,0.50349492,0.8583138,0.1569315,0.17321874,cef85baa2df0893bc2964a3d3f36b9277e37b3c2f393a1c5de9d6dd48b09782c,643a91e0b9a1cc10067428184fff675682e61b9808c035aaa4af42bb81f063cc,d5b11d25f3b2415dc959ae176b1986eff29aab886b60ed1119de835aef19a109,ddddaf0
eviddie-20240520-19940419,20240520,19940419,rare,5shot,0,EviDDIE,PT-18328537,RYMZZMVNJRMUDD,SNICXCGAKADSCV,1,1,0.50349468,0.85804391,0.15729569,0.1735872,cef85baa2df0893bc2964a3d3f36b9277e37b3c2f393a1c5de9d6dd48b09782c,643a91e0b9a1cc10067428184fff675682e61b9808c035aaa4af42bb81f063cc,d5b11d25f3b2415dc959ae176b1986eff29aab886b60ed1119de835aef19a109,ddddaf0
eviddie-20240520-19940419,20240520,19940419,rare,5shot,0,EviDDIE,PT-18328537,VEXZGXHMUGYJMC,VWPOSFSPZNDTMJ,1,1,0.5034644,0.86065412,0.15385625,0.1699575,cef85baa2df0893bc2964a3d3f36b9277e37b3c2f393a1c5de9d6dd48b09782c,643a91e0b9a1cc10067428184fff675682e61b9808c035aaa4af42bb81f063cc,d5b11d25f3b2415dc959ae176b1986eff29aab886b60ed1119de835aef19a109,ddddaf0
eviddie-20240520-19940419,20240520,19940419,rare,5shot,0,EviDDIE,PT-18328537,ACWBQPMHZXGDFX,TVYLLZQTGLZFBW,0,1,0.50348318,0.85897338,0.15607038,0.17229046,cef85baa2df0893bc2964a3d3f36b9277e37b3c2f393a1c5de9d6dd48b09782c,643a91e0b9a1cc10067428184fff675682e61b9808c035aaa4af42bb81f063cc,d5b11d25f3b2415dc959ae176b1986eff29aab886b60ed1119de835aef19a109,ddddaf0
eviddie-20240520-19940419,20240520,19940419,rare,5shot,0,EviDDIE,PT-18328537,ACWBQPMHZXGDFX,RAPZEAPATHNIPO,0,1,0.50347835,0.85931528,0.1556215,0.17181294,cef85baa2df0893bc2964a3d3f36b9277e37b3c2f393a1c5de9d6dd48b09782c,643a91e0b9a1cc10067428184fff675682e61b9808c035aaa4af42bb81f063cc,d5b11d25f3b2415dc959ae176b1986eff29aab886b60ed1119de835aef19a109,ddddaf0
eviddie-20240520-19940419,20240520,19940419,rare,5shot,0,EviDDIE,PT-18328537,BVKZGUZCCUSVTD,VEQOALNAAJBPNY,0,1,0.50347173,0.85993993,0.15479757,0.17094634,cef85baa2df0893bc2964a3d3f36b9277e37b3c2f393a1c5de9d6dd48b09782c,643a91e0b9a1cc10067428184fff675682e61b9808c035aaa4af42bb81f063cc,d5b11d25f3b2415dc959ae176b1986eff29aab886b60ed1119de835aef19a109,ddddaf0
eviddie-20240520-19940419,20240520,19940419,rare,5shot,0,EviDDIE,PT-18328537,GBBSUAFBMRNDJC,KWGRBVOPPLSCSI,0,1,0.50349456,0.85817647,0.15711741,0.17340571,cef85baa2df0893bc2964a3d3f36b9277e37b3c2f393a1c5de9d6dd48b09782c,643a91e0b9a1cc10067428184fff675682e61b9808c035aaa4af42bb81f063cc,d5b11d25f3b2415dc959ae176b1986eff29aab886b60ed1119de835aef19a109,ddddaf0
eviddie-20240520-19940419,20240520,19940419,rare,5shot,0,EviDDIE,PT-18328537,JLKIGFTWXXRPMT,BPZSYCZIITTYBL,0,1,0.50347793,0.8594144,0.15548943,0.17167671,cef85baa2df0893bc2964a3d3f36b9277e37b3c2f393a1c5de9d6dd48b09782c,643a91e0b9a1cc10067428184fff675682e61b9808c035aaa4af42bb81f063cc,d5b11d25f3b2415dc959ae176b1986eff29aab886b60ed1119de835aef19a109,ddddaf0
eviddie-20240520-19940419,20240520,19940419,rare,5shot,0,EviDDIE,PT-18328537,RYMZZMVNJRMUDD,ZRVUJXDFFKFLMG,0,1,0.5034858,0.85861391,0.15654814,0.17278749,cef85baa2df0893bc2964a3d3f36b9277e37b3c2f393a1c5de9d6dd48b09782c,643a91e0b9a1cc10067428184fff675682e61b9808c035aaa4af42bb81f063cc,d5b11d25f3b2415dc959ae176b1986eff29aab886b60ed1119de835aef19a109,ddddaf0
eviddie-20240520-19940419,20240520,19940419,rare,5shot,0,EviDDIE,PT-18328537,VEXZGXHMUGYJMC,XXSMGPRMXLTPCZ,0,1,0.50346631,0.86053395,0.15401305,0.17012538,cef85baa2df0893bc2964a3d3f36b9277e37b3c2f393a1c5de9d6dd48b09782c,643a91e0b9a1cc10067428184fff675682e61b9808c035aaa4af42bb81f063cc,d5b11d25f3b2415dc959ae176b1986eff29aab886b60ed1119de835aef19a109,ddddaf0
eviddie-20240520-19940419,20240520,19940419,rare,5shot,0,EviDDIE,PT-18339940,DCOPUUMXTXDBNB,HTIQEAQVCYTUBX,1,1,0.50347495,0.85973376,0.15506704,0.17123467,cef85baa2df0893bc2964a3d3f36b9277e37b3c2f393a1c5de9d6dd48b09782c,643a91e0b9a1cc10067428184fff675682e61b9808c035aaa4af42bb81f063cc,d5b11d25f3b2415dc959ae176b1986eff29aab886b60ed1119de835aef19a109,ddddaf0
eviddie-20240520-19940419,20240520,19940419,rare,5shot,0,EviDDIE,PT-18339940,DIWRORZWFLOCLC,LXNHXLLTXMVWPM,1,1,0.50348991,0.85851634,0.15666997,0.17293029,cef85baa2df0893bc2964a3d3f36b9277e37b3c2f393a1c5de9d6dd48b09782c,643a91e0b9a1cc10067428184fff675682e61b9808c035aaa4af42bb81f063cc,d5b11d25f3b2415dc959ae176b1986eff29aab886b60ed1119de835aef19a109,ddddaf0
eviddie-20240520-19940419,20240520,19940419,rare,5shot,0,EviDDIE,PT-18339940,FELGMEQIXOGIFQ,KQKPFRSPSRPDEB,1,1,0.50348735,0.85864168,0.15650739,0.17275316,cef85baa2df0893bc2964a3d3f36b9277e37b3c2f393a1c5de9d6dd48b09782c,643a91e0b9a1cc10067428184fff675682e61b9808c035aaa4af42bb81f063cc,d5b11d25f3b2415dc959ae176b1986eff29aab886b60ed1119de835aef19a109,ddddaf0
eviddie-20240520-19940419,20240520,19940419,rare,5shot,0,EviDDIE,PT-18339940,KJADKKWYZYXHBB,KWTSXDURSIMDCE,1,1,0.50350404,0.85738635,0.15816149,0.17450914,cef85baa2df0893bc2964a3d3f36b9277e37b3c2f393a1c5de9d6dd48b09782c,643a91e0b9a1cc10067428184fff675682e61b9808c035aaa4af42bb81f063cc,d5b11d25f3b2415dc959ae176b1986eff29aab886b60ed1119de835aef19a109,ddddaf0
eviddie-20240520-19940419,20240520,19940419,rare,5shot,0,EviDDIE,PT-18339940,KJADKKWYZYXHBB,VYZAMTAEIAYCRO,1,1,0.5035339,0.85549897,0.16064696,0.1771701,cef85baa2df0893bc2964a3d3f36b9277e37b3c2f393a1c5de9d6dd48b09782c,643a91e0b9a1cc10067428184fff675682e61b9808c035aaa4af42bb81f063cc,d5b11d25f3b2415dc959ae176b1986eff29aab886b60ed1119de835aef19a109,ddddaf0
eviddie-20240520-19940419,20240520,19940419,rare,5shot,0,EviDDIE,PT-18339940,KQKPFRSPSRPDEB,LXMSZDCAJNLERA,1,1,0.50348163,0.85905761,0.15596066,0.17217211,cef85baa2df0893bc2964a3d3f36b9277e37b3c2f393a1c5de9d6dd48b09782c,643a91e0b9a1cc10067428184fff675682e61b9808c035aaa4af42bb81f063cc,d5b11d25f3b2415dc959ae176b1986eff29aab886b60ed1119de835aef19a109,ddddaf0
eviddie-20240520-19940419,20240520,19940419,rare,5shot,0,EviDDIE,PT-18339940,KQKPFRSPSRPDEB,MBWXNTAXLNYFJB,1,1,0.50348043,0.85919553,0.15577772,0.17198102,cef85baa2df0893bc2964a3d3f36b9277e37b3c2f393a1c5de9d6dd48b09782c,643a91e0b9a1cc10067428184fff675682e61b9808c035aaa4af42bb81f063cc,d5b11d25f3b2415dc959ae176b1986eff29aab886b60ed1119de835aef19a109,ddddaf0
eviddie-20240520-19940419,20240520,19940419,rare,5shot,0,EviDDIE,PT-18339940,KQKPFRSPSRPDEB,ZZUFCTLCJUWOSV,1,1,0.50348639,0.85863394,0.15651986,0.1727615,cef85baa2df0893bc2964a3d3f36b9277e37b3c2f393a1c5de9d6dd48b09782c,643a91e0b9a1cc10067428184fff675682e61b9808c035aaa4af42bb81f063cc,d5b11d25f3b2415dc959ae176b1986eff29aab886b60ed1119de835aef19a109,ddddaf0
eviddie-20240520-19940419,20240520,19940419,rare,5shot,0,EviDDIE,PT-18339940,DCOPUUMXTXDBNB,VEXZGXHMUGYJMC,0,1,0.50350749,0.85767823,0.15775932,0.17411746,cef85baa2df0893bc2964a3d3f36b9277e37b3c2f393a1c5de9d6dd48b09782c,643a91e0b9a1cc10067428184fff675682e61b9808c035aaa4af42bb81f063cc,d5b11d25f3b2415dc959ae176b1986eff29aab886b60ed1119de835aef19a109,ddddaf0
eviddie-20240520-19940419,20240520,19940419,rare,5shot,0,EviDDIE,PT-18339940,DIWRORZWFLOCLC,KGFYHTZWPPHNLQ,0,1,0.50347871,0.85934359,0.15558258,0.17177506,cef85baa2df0893bc2964a3d3f36b9277e37b3c2f393a1c5de9d6dd48b09782c,643a91e0b9a1cc10067428184fff675682e61b9808c035aaa4af42bb81f063cc,d5b11d25f3b2415dc959ae176b1986eff29aab886b60ed1119de835aef19a109,ddddaf0
eviddie-20240520-19940419,20240520,19940419,rare,5shot,0,EviDDIE,PT-18339940,FELGMEQIXOGIFQ,RZVAJINKPMORJF,0,1,0.50349408,0.85828233,0.15697579,0.17325968,cef85baa2df0893bc2964a3d3f36b9277e37b3c2f393a1c5de9d6dd48b09782c,643a91e0b9a1cc10067428184fff675682e61b9808c035aaa4af42bb81f063cc,d5b11d25f3b2415dc959ae176b1986eff29aab886b60ed1119de835aef19a109,ddddaf0
eviddie-20240520-19940419,20240520,19940419,rare,5shot,0,EviDDIE,PT-18339940,KJADKKWYZYXHBB,MBMBGCFOFBJSGT,0,1,0.50348353,0.85888588,0.15618743,0.17241079,cef85baa2df0893bc2964a3d3f36b9277e37b3c2f393a1c5de9d6dd48b09782c,643a91e0b9a1cc10067428184fff675682e61b9808c035aaa4af42bb81f063cc,d5b11d25f3b2415dc959ae176b1986eff29aab886b60ed1119de835aef19a109,ddddaf0
eviddie-20240520-19940419,20240520,19940419,rare,5shot,0,EviDDIE,PT-18339940,KJADKKWYZYXHBB,CEAZRRDELHUEMR,0,1,0.50349003,0.85825932,0.15701628,0.17328183,cef85baa2df0893bc2964a3d3f36b9277e37b3c2f393a1c5de9d6dd48b09782c,643a91e0b9a1cc10067428184fff675682e61b9808c035aaa4af42bb81f063cc,d5b11d25f3b2415dc959ae176b1986eff29aab886b60ed1119de835aef19a109,ddddaf0
eviddie-20240520-19940419,20240520,19940419,rare,5shot,0,EviDDIE,PT-18339940,KQKPFRSPSRPDEB,DCOPUUMXTXDBNB,0,1,0.50348282,0.85901332,0.15601744,0.17223518,cef85baa2df0893bc2964a3d3f36b9277e37b3c2f393a1c5de9d6dd48b09782c,643a91e0b9a1cc10067428184fff675682e61b9808c035aaa4af42bb81f063cc,d5b11d25f3b2415dc959ae176b1986eff29aab886b60ed1119de835aef19a109,ddddaf0
eviddie-20240520-19940419,20240520,19940419,rare,5shot,0,EviDDIE,PT-18339940,KQKPFRSPSRPDEB,JCQLYHFGKNRPGE,0,1,0.50348288,0.85899848,0.15603708,0.17225567,cef85baa2df0893bc2964a3d3f36b9277e37b3c2f393a1c5de9d6dd48b09782c,643a91e0b9a1cc10067428184fff675682e61b9808c035aaa4af42bb81f063cc,d5b11d25f3b2415dc959ae176b1986eff29aab886b60ed1119de835aef19a109,ddddaf0
eviddie-20240520-19940419,20240520,19940419,rare,5shot,0,EviDDIE,PT-18339940,KQKPFRSPSRPDEB,BPZSYCZIITTYBL,0,1,0.50348312,0.85898226,0.15605853,0.17227815,cef85baa2df0893bc2964a3d3f36b9277e37b3c2f393a1c5de9d6dd48b09782c,643a91e0b9a1cc10067428184fff675682e61b9808c035aaa4af42bb81f063cc,d5b11d25f3b2415dc959ae176b1986eff29aab886b60ed1119de835aef19a109,ddddaf0
eviddie-20240520-19940419,20240520,19940419,rare,5shot,0,EviDDIE,PT-18343320,CDAISMWEOUEBRE,HEFNNWSXXWATRW,1,1,0.50349295,0.85829395,0.1569628,0.17324127,cef85baa2df0893bc2964a3d3f36b9277e37b3c2f393a1c5de9d6dd48b09782c,643a91e0b9a1cc10067428184fff675682e61b9808c035aaa4af42bb81f063cc,d5b11d25f3b2415dc959ae176b1986eff29aab886b60ed1119de835aef19a109,ddddaf0
eviddie-20240520-19940419,20240520,19940419,rare,5shot,0,EviDDIE,PT-18343320,CDAISMWEOUEBRE,NCEXYHBECQHGNR,1,1,0.50348872,0.85849071,0.15670733,0.17296255,cef85baa2df0893bc2964a3d3f36b9277e37b3c2f393a1c5de9d6dd48b09782c,643a91e0b9a1cc10067428184fff675682e61b9808c035aaa4af42bb81f063cc,d5b11d25f3b2415dc959ae176b1986eff29aab886b60ed1119de835aef19a109,ddddaf0
eviddie-20240520-19940419,20240520,19940419,rare,5shot,0,EviDDIE,PT-18343320,JYGXADMDTFJGBT,UJLAWZDWDVHWOW,1,1,0.50349158,0.85818857,0.15710813,0.17338219,cef85baa2df0893bc2964a3d3f36b9277e37b3c2f393a1c5de9d6dd48b09782c,643a91e0b9a1cc10067428184fff675682e61b9808c035aaa4af42bb81f063cc,d5b11d25f3b2415dc959ae176b1986eff29aab886b60ed1119de835aef19a109,ddddaf0
eviddie-20240520-19940419,20240520,19940419,rare,5shot,0,EviDDIE,PT-18343320,PGBHMTALBVVCIT,ZRVUJXDFFKFLMG,1,1,0.50348812,0.85836965,0.15687187,0.17312661,cef85baa2df0893bc2964a3d3f36b9277e37b3c2f393a1c5de9d6dd48b09782c,643a91e0b9a1cc10067428184fff675682e61b9808c035aaa4af42bb81f063cc,d5b11d25f3b2415dc959ae176b1986eff29aab886b60ed1119de835aef19a109,ddddaf0
eviddie-20240520-19940419,20240520,19940419,rare,5shot,0,EviDDIE,PT-18343320,QYSPLQLAKJAUJT,TVYLLZQTGLZFBW,1,1,0.50347918,0.85926378,0.15568894,0.17188497,cef85baa2df0893bc2964a3d3f36b9277e37b3c2f393a1c5de9d6dd48b09782c,643a91e0b9a1cc10067428184fff675682e61b9808c035aaa4af42bb81f063cc,d5b11d25f3b2415dc959ae176b1986eff29aab886b60ed1119de835aef19a109,ddddaf0
eviddie-20240520-19940419,20240520,19940419,rare,5shot,0,EviDDIE,PT-18343320,RLAWWYSOJDYHDC,UOZODPSAJZTQNH,1,1,0.50347817,0.8593452,0.15558188,0.17177168,cef85baa2df0893bc2964a3d3f36b9277e37b3c2f393a1c5de9d6dd48b09782c,643a91e0b9a1cc10067428184fff675682e61b9808c035aaa4af42bb81f063cc,d5b11d25f3b2415dc959ae176b1986eff29aab886b60ed1119de835aef19a109,ddddaf0
eviddie-20240520-19940419,20240520,19940419,rare,5shot,0,EviDDIE,PT-18343320,RZVAJINKPMORJF,UJLAWZDWDVHWOW,1,1,0.50347286,0.85995358,0.15477648,0.17093039,cef85baa2df0893bc2964a3d3f36b9277e37b3c2f393a1c5de9d6dd48b09782c,643a91e0b9a1cc10067428184fff675682e61b9808c035aaa4af42bb81f063cc,d5b11d25f3b2415dc959ae176b1986eff29aab886b60ed1119de835aef19a109,ddddaf0
eviddie-20240520-19940419,20240520,19940419,rare,5shot,0,EviDDIE,PT-18343320,CDAISMWEOUEBRE,QZUDBNBUXVUHMW,0,1,0.50348777,0.85863394,0.1565167,0.17276467,cef85baa2df0893bc2964a3d3f36b9277e37b3c2f393a1c5de9d6dd48b09782c,643a91e0b9a1cc10067428184fff675682e61b9808c035aaa4af42bb81f063cc,d5b11d25f3b2415dc959ae176b1986eff29aab886b60ed1119de835aef19a109,ddddaf0
eviddie-20240520-19940419,20240520,19940419,rare,5shot,0,EviDDIE,PT-18343320,CDAISMWEOUEBRE,CEAZRRDELHUEMR,0,1,0.50348747,0.85865432,0.15648983,0.17273608,cef85baa2df0893bc2964a3d3f36b9277e37b3c2f393a1c5de9d6dd48b09782c,643a91e0b9a1cc10067428184fff675682e61b9808c035aaa4af42bb81f063cc,d5b11d25f3b2415dc959ae176b1986eff29aab886b60ed1119de835aef19a109,ddddaf0
eviddie-20240520-19940419,20240520,19940419,rare,5shot,0,EviDDIE,PT-18343320,JYGXADMDTFJGBT,IAVUPMFITXYVAF,0,1,0.50349289,0.85805535,0.15728447,0.1735674,cef85baa2df0893bc2964a3d3f36b9277e37b3c2f393a1c5de9d6dd48b09782c,643a91e0b9a1cc10067428184fff675682e61b9808c035aaa4af42bb81f063cc,d5b11d25f3b2415dc959ae176b1986eff29aab886b60ed1119de835aef19a109,ddddaf0
eviddie-20240520-19940419,20240520,19940419,rare,5shot,0,EviDDIE,PT-18343320,PGBHMTALBVVCIT,AGOYDEPGAOXOCK,0,1,0.50348824,0.85834086,0.15691026,0.17316622,cef85baa2df0893bc2964a3d3f36b9277e37b3c2f393a1c5de9d6dd48b09782c,643a91e0b9a1cc10067428184fff675682e61b9808c035aaa4af42bb81f063cc,d5b11d25f3b2415dc959ae176b1986eff29aab886b60ed1119de835aef19a109,ddddaf0
eviddie-20240520-19940419,20240520,19940419,rare,5shot,0,EviDDIE,PT-18343320,QYSPLQLAKJAUJT,QAOWNCQODCNURD,0,1,0.5034945,0.85832417,0.15691836,0.17320354,cef85baa2df0893bc2964a3d3f36b9277e37b3c2f393a1c5de9d6dd48b09782c,643a91e0b9a1cc10067428184fff675682e61b9808c035aaa4af42bb81f063cc,d5b11d25f3b2415dc959ae176b1986eff29aab886b60ed1119de835aef19a109,ddddaf0
eviddie-20240520-19940419,20240520,19940419,rare,5shot,0,EviDDIE,PT-18343320,RLAWWYSOJDYHDC,ZEUITGRIYCTCEM,0,1,0.50348389,0.85889786,0.15617032,0.17239523,cef85baa2df0893bc2964a3d3f36b9277e37b3c2f393a1c5de9d6dd48b09782c,643a91e0b9a1cc10067428184fff675682e61b9808c035aaa4af42bb81f063cc,d5b11d25f3b2415dc959ae176b1986eff29aab886b60ed1119de835aef19a109,ddddaf0
eviddie-20240520-19940419,20240520,19940419,rare,5shot,0,EviDDIE,PT-18343320,RZVAJINKPMORJF,CURUTKGFNZGFSE,0,1,0.50347507,0.85984039,0.1549235,0.1710896,cef85baa2df0893bc2964a3d3f36b9277e37b3c2f393a1c5de9d6dd48b09782c,643a91e0b9a1cc10067428184fff675682e61b9808c035aaa4af42bb81f063cc,d5b11d25f3b2415dc959ae176b1986eff29aab886b60ed1119de835aef19a109,ddddaf0
eviddie-20240520-19940419,20240520,19940419,rare,5shot,0,EviDDIE,PT-18358513,JZUFKLXOESDKRF,YWXYYJSYQOXTPL,1,1,0.50348085,0.85916108,0.15582317,0.17202899,cef85baa2df0893bc2964a3d3f36b9277e37b3c2f393a1c5de9d6dd48b09782c,643a91e0b9a1cc10067428184fff675682e61b9808c035aaa4af42bb81f063cc,d5b11d25f3b2415dc959ae176b1986eff29aab886b60ed1119de835aef19a109,ddddaf0
eviddie-20240520-19940419,20240520,19940419,rare,5shot,0,EviDDIE,PT-18358513,KLDXJTOLSGUMSJ,OEYIOHPDSNJKLS,1,1,0.50351954,0.85663092,0.15914664,0.1755811,cef85baa2df0893bc2964a3d3f36b9277e37b3c2f393a1c5de9d6dd48b09782c,643a91e0b9a1cc10067428184fff675682e61b9808c035aaa4af42bb81f063cc,d5b11d25f3b2415dc959ae176b1986eff29aab886b60ed1119de835aef19a109,ddddaf0
eviddie-20240520-19940419,20240520,19940419,rare,5shot,0,EviDDIE,PT-18358513,NDAUXUAQIAJITI,YWXYYJSYQOXTPL,1,1,0.50348634,0.85882735,0.15625946,0.17249724,cef85baa2df0893bc2964a3d3f36b9277e37b3c2f393a1c5de9d6dd48b09782c,643a91e0b9a1cc10067428184fff675682e61b9808c035aaa4af42bb81f063cc,d5b11d25f3b2415dc959ae176b1986eff29aab886b60ed1119de835aef19a109,ddddaf0
eviddie-20240520-19940419,20240520,19940419,rare,5shot,0,EviDDIE,PT-18358513,PHIQHXFUZVPYII,YWXYYJSYQOXTPL,1,1,0.5034793,0.85945171,0.15543574,0.17162909,cef85baa2df0893bc2964a3d3f36b9277e37b3c2f393a1c5de9d6dd48b09782c,643a91e0b9a1cc10067428184fff675682e61b9808c035aaa4af42bb81f063cc,d5b11d25f3b2415dc959ae176b1986eff29aab886b60ed1119de835aef19a109,ddddaf0
eviddie-20240520-19940419,20240520,19940419,rare,5shot,0,EviDDIE,PT-18358513,VOVIALXJUBGFJZ,XZWYZXLIPXDOLR,1,1,0.50351429,0.85686797,0.15883832,0.17524368,cef85baa2df0893bc2964a3d3f36b9277e37b3c2f393a1c5de9d6dd48b09782c,643a91e0b9a1cc10067428184fff675682e61b9808c035aaa4af42bb81f063cc,d5b11d25f3b2415dc959ae176b1986eff29aab886b60ed1119de835aef19a109,ddddaf0
eviddie-20240520-19940419,20240520,19940419,rare,5shot,0,EviDDIE,PT-18358513,YOZNUFWCRFCGIH,YWXYYJSYQOXTPL,1,1,0.50348669,0.85860133,0.15656318,0.17280664,cef85baa2df0893bc2964a3d3f36b9277e37b3c2f393a1c5de9d6dd48b09782c,643a91e0b9a1cc10067428184fff675682e61b9808c035aaa4af42bb81f063cc,d5b11d25f3b2415dc959ae176b1986eff29aab886b60ed1119de835aef19a109,ddddaf0
eviddie-20240520-19940419,20240520,19940419,rare,5shot,0,EviDDIE,PT-18358513,JZUFKLXOESDKRF,AGOYDEPGAOXOCK,0,1,0.50347567,0.85944009,0.15546004,0.17163651,cef85baa2df0893bc2964a3d3f36b9277e37b3c2f393a1c5de9d6dd48b09782c,643a91e0b9a1cc10067428184fff675682e61b9808c035aaa4af42bb81f063cc,d5b11d25f3b2415dc959ae176b1986eff29aab886b60ed1119de835aef19a109,ddddaf0
eviddie-20240520-19940419,20240520,19940419,rare,5shot,0,EviDDIE,PT-18358513,KLDXJTOLSGUMSJ,RLAWWYSOJDYHDC,0,1,0.50348508,0.85888535,0.15618421,0.17241512,cef85baa2df0893bc2964a3d3f36b9277e37b3c2f393a1c5de9d6dd48b09782c,643a91e0b9a1cc10067428184fff675682e61b9808c035aaa4af42bb81f063cc,d5b11d25f3b2415dc959ae176b1986eff29aab886b60ed1119de835aef19a109,ddddaf0
eviddie-20240520-19940419,20240520,19940419,rare,5shot,0,EviDDIE,PT-18358513,NDAUXUAQIAJITI,KJADKKWYZYXHBB,0,1,0.5034861,0.85869986,0.15643179,0.17267077,cef85baa2df0893bc2964a3d3f36b9277e37b3c2f393a1c5de9d6dd48b09782c,643a91e0b9a1cc10067428184fff675682e61b9808c035aaa4af42bb81f063cc,d5b11d25f3b2415dc959ae176b1986eff29aab886b60ed1119de835aef19a109,ddddaf0
eviddie-20240520-19940419,20240520,19940419,rare,5shot,0,EviDDIE,PT-18358513,PHIQHXFUZVPYII,RDOIQAHITMMDAJ,0,1,0.50347519,0.85966903,0.1551535,0.17132328,cef85baa2df0893bc2964a3d3f36b9277e37b3c2f393a1c5de9d6dd48b09782c,643a91e0b9a1cc10067428184fff675682e61b9808c035aaa4af42bb81f063cc,d5b11d25f3b2415dc959ae176b1986eff29aab886b60ed1119de835aef19a109,ddddaf0
eviddie-20240520-19940419,20240520,19940419,rare,5shot,0,EviDDIE,PT-18358513,VOVIALXJUBGFJZ,LXMSZDCAJNLERA,0,1,0.50349206,0.85812634,0.1571908,0.17346834,cef85baa2df0893bc2964a3d3f36b9277e37b3c2f393a1c5de9d6dd48b09782c,643a91e0b9a1cc10067428184fff675682e61b9808c035aaa4af42bb81f063cc,d5b11d25f3b2415dc959ae176b1986eff29aab886b60ed1119de835aef19a109,ddddaf0
eviddie-20240520-19940419,20240520,19940419,rare,5shot,0,EviDDIE,PT-18358513,YOZNUFWCRFCGIH,FFGPTBGBLSHEPO,0,1,0.50348431,0.85875684,0.1563592,0.17258881,cef85baa2df0893bc2964a3d3f36b9277e37b3c2f393a1c5de9d6dd48b09782c,643a91e0b9a1cc10067428184fff675682e61b9808c035aaa4af42bb81f063cc,d5b11d25f3b2415dc959ae176b1986eff29aab886b60ed1119de835aef19a109,ddddaf0
eviddie-20240520-19940419,20240520,19940419,rare,5shot,0,EviDDIE,PT-18498415,BRUQQQPBMZOVGD,QYSXJUFSXHHAJI,1,1,0.50349182,0.85825127,0.15702289,0.17329706,cef85baa2df0893bc2964a3d3f36b9277e37b3c2f393a1c5de9d6dd48b09782c,643a91e0b9a1cc10067428184fff675682e61b9808c035aaa4af42bb81f063cc,d5b11d25f3b2415dc959ae176b1986eff29aab886b60ed1119de835aef19a109,ddddaf0
eviddie-20240520-19940419,20240520,19940419,rare,5shot,0,EviDDIE,PT-18498415,BSYNRYMUTXBXSQ,TTWJBBZEZQICBI,1,1,0.50347376,0.85994422,0.15478703,0.17094511,cef85baa2df0893bc2964a3d3f36b9277e37b3c2f393a1c5de9d6dd48b09782c,643a91e0b9a1cc10067428184fff675682e61b9808c035aaa4af42bb81f063cc,d5b11d25f3b2415dc959ae176b1986eff29aab886b60ed1119de835aef19a109,ddddaf0
eviddie-20240520-19940419,20240520,19940419,rare,5shot,0,EviDDIE,PT-18498415,CEAZRRDELHUEMR,SHGAZHPCJJPHSC,1,1,0.50348854,0.85851669,0.15667301,0.17292655,cef85baa2df0893bc2964a3d3f36b9277e37b3c2f393a1c5de9d6dd48b09782c,643a91e0b9a1cc10067428184fff675682e61b9808c035aaa4af42bb81f063cc,d5b11d25f3b2415dc959ae176b1986eff29aab886b60ed1119de835aef19a109,ddddaf0
eviddie-20240520-19940419,20240520,19940419,rare,5shot,0,EviDDIE,PT-18498415,QWCRAEMEVRGPNT,SHGAZHPCJJPHSC,1,1,0.50348759,0.85865396,0.15649021,0.17273688,cef85baa2df0893bc2964a3d3f36b9277e37b3c2f393a1c5de9d6dd48b09782c,643a91e0b9a1cc10067428184fff675682e61b9808c035aaa4af42bb81f063cc,d5b11d25f3b2415dc959ae176b1986eff29aab886b60ed1119de835aef19a109,ddddaf0
eviddie-20240520-19940419,20240520,19940419,rare,5shot,0,EviDDIE,PT-18498415,RLAWWYSOJDYHDC,SHGAZHPCJJPHSC,1,1,0.50347888,0.85940397,0.15550105,0.17169318,cef85baa2df0893bc2964a3d3f36b9277e37b3c2f393a1c5de9d6dd48b09782c,643a91e0b9a1cc10067428184fff675682e61b9808c035aaa4af42bb81f063cc,d5b11d25f3b2415dc959ae176b1986eff29aab886b60ed1119de835aef19a109,ddddaf0
eviddie-20240520-19940419,20240520,19940419,rare,5shot,0,EviDDIE,PT-18498415,RLAWWYSOJDYHDC,XEEYBQQBJWHFJM,1,1,0.50351846,0.85674274,0.15899786,0.17542501,cef85baa2df0893bc2964a3d3f36b9277e37b3c2f393a1c5de9d6dd48b09782c,643a91e0b9a1cc10067428184fff675682e61b9808c035aaa4af42bb81f063cc,d5b11d25f3b2415dc959ae176b1986eff29aab886b60ed1119de835aef19a109,ddddaf0
eviddie-20240520-19940419,20240520,19940419,rare,5shot,0,EviDDIE,PT-18498415,BRUQQQPBMZOVGD,QRXWMOHMRWLFEY,0,1,0.50350243,0.85761863,0.15785167,0.17418733,cef85baa2df0893bc2964a3d3f36b9277e37b3c2f393a1c5de9d6dd48b09782c,643a91e0b9a1cc10067428184fff675682e61b9808c035aaa4af42bb81f063cc,d5b11d25f3b2415dc959ae176b1986eff29aab886b60ed1119de835aef19a109,ddddaf0
eviddie-20240520-19940419,20240520,19940419,rare,5shot,0,EviDDIE,PT-18498415,BSYNRYMUTXBXSQ,ZZVUWRFHKOJYTH,0,1,0.50347298,0.85997033,0.1547538,0.17090781,cef85baa2df0893bc2964a3d3f36b9277e37b3c2f393a1c5de9d6dd48b09782c,643a91e0b9a1cc10067428184fff675682e61b9808c035aaa4af42bb81f063cc,d5b11d25f3b2415dc959ae176b1986eff29aab886b60ed1119de835aef19a109,ddddaf0
eviddie-20240520-19940419,20240520,19940419,rare,5shot,0,EviDDIE,PT-18498415,CEAZRRDELHUEMR,IAVUPMFITXYVAF,0,1,0.50349301,0.85801774,0.15733506,0.17361915,cef85baa2df0893bc2964a3d3f36b9277e37b3c2f393a1c5de9d6dd48b09782c,643a91e0b9a1cc10067428184fff675682e61b9808c035aaa4af42bb81f063cc,d5b11d25f3b2415dc959ae176b1986eff29aab886b60ed1119de835aef19a109,ddddaf0
eviddie-20240520-19940419,20240520,19940419,rare,5shot,0,EviDDIE,PT-18498415,QWCRAEMEVRGPNT,WIKYUJGCLQQFNW,0,1,0.50349295,0.8581301,0.15718357,0.1734653,cef85baa2df0893bc2964a3d3f36b9277e37b3c2f393a1c5de9d6dd48b09782c,643a91e0b9a1cc10067428184fff675682e61b9808c035aaa4af42bb81f063cc,d5b11d25f3b2415dc959ae176b1986eff29aab886b60ed1119de835aef19a109,ddddaf0
eviddie-20240520-19940419,20240520,19940419,rare,5shot,0,EviDDIE,PT-18498415,RLAWWYSOJDYHDC,JUKPWJGBANNWMW,0,1,0.50348073,0.85912454,0.15587261,0.17207867,cef85baa2df0893bc2964a3d3f36b9277e37b3c2f393a1c5de9d6dd48b09782c,643a91e0b9a1cc10067428184fff675682e61b9808c035aaa4af42bb81f063cc,d5b11d25f3b2415dc959ae176b1986eff29aab886b60ed1119de835aef19a109,ddddaf0
eviddie-20240520-19940419,20240520,19940419,rare,5shot,0,EviDDIE,PT-18498415,RLAWWYSOJDYHDC,FELGMEQIXOGIFQ,0,1,0.50348026,0.85917127,0.15581085,0.17201376,cef85baa2df0893bc2964a3d3f36b9277e37b3c2f393a1c5de9d6dd48b09782c,643a91e0b9a1cc10067428184fff675682e61b9808c035aaa4af42bb81f063cc,d5b11d25f3b2415dc959ae176b1986eff29aab886b60ed1119de835aef19a109,ddddaf0
eviddie-20240520-19940419,20240520,19940419,rare,5shot,0,EviDDIE,PT-18886153,AAOVKJBEBIDNHE,XFYDIVBRZNQMJC,1,1,0.50348061,0.85922229,0.15574141,0.17194496,cef85baa2df0893bc2964a3d3f36b9277e37b3c2f393a1c5de9d6dd48b09782c,643a91e0b9a1cc10067428184fff675682e61b9808c035aaa4af42bb81f063cc,d5b11d25f3b2415dc959ae176b1986eff29aab886b60ed1119de835aef19a109,ddddaf0
eviddie-20240520-19940419,20240520,19940419,rare,5shot,0,EviDDIE,PT-18886153,AAOVKJBEBIDNHE,ZQDWXGKKHFNSQK,1,1,0.50348347,0.85898226,0.15605788,0.17227904,cef85baa2df0893bc2964a3d3f36b9277e37b3c2f393a1c5de9d6dd48b09782c,643a91e0b9a1cc10067428184fff675682e61b9808c035aaa4af42bb81f063cc,d5b11d25f3b2415dc959ae176b1986eff29aab886b60ed1119de835aef19a109,ddddaf0
eviddie-20240520-19940419,20240520,19940419,rare,5shot,0,EviDDIE,PT-18886153,AQHHHDLHHXJYJD,SNIOPGDIGTZGOP,1,1,0.50348717,0.85891694,0.15613696,0.17237687,cef85baa2df0893bc2964a3d3f36b9277e37b3c2f393a1c5de9d6dd48b09782c,643a91e0b9a1cc10067428184fff675682e61b9808c035aaa4af42bb81f063cc,d5b11d25f3b2415dc959ae176b1986eff29aab886b60ed1119de835aef19a109,ddddaf0
eviddie-20240520-19940419,20240520,19940419,rare,5shot,0,EviDDIE,PT-18886153,AUYYCJSJGJYCDS,RGHNJXZEOKUKBD,1,1,0.50348771,0.85875797,0.15634975,0.17259517,cef85baa2df0893bc2964a3d3f36b9277e37b3c2f393a1c5de9d6dd48b09782c,643a91e0b9a1cc10067428184fff675682e61b9808c035aaa4af42bb81f063cc,d5b11d25f3b2415dc959ae176b1986eff29aab886b60ed1119de835aef19a109,ddddaf0
eviddie-20240520-19940419,20240520,19940419,rare,5shot,0,EviDDIE,PT-18886153,CURUTKGFNZGFSE,ZEUITGRIYCTCEM,1,1,0.50349373,0.85813326,0.15717764,0.17346272,cef85baa2df0893bc2964a3d3f36b9277e37b3c2f393a1c5de9d6dd48b09782c,643a91e0b9a1cc10067428184fff675682e61b9808c035aaa4af42bb81f063cc,d5b11d25f3b2415dc959ae176b1986eff29aab886b60ed1119de835aef19a109,ddddaf0
eviddie-20240520-19940419,20240520,19940419,rare,5shot,0,EviDDIE,PT-18886153,DLNKOYKMWOXYQA,NNJVILVZKWQKPM,1,1,0.5034886,0.85868436,0.15644668,0.17269771,cef85baa2df0893bc2964a3d3f36b9277e37b3c2f393a1c5de9d6dd48b09782c,643a91e0b9a1cc10067428184fff675682e61b9808c035aaa4af42bb81f063cc,d5b11d25f3b2415dc959ae176b1986eff29aab886b60ed1119de835aef19a109,ddddaf0
eviddie-20240520-19940419,20240520,19940419,rare,5shot,0,EviDDIE,PT-18886153,MNDBXUUTURYVHR,XFYDIVBRZNQMJC,1,1,0.50348234,0.85899383,0.15604469,0.17226082,cef85baa2df0893bc2964a3d3f36b9277e37b3c2f393a1c5de9d6dd48b09782c,643a91e0b9a1cc10067428184fff675682e61b9808c035aaa4af42bb81f063cc,d5b11d25f3b2415dc959ae176b1986eff29aab886b60ed1119de835aef19a109,ddddaf0
eviddie-20240520-19940419,20240520,19940419,rare,5shot,0,EviDDIE,PT-18886153,URKOMYMAXPYINW,ZZUFCTLCJUWOSV,1,1,0.50349325,0.8581267,0.15718748,0.17347074,cef85baa2df0893bc2964a3d3f36b9277e37b3c2f393a1c5de9d6dd48b09782c,643a91e0b9a1cc10067428184fff675682e61b9808c035aaa4af42bb81f063cc,d5b11d25f3b2415dc959ae176b1986eff29aab886b60ed1119de835aef19a109,ddddaf0
eviddie-20240520-19940419,20240520,19940419,rare,5shot,0,EviDDIE,PT-18886153,XUFQPHANEAPEMJ,ZQDWXGKKHFNSQK,1,1,0.50347495,0.85952973,0.15534121,0.1715126,cef85baa2df0893bc2964a3d3f36b9277e37b3c2f393a1c5de9d6dd48b09782c,643a91e0b9a1cc10067428184fff675682e61b9808c035aaa4af42bb81f063cc,d5b11d25f3b2415dc959ae176b1986eff29aab886b60ed1119de835aef19a109,ddddaf0
eviddie-20240520-19940419,20240520,19940419,rare,5shot,0,EviDDIE,PT-18886153,AAOVKJBEBIDNHE,LSQZJLSUYDQPKJ,0,1,0.50347489,0.85967976,0.1551397,0.17130803,cef85baa2df0893bc2964a3d3f36b9277e37b3c2f393a1c5de9d6dd48b09782c,643a91e0b9a1cc10067428184fff675682e61b9808c035aaa4af42bb81f063cc,d5b11d25f3b2415dc959ae176b1986eff29aab886b60ed1119de835aef19a109,ddddaf0
eviddie-20240520-19940419,20240520,19940419,rare,5shot,0,EviDDIE,PT-18886153,AAOVKJBEBIDNHE,AAOVKJBEBIDNHE,0,1,0.50348121,0.85918409,0.15579139,0.1719984,cef85baa2df0893bc2964a3d3f36b9277e37b3c2f393a1c5de9d6dd48b09782c,643a91e0b9a1cc10067428184fff675682e61b9808c035aaa4af42bb81f063cc,d5b11d25f3b2415dc959ae176b1986eff29aab886b60ed1119de835aef19a109,ddddaf0
eviddie-20240520-19940419,20240520,19940419,rare,5shot,0,EviDDIE,PT-18886153,AQHHHDLHHXJYJD,CMWTZPSULFXXJA,0,1,0.5034849,0.85891598,0.15614365,0.17237298,cef85baa2df0893bc2964a3d3f36b9277e37b3c2f393a1c5de9d6dd48b09782c,643a91e0b9a1cc10067428184fff675682e61b9808c035aaa4af42bb81f063cc,d5b11d25f3b2415dc959ae176b1986eff29aab886b60ed1119de835aef19a109,ddddaf0
eviddie-20240520-19940419,20240520,19940419,rare,5shot,0,EviDDIE,PT-18886153,AUYYCJSJGJYCDS,BFPYWIDHMRZLRN,0,1,0.50347459,0.85964864,0.15518199,0.1713497,cef85baa2df0893bc2964a3d3f36b9277e37b3c2f393a1c5de9d6dd48b09782c,643a91e0b9a1cc10067428184fff675682e61b9808c035aaa4af42bb81f063cc,d5b11d25f3b2415dc959ae176b1986eff29aab886b60ed1119de835aef19a109,ddddaf0
eviddie-20240520-19940419,20240520,19940419,rare,5shot,0,EviDDIE,PT-18886153,CURUTKGFNZGFSE,RMRCNWBMXRMIRW,0,1,0.5034849,0.85876071,0.15635279,0.17258485,cef85baa2df0893bc2964a3d3f36b9277e37b3c2f393a1c5de9d6dd48b09782c,643a91e0b9a1cc10067428184fff675682e61b9808c035aaa4af42bb81f063cc,d5b11d25f3b2415dc959ae176b1986eff29aab886b60ed1119de835aef19a109,ddddaf0
eviddie-20240520-19940419,20240520,19940419,rare,5shot,0,EviDDIE,PT-18886153,DLNKOYKMWOXYQA,FABPRXSRWADJSP,0,1,0.50348121,0.85924494,0.15570955,0.17191558,cef85baa2df0893bc2964a3d3f36b9277e37b3c2f393a1c5de9d6dd48b09782c,643a91e0b9a1cc10067428184fff675682e61b9808c035aaa4af42bb81f063cc,d5b11d25f3b2415dc959ae176b1986eff29aab886b60ed1119de835aef19a109,ddddaf0
eviddie-20240520-19940419,20240520,19940419,rare,5shot,0,EviDDIE,PT-18886153,MNDBXUUTURYVHR,CURUTKGFNZGFSE,0,1,0.50348443,0.85887378,0.1562016,0.1724294,cef85baa2df0893bc2964a3d3f36b9277e37b3c2f393a1c5de9d6dd48b09782c,643a91e0b9a1cc10067428184fff675682e61b9808c035aaa4af42bb81f063cc,d5b11d25f3b2415dc959ae176b1986eff29aab886b60ed1119de835aef19a109,ddddaf0
eviddie-20240520-19940419,20240520,19940419,rare,5shot,0,EviDDIE,PT-18886153,URKOMYMAXPYINW,KWGRBVOPPLSCSI,0,1,0.5035004,0.85776353,0.15766071,0.17398418,cef85baa2df0893bc2964a3d3f36b9277e37b3c2f393a1c5de9d6dd48b09782c,643a91e0b9a1cc10067428184fff675682e61b9808c035aaa4af42bb81f063cc,d5b11d25f3b2415dc959ae176b1986eff29aab886b60ed1119de835aef19a109,ddddaf0
eviddie-20240520-19940419,20240520,19940419,rare,5shot,0,EviDDIE,PT-18886153,XUFQPHANEAPEMJ,ZZUFCTLCJUWOSV,0,1,0.50347793,0.85924393,0.15571843,0.17190923,cef85baa2df0893bc2964a3d3f36b9277e37b3c2f393a1c5de9d6dd48b09782c,643a91e0b9a1cc10067428184fff675682e61b9808c035aaa4af42bb81f063cc,d5b11d25f3b2415dc959ae176b1986eff29aab886b60ed1119de835aef19a109,ddddaf0
eviddie-20240910-19940419,20240910,19940419,rare,5shot,0,EviDDIE,PT-11090837,BOVGTQGAOIONJV,OIGNJSKKLXVSLS,1,1,0.54762584,0.9045822,0.00018361,0.21078186,f35e02ba46327c8eeae98a7dc4c30e07cf11ace88ec8cff9f275a5102ef402a0,643a91e0b9a1cc10067428184fff675682e61b9808c035aaa4af42bb81f063cc,d5b11d25f3b2415dc959ae176b1986eff29aab886b60ed1119de835aef19a109,ddddaf0
eviddie-20240910-19940419,20240910,19940419,rare,5shot,0,EviDDIE,PT-11090837,BVKZGUZCCUSVTD,CDAISMWEOUEBRE,1,1,0.61501384,0.76993519,4.815e-05,0.59757304,f35e02ba46327c8eeae98a7dc4c30e07cf11ace88ec8cff9f275a5102ef402a0,643a91e0b9a1cc10067428184fff675682e61b9808c035aaa4af42bb81f063cc,d5b11d25f3b2415dc959ae176b1986eff29aab886b60ed1119de835aef19a109,ddddaf0
eviddie-20240910-19940419,20240910,19940419,rare,5shot,0,EviDDIE,PT-11090837,GBBSUAFBMRNDJC,MBMBGCFOFBJSGT,1,1,0.66729105,0.66540587,1.805e-05,1.00566626,f35e02ba46327c8eeae98a7dc4c30e07cf11ace88ec8cff9f275a5102ef402a0,643a91e0b9a1cc10067428184fff675682e61b9808c035aaa4af42bb81f063cc,d5b11d25f3b2415dc959ae176b1986eff29aab886b60ed1119de835aef19a109,ddddaf0
eviddie-20240910-19940419,20240910,19940419,rare,5shot,0,EviDDIE,PT-11090837,GBBSUAFBMRNDJC,WOFMFGQZHJDGCX,1,1,0.53770506,0.92423785,0.00038077,0.16356428,f35e02ba46327c8eeae98a7dc4c30e07cf11ace88ec8cff9f275a5102ef402a0,643a91e0b9a1cc10067428184fff675682e61b9808c035aaa4af42bb81f063cc,d5b11d25f3b2415dc959ae176b1986eff29aab886b60ed1119de835aef19a109,ddddaf0
eviddie-20240910-19940419,20240910,19940419,rare,5shot,0,EviDDIE,PT-11090837,HPNSFSBZBAHARI,OIGNJSKKLXVSLS,1,1,0.55941385,0.88104868,0.00014033,0.26988181,f35e02ba46327c8eeae98a7dc4c30e07cf11ace88ec8cff9f275a5102ef402a0,643a91e0b9a1cc10067428184fff675682e61b9808c035aaa4af42bb81f063cc,d5b11d25f3b2415dc959ae176b1986eff29aab886b60ed1119de835aef19a109,ddddaf0
eviddie-20240910-19940419,20240910,19940419,rare,5shot,0,EviDDIE,PT-11090837,HPNSFSBZBAHARI,SEEPANYCNGTZFQ,1,1,0.66786653,0.6642527,2.152e-05,1.01088095,f35e02ba46327c8eeae98a7dc4c30e07cf11ace88ec8cff9f275a5102ef402a0,643a91e0b9a1cc10067428184fff675682e61b9808c035aaa4af42bb81f063cc,d5b11d25f3b2415dc959ae176b1986eff29aab886b60ed1119de835aef19a109,ddddaf0
eviddie-20240910-19940419,20240910,19940419,rare,5shot,0,EviDDIE,PT-11090837,IEDVJHCEMCRBQM,RMRCNWBMXRMIRW,1,1,0.54983205,0.90017325,0.00018058,0.22161388,f35e02ba46327c8eeae98a7dc4c30e07cf11ace88ec8cff9f275a5102ef402a0,643a91e0b9a1cc10067428184fff675682e61b9808c035aaa4af42bb81f063cc,d5b11d25f3b2415dc959ae176b1986eff29aab886b60ed1119de835aef19a109,ddddaf0
eviddie-20240910-19940419,20240910,19940419,rare,5shot,0,EviDDIE,PT-11090837,JCCNYMKQOSZNPW,SEEPANYCNGTZFQ,1,1,0.68900287,0.621984,1.646e-05,1.21550047,f35e02ba46327c8eeae98a7dc4c30e07cf11ace88ec8cff9f275a5102ef402a0,643a91e0b9a1cc10067428184fff675682e61b9808c035aaa4af42bb81f063cc,d5b11d25f3b2415dc959ae176b1986eff29aab886b60ed1119de835aef19a109,ddddaf0
eviddie-20240910-19940419,20240910,19940419,rare,5shot,0,EviDDIE,PT-11090837,OIGNJSKKLXVSLS,RTGDFNSFWBGLEC,1,0,0.49066323,0.97754139,0.0420772,0.00387209,f35e02ba46327c8eeae98a7dc4c30e07cf11ace88ec8cff9f275a5102ef402a0,643a91e0b9a1cc10067428184fff675682e61b9808c035aaa4af42bb81f063cc,d5b11d25f3b2415dc959ae176b1986eff29aab886b60ed1119de835aef19a109,ddddaf0
eviddie-20240910-19940419,20240910,19940419,rare,5shot,0,EviDDIE,PT-11090837,PJVWKTKQMONHTI,RTGDFNSFWBGLEC,1,1,0.52163261,0.95594692,0.00082422,0.09134225,f35e02ba46327c8eeae98a7dc4c30e07cf11ace88ec8cff9f275a5102ef402a0,643a91e0b9a1cc10067428184fff675682e61b9808c035aaa4af42bb81f063cc,d5b11d25f3b2415dc959ae176b1986eff29aab886b60ed1119de835aef19a109,ddddaf0
eviddie-20240910-19940419,20240910,19940419,rare,5shot,0,EviDDIE,PT-11090837,SNPLKNRPJHDVJA,WOFMFGQZHJDGCX,1,1,0.51011801,0.97798276,0.00182125,0.04320452,f35e02ba46327c8eeae98a7dc4c30e07cf11ace88ec8cff9f275a5102ef402a0,643a91e0b9a1cc10067428184fff675682e61b9808c035aaa4af42bb81f063cc,d5b11d25f3b2415dc959ae176b1986eff29aab886b60ed1119de835aef19a109,ddddaf0
eviddie-20240910-19940419,20240910,19940419,rare,5shot,0,EviDDIE,PT-11090837,BOVGTQGAOIONJV,VOVIALXJUBGFJZ,0,1,0.54932064,0.90119267,0.00018421,0.21909687,f35e02ba46327c8eeae98a7dc4c30e07cf11ace88ec8cff9f275a5102ef402a0,643a91e0b9a1cc10067428184fff675682e61b9808c035aaa4af42bb81f063cc,d5b11d25f3b2415dc959ae176b1986eff29aab886b60ed1119de835aef19a109,ddddaf0
eviddie-20240910-19940419,20240910,19940419,rare,5shot,0,EviDDIE,PT-11090837,BVKZGUZCCUSVTD,XPCFTKFZXHTYIP,0,1,0.59404218,0.8118571,7.21e-05,0.4634155,f35e02ba46327c8eeae98a7dc4c30e07cf11ace88ec8cff9f275a5102ef402a0,643a91e0b9a1cc10067428184fff675682e61b9808c035aaa4af42bb81f063cc,d5b11d25f3b2415dc959ae176b1986eff29aab886b60ed1119de835aef19a109,ddddaf0
eviddie-20240910-19940419,20240910,19940419,rare,5shot,0,EviDDIE,PT-11090837,GBBSUAFBMRNDJC,JCQLYHFGKNRPGE,0,1,0.53867877,0.92227745,0.00039585,0.16814905,f35e02ba46327c8eeae98a7dc4c30e07cf11ace88ec8cff9f275a5102ef402a0,643a91e0b9a1cc10067428184fff675682e61b9808c035aaa4af42bb81f063cc,d5b11d25f3b2415dc959ae176b1986eff29aab886b60ed1119de835aef19a109,ddddaf0
eviddie-20240910-19940419,20240910,19940419,rare,5shot,0,EviDDIE,PT-11090837,GBBSUAFBMRNDJC,QWCRAEMEVRGPNT,0,1,0.52209592,0.95492238,0.00092768,0.09348347,f35e02ba46327c8eeae98a7dc4c30e07cf11ace88ec8cff9f275a5102ef402a0,643a91e0b9a1cc10067428184fff675682e61b9808c035aaa4af42bb81f063cc,d5b11d25f3b2415dc959ae176b1986eff29aab886b60ed1119de835aef19a109,ddddaf0
eviddie-20240910-19940419,20240910,19940419,rare,5shot,0,EviDDIE,PT-11090837,HPNSFSBZBAHARI,MAEIEVLCKWDQJH,0,1,0.52834725,0.94285738,0.00047526,0.12073623,f35e02ba46327c8eeae98a7dc4c30e07cf11ace88ec8cff9f275a5102ef402a0,643a91e0b9a1cc10067428184fff675682e61b9808c035aaa4af42bb81f063cc,d5b11d25f3b2415dc959ae176b1986eff29aab886b60ed1119de835aef19a109,ddddaf0
eviddie-20240910-19940419,20240910,19940419,rare,5shot,0,EviDDIE,PT-11090837,HPNSFSBZBAHARI,WIKYUJGCLQQFNW,0,1,0.55002981,0.89975554,0.00020554,0.22262058,f35e02ba46327c8eeae98a7dc4c30e07cf11ace88ec8cff9f275a5102ef402a0,643a91e0b9a1cc10067428184fff675682e61b9808c035aaa4af42bb81f063cc,d5b11d25f3b2415dc959ae176b1986eff29aab886b60ed1119de835aef19a109,ddddaf0
eviddie-20240910-19940419,20240910,19940419,rare,5shot,0,EviDDIE,PT-11090837,IEDVJHCEMCRBQM,FFGPTBGBLSHEPO,0,1,0.52168703,0.95588654,0.00077352,0.09152491,f35e02ba46327c8eeae98a7dc4c30e07cf11ace88ec8cff9f275a5102ef402a0,643a91e0b9a1cc10067428184fff675682e61b9808c035aaa4af42bb81f063cc,d5b11d25f3b2415dc959ae176b1986eff29aab886b60ed1119de835aef19a109,ddddaf0
eviddie-20240910-19940419,20240910,19940419,rare,5shot,0,EviDDIE,PT-11090837,JCCNYMKQOSZNPW,ASUTZQLVASHGKV,0,1,0.57399702,0.85189897,0.00012568,0.34757072,f35e02ba46327c8eeae98a7dc4c30e07cf11ace88ec8cff9f275a5102ef402a0,643a91e0b9a1cc10067428184fff675682e61b9808c035aaa4af42bb81f063cc,d5b11d25f3b2415dc959ae176b1986eff29aab886b60ed1119de835aef19a109,ddddaf0
eviddie-20240910-19940419,20240910,19940419,rare,5shot,0,EviDDIE,PT-11090837,OIGNJSKKLXVSLS,BFPYWIDHMRZLRN,0,1,0.51752877,0.96400261,0.00097504,0.07370831,f35e02ba46327c8eeae98a7dc4c30e07cf11ace88ec8cff9f275a5102ef402a0,643a91e0b9a1cc10067428184fff675682e61b9808c035aaa4af42bb81f063cc,d5b11d25f3b2415dc959ae176b1986eff29aab886b60ed1119de835aef19a109,ddddaf0
eviddie-20240910-19940419,20240910,19940419,rare,5shot,0,EviDDIE,PT-11090837,PJVWKTKQMONHTI,ZKLPARSLTMPFCP,0,1,0.51375383,0.97116303,0.00136881,0.05801778,f35e02ba46327c8eeae98a7dc4c30e07cf11ace88ec8cff9f275a5102ef402a0,643a91e0b9a1cc10067428184fff675682e61b9808c035aaa4af42bb81f063cc,d5b11d25f3b2415dc959ae176b1986eff29aab886b60ed1119de835aef19a109,ddddaf0
eviddie-20240910-19940419,20240910,19940419,rare,5shot,0,EviDDIE,PT-11090837,SNPLKNRPJHDVJA,KVWDHTXUZHCGIO,0,0,0.49586681,0.98538774,0.02321804,0.00643991,f35e02ba46327c8eeae98a7dc4c30e07cf11ace88ec8cff9f275a5102ef402a0,643a91e0b9a1cc10067428184fff675682e61b9808c035aaa4af42bb81f063cc,d5b11d25f3b2415dc959ae176b1986eff29aab886b60ed1119de835aef19a109,ddddaf0
eviddie-20240910-19940419,20240910,19940419,rare,5shot,0,EviDDIE,PT-16020885,ASUTZQLVASHGKV,HSUGRBWQSSZJOP,1,1,0.56952602,0.86083674,0.00012916,0.3231917,f35e02ba46327c8eeae98a7dc4c30e07cf11ace88ec8cff9f275a5102ef402a0,643a91e0b9a1cc10067428184fff675682e61b9808c035aaa4af42bb81f063cc,d5b11d25f3b2415dc959ae176b1986eff29aab886b60ed1119de835aef19a109,ddddaf0
eviddie-20240910-19940419,20240910,19940419,rare,5shot,0,EviDDIE,PT-16020885,ASUTZQLVASHGKV,HTIQEAQVCYTUBX,1,1,0.58139437,0.83712244,0.0001062,0.38903072,f35e02ba46327c8eeae98a7dc4c30e07cf11ace88ec8cff9f275a5102ef402a0,643a91e0b9a1cc10067428184fff675682e61b9808c035aaa4af42bb81f063cc,d5b11d25f3b2415dc959ae176b1986eff29aab886b60ed1119de835aef19a109,ddddaf0
eviddie-20240910-19940419,20240910,19940419,rare,5shot,0,EviDDIE,PT-16020885,BPRHUIZQVSMCRT,LOUPRKONTZGTKE,1,1,0.60502183,0.78990525,6.459e-05,0.53188461,f35e02ba46327c8eeae98a7dc4c30e07cf11ace88ec8cff9f275a5102ef402a0,643a91e0b9a1cc10067428184fff675682e61b9808c035aaa4af42bb81f063cc,d5b11d25f3b2415dc959ae176b1986eff29aab886b60ed1119de835aef19a109,ddddaf0
eviddie-20240910-19940419,20240910,19940419,rare,5shot,0,EviDDIE,PT-16020885,HTIQEAQVCYTUBX,JSDRRTOADPPCHY,1,1,0.61168629,0.77658838,5.027e-05,0.57531673,f35e02ba46327c8eeae98a7dc4c30e07cf11ace88ec8cff9f275a5102ef402a0,643a91e0b9a1cc10067428184fff675682e61b9808c035aaa4af42bb81f063cc,d5b11d25f3b2415dc959ae176b1986eff29aab886b60ed1119de835aef19a109,ddddaf0
eviddie-20240910-19940419,20240910,19940419,rare,5shot,0,EviDDIE,PT-16020885,JCQLYHFGKNRPGE,KJFMBFZCATUALV,1,1,0.52802283,0.943196,0.00080411,0.11964603,f35e02ba46327c8eeae98a7dc4c30e07cf11ace88ec8cff9f275a5102ef402a0,643a91e0b9a1cc10067428184fff675682e61b9808c035aaa4af42bb81f063cc,d5b11d25f3b2415dc959ae176b1986eff29aab886b60ed1119de835aef19a109,ddddaf0
eviddie-20240910-19940419,20240910,19940419,rare,5shot,0,EviDDIE,PT-16020885,MBWXNTAXLNYFJB,SKZKKFZAGNVIMN,1,1,0.64850086,0.70297623,3.139e-05,0.84501499,f35e02ba46327c8eeae98a7dc4c30e07cf11ace88ec8cff9f275a5102ef402a0,643a91e0b9a1cc10067428184fff675682e61b9808c035aaa4af42bb81f063cc,d5b11d25f3b2415dc959ae176b1986eff29aab886b60ed1119de835aef19a109,ddddaf0
eviddie-20240910-19940419,20240910,19940419,rare,5shot,0,EviDDIE,PT-16020885,ASUTZQLVASHGKV,UJLAWZDWDVHWOW,0,1,0.59275341,0.81442893,7.909e-05,0.45562965,f35e02ba46327c8eeae98a7dc4c30e07cf11ace88ec8cff9f275a5102ef402a0,643a91e0b9a1cc10067428184fff675682e61b9808c035aaa4af42bb81f063cc,d5b11d25f3b2415dc959ae176b1986eff29aab886b60ed1119de835aef19a109,ddddaf0
eviddie-20240910-19940419,20240910,19940419,rare,5shot,0,EviDDIE,PT-16020885,ASUTZQLVASHGKV,KRKNYBCHXYNGOX,0,1,0.68211967,0.6357528,1.246e-05,1.14586449,f35e02ba46327c8eeae98a7dc4c30e07cf11ace88ec8cff9f275a5102ef402a0,643a91e0b9a1cc10067428184fff675682e61b9808c035aaa4af42bb81f063cc,d5b11d25f3b2415dc959ae176b1986eff29aab886b60ed1119de835aef19a109,ddddaf0
eviddie-20240910-19940419,20240910,19940419,rare,5shot,0,EviDDIE,PT-16020885,BPRHUIZQVSMCRT,YWXYYJSYQOXTPL,0,1,0.60660702,0.78675276,4.21e-05,0.54205251,f35e02ba46327c8eeae98a7dc4c30e07cf11ace88ec8cff9f275a5102ef402a0,643a91e0b9a1cc10067428184fff675682e61b9808c035aaa4af42bb81f063cc,d5b11d25f3b2415dc959ae176b1986eff29aab886b60ed1119de835aef19a109,ddddaf0
eviddie-20240910-19940419,20240910,19940419,rare,5shot,0,EviDDIE,PT-16020885,HTIQEAQVCYTUBX,HTQMVQVXFRQIKW,0,1,0.61760402,0.76475191,5.254e-05,0.61517483,f35e02ba46327c8eeae98a7dc4c30e07cf11ace88ec8cff9f275a5102ef402a0,643a91e0b9a1cc10067428184fff675682e61b9808c035aaa4af42bb81f063cc,d5b11d25f3b2415dc959ae176b1986eff29aab886b60ed1119de835aef19a109,ddddaf0
eviddie-20240910-19940419,20240910,19940419,rare,5shot,0,EviDDIE,PT-16020885,JCQLYHFGKNRPGE,IAVUPMFITXYVAF,0,1,0.51503891,0.96890682,0.00104799,0.06313406,f35e02ba46327c8eeae98a7dc4c30e07cf11ace88ec8cff9f275a5102ef402a0,643a91e0b9a1cc10067428184fff675682e61b9808c035aaa4af42bb81f063cc,d5b11d25f3b2415dc959ae176b1986eff29aab886b60ed1119de835aef19a109,ddddaf0
eviddie-20240910-19940419,20240910,19940419,rare,5shot,0,EviDDIE,PT-16020885,MBWXNTAXLNYFJB,WIKYUJGCLQQFNW,0,1,0.52547461,0.94849139,0.0005896,0.10802188,f35e02ba46327c8eeae98a7dc4c30e07cf11ace88ec8cff9f275a5102ef402a0,643a91e0b9a1cc10067428184fff675682e61b9808c035aaa4af42bb81f063cc,d5b11d25f3b2415dc959ae176b1986eff29aab886b60ed1119de835aef19a109,ddddaf0
eviddie-20240910-19940419,20240910,19940419,rare,5shot,0,EviDDIE,PT-16022530,BVKZGUZCCUSVTD,KLBQZWRITKRQQV,1,1,0.52991396,0.93970507,0.00049685,0.12783037,f35e02ba46327c8eeae98a7dc4c30e07cf11ace88ec8cff9f275a5102ef402a0,643a91e0b9a1cc10067428184fff675682e61b9808c035aaa4af42bb81f063cc,d5b11d25f3b2415dc959ae176b1986eff29aab886b60ed1119de835aef19a109,ddddaf0
eviddie-20240910-19940419,20240910,19940419,rare,5shot,0,EviDDIE,PT-16022530,CEUORZQYGODEFX,UGJMXCAKCUNAIE,1,1,0.5539546,0.8918975,0.00021663,0.24219346,f35e02ba46327c8eeae98a7dc4c30e07cf11ace88ec8cff9f275a5102ef402a0,643a91e0b9a1cc10067428184fff675682e61b9808c035aaa4af42bb81f063cc,d5b11d25f3b2415dc959ae176b1986eff29aab886b60ed1119de835aef19a109,ddddaf0
eviddie-20240910-19940419,20240910,19940419,rare,5shot,0,EviDDIE,PT-16022530,CEUORZQYGODEFX,WSEQXVZVJXJVFP,1,1,0.5242694,0.95080197,0.00069328,0.10279417,f35e02ba46327c8eeae98a7dc4c30e07cf11ace88ec8cff9f275a5102ef402a0,643a91e0b9a1cc10067428184fff675682e61b9808c035aaa4af42bb81f063cc,d5b11d25f3b2415dc959ae176b1986eff29aab886b60ed1119de835aef19a109,ddddaf0
eviddie-20240910-19940419,20240910,19940419,rare,5shot,0,EviDDIE,PT-16022530,LNEPOXFFQSENCJ,PMXMIIMHBWHSKN,1,1,0.67034113,0.6593042,2.052e-05,1.03348053,f35e02ba46327c8eeae98a7dc4c30e07cf11ace88ec8cff9f275a5102ef402a0,643a91e0b9a1cc10067428184fff675682e61b9808c035aaa4af42bb81f063cc,d5b11d25f3b2415dc959ae176b1986eff29aab886b60ed1119de835aef19a109,ddddaf0
eviddie-20240910-19940419,20240910,19940419,rare,5shot,0,EviDDIE,PT-16022530,MVWVFYHBGMAFLY,RAPZEAPATHNIPO,1,1,0.7029224,0.59414816,1.181e-05,1.36615181,f35e02ba46327c8eeae98a7dc4c30e07cf11ace88ec8cff9f275a5102ef402a0,643a91e0b9a1cc10067428184fff675682e61b9808c035aaa4af42bb81f063cc,d5b11d25f3b2415dc959ae176b1986eff29aab886b60ed1119de835aef19a109,ddddaf0
eviddie-20240910-19940419,20240910,19940419,rare,5shot,0,EviDDIE,PT-16022530,NJMYODHXAKYRHW,PMXMIIMHBWHSKN,1,1,0.65310687,0.6937663,2.88e-05,0.88278633,f35e02ba46327c8eeae98a7dc4c30e07cf11ace88ec8cff9f275a5102ef402a0,643a91e0b9a1cc10067428184fff675682e61b9808c035aaa4af42bb81f063cc,d5b11d25f3b2415dc959ae176b1986eff29aab886b60ed1119de835aef19a109,ddddaf0
eviddie-20240910-19940419,20240910,19940419,rare,5shot,0,EviDDIE,PT-16022530,NJMYODHXAKYRHW,RAPZEAPATHNIPO,1,1,0.67659003,0.64680803,1.836e-05,1.09208918,f35e02ba46327c8eeae98a7dc4c30e07cf11ace88ec8cff9f275a5102ef402a0,643a91e0b9a1cc10067428184fff675682e61b9808c035aaa4af42bb81f063cc,d5b11d25f3b2415dc959ae176b1986eff29aab886b60ed1119de835aef19a109,ddddaf0
eviddie-20240910-19940419,20240910,19940419,rare,5shot,0,EviDDIE,PT-16022530,PMXMIIMHBWHSKN,UGJMXCAKCUNAIE,1,1,0.57296365,0.85396546,0.00012553,0.34188947,f35e02ba46327c8eeae98a7dc4c30e07cf11ace88ec8cff9f275a5102ef402a0,643a91e0b9a1cc10067428184fff675682e61b9808c035aaa4af42bb81f063cc,d5b11d25f3b2415dc959ae176b1986eff29aab886b60ed1119de835aef19a109,ddddaf0
eviddie-20240910-19940419,20240910,19940419,rare,5shot,0,EviDDIE,PT-16022530,PMXMIIMHBWHSKN,WFPIAZLQTJBIFN,1,1,0.59176642,0.81639892,8.349e-05,0.44969925,f35e02ba46327c8eeae98a7dc4c30e07cf11ace88ec8cff9f275a5102ef402a0,643a91e0b9a1cc10067428184fff675682e61b9808c035aaa4af42bb81f063cc,d5b11d25f3b2415dc959ae176b1986eff29aab886b60ed1119de835aef19a109,ddddaf0
eviddie-20240910-19940419,20240910,19940419,rare,5shot,0,EviDDIE,PT-16022530,URKOMYMAXPYINW,XJGVXQDUIWGIRW,1,1,0.54150975,0.9166401,0.0003715,0.18151011,f35e02ba46327c8eeae98a7dc4c30e07cf11ace88ec8cff9f275a5102ef402a0,643a91e0b9a1cc10067428184fff675682e61b9808c035aaa4af42bb81f063cc,d5b11d25f3b2415dc959ae176b1986eff29aab886b60ed1119de835aef19a109,ddddaf0
eviddie-20240910-19940419,20240910,19940419,rare,5shot,0,EviDDIE,PT-16022530,BVKZGUZCCUSVTD,SHGAZHPCJJPHSC,0,1,0.62773782,0.74449831,3.513e-05,0.68633765,f35e02ba46327c8eeae98a7dc4c30e07cf11ace88ec8cff9f275a5102ef402a0,643a91e0b9a1cc10067428184fff675682e61b9808c035aaa4af42bb81f063cc,d5b11d25f3b2415dc959ae176b1986eff29aab886b60ed1119de835aef19a109,ddddaf0
eviddie-20240910-19940419,20240910,19940419,rare,5shot,0,EviDDIE,PT-16022530,CEUORZQYGODEFX,DIWRORZWFLOCLC,0,1,0.60566407,0.78860748,8.153e-05,0.53603435,f35e02ba46327c8eeae98a7dc4c30e07cf11ace88ec8cff9f275a5102ef402a0,643a91e0b9a1cc10067428184fff675682e61b9808c035aaa4af42bb81f063cc,d5b11d25f3b2415dc959ae176b1986eff29aab886b60ed1119de835aef19a109,ddddaf0
eviddie-20240910-19940419,20240910,19940419,rare,5shot,0,EviDDIE,PT-16022530,CEUORZQYGODEFX,GFNANZIMVAIWHM,0,1,0.60396755,0.79202276,5.329e-05,0.5251267,f35e02ba46327c8eeae98a7dc4c30e07cf11ace88ec8cff9f275a5102ef402a0,643a91e0b9a1cc10067428184fff675682e61b9808c035aaa4af42bb81f063cc,d5b11d25f3b2415dc959ae176b1986eff29aab886b60ed1119de835aef19a109,ddddaf0
eviddie-20240910-19940419,20240910,19940419,rare,5shot,0,EviDDIE,PT-16022530,LNEPOXFFQSENCJ,OIGNJSKKLXVSLS,0,1,0.58544058,0.82905614,7.557e-05,0.41230628,f35e02ba46327c8eeae98a7dc4c30e07cf11ace88ec8cff9f275a5102ef402a0,643a91e0b9a1cc10067428184fff675682e61b9808c035aaa4af42bb81f063cc,d5b11d25f3b2415dc959ae176b1986eff29aab886b60ed1119de835aef19a109,ddddaf0
eviddie-20240910-19940419,20240910,19940419,rare,5shot,0,EviDDIE,PT-16022530,MVWVFYHBGMAFLY,WIKYUJGCLQQFNW,0,1,0.58661735,0.82668942,9.164e-05,0.41919634,f35e02ba46327c8eeae98a7dc4c30e07cf11ace88ec8cff9f275a5102ef402a0,643a91e0b9a1cc10067428184fff675682e61b9808c035aaa4af42bb81f063cc,d5b11d25f3b2415dc959ae176b1986eff29aab886b60ed1119de835aef19a109,ddddaf0
eviddie-20240910-19940419,20240910,19940419,rare,5shot,0,EviDDIE,PT-16022530,NJMYODHXAKYRHW,KQKPFRSPSRPDEB,0,1,0.51724458,0.964423,0.00112795,0.07265088,f35e02ba46327c8eeae98a7dc4c30e07cf11ace88ec8cff9f275a5102ef402a0,643a91e0b9a1cc10067428184fff675682e61b9808c035aaa4af42bb81f063cc,d5b11d25f3b2415dc959ae176b1986eff29aab886b60ed1119de835aef19a109,ddddaf0
eviddie-20240910-19940419,20240910,19940419,rare,5shot,0,EviDDIE,PT-16022530,NJMYODHXAKYRHW,MOYKHGMNXAOIAT,0,1,0.63319719,0.73358458,2.857e-05,0.72631001,f35e02ba46327c8eeae98a7dc4c30e07cf11ace88ec8cff9f275a5102ef402a0,643a91e0b9a1cc10067428184fff675682e61b9808c035aaa4af42bb81f063cc,d5b11d25f3b2415dc959ae176b1986eff29aab886b60ed1119de835aef19a109,ddddaf0
eviddie-20240910-19940419,20240910,19940419,rare,5shot,0,EviDDIE,PT-16022530,PMXMIIMHBWHSKN,LNEPOXFFQSENCJ,0,1,0.59652907,0.80687326,8.497e-05,0.47861901,f35e02ba46327c8eeae98a7dc4c30e07cf11ace88ec8cff9f275a5102ef402a0,643a91e0b9a1cc10067428184fff675682e61b9808c035aaa4af42bb81f063cc,d5b11d25f3b2415dc959ae176b1986eff29aab886b60ed1119de835aef19a109,ddddaf0
eviddie-20240910-19940419,20240910,19940419,rare,5shot,0,EviDDIE,PT-16022530,PMXMIIMHBWHSKN,DLNKOYKMWOXYQA,0,1,0.59316093,0.81361663,7.554e-05,0.45808464,f35e02ba46327c8eeae98a7dc4c30e07cf11ace88ec8cff9f275a5102ef402a0,643a91e0b9a1cc10067428184fff675682e61b9808c035aaa4af42bb81f063cc,d5b11d25f3b2415dc959ae176b1986eff29aab886b60ed1119de835aef19a109,ddddaf0
eviddie-20240910-19940419,20240910,19940419,rare,5shot,0,EviDDIE,PT-16022530,URKOMYMAXPYINW,ZKLPARSLTMPFCP,0,1,0.579849,0.84020042,0.00012089,0.38026357,f35e02ba46327c8eeae98a7dc4c30e07cf11ace88ec8cff9f275a5102ef402a0,643a91e0b9a1cc10067428184fff675682e61b9808c035aaa4af42bb81f063cc,d5b11d25f3b2415dc959ae176b1986eff29aab886b60ed1119de835aef19a109,ddddaf0
eviddie-20240910-19940419,20240910,19940419,rare,5shot,0,EviDDIE,PT-16075454,BPZSYCZIITTYBL,DGBIGWXXNGSACT,1,1,0.54779184,0.90415388,0.00029022,0.21172254,f35e02ba46327c8eeae98a7dc4c30e07cf11ace88ec8cff9f275a5102ef402a0,643a91e0b9a1cc10067428184fff675682e61b9808c035aaa4af42bb81f063cc,d5b11d25f3b2415dc959ae176b1986eff29aab886b60ed1119de835aef19a109,ddddaf0
eviddie-20240910-19940419,20240910,19940419,rare,5shot,0,EviDDIE,PT-16075454,BPZSYCZIITTYBL,HSUGRBWQSSZJOP,1,1,0.5237236,0.9519124,0.00067288,0.10036087,f35e02ba46327c8eeae98a7dc4c30e07cf11ace88ec8cff9f275a5102ef402a0,643a91e0b9a1cc10067428184fff675682e61b9808c035aaa4af42bb81f063cc,d5b11d25f3b2415dc959ae176b1986eff29aab886b60ed1119de835aef19a109,ddddaf0
eviddie-20240910-19940419,20240910,19940419,rare,5shot,0,EviDDIE,PT-16075454,BPZSYCZIITTYBL,RYMZZMVNJRMUDD,1,1,0.56232625,0.87522811,0.00013633,0.2849822,f35e02ba46327c8eeae98a7dc4c30e07cf11ace88ec8cff9f275a5102ef402a0,643a91e0b9a1cc10067428184fff675682e61b9808c035aaa4af42bb81f063cc,d5b11d25f3b2415dc959ae176b1986eff29aab886b60ed1119de835aef19a109,ddddaf0
eviddie-20240910-19940419,20240910,19940419,rare,5shot,0,EviDDIE,PT-16075454,BPZSYCZIITTYBL,RZVAJINKPMORJF,1,1,0.57707328,0.84574407,0.00012935,0.36465225,f35e02ba46327c8eeae98a7dc4c30e07cf11ace88ec8cff9f275a5102ef402a0,643a91e0b9a1cc10067428184fff675682e61b9808c035aaa4af42bb81f063cc,d5b11d25f3b2415dc959ae176b1986eff29aab886b60ed1119de835aef19a109,ddddaf0
eviddie-20240910-19940419,20240910,19940419,rare,5shot,0,EviDDIE,PT-16075454,BPZSYCZIITTYBL,ZZVUWRFHKOJYTH,1,1,0.50042623,0.98887491,0.01038831,0.01211229,f35e02ba46327c8eeae98a7dc4c30e07cf11ace88ec8cff9f275a5102ef402a0,643a91e0b9a1cc10067428184fff675682e61b9808c035aaa4af42bb81f063cc,d5b11d25f3b2415dc959ae176b1986eff29aab886b60ed1119de835aef19a109,ddddaf0
eviddie-20240910-19940419,20240910,19940419,rare,5shot,0,EviDDIE,PT-16075454,HSUGRBWQSSZJOP,QAOWNCQODCNURD,1,1,0.75663328,0.48673257,1.5e-06,2.10903096,f35e02ba46327c8eeae98a7dc4c30e07cf11ace88ec8cff9f275a5102ef402a0,643a91e0b9a1cc10067428184fff675682e61b9808c035aaa4af42bb81f063cc,d5b11d25f3b2415dc959ae176b1986eff29aab886b60ed1119de835aef19a109,ddddaf0
eviddie-20240910-19940419,20240910,19940419,rare,5shot,0,EviDDIE,PT-16075454,WDJHALXBUFZDSR,XOFYZVNMUHMLCC,1,1,0.50521296,0.98617327,0.00344853,0.02459266,f35e02ba46327c8eeae98a7dc4c30e07cf11ace88ec8cff9f275a5102ef402a0,643a91e0b9a1cc10067428184fff675682e61b9808c035aaa4af42bb81f063cc,d5b11d25f3b2415dc959ae176b1986eff29aab886b60ed1119de835aef19a109,ddddaf0
eviddie-20240910-19940419,20240910,19940419,rare,5shot,0,EviDDIE,PT-16075454,BPZSYCZIITTYBL,BPRHUIZQVSMCRT,0,1,0.61354727,0.77287734,3.634e-05,0.58769625,f35e02ba46327c8eeae98a7dc4c30e07cf11ace88ec8cff9f275a5102ef402a0,643a91e0b9a1cc10067428184fff675682e61b9808c035aaa4af42bb81f063cc,d5b11d25f3b2415dc959ae176b1986eff29aab886b60ed1119de835aef19a109,ddddaf0
eviddie-20240910-19940419,20240910,19940419,rare,5shot,0,EviDDIE,PT-16075454,BPZSYCZIITTYBL,JZUFKLXOESDKRF,0,0,0.49822113,0.9893021,0.01440977,0.00721743,f35e02ba46327c8eeae98a7dc4c30e07cf11ace88ec8cff9f275a5102ef402a0,643a91e0b9a1cc10067428184fff675682e61b9808c035aaa4af42bb81f063cc,d5b11d25f3b2415dc959ae176b1986eff29aab886b60ed1119de835aef19a109,ddddaf0
eviddie-20240910-19940419,20240910,19940419,rare,5shot,0,EviDDIE,PT-16075454,BPZSYCZIITTYBL,YWXYYJSYQOXTPL,0,1,0.55224305,0.89535671,0.00017538,0.23357107,f35e02ba46327c8eeae98a7dc4c30e07cf11ace88ec8cff9f275a5102ef402a0,643a91e0b9a1cc10067428184fff675682e61b9808c035aaa4af42bb81f063cc,d5b11d25f3b2415dc959ae176b1986eff29aab886b60ed1119de835aef19a109,ddddaf0
eviddie-20240910-19940419,20240910,19940419,rare,5shot,0,EviDDIE,PT-16075454,BPZSYCZIITTYBL,LXNHXLLTXMVWPM,0,1,0.56319886,0.87343627,0.00019002,0.28961638,f35e02ba46327c8eeae98a7dc4c30e07cf11ace88ec8cff9f275a5102ef402a0,643a91e0b9a1cc10067428184fff675682e61b9808c035aaa4af42bb81f063cc,d5b11d25f3b2415dc959ae176b1986eff29aab886b60ed1119de835aef19a109,ddddaf0
eviddie-20240910-19940419,20240910,19940419,rare,5shot,0,EviDDIE,PT-16075454,BPZSYCZIITTYBL,BPZSYCZIITTYBL,0,1,0.61865467,0.76265508,4.684e-05,0.62237078,f35e02ba46327c8eeae98a7dc4c30e07cf11ace88ec8cff9f275a5102ef402a0,643a91e0b9a1cc10067428184fff675682e61b9808c035aaa4af42bb81f063cc,d5b11d25f3b2415dc959ae176b1986eff29aab886b60ed1119de835aef19a109,ddddaf0
eviddie-20240910-19940419,20240910,19940419,rare,5shot,0,EviDDIE,PT-16075454,HSUGRBWQSSZJOP,KGFYHTZWPPHNLQ,0,1,0.56810182,0.863662,0.00015558,0.31556526,f35e02ba46327c8eeae98a7dc4c30e07cf11ace88ec8cff9f275a5102ef402a0,643a91e0b9a1cc10067428184fff675682e61b9808c035aaa4af42bb81f063cc,d5b11d25f3b2415dc959ae176b1986eff29aab886b60ed1119de835aef19a109,ddddaf0
eviddie-20240910-19940419,20240910,19940419,rare,5shot,0,EviDDIE,PT-16075454,WDJHALXBUFZDSR,NNJVILVZKWQKPM,0,1,0.52308756,0.95321822,0.00063662,0.097519,f35e02ba46327c8eeae98a7dc4c30e07cf11ace88ec8cff9f275a5102ef402a0,643a91e0b9a1cc10067428184fff675682e61b9808c035aaa4af42bb81f063cc,d5b11d25f3b2415dc959ae176b1986eff29aab886b60ed1119de835aef19a109,ddddaf0
eviddie-20240910-19940419,20240910,19940419,rare,5shot,0,EviDDIE,PT-16259298,ACWBQPMHZXGDFX,SNIOPGDIGTZGOP,1,1,0.50014216,0.98967707,0.01014332,0.01071784,f35e02ba46327c8eeae98a7dc4c30e07cf11ace88ec8cff9f275a5102ef402a0,643a91e0b9a1cc10067428184fff675682e61b9808c035aaa4af42bb81f063cc,d5b11d25f3b2415dc959ae176b1986eff29aab886b60ed1119de835aef19a109,ddddaf0
eviddie-20240910-19940419,20240910,19940419,rare,5shot,0,EviDDIE,PT-16259298,GBBSUAFBMRNDJC,QRXWMOHMRWLFEY,1,1,0.63306665,0.73383749,3.998e-05,0.72535926,f35e02ba46327c8eeae98a7dc4c30e07cf11ace88ec8cff9f275a5102ef402a0,643a91e0b9a1cc10067428184fff675682e61b9808c035aaa4af42bb81f063cc,d5b11d25f3b2415dc959ae176b1986eff29aab886b60ed1119de835aef19a109,ddddaf0
eviddie-20240910-19940419,20240910,19940419,rare,5shot,0,EviDDIE,PT-16259298,OEYIOHPDSNJKLS,VEQOALNAAJBPNY,1,1,0.56034189,0.87912524,0.00021731,0.27477139,f35e02ba46327c8eeae98a7dc4c30e07cf11ace88ec8cff9f275a5102ef402a0,643a91e0b9a1cc10067428184fff675682e61b9808c035aaa4af42bb81f063cc,d5b11d25f3b2415dc959ae176b1986eff29aab886b60ed1119de835aef19a109,ddddaf0
eviddie-20240910-19940419,20240910,19940419,rare,5shot,0,EviDDIE,PT-16259298,OVBPIULPVIDEAO,VEQOALNAAJBPNY,1,1,0.59880096,0.80232859,8.65e-05,0.49265766,f35e02ba46327c8eeae98a7dc4c30e07cf11ace88ec8cff9f275a5102ef402a0,643a91e0b9a1cc10067428184fff675682e61b9808c035aaa4af42bb81f063cc,d5b11d25f3b2415dc959ae176b1986eff29aab886b60ed1119de835aef19a109,ddddaf0
eviddie-20240910-19940419,20240910,19940419,rare,5shot,0,EviDDIE,PT-16259298,RDOIQAHITMMDAJ,VEQOALNAAJBPNY,1,1,0.64916748,0.70164239,3.228e-05,0.85042268,f35e02ba46327c8eeae98a7dc4c30e07cf11ace88ec8cff9f275a5102ef402a0,643a91e0b9a1cc10067428184fff675682e61b9808c035aaa4af42bb81f063cc,d5b11d25f3b2415dc959ae176b1986eff29aab886b60ed1119de835aef19a109,ddddaf0
eviddie-20240910-19940419,20240910,19940419,rare,5shot,0,EviDDIE,PT-16259298,RFHAOTPXVQNOHP,RGHNJXZEOKUKBD,1,1,0.68582046,0.62835062,1.318e-05,1.18292272,f35e02ba46327c8eeae98a7dc4c30e07cf11ace88ec8cff9f275a5102ef402a0,643a91e0b9a1cc10067428184fff675682e61b9808c035aaa4af42bb81f063cc,d5b11d25f3b2415dc959ae176b1986eff29aab886b60ed1119de835aef19a109,ddddaf0
eviddie-20240910-19940419,20240910,19940419,rare,5shot,0,EviDDIE,PT-16259298,RYMZZMVNJRMUDD,VWPOSFSPZNDTMJ,1,0,0.49876943,0.98844171,0.01418346,0.00920357,f35e02ba46327c8eeae98a7dc4c30e07cf11ace88ec8cff9f275a5102ef402a0,643a91e0b9a1cc10067428184fff675682e61b9808c035aaa4af42bb81f063cc,d5b11d25f3b2415dc959ae176b1986eff29aab886b60ed1119de835aef19a109,ddddaf0
eviddie-20240910-19940419,20240910,19940419,rare,5shot,0,EviDDIE,PT-16259298,SNPLKNRPJHDVJA,VWPOSFSPZNDTMJ,1,1,0.50284642,0.98835027,0.00602712,0.01754704,f35e02ba46327c8eeae98a7dc4c30e07cf11ace88ec8cff9f275a5102ef402a0,643a91e0b9a1cc10067428184fff675682e61b9808c035aaa4af42bb81f063cc,d5b11d25f3b2415dc959ae176b1986eff29aab886b60ed1119de835aef19a109,ddddaf0
eviddie-20240910-19940419,20240910,19940419,rare,5shot,0,EviDDIE,PT-16259298,ACWBQPMHZXGDFX,ZKLPARSLTMPFCP,0,1,0.51437038,0.96983093,0.00147276,0.06074237,f35e02ba46327c8eeae98a7dc4c30e07cf11ace88ec8cff9f275a5102ef402a0,643a91e0b9a1cc10067428184fff675682e61b9808c035aaa4af42bb81f063cc,d5b11d25f3b2415dc959ae176b1986eff29aab886b60ed1119de835aef19a109,ddddaf0
eviddie-20240910-19940419,20240910,19940419,rare,5shot,0,EviDDIE,PT-16259298,GBBSUAFBMRNDJC,LXMSZDCAJNLERA,0,1,0.50789309,0.98154759,0.00271659,0.03488213,f35e02ba46327c8eeae98a7dc4c30e07cf11ace88ec8cff9f275a5102ef402a0,643a91e0b9a1cc10067428184fff675682e61b9808c035aaa4af42bb81f063cc,d5b11d25f3b2415dc959ae176b1986eff29aab886b60ed1119de835aef19a109,ddddaf0
eviddie-20240910-19940419,20240910,19940419,rare,5shot,0,EviDDIE,PT-16259298,OEYIOHPDSNJKLS,HTIQEAQVCYTUBX,0,1,0.50339127,0.98716938,0.00612656,0.01986817,f35e02ba46327c8eeae98a7dc4c30e07cf11ace88ec8cff9f275a5102ef402a0,643a91e0b9a1cc10067428184fff675682e61b9808c035aaa4af42bb81f063cc,d5b11d25f3b2415dc959ae176b1986eff29aab886b60ed1119de835aef19a109,ddddaf0
eviddie-20240910-19940419,20240910,19940419,rare,5shot,0,EviDDIE,PT-16259298,OVBPIULPVIDEAO,JUKPWJGBANNWMW,0,0,0.49996272,0.98986024,0.01031887,0.01016827,f35e02ba46327c8eeae98a7dc4c30e07cf11ace88ec8cff9f275a5102ef402a0,643a91e0b9a1cc10067428184fff675682e61b9808c035aaa4af42bb81f063cc,d5b11d25f3b2415dc959ae176b1986eff29aab886b60ed1119de835aef19a109,ddddaf0
eviddie-20240910-19940419,20240910,19940419,rare,5shot,0,EviDDIE,PT-16259298,RDOIQAHITMMDAJ,RGHNJXZEOKUKBD,0,1,0.71558231,0.56883174,6.42e-06,1.51597178,f35e02ba46327c8eeae98a7dc4c30e07cf11ace88ec8cff9f275a5102ef402a0,643a91e0b9a1cc10067428184fff675682e61b9808c035aaa4af42bb81f063cc,d5b11d25f3b2415dc959ae176b1986eff29aab886b60ed1119de835aef19a109,ddddaf0
eviddie-20240910-19940419,20240910,19940419,rare,5shot,0,EviDDIE,PT-16259298,RFHAOTPXVQNOHP,BPRHUIZQVSMCRT,0,1,0.58469498,0.83054852,7.399e-05,0.40797305,f35e02ba46327c8eeae98a7dc4c30e07cf11ace88ec8cff9f275a5102ef402a0,643a91e0b9a1cc10067428184fff675682e61b9808c035aaa4af42bb81f063cc,d5b11d25f3b2415dc959ae176b1986eff29aab886b60ed1119de835aef19a109,ddddaf0
eviddie-20240910-19940419,20240910,19940419,rare,5shot,0,EviDDIE,PT-16259298,RYMZZMVNJRMUDD,RLAWWYSOJDYHDC,0,1,0.51761293,0.96394348,0.00086165,0.07394871,f35e02ba46327c8eeae98a7dc4c30e07cf11ace88ec8cff9f275a5102ef402a0,643a91e0b9a1cc10067428184fff675682e61b9808c035aaa4af42bb81f063cc,d5b11d25f3b2415dc959ae176b1986eff29aab886b60ed1119de835aef19a109,ddddaf0
eviddie-20240910-19940419,20240910,19940419,rare,5shot,0,EviDDIE,PT-16259298,SNPLKNRPJHDVJA,PJVWKTKQMONHTI,0,1,0.56180584,0.87619823,0.00021684,0.28237152,f35e02ba46327c8eeae98a7dc4c30e07cf11ace88ec8cff9f275a5102ef402a0,643a91e0b9a1cc10067428184fff675682e61b9808c035aaa4af42bb81f063cc,d5b11d25f3b2415dc959ae176b1986eff29aab886b60ed1119de835aef19a109,ddddaf0
eviddie-20240910-19940419,20240910,19940419,rare,5shot,0,EviDDIE,PT-16599628,AGOYDEPGAOXOCK,KVWDHTXUZHCGIO,1,1,0.50168425,0.98843443,0.00829309,0.01510886,f35e02ba46327c8eeae98a7dc4c30e07cf11ace88ec8cff9f275a5102ef402a0,643a91e0b9a1cc10067428184fff675682e61b9808c035aaa4af42bb81f063cc,d5b11d25f3b2415dc959ae176b1986eff29aab886b60ed1119de835aef19a109,ddddaf0
eviddie-20240910-19940419,20240910,19940419,rare,5shot,0,EviDDIE,PT-16599628,CEUORZQYGODEFX,VREFGVBLTWBCJP,1,1,0.54943115,0.9008553,0.0003135,0.21979883,f35e02ba46327c8eeae98a7dc4c30e07cf11ace88ec8cff9f275a5102ef402a0,643a91e0b9a1cc10067428184fff675682e61b9808c035aaa4af42bb81f063cc,d5b11d25f3b2415dc959ae176b1986eff29aab886b60ed1119de835aef19a109,ddddaf0
eviddie-20240910-19940419,20240910,19940419,rare,5shot,0,EviDDIE,PT-16599628,GBBSUAFBMRNDJC,GFNANZIMVAIWHM,1,1,0.55135638,0.89708889,0.00022106,0.22921236,f35e02ba46327c8eeae98a7dc4c30e07cf11ace88ec8cff9f275a5102ef402a0,643a91e0b9a1cc10067428184fff675682e61b9808c035aaa4af42bb81f063cc,d5b11d25f3b2415dc959ae176b1986eff29aab886b60ed1119de835aef19a109,ddddaf0
eviddie-20240910-19940419,20240910,19940419,rare,5shot,0,EviDDIE,PT-16599628,GFNANZIMVAIWHM,QZUDBNBUXVUHMW,1,0,0.44274458,0.8846305,0.25986028,0.00097061,f35e02ba46327c8eeae98a7dc4c30e07cf11ace88ec8cff9f275a5102ef402a0,643a91e0b9a1cc10067428184fff675682e61b9808c035aaa4af42bb81f063cc,d5b11d25f3b2415dc959ae176b1986eff29aab886b60ed1119de835aef19a109,ddddaf0
eviddie-20240910-19940419,20240910,19940419,rare,5shot,0,EviDDIE,PT-16599628,JLKIGFTWXXRPMT,QZUDBNBUXVUHMW,1,0,0.49093056,0.97800434,0.04103717,0.00394362,f35e02ba46327c8eeae98a7dc4c30e07cf11ace88ec8cff9f275a5102ef402a0,643a91e0b9a1cc10067428184fff675682e61b9808c035aaa4af42bb81f063cc,d5b11d25f3b2415dc959ae176b1986eff29aab886b60ed1119de835aef19a109,ddddaf0
eviddie-20240910-19940419,20240910,19940419,rare,5shot,0,EviDDIE,PT-16599628,JLVVSXFLKOJNIY,KVWDHTXUZHCGIO,1,1,0.51041245,0.97739214,0.00182413,0.04443747,f35e02ba46327c8eeae98a7dc4c30e07cf11ace88ec8cff9f275a5102ef402a0,643a91e0b9a1cc10067428184fff675682e61b9808c035aaa4af42bb81f063cc,d5b11d25f3b2415dc959ae176b1986eff29aab886b60ed1119de835aef19a109,ddddaf0
eviddie-20240910-19940419,20240910,19940419,rare,5shot,0,EviDDIE,PT-16599628,LSQZJLSUYDQPKJ,VREFGVBLTWBCJP,1,1,0.50742263,0.98184144,0.00337462,0.03361417,f35e02ba46327c8eeae98a7dc4c30e07cf11ace88ec8cff9f275a5102ef402a0,643a91e0b9a1cc10067428184fff675682e61b9808c035aaa4af42bb81f063cc,d5b11d25f3b2415dc959ae176b1986eff29aab886b60ed1119de835aef19a109,ddddaf0
eviddie-20240910-19940419,20240910,19940419,rare,5shot,0,EviDDIE,PT-16599628,XLYOFNOQVPJJNP,XTULMSXFIHGYFS,1,0,0.4991554,0.98966277,0.01215206,0.00873841,f35e02ba46327c8eeae98a7dc4c30e07cf11ace88ec8cff9f275a5102ef402a0,643a91e0b9a1cc10067428184fff675682e61b9808c035aaa4af42bb81f063cc,d5b11d25f3b2415dc959ae176b1986eff29aab886b60ed1119de835aef19a109,ddddaf0
eviddie-20240910-19940419,20240910,19940419,rare,5shot,0,EviDDIE,PT-16599628,AGOYDEPGAOXOCK,KRKNYBCHXYNGOX,0,1,0.56231105,0.87523705,0.00016087,0.28493434,f35e02ba46327c8eeae98a7dc4c30e07cf11ace88ec8cff9f275a5102ef402a0,643a91e0b9a1cc10067428184fff675682e61b9808c035aaa4af42bb81f063cc,d5b11d25f3b2415dc959ae176b1986eff29aab886b60ed1119de835aef19a109,ddddaf0
eviddie-20240910-19940419,20240910,19940419,rare,5shot,0,EviDDIE,PT-16599628,CEUORZQYGODEFX,ACWBQPMHZXGDFX,0,1,0.71603048,0.56793469,7.73e-06,1.52152407,f35e02ba46327c8eeae98a7dc4c30e07cf11ace88ec8cff9f275a5102ef402a0,643a91e0b9a1cc10067428184fff675682e61b9808c035aaa4af42bb81f063cc,d5b11d25f3b2415dc959ae176b1986eff29aab886b60ed1119de835aef19a109,ddddaf0
eviddie-20240910-19940419,20240910,19940419,rare,5shot,0,EviDDIE,PT-16599628,GBBSUAFBMRNDJC,QWCRAEMEVRGPNT,0,1,0.52209592,0.95492238,0.00092769,0.09348341,f35e02ba46327c8eeae98a7dc4c30e07cf11ace88ec8cff9f275a5102ef402a0,643a91e0b9a1cc10067428184fff675682e61b9808c035aaa4af42bb81f063cc,d5b11d25f3b2415dc959ae176b1986eff29aab886b60ed1119de835aef19a109,ddddaf0
eviddie-20240910-19940419,20240910,19940419,rare,5shot,0,EviDDIE,PT-16599628,GFNANZIMVAIWHM,RZEKVGVHFLEQIL,0,0,0.40477312,0.80913389,0.4712691,0.00050966,f35e02ba46327c8eeae98a7dc4c30e07cf11ace88ec8cff9f275a5102ef402a0,643a91e0b9a1cc10067428184fff675682e61b9808c035aaa4af42bb81f063cc,d5b11d25f3b2415dc959ae176b1986eff29aab886b60ed1119de835aef19a109,ddddaf0
eviddie-20240910-19940419,20240910,19940419,rare,5shot,0,EviDDIE,PT-16599628,JLKIGFTWXXRPMT,TTWJBBZEZQICBI,0,1,0.54668337,0.90643644,0.00021702,0.20622551,f35e02ba46327c8eeae98a7dc4c30e07cf11ace88ec8cff9f275a5102ef402a0,643a91e0b9a1cc10067428184fff675682e61b9808c035aaa4af42bb81f063cc,d5b11d25f3b2415dc959ae176b1986eff29aab886b60ed1119de835aef19a109,ddddaf0
eviddie-20240910-19940419,20240910,19940419,rare,5shot,0,EviDDIE,PT-16599628,JLVVSXFLKOJNIY,ZRVUJXDFFKFLMG,0,1,0.62080604,0.75835639,4.148e-05,0.63724089,f35e02ba46327c8eeae98a7dc4c30e07cf11ace88ec8cff9f275a5102ef402a0,643a91e0b9a1cc10067428184fff675682e61b9808c035aaa4af42bb81f063cc,d5b11d25f3b2415dc959ae176b1986eff29aab886b60ed1119de835aef19a109,ddddaf0
eviddie-20240910-19940419,20240910,19940419,rare,5shot,0,EviDDIE,PT-16599628,LSQZJLSUYDQPKJ,OVBPIULPVIDEAO,0,1,0.59806395,0.80381048,7.666e-05,0.48807207,f35e02ba46327c8eeae98a7dc4c30e07cf11ace88ec8cff9f275a5102ef402a0,643a91e0b9a1cc10067428184fff675682e61b9808c035aaa4af42bb81f063cc,d5b11d25f3b2415dc959ae176b1986eff29aab886b60ed1119de835aef19a109,ddddaf0
eviddie-20240910-19940419,20240910,19940419,rare,5shot,0,EviDDIE,PT-16599628,XLYOFNOQVPJJNP,SUBDBMMJDZJVOS,0,1,0.50703686,0.98230433,0.00368719,0.03234173,f35e02ba46327c8eeae98a7dc4c30e07cf11ace88ec8cff9f275a5102ef402a0,643a91e0b9a1cc10067428184fff675682e61b9808c035aaa4af42bb81f063cc,d5b11d25f3b2415dc959ae176b1986eff29aab886b60ed1119de835aef19a109,ddddaf0
eviddie-20240910-19940419,20240910,19940419,rare,5shot,0,EviDDIE,PT-17040020,AUYYCJSJGJYCDS,MAEIEVLCKWDQJH,1,0,0.49853474,0.98921376,0.01386634,0.00794133,f35e02ba46327c8eeae98a7dc4c30e07cf11ace88ec8cff9f275a5102ef402a0,643a91e0b9a1cc10067428184fff675682e61b9808c035aaa4af42bb81f063cc,d5b11d25f3b2415dc959ae176b1986eff29aab886b60ed1119de835aef19a109,ddddaf0
eviddie-20240910-19940419,20240910,19940419,rare,5shot,0,EviDDIE,PT-17040020,FKNQFGJONOIPTF,PHIQHXFUZVPYII,1,1,0.55371076,0.89239293,0.00020775,0.24095725,f35e02ba46327c8eeae98a7dc4c30e07cf11ace88ec8cff9f275a5102ef402a0,643a91e0b9a1cc10067428184fff675682e61b9808c035aaa4af42bb81f063cc,d5b11d25f3b2415dc959ae176b1986eff29aab886b60ed1119de835aef19a109,ddddaf0
eviddie-20240910-19940419,20240910,19940419,rare,5shot,0,EviDDIE,PT-17040020,LXNHXLLTXMVWPM,VAAUVRVFOQPIGI,1,1,0.6350801,0.72981244,3.744e-05,0.74039274,f35e02ba46327c8eeae98a7dc4c30e07cf11ace88ec8cff9f275a5102ef402a0,643a91e0b9a1cc10067428184fff675682e61b9808c035aaa4af42bb81f063cc,d5b11d25f3b2415dc959ae176b1986eff29aab886b60ed1119de835aef19a109,ddddaf0
eviddie-20240910-19940419,20240910,19940419,rare,5shot,0,EviDDIE,PT-17040020,MAEIEVLCKWDQJH,WVLOADHCBXTIJK,1,1,0.5645628,0.87074453,0.00014928,0.29673579,f35e02ba46327c8eeae98a7dc4c30e07cf11ace88ec8cff9f275a5102ef402a0,643a91e0b9a1cc10067428184fff675682e61b9808c035aaa4af42bb81f063cc,d5b11d25f3b2415dc959ae176b1986eff29aab886b60ed1119de835aef19a109,ddddaf0
eviddie-20240910-19940419,20240910,19940419,rare,5shot,0,EviDDIE,PT-17040020,OEYIOHPDSNJKLS,ORFOPKXBNMVMKC,1,1,0.52681309,0.94571614,0.00069543,0.11410406,f35e02ba46327c8eeae98a7dc4c30e07cf11ace88ec8cff9f275a5102ef402a0,643a91e0b9a1cc10067428184fff675682e61b9808c035aaa4af42bb81f063cc,d5b11d25f3b2415dc959ae176b1986eff29aab886b60ed1119de835aef19a109,ddddaf0
eviddie-20240910-19940419,20240910,19940419,rare,5shot,0,EviDDIE,PT-17040020,ORFOPKXBNMVMKC,RFHAOTPXVQNOHP,1,1,0.51969349,0.95953161,0.00112699,0.08322335,f35e02ba46327c8eeae98a7dc4c30e07cf11ace88ec8cff9f275a5102ef402a0,643a91e0b9a1cc10067428184fff675682e61b9808c035aaa4af42bb81f063cc,d5b11d25f3b2415dc959ae176b1986eff29aab886b60ed1119de835aef19a109,ddddaf0
eviddie-20240910-19940419,20240910,19940419,rare,5shot,0,EviDDIE,PT-17040020,ORFOPKXBNMVMKC,RZVAJINKPMORJF,1,1,0.55309641,0.89356047,0.00027601,0.23796082,f35e02ba46327c8eeae98a7dc4c30e07cf11ace88ec8cff9f275a5102ef402a0,643a91e0b9a1cc10067428184fff675682e61b9808c035aaa4af42bb81f063cc,d5b11d25f3b2415dc959ae176b1986eff29aab886b60ed1119de835aef19a109,ddddaf0
eviddie-20240910-19940419,20240910,19940419,rare,5shot,0,EviDDIE,PT-17040020,ORFOPKXBNMVMKC,ZKLPARSLTMPFCP,1,1,0.50974691,0.97825146,0.00230466,0.04215932,f35e02ba46327c8eeae98a7dc4c30e07cf11ace88ec8cff9f275a5102ef402a0,643a91e0b9a1cc10067428184fff675682e61b9808c035aaa4af42bb81f063cc,d5b11d25f3b2415dc959ae176b1986eff29aab886b60ed1119de835aef19a109,ddddaf0
eviddie-20240910-19940419,20240910,19940419,rare,5shot,0,EviDDIE,PT-17040020,ORFOPKXBNMVMKC,ZZUFCTLCJUWOSV,1,1,0.50284219,0.98846918,0.00591456,0.01741595,f35e02ba46327c8eeae98a7dc4c30e07cf11ace88ec8cff9f275a5102ef402a0,643a91e0b9a1cc10067428184fff675682e61b9808c035aaa4af42bb81f063cc,d5b11d25f3b2415dc959ae176b1986eff29aab886b60ed1119de835aef19a109,ddddaf0
eviddie-20240910-19940419,20240910,19940419,rare,5shot,0,EviDDIE,PT-17040020,AUYYCJSJGJYCDS,UCTWMZQNUQWSLP,0,1,0.51473057,0.96934634,0.0012303,0.06201575,f35e02ba46327c8eeae98a7dc4c30e07cf11ace88ec8cff9f275a5102ef402a0,643a91e0b9a1cc10067428184fff675682e61b9808c035aaa4af42bb81f063cc,d5b11d25f3b2415dc959ae176b1986eff29aab886b60ed1119de835aef19a109,ddddaf0
eviddie-20240910-19940419,20240910,19940419,rare,5shot,0,EviDDIE,PT-17040020,FKNQFGJONOIPTF,FELGMEQIXOGIFQ,0,1,0.55683857,0.88615078,0.00019436,0.25675806,f35e02ba46327c8eeae98a7dc4c30e07cf11ace88ec8cff9f275a5102ef402a0,643a91e0b9a1cc10067428184fff675682e61b9808c035aaa4af42bb81f063cc,d5b11d25f3b2415dc959ae176b1986eff29aab886b60ed1119de835aef19a109,ddddaf0
eviddie-20240910-19940419,20240910,19940419,rare,5shot,0,EviDDIE,PT-17040020,LXNHXLLTXMVWPM,ATALOFNDEOCMKK,0,1,0.60124528,0.79745883,6.354e-05,0.50790304,f35e02ba46327c8eeae98a7dc4c30e07cf11ace88ec8cff9f275a5102ef402a0,643a91e0b9a1cc10067428184fff675682e61b9808c035aaa4af42bb81f063cc,d5b11d25f3b2415dc959ae176b1986eff29aab886b60ed1119de835aef19a109,ddddaf0
eviddie-20240910-19940419,20240910,19940419,rare,5shot,0,EviDDIE,PT-17040020,MAEIEVLCKWDQJH,PYNXFZCZUAOOQC,0,1,0.59725624,0.8054316,6.94e-05,0.48307133,f35e02ba46327c8eeae98a7dc4c30e07cf11ace88ec8cff9f275a5102ef402a0,643a91e0b9a1cc10067428184fff675682e61b9808c035aaa4af42bb81f063cc,d5b11d25f3b2415dc959ae176b1986eff29aab886b60ed1119de835aef19a109,ddddaf0
eviddie-20240910-19940419,20240910,19940419,rare,5shot,0,EviDDIE,PT-17040020,OEYIOHPDSNJKLS,NJMYODHXAKYRHW,0,0,0.49717703,0.98698306,0.01890909,0.00746823,f35e02ba46327c8eeae98a7dc4c30e07cf11ace88ec8cff9f275a5102ef402a0,643a91e0b9a1cc10067428184fff675682e61b9808c035aaa4af42bb81f063cc,d5b11d25f3b2415dc959ae176b1986eff29aab886b60ed1119de835aef19a109,ddddaf0
eviddie-20240910-19940419,20240910,19940419,rare,5shot,0,EviDDIE,PT-17040020,ORFOPKXBNMVMKC,JZUFKLXOESDKRF,0,0,0.48780811,0.97291666,0.05289994,0.00277466,f35e02ba46327c8eeae98a7dc4c30e07cf11ace88ec8cff9f275a5102ef402a0,643a91e0b9a1cc10067428184fff675682e61b9808c035aaa4af42bb81f063cc,d5b11d25f3b2415dc959ae176b1986eff29aab886b60ed1119de835aef19a109,ddddaf0
eviddie-20240910-19940419,20240910,19940419,rare,5shot,0,EviDDIE,PT-17040020,ORFOPKXBNMVMKC,XLYOFNOQVPJJNP,0,0,0.46117213,0.92093289,0.17017852,0.00153251,f35e02ba46327c8eeae98a7dc4c30e07cf11ace88ec8cff9f275a5102ef402a0,643a91e0b9a1cc10067428184fff675682e61b9808c035aaa4af42bb81f063cc,d5b11d25f3b2415dc959ae176b1986eff29aab886b60ed1119de835aef19a109,ddddaf0
eviddie-20240910-19940419,20240910,19940419,rare,5shot,0,EviDDIE,PT-17040020,ORFOPKXBNMVMKC,LSQZJLSUYDQPKJ,0,1,0.54649216,0.90676558,0.00027583,0.2053659,f35e02ba46327c8eeae98a7dc4c30e07cf11ace88ec8cff9f275a5102ef402a0,643a91e0b9a1cc10067428184fff675682e61b9808c035aaa4af42bb81f063cc,d5b11d25f3b2415dc959ae176b1986eff29aab886b60ed1119de835aef19a109,ddddaf0
eviddie-20240910-19940419,20240910,19940419,rare,5shot,0,EviDDIE,PT-17040020,ORFOPKXBNMVMKC,WXURHACBFYSXBI,0,1,0.52606517,0.94734466,0.00055409,0.1106099,f35e02ba46327c8eeae98a7dc4c30e07cf11ace88ec8cff9f275a5102ef402a0,643a91e0b9a1cc10067428184fff675682e61b9808c035aaa4af42bb81f063cc,d5b11d25f3b2415dc959ae176b1986eff29aab886b60ed1119de835aef19a109,ddddaf0
eviddie-20240910-19940419,20240910,19940419,rare,5shot,0,EviDDIE,PT-17433139,ATALOFNDEOCMKK,BFPYWIDHMRZLRN,1,1,0.6343441,0.73128355,3.876e-05,0.7348786,f35e02ba46327c8eeae98a7dc4c30e07cf11ace88ec8cff9f275a5102ef402a0,643a91e0b9a1cc10067428184fff675682e61b9808c035aaa4af42bb81f063cc,d5b11d25f3b2415dc959ae176b1986eff29aab886b60ed1119de835aef19a109,ddddaf0
eviddie-20240910-19940419,20240910,19940419,rare,5shot,0,EviDDIE,PT-17433139,ATALOFNDEOCMKK,BQJCRHHNABKAKU,1,1,0.5925492,0.81483263,8.462e-05,0.45440727,f35e02ba46327c8eeae98a7dc4c30e07cf11ace88ec8cff9f275a5102ef402a0,643a91e0b9a1cc10067428184fff675682e61b9808c035aaa4af42bb81f063cc,d5b11d25f3b2415dc959ae176b1986eff29aab886b60ed1119de835aef19a109,ddddaf0
eviddie-20240910-19940419,20240910,19940419,rare,5shot,0,EviDDIE,PT-17433139,BFPYWIDHMRZLRN,ITRJWOMZKQRYTA,1,1,0.54444605,0.91094875,0.00017458,0.19533855,f35e02ba46327c8eeae98a7dc4c30e07cf11ace88ec8cff9f275a5102ef402a0,643a91e0b9a1cc10067428184fff675682e61b9808c035aaa4af42bb81f063cc,d5b11d25f3b2415dc959ae176b1986eff29aab886b60ed1119de835aef19a109,ddddaf0
eviddie-20240910-19940419,20240910,19940419,rare,5shot,0,EviDDIE,PT-17433139,BRUQQQPBMZOVGD,JYGXADMDTFJGBT,1,1,0.60907179,0.78182393,4.149e-05,0.55807912,f35e02ba46327c8eeae98a7dc4c30e07cf11ace88ec8cff9f275a5102ef402a0,643a91e0b9a1cc10067428184fff675682e61b9808c035aaa4af42bb81f063cc,d5b11d25f3b2415dc959ae176b1986eff29aab886b60ed1119de835aef19a109,ddddaf0
eviddie-20240910-19940419,20240910,19940419,rare,5shot,0,EviDDIE,PT-17433139,JBIWCJUYHHGXTC,RZEKVGVHFLEQIL,1,1,0.50101095,0.98941702,0.00865274,0.01273965,f35e02ba46327c8eeae98a7dc4c30e07cf11ace88ec8cff9f275a5102ef402a0,643a91e0b9a1cc10067428184fff675682e61b9808c035aaa4af42bb81f063cc,d5b11d25f3b2415dc959ae176b1986eff29aab886b60ed1119de835aef19a109,ddddaf0
eviddie-20240910-19940419,20240910,19940419,rare,5shot,0,EviDDIE,PT-17433139,KEDYTOTWMPBSLG,KWGRBVOPPLSCSI,1,1,0.51154411,0.97552186,0.00142471,0.04875998,f35e02ba46327c8eeae98a7dc4c30e07cf11ace88ec8cff9f275a5102ef402a0,643a91e0b9a1cc10067428184fff675682e61b9808c035aaa4af42bb81f063cc,d5b11d25f3b2415dc959ae176b1986eff29aab886b60ed1119de835aef19a109,ddddaf0
eviddie-20240910-19940419,20240910,19940419,rare,5shot,0,EviDDIE,PT-17433139,ATALOFNDEOCMKK,RGHNJXZEOKUKBD,0,1,0.68795967,0.62407291,1.228e-05,1.20474136,f35e02ba46327c8eeae98a7dc4c30e07cf11ace88ec8cff9f275a5102ef402a0,643a91e0b9a1cc10067428184fff675682e61b9808c035aaa4af42bb81f063cc,d5b11d25f3b2415dc959ae176b1986eff29aab886b60ed1119de835aef19a109,ddddaf0
eviddie-20240910-19940419,20240910,19940419,rare,5shot,0,EviDDIE,PT-17433139,ATALOFNDEOCMKK,BPRHUIZQVSMCRT,0,1,0.60535461,0.78925335,4.731e-05,0.53399295,f35e02ba46327c8eeae98a7dc4c30e07cf11ace88ec8cff9f275a5102ef402a0,643a91e0b9a1cc10067428184fff675682e61b9808c035aaa4af42bb81f063cc,d5b11d25f3b2415dc959ae176b1986eff29aab886b60ed1119de835aef19a109,ddddaf0
eviddie-20240910-19940419,20240910,19940419,rare,5shot,0,EviDDIE,PT-17433139,BFPYWIDHMRZLRN,GJSURZIOUXUGAL,0,1,0.54182476,0.91611296,0.00025938,0.1828777,f35e02ba46327c8eeae98a7dc4c30e07cf11ace88ec8cff9f275a5102ef402a0,643a91e0b9a1cc10067428184fff675682e61b9808c035aaa4af42bb81f063cc,d5b11d25f3b2415dc959ae176b1986eff29aab886b60ed1119de835aef19a109,ddddaf0
eviddie-20240910-19940419,20240910,19940419,rare,5shot,0,EviDDIE,PT-17433139,BRUQQQPBMZOVGD,LXNHXLLTXMVWPM,0,1,0.68965369,0.62068337,1.473e-05,1.22223997,f35e02ba46327c8eeae98a7dc4c30e07cf11ace88ec8cff9f275a5102ef402a0,643a91e0b9a1cc10067428184fff675682e61b9808c035aaa4af42bb81f063cc,d5b11d25f3b2415dc959ae176b1986eff29aab886b60ed1119de835aef19a109,ddddaf0
eviddie-20240910-19940419,20240910,19940419,rare,5shot,0,EviDDIE,PT-17433139,JBIWCJUYHHGXTC,KJADKKWYZYXHBB,0,1,0.51625097,0.96646821,0.00106547,0.06832465,f35e02ba46327c8eeae98a7dc4c30e07cf11ace88ec8cff9f275a5102ef402a0,643a91e0b9a1cc10067428184fff675682e61b9808c035aaa4af42bb81f063cc,d5b11d25f3b2415dc959ae176b1986eff29aab886b60ed1119de835aef19a109,ddddaf0
eviddie-20240910-19940419,20240910,19940419,rare,5shot,0,EviDDIE,PT-17433139,KEDYTOTWMPBSLG,ZQDWXGKKHFNSQK,0,1,0.52031434,0.9587031,0.00069701,0.08545458,f35e02ba46327c8eeae98a7dc4c30e07cf11ace88ec8cff9f275a5102ef402a0,643a91e0b9a1cc10067428184fff675682e61b9808c035aaa4af42bb81f063cc,d5b11d25f3b2415dc959ae176b1986eff29aab886b60ed1119de835aef19a109,ddddaf0
eviddie-20240910-19940419,20240910,19940419,rare,5shot,0,EviDDIE,PT-17529495,HTQMVQVXFRQIKW,IAVUPMFITXYVAF,1,1,0.53283638,0.93393999,0.00041448,0.14105052,f35e02ba46327c8eeae98a7dc4c30e07cf11ace88ec8cff9f275a5102ef402a0,643a91e0b9a1cc10067428184fff675682e61b9808c035aaa4af42bb81f063cc,d5b11d25f3b2415dc959ae176b1986eff29aab886b60ed1119de835aef19a109,ddddaf0
eviddie-20240910-19940419,20240910,19940419,rare,5shot,0,EviDDIE,PT-17529495,HTQMVQVXFRQIKW,NXFQHRVNIOXGAQ,1,1,0.54407728,0.91150224,0.00037673,0.19380338,f35e02ba46327c8eeae98a7dc4c30e07cf11ace88ec8cff9f275a5102ef402a0,643a91e0b9a1cc10067428184fff675682e61b9808c035aaa4af42bb81f063cc,d5b11d25f3b2415dc959ae176b1986eff29aab886b60ed1119de835aef19a109,ddddaf0
eviddie-20240910-19940419,20240910,19940419,rare,5shot,0,EviDDIE,PT-17529495,HXHWSAZORRCQMX,ITRJWOMZKQRYTA,1,1,0.51661396,0.96590167,0.00090114,0.06970301,f35e02ba46327c8eeae98a7dc4c30e07cf11ace88ec8cff9f275a5102ef402a0,643a91e0b9a1cc10067428184fff675682e61b9808c035aaa4af42bb81f063cc,d5b11d25f3b2415dc959ae176b1986eff29aab886b60ed1119de835aef19a109,ddddaf0
eviddie-20240910-19940419,20240910,19940419,rare,5shot,0,EviDDIE,PT-17529495,HXHWSAZORRCQMX,SUBDBMMJDZJVOS,1,1,0.50713789,0.98208076,0.00370994,0.03278248,f35e02ba46327c8eeae98a7dc4c30e07cf11ace88ec8cff9f275a5102ef402a0,643a91e0b9a1cc10067428184fff675682e61b9808c035aaa4af42bb81f063cc,d5b11d25f3b2415dc959ae176b1986eff29aab886b60ed1119de835aef19a109,ddddaf0
eviddie-20240910-19940419,20240910,19940419,rare,5shot,0,EviDDIE,PT-17529495,ITRJWOMZKQRYTA,XZWYZXLIPXDOLR,1,0,0.49678692,0.98786199,0.0187921,0.00578198,f35e02ba46327c8eeae98a7dc4c30e07cf11ace88ec8cff9f275a5102ef402a0,643a91e0b9a1cc10067428184fff675682e61b9808c035aaa4af42bb81f063cc,d5b11d25f3b2415dc959ae176b1986eff29aab886b60ed1119de835aef19a109,ddddaf0
eviddie-20240910-19940419,20240910,19940419,rare,5shot,0,EviDDIE,PT-17529495,KGFYHTZWPPHNLQ,ZZUFCTLCJUWOSV,1,1,0.51949084,0.96019709,0.00085532,0.08205049,f35e02ba46327c8eeae98a7dc4c30e07cf11ace88ec8cff9f275a5102ef402a0,643a91e0b9a1cc10067428184fff675682e61b9808c035aaa4af42bb81f063cc,d5b11d25f3b2415dc959ae176b1986eff29aab886b60ed1119de835aef19a109,ddddaf0
eviddie-20240910-19940419,20240910,19940419,rare,5shot,0,EviDDIE,PT-17529495,HTQMVQVXFRQIKW,XOFYZVNMUHMLCC,0,1,0.51455194,0.96971673,0.00121639,0.06124178,f35e02ba46327c8eeae98a7dc4c30e07cf11ace88ec8cff9f275a5102ef402a0,643a91e0b9a1cc10067428184fff675682e61b9808c035aaa4af42bb81f063cc,d5b11d25f3b2415dc959ae176b1986eff29aab886b60ed1119de835aef19a109,ddddaf0
eviddie-20240910-19940419,20240910,19940419,rare,5shot,0,EviDDIE,PT-17529495,HTQMVQVXFRQIKW,FELGMEQIXOGIFQ,0,1,0.54324698,0.91317028,0.00036759,0.1898043,f35e02ba46327c8eeae98a7dc4c30e07cf11ace88ec8cff9f275a5102ef402a0,643a91e0b9a1cc10067428184fff675682e61b9808c035aaa4af42bb81f063cc,d5b11d25f3b2415dc959ae176b1986eff29aab886b60ed1119de835aef19a109,ddddaf0
eviddie-20240910-19940419,20240910,19940419,rare,5shot,0,EviDDIE,PT-17529495,HXHWSAZORRCQMX,PYNXFZCZUAOOQC,0,1,0.56753606,0.86481029,0.00013587,0.31250989,f35e02ba46327c8eeae98a7dc4c30e07cf11ace88ec8cff9f275a5102ef402a0,643a91e0b9a1cc10067428184fff675682e61b9808c035aaa4af42bb81f063cc,d5b11d25f3b2415dc959ae176b1986eff29aab886b60ed1119de835aef19a109,ddddaf0
eviddie-20240910-19940419,20240910,19940419,rare,5shot,0,EviDDIE,PT-17529495,HXHWSAZORRCQMX,BPZSYCZIITTYBL,0,1,0.59052116,0.81888717,8.607e-05,0.4422529,f35e02ba46327c8eeae98a7dc4c30e07cf11ace88ec8cff9f275a5102ef402a0,643a91e0b9a1cc10067428184fff675682e61b9808c035aaa4af42bb81f063cc,d5b11d25f3b2415dc959ae176b1986eff29aab886b60ed1119de835aef19a109,ddddaf0
eviddie-20240910-19940419,20240910,19940419,rare,5shot,0,EviDDIE,PT-17529495,ITRJWOMZKQRYTA,VWPOSFSPZNDTMJ,0,0,0.49292761,0.98147261,0.03328901,0.0044653,f35e02ba46327c8eeae98a7dc4c30e07cf11ace88ec8cff9f275a5102ef402a0,643a91e0b9a1cc10067428184fff675682e61b9808c035aaa4af42bb81f063cc,d5b11d25f3b2415dc959ae176b1986eff29aab886b60ed1119de835aef19a109,ddddaf0
eviddie-20240910-19940419,20240910,19940419,rare,5shot,0,EviDDIE,PT-17529495,KGFYHTZWPPHNLQ,FKNQFGJONOIPTF,0,1,0.70834422,0.58330762,6.73e-06,1.42871594,f35e02ba46327c8eeae98a7dc4c30e07cf11ace88ec8cff9f275a5102ef402a0,643a91e0b9a1cc10067428184fff675682e61b9808c035aaa4af42bb81f063cc,d5b11d25f3b2415dc959ae176b1986eff29aab886b60ed1119de835aef19a109,ddddaf0
eviddie-20240910-19940419,20240910,19940419,rare,5shot,0,EviDDIE,PT-17556663,FFGPTBGBLSHEPO,MBUVEWMHONZEQD,1,1,0.50308931,0.98786062,0.00603411,0.01854314,f35e02ba46327c8eeae98a7dc4c30e07cf11ace88ec8cff9f275a5102ef402a0,643a91e0b9a1cc10067428184fff675682e61b9808c035aaa4af42bb81f063cc,d5b11d25f3b2415dc959ae176b1986eff29aab886b60ed1119de835aef19a109,ddddaf0
eviddie-20240910-19940419,20240910,19940419,rare,5shot,0,EviDDIE,PT-17556663,FFGPTBGBLSHEPO,ZRVUJXDFFKFLMG,1,1,0.53376132,0.93208414,0.00042204,0.14530715,f35e02ba46327c8eeae98a7dc4c30e07cf11ace88ec8cff9f275a5102ef402a0,643a91e0b9a1cc10067428184fff675682e61b9808c035aaa4af42bb81f063cc,d5b11d25f3b2415dc959ae176b1986eff29aab886b60ed1119de835aef19a109,ddddaf0
eviddie-20240910-19940419,20240910,19940419,rare,5shot,0,EviDDIE,PT-17556663,HYIMSNHJOBLJNT,NGBFQHCMQULJNZ,1,1,0.5261389,0.94714075,0.00061392,0.11100461,f35e02ba46327c8eeae98a7dc4c30e07cf11ace88ec8cff9f275a5102ef402a0,643a91e0b9a1cc10067428184fff675682e61b9808c035aaa4af42bb81f063cc,d5b11d25f3b2415dc959ae176b1986eff29aab886b60ed1119de835aef19a109,ddddaf0
eviddie-20240910-19940419,20240910,19940419,rare,5shot,0,EviDDIE,PT-17556663,HYIMSNHJOBLJNT,VOVIALXJUBGFJZ,1,1,0.52677482,0.94598275,0.00049408,0.11370916,f35e02ba46327c8eeae98a7dc4c30e07cf11ace88ec8cff9f275a5102ef402a0,643a91e0b9a1cc10067428184fff675682e61b9808c035aaa4af42bb81f063cc,d5b11d25f3b2415dc959ae176b1986eff29aab886b60ed1119de835aef19a109,ddddaf0
eviddie-20240910-19940419,20240910,19940419,rare,5shot,0,EviDDIE,PT-17556663,JIVPVXMEBJLZRO,VOVIALXJUBGFJZ,1,1,0.50330055,0.98875511,0.00469666,0.01804906,f35e02ba46327c8eeae98a7dc4c30e07cf11ace88ec8cff9f275a5102ef402a0,643a91e0b9a1cc10067428184fff675682e61b9808c035aaa4af42bb81f063cc,d5b11d25f3b2415dc959ae176b1986eff29aab886b60ed1119de835aef19a109,ddddaf0
eviddie-20240910-19940419,20240910,19940419,rare,5shot,0,EviDDIE,PT-17556663,JYGXADMDTFJGBT,NGBFQHCMQULJNZ,1,0,0.49515948,0.98481166,0.02525281,0.00559218,f35e02ba46327c8eeae98a7dc4c30e07cf11ace88ec8cff9f275a5102ef402a0,643a91e0b9a1cc10067428184fff675682e61b9808c035aaa4af42bb81f063cc,d5b11d25f3b2415dc959ae176b1986eff29aab886b60ed1119de835aef19a109,ddddaf0
eviddie-20240910-19940419,20240910,19940419,rare,5shot,0,EviDDIE,PT-17556663,FFGPTBGBLSHEPO,AQHHHDLHHXJYJD,0,0,0.49873823,0.98910415,0.01356718,0.00846453,f35e02ba46327c8eeae98a7dc4c30e07cf11ace88ec8cff9f275a5102ef402a0,643a91e0b9a1cc10067428184fff675682e61b9808c035aaa4af42bb81f063cc,d5b11d25f3b2415dc959ae176b1986eff29aab886b60ed1119de835aef19a109,ddddaf0
eviddie-20240910-19940419,20240910,19940419,rare,5shot,0,EviDDIE,PT-17556663,FFGPTBGBLSHEPO,NDAUXUAQIAJITI,0,1,0.53552318,0.92860818,0.000372,0.15338887,f35e02ba46327c8eeae98a7dc4c30e07cf11ace88ec8cff9f275a5102ef402a0,643a91e0b9a1cc10067428184fff675682e61b9808c035aaa4af42bb81f063cc,d5b11d25f3b2415dc959ae176b1986eff29aab886b60ed1119de835aef19a109,ddddaf0
eviddie-20240910-19940419,20240910,19940419,rare,5shot,0,EviDDIE,PT-17556663,HYIMSNHJOBLJNT,VAAUVRVFOQPIGI,0,1,0.58915204,0.82161558,9.762e-05,0.43413073,f35e02ba46327c8eeae98a7dc4c30e07cf11ace88ec8cff9f275a5102ef402a0,643a91e0b9a1cc10067428184fff675682e61b9808c035aaa4af42bb81f063cc,d5b11d25f3b2415dc959ae176b1986eff29aab886b60ed1119de835aef19a109,ddddaf0
eviddie-20240910-19940419,20240910,19940419,rare,5shot,0,EviDDIE,PT-17556663,HYIMSNHJOBLJNT,MVWVFYHBGMAFLY,0,1,0.51273096,0.97298247,0.00159887,0.05393673,f35e02ba46327c8eeae98a7dc4c30e07cf11ace88ec8cff9f275a5102ef402a0,643a91e0b9a1cc10067428184fff675682e61b9808c035aaa4af42bb81f063cc,d5b11d25f3b2415dc959ae176b1986eff29aab886b60ed1119de835aef19a109,ddddaf0
eviddie-20240910-19940419,20240910,19940419,rare,5shot,0,EviDDIE,PT-17556663,JIVPVXMEBJLZRO,RTHCYVBBDHJXIQ,0,0,0.4941816,0.98321331,0.02890875,0.00523778,f35e02ba46327c8eeae98a7dc4c30e07cf11ace88ec8cff9f275a5102ef402a0,643a91e0b9a1cc10067428184fff675682e61b9808c035aaa4af42bb81f063cc,d5b11d25f3b2415dc959ae176b1986eff29aab886b60ed1119de835aef19a109,ddddaf0
eviddie-20240910-19940419,20240910,19940419,rare,5shot,0,EviDDIE,PT-17556663,JYGXADMDTFJGBT,XZWYZXLIPXDOLR,0,0,0.49779105,0.98905307,0.01553502,0.00660135,f35e02ba46327c8eeae98a7dc4c30e07cf11ace88ec8cff9f275a5102ef402a0,643a91e0b9a1cc10067428184fff675682e61b9808c035aaa4af42bb81f063cc,d5b11d25f3b2415dc959ae176b1986eff29aab886b60ed1119de835aef19a109,ddddaf0
eviddie-20240910-19940419,20240910,19940419,rare,5shot,0,EviDDIE,PT-17730751,AGOYDEPGAOXOCK,FEBLZLNTKCEFIT,1,1,0.51177138,0.97493261,0.00156385,0.04985994,f35e02ba46327c8eeae98a7dc4c30e07cf11ace88ec8cff9f275a5102ef402a0,643a91e0b9a1cc10067428184fff675682e61b9808c035aaa4af42bb81f063cc,d5b11d25f3b2415dc959ae176b1986eff29aab886b60ed1119de835aef19a109,ddddaf0
eviddie-20240910-19940419,20240910,19940419,rare,5shot,0,EviDDIE,PT-17730751,AYXYPKUFHZROOJ,QRXWMOHMRWLFEY,1,1,0.50359553,0.98857981,0.00427791,0.0188263,f35e02ba46327c8eeae98a7dc4c30e07cf11ace88ec8cff9f275a5102ef402a0,643a91e0b9a1cc10067428184fff675682e61b9808c035aaa4af42bb81f063cc,d5b11d25f3b2415dc959ae176b1986eff29aab886b60ed1119de835aef19a109,ddddaf0
eviddie-20240910-19940419,20240910,19940419,rare,5shot,0,EviDDIE,PT-17730751,CNBGNNVCVSKAQZ,KUVIULQEHSCUHY,1,1,0.64339978,0.71318299,2.453e-05,0.80430478,f35e02ba46327c8eeae98a7dc4c30e07cf11ace88ec8cff9f275a5102ef402a0,643a91e0b9a1cc10067428184fff675682e61b9808c035aaa4af42bb81f063cc,d5b11d25f3b2415dc959ae176b1986eff29aab886b60ed1119de835aef19a109,ddddaf0
eviddie-20240910-19940419,20240910,19940419,rare,5shot,0,EviDDIE,PT-17730751,FEBLZLNTKCEFIT,MQTOSJVFKKJCRP,1,0,0.49866071,0.98871392,0.01412405,0.00870569,f35e02ba46327c8eeae98a7dc4c30e07cf11ace88ec8cff9f275a5102ef402a0,643a91e0b9a1cc10067428184fff675682e61b9808c035aaa4af42bb81f063cc,d5b11d25f3b2415dc959ae176b1986eff29aab886b60ed1119de835aef19a109,ddddaf0
eviddie-20240910-19940419,20240910,19940419,rare,5shot,0,EviDDIE,PT-17730751,GFNANZIMVAIWHM,RYMZZMVNJRMUDD,1,1,0.50659734,0.98422813,0.00261835,0.02943072,f35e02ba46327c8eeae98a7dc4c30e07cf11ace88ec8cff9f275a5102ef402a0,643a91e0b9a1cc10067428184fff675682e61b9808c035aaa4af42bb81f063cc,d5b11d25f3b2415dc959ae176b1986eff29aab886b60ed1119de835aef19a109,ddddaf0
eviddie-20240910-19940419,20240910,19940419,rare,5shot,0,EviDDIE,PT-17730751,MOVRKLZUVNCBIP,QYSXJUFSXHHAJI,1,1,0.50652981,0.98431176,0.00267037,0.02920602,f35e02ba46327c8eeae98a7dc4c30e07cf11ace88ec8cff9f275a5102ef402a0,643a91e0b9a1cc10067428184fff675682e61b9808c035aaa4af42bb81f063cc,d5b11d25f3b2415dc959ae176b1986eff29aab886b60ed1119de835aef19a109,ddddaf0
eviddie-20240910-19940419,20240910,19940419,rare,5shot,0,EviDDIE,PT-17730751,MOVRKLZUVNCBIP,RYMZZMVNJRMUDD,1,1,0.50610662,0.9850235,0.00280508,0.0276031,f35e02ba46327c8eeae98a7dc4c30e07cf11ace88ec8cff9f275a5102ef402a0,643a91e0b9a1cc10067428184fff675682e61b9808c035aaa4af42bb81f063cc,d5b11d25f3b2415dc959ae176b1986eff29aab886b60ed1119de835aef19a109,ddddaf0
eviddie-20240910-19940419,20240910,19940419,rare,5shot,0,EviDDIE,PT-17730751,MOVRKLZUVNCBIP,UREBDLICKHMUKA,1,0,0.49966004,0.99003005,0.01075693,0.00938352,f35e02ba46327c8eeae98a7dc4c30e07cf11ace88ec8cff9f275a5102ef402a0,643a91e0b9a1cc10067428184fff675682e61b9808c035aaa4af42bb81f063cc,d5b11d25f3b2415dc959ae176b1986eff29aab886b60ed1119de835aef19a109,ddddaf0
eviddie-20240910-19940419,20240910,19940419,rare,5shot,0,EviDDIE,PT-17730751,MQTOSJVFKKJCRP,ZKLPARSLTMPFCP,1,1,0.51321638,0.97210872,0.00150027,0.05588268,f35e02ba46327c8eeae98a7dc4c30e07cf11ace88ec8cff9f275a5102ef402a0,643a91e0b9a1cc10067428184fff675682e61b9808c035aaa4af42bb81f063cc,d5b11d25f3b2415dc959ae176b1986eff29aab886b60ed1119de835aef19a109,ddddaf0
eviddie-20240910-19940419,20240910,19940419,rare,5shot,0,EviDDIE,PT-17730751,QRXWMOHMRWLFEY,RDOIQAHITMMDAJ,1,1,0.53081888,0.93795973,0.0004291,0.13185857,f35e02ba46327c8eeae98a7dc4c30e07cf11ace88ec8cff9f275a5102ef402a0,643a91e0b9a1cc10067428184fff675682e61b9808c035aaa4af42bb81f063cc,d5b11d25f3b2415dc959ae176b1986eff29aab886b60ed1119de835aef19a109,ddddaf0
eviddie-20240910-19940419,20240910,19940419,rare,5shot,0,EviDDIE,PT-17730751,AGOYDEPGAOXOCK,ATALOFNDEOCMKK,0,1,0.53419155,0.93120712,0.00044016,0.1473099,f35e02ba46327c8eeae98a7dc4c30e07cf11ace88ec8cff9f275a5102ef402a0,643a91e0b9a1cc10067428184fff675682e61b9808c035aaa4af42bb81f063cc,d5b11d25f3b2415dc959ae176b1986eff29aab886b60ed1119de835aef19a109,ddddaf0
eviddie-20240910-19940419,20240910,19940419,rare,5shot,0,EviDDIE,PT-17730751,AYXYPKUFHZROOJ,XXSMGPRMXLTPCZ,0,0,0.49654976,0.9867931,0.0203764,0.00639077,f35e02ba46327c8eeae98a7dc4c30e07cf11ace88ec8cff9f275a5102ef402a0,643a91e0b9a1cc10067428184fff675682e61b9808c035aaa4af42bb81f063cc,d5b11d25f3b2415dc959ae176b1986eff29aab886b60ed1119de835aef19a109,ddddaf0
eviddie-20240910-19940419,20240910,19940419,rare,5shot,0,EviDDIE,PT-17730751,CNBGNNVCVSKAQZ,TTWJBBZEZQICBI,0,1,0.72997797,0.54004157,4.62e-06,1.70341384,f35e02ba46327c8eeae98a7dc4c30e07cf11ace88ec8cff9f275a5102ef402a0,643a91e0b9a1cc10067428184fff675682e61b9808c035aaa4af42bb81f063cc,d5b11d25f3b2415dc959ae176b1986eff29aab886b60ed1119de835aef19a109,ddddaf0
eviddie-20240910-19940419,20240910,19940419,rare,5shot,0,EviDDIE,PT-17730751,FEBLZLNTKCEFIT,LSQZJLSUYDQPKJ,0,1,0.50381273,0.98751301,0.004923,0.02036683,f35e02ba46327c8eeae98a7dc4c30e07cf11ace88ec8cff9f275a5102ef402a0,643a91e0b9a1cc10067428184fff675682e61b9808c035aaa4af42bb81f063cc,d5b11d25f3b2415dc959ae176b1986eff29aab886b60ed1119de835aef19a109,ddddaf0
eviddie-20240910-19940419,20240910,19940419,rare,5shot,0,EviDDIE,PT-17730751,GFNANZIMVAIWHM,AGOYDEPGAOXOCK,0,1,0.50454551,0.98687953,0.00408297,0.02250686,f35e02ba46327c8eeae98a7dc4c30e07cf11ace88ec8cff9f275a5102ef402a0,643a91e0b9a1cc10067428184fff675682e61b9808c035aaa4af42bb81f063cc,d5b11d25f3b2415dc959ae176b1986eff29aab886b60ed1119de835aef19a109,ddddaf0
eviddie-20240910-19940419,20240910,19940419,rare,5shot,0,EviDDIE,PT-17730751,MOVRKLZUVNCBIP,VAAUVRVFOQPIGI,0,1,0.5046497,0.98607337,0.0046926,0.02355406,f35e02ba46327c8eeae98a7dc4c30e07cf11ace88ec8cff9f275a5102ef402a0,643a91e0b9a1cc10067428184fff675682e61b9808c035aaa4af42bb81f063cc,d5b11d25f3b2415dc959ae176b1986eff29aab886b60ed1119de835aef19a109,ddddaf0
eviddie-20240910-19940419,20240910,19940419,rare,5shot,0,EviDDIE,PT-17730751,MOVRKLZUVNCBIP,WVLOADHCBXTIJK,0,1,0.50701672,0.98326379,0.00274879,0.03129333,f35e02ba46327c8eeae98a7dc4c30e07cf11ace88ec8cff9f275a5102ef402a0,643a91e0b9a1cc10067428184fff675682e61b9808c035aaa4af42bb81f063cc,d5b11d25f3b2415dc959ae176b1986eff29aab886b60ed1119de835aef19a109,ddddaf0
eviddie-20240910-19940419,20240910,19940419,rare,5shot,0,EviDDIE,PT-17730751,MOVRKLZUVNCBIP,OGHNVEJMJSYVRP,0,0,0.49119753,0.97827291,0.04020554,0.00421366,f35e02ba46327c8eeae98a7dc4c30e07cf11ace88ec8cff9f275a5102ef402a0,643a91e0b9a1cc10067428184fff675682e61b9808c035aaa4af42bb81f063cc,d5b11d25f3b2415dc959ae176b1986eff29aab886b60ed1119de835aef19a109,ddddaf0
eviddie-20240910-19940419,20240910,19940419,rare,5shot,0,EviDDIE,PT-17730751,MQTOSJVFKKJCRP,ATALOFNDEOCMKK,0,1,0.55233467,0.89511961,0.00023594,0.23410255,f35e02ba46327c8eeae98a7dc4c30e07cf11ace88ec8cff9f275a5102ef402a0,643a91e0b9a1cc10067428184fff675682e61b9808c035aaa4af42bb81f063cc,d5b11d25f3b2415dc959ae176b1986eff29aab886b60ed1119de835aef19a109,ddddaf0
eviddie-20240910-19940419,20240910,19940419,rare,5shot,0,EviDDIE,PT-17730751,QRXWMOHMRWLFEY,PHIQHXFUZVPYII,0,1,0.53710473,0.92542648,0.00039353,0.16077226,f35e02ba46327c8eeae98a7dc4c30e07cf11ace88ec8cff9f275a5102ef402a0,643a91e0b9a1cc10067428184fff675682e61b9808c035aaa4af42bb81f063cc,d5b11d25f3b2415dc959ae176b1986eff29aab886b60ed1119de835aef19a109,ddddaf0
eviddie-20240910-19940419,20240910,19940419,rare,5shot,0,EviDDIE,PT-17750120,AYXYPKUFHZROOJ,XZWYZXLIPXDOLR,1,0,0.49199793,0.98086929,0.03582017,0.00318753,f35e02ba46327c8eeae98a7dc4c30e07cf11ace88ec8cff9f275a5102ef402a0,643a91e0b9a1cc10067428184fff675682e61b9808c035aaa4af42bb81f063cc,d5b11d25f3b2415dc959ae176b1986eff29aab886b60ed1119de835aef19a109,ddddaf0
eviddie-20240910-19940419,20240910,19940419,rare,5shot,0,EviDDIE,PT-17750120,FABPRXSRWADJSP,OIGNJSKKLXVSLS,1,1,0.54798704,0.90382504,0.00022238,0.2125954,f35e02ba46327c8eeae98a7dc4c30e07cf11ace88ec8cff9f275a5102ef402a0,643a91e0b9a1cc10067428184fff675682e61b9808c035aaa4af42bb81f063cc,d5b11d25f3b2415dc959ae176b1986eff29aab886b60ed1119de835aef19a109,ddddaf0
eviddie-20240910-19940419,20240910,19940419,rare,5shot,0,EviDDIE,PT-17750120,FABPRXSRWADJSP,WIKYUJGCLQQFNW,1,1,0.53446031,0.9307211,0.00038481,0.14848654,f35e02ba46327c8eeae98a7dc4c30e07cf11ace88ec8cff9f275a5102ef402a0,643a91e0b9a1cc10067428184fff675682e61b9808c035aaa4af42bb81f063cc,d5b11d25f3b2415dc959ae176b1986eff29aab886b60ed1119de835aef19a109,ddddaf0
eviddie-20240910-19940419,20240910,19940419,rare,5shot,0,EviDDIE,PT-17750120,KJADKKWYZYXHBB,XZWYZXLIPXDOLR,1,1,0.50055623,0.99106151,0.00789665,0.01014161,f35e02ba46327c8eeae98a7dc4c30e07cf11ace88ec8cff9f275a5102ef402a0,643a91e0b9a1cc10067428184fff675682e61b9808c035aaa4af42bb81f063cc,d5b11d25f3b2415dc959ae176b1986eff29aab886b60ed1119de835aef19a109,ddddaf0
eviddie-20240910-19940419,20240910,19940419,rare,5shot,0,EviDDIE,PT-17750120,KPYSYYIEGFHWSV,XZWYZXLIPXDOLR,1,1,0.57483912,0.85024816,8.652e-05,0.35216779,f35e02ba46327c8eeae98a7dc4c30e07cf11ace88ec8cff9f275a5102ef402a0,643a91e0b9a1cc10067428184fff675682e61b9808c035aaa4af42bb81f063cc,d5b11d25f3b2415dc959ae176b1986eff29aab886b60ed1119de835aef19a109,ddddaf0
eviddie-20240910-19940419,20240910,19940419,rare,5shot,0,EviDDIE,PT-17750120,OGHNVEJMJSYVRP,WIKYUJGCLQQFNW,1,1,0.55844104,0.88296026,0.00017861,0.26492903,f35e02ba46327c8eeae98a7dc4c30e07cf11ace88ec8cff9f275a5102ef402a0,643a91e0b9a1cc10067428184fff675682e61b9808c035aaa4af42bb81f063cc,d5b11d25f3b2415dc959ae176b1986eff29aab886b60ed1119de835aef19a109,ddddaf0
eviddie-20240910-19940419,20240910,19940419,rare,5shot,0,EviDDIE,PT-17750120,AYXYPKUFHZROOJ,YPCRNBPOUVJVMU,0,1,0.52600133,0.94761562,0.00040288,0.11015761,f35e02ba46327c8eeae98a7dc4c30e07cf11ace88ec8cff9f275a5102ef402a0,643a91e0b9a1cc10067428184fff675682e61b9808c035aaa4af42bb81f063cc,d5b11d25f3b2415dc959ae176b1986eff29aab886b60ed1119de835aef19a109,ddddaf0
eviddie-20240910-19940419,20240910,19940419,rare,5shot,0,EviDDIE,PT-17750120,FABPRXSRWADJSP,CNBGNNVCVSKAQZ,0,1,0.52770972,0.9439702,0.00064676,0.11806437,f35e02ba46327c8eeae98a7dc4c30e07cf11ace88ec8cff9f275a5102ef402a0,643a91e0b9a1cc10067428184fff675682e61b9808c035aaa4af42bb81f063cc,d5b11d25f3b2415dc959ae176b1986eff29aab886b60ed1119de835aef19a109,ddddaf0
eviddie-20240910-19940419,20240910,19940419,rare,5shot,0,EviDDIE,PT-17750120,FABPRXSRWADJSP,XPCFTKFZXHTYIP,0,1,0.59333932,0.81326079,7.422e-05,0.45916134,f35e02ba46327c8eeae98a7dc4c30e07cf11ace88ec8cff9f275a5102ef402a0,643a91e0b9a1cc10067428184fff675682e61b9808c035aaa4af42bb81f063cc,d5b11d25f3b2415dc959ae176b1986eff29aab886b60ed1119de835aef19a109,ddddaf0
eviddie-20240910-19940419,20240910,19940419,rare,5shot,0,EviDDIE,PT-17750120,KJADKKWYZYXHBB,IAVUPMFITXYVAF,0,1,0.50925612,0.97991735,0.00160248,0.03938594,f35e02ba46327c8eeae98a7dc4c30e07cf11ace88ec8cff9f275a5102ef402a0,643a91e0b9a1cc10067428184fff675682e61b9808c035aaa4af42bb81f063cc,d5b11d25f3b2415dc959ae176b1986eff29aab886b60ed1119de835aef19a109,ddddaf0
eviddie-20240910-19940419,20240910,19940419,rare,5shot,0,EviDDIE,PT-17750120,KPYSYYIEGFHWSV,KVWDHTXUZHCGIO,0,1,0.52694881,0.94555485,0.00057906,0.11458109,f35e02ba46327c8eeae98a7dc4c30e07cf11ace88ec8cff9f275a5102ef402a0,643a91e0b9a1cc10067428184fff675682e61b9808c035aaa4af42bb81f063cc,d5b11d25f3b2415dc959ae176b1986eff29aab886b60ed1119de835aef19a109,ddddaf0
eviddie-20240910-19940419,20240910,19940419,rare,5shot,0,EviDDIE,PT-17750120,OGHNVEJMJSYVRP,KWMLJOLKUYYJFJ,0,1,0.7624625,0.47507429,1.57e-06,2.20986652,f35e02ba46327c8eeae98a7dc4c30e07cf11ace88ec8cff9f275a5102ef402a0,643a91e0b9a1cc10067428184fff675682e61b9808c035aaa4af42bb81f063cc,d5b11d25f3b2415dc959ae176b1986eff29aab886b60ed1119de835aef19a109,ddddaf0
eviddie-20240910-19940419,20240910,19940419,rare,5shot,0,EviDDIE,PT-17777361,ADEBPBSSDYVVLD,DGBIGWXXNGSACT,1,1,0.57536656,0.84915209,0.00013519,0.35515544,f35e02ba46327c8eeae98a7dc4c30e07cf11ace88ec8cff9f275a5102ef402a0,643a91e0b9a1cc10067428184fff675682e61b9808c035aaa4af42bb81f063cc,d5b11d25f3b2415dc959ae176b1986eff29aab886b60ed1119de835aef19a109,ddddaf0
eviddie-20240910-19940419,20240910,19940419,rare,5shot,0,EviDDIE,PT-17777361,BUGYDGFZZOZRHP,IQPSEEYGBUAQFF,1,1,0.54409856,0.91151196,0.00031912,0.1938374,f35e02ba46327c8eeae98a7dc4c30e07cf11ace88ec8cff9f275a5102ef402a0,643a91e0b9a1cc10067428184fff675682e61b9808c035aaa4af42bb81f063cc,d5b11d25f3b2415dc959ae176b1986eff29aab886b60ed1119de835aef19a109,ddddaf0
eviddie-20240910-19940419,20240910,19940419,rare,5shot,0,EviDDIE,PT-17777361,BUGYDGFZZOZRHP,XZWYZXLIPXDOLR,1,1,0.5157963,0.96765512,0.00077763,0.06607463,f35e02ba46327c8eeae98a7dc4c30e07cf11ace88ec8cff9f275a5102ef402a0,643a91e0b9a1cc10067428184fff675682e61b9808c035aaa4af42bb81f063cc,d5b11d25f3b2415dc959ae176b1986eff29aab886b60ed1119de835aef19a109,ddddaf0
eviddie-20240910-19940419,20240910,19940419,rare,5shot,0,EviDDIE,PT-17777361,DRHKJLXJIQTDTD,JUKPWJGBANNWMW,1,1,0.50786889,0.98240745,0.00188789,0.03392723,f35e02ba46327c8eeae98a7dc4c30e07cf11ace88ec8cff9f275a5102ef402a0,643a91e0b9a1cc10067428184fff675682e61b9808c035aaa4af42bb81f063cc,d5b11d25f3b2415dc959ae176b1986eff29aab886b60ed1119de835aef19a109,ddddaf0
eviddie-20240910-19940419,20240910,19940419,rare,5shot,0,EviDDIE,PT-17777361,IQPSEEYGBUAQFF,PYNXFZCZUAOOQC,1,1,0.64225912,0.71545851,3.251e-05,0.79537767,f35e02ba46327c8eeae98a7dc4c30e07cf11ace88ec8cff9f275a5102ef402a0,643a91e0b9a1cc10067428184fff675682e61b9808c035aaa4af42bb81f063cc,d5b11d25f3b2415dc959ae176b1986eff29aab886b60ed1119de835aef19a109,ddddaf0
eviddie-20240910-19940419,20240910,19940419,rare,5shot,0,EviDDIE,PT-17777361,JUKPWJGBANNWMW,MAEIEVLCKWDQJH,1,0,0.42283002,0.8451767,0.36579713,0.00057189,f35e02ba46327c8eeae98a7dc4c30e07cf11ace88ec8cff9f275a5102ef402a0,643a91e0b9a1cc10067428184fff675682e61b9808c035aaa4af42bb81f063cc,d5b11d25f3b2415dc959ae176b1986eff29aab886b60ed1119de835aef19a109,ddddaf0
eviddie-20240910-19940419,20240910,19940419,rare,5shot,0,EviDDIE,PT-17777361,JUKPWJGBANNWMW,MBWXNTAXLNYFJB,1,1,0.5136261,0.97163963,0.00114058,0.05723583,f35e02ba46327c8eeae98a7dc4c30e07cf11ace88ec8cff9f275a5102ef402a0,643a91e0b9a1cc10067428184fff675682e61b9808c035aaa4af42bb81f063cc,d5b11d25f3b2415dc959ae176b1986eff29aab886b60ed1119de835aef19a109,ddddaf0
eviddie-20240910-19940419,20240910,19940419,rare,5shot,0,EviDDIE,PT-17777361,OGHNVEJMJSYVRP,RTHCYVBBDHJXIQ,1,1,0.5166086,0.96564275,0.00118055,0.06997876,f35e02ba46327c8eeae98a7dc4c30e07cf11ace88ec8cff9f275a5102ef402a0,643a91e0b9a1cc10067428184fff675682e61b9808c035aaa4af42bb81f063cc,d5b11d25f3b2415dc959ae176b1986eff29aab886b60ed1119de835aef19a109,ddddaf0
eviddie-20240910-19940419,20240910,19940419,rare,5shot,0,EviDDIE,PT-17777361,ADEBPBSSDYVVLD,JYGXADMDTFJGBT,0,1,0.54626536,0.9072845,0.00020375,0.20417656,f35e02ba46327c8eeae98a7dc4c30e07cf11ace88ec8cff9f275a5102ef402a0,643a91e0b9a1cc10067428184fff675682e61b9808c035aaa4af42bb81f063cc,d5b11d25f3b2415dc959ae176b1986eff29aab886b60ed1119de835aef19a109,ddddaf0
eviddie-20240910-19940419,20240910,19940419,rare,5shot,0,EviDDIE,PT-17777361,BUGYDGFZZOZRHP,KEDYTOTWMPBSLG,0,1,0.58166987,0.83659679,7.565e-05,0.39056209,f35e02ba46327c8eeae98a7dc4c30e07cf11ace88ec8cff9f275a5102ef402a0,643a91e0b9a1cc10067428184fff675682e61b9808c035aaa4af42bb81f063cc,d5b11d25f3b2415dc959ae176b1986eff29aab886b60ed1119de835aef19a109,ddddaf0
eviddie-20240910-19940419,20240910,19940419,rare,5shot,0,EviDDIE,PT-17777361,BUGYDGFZZOZRHP,XOFYZVNMUHMLCC,0,1,0.50972724,0.97909755,0.00147877,0.04121856,f35e02ba46327c8eeae98a7dc4c30e07cf11ace88ec8cff9f275a5102ef402a0,643a91e0b9a1cc10067428184fff675682e61b9808c035aaa4af42bb81f063cc,d5b11d25f3b2415dc959ae176b1986eff29aab886b60ed1119de835aef19a109,ddddaf0
eviddie-20240910-19940419,20240910,19940419,rare,5shot,0,EviDDIE,PT-17777361,DRHKJLXJIQTDTD,RZVAJINKPMORJF,0,1,0.6009025,0.79813564,7.438e-05,0.50576544,f35e02ba46327c8eeae98a7dc4c30e07cf11ace88ec8cff9f275a5102ef402a0,643a91e0b9a1cc10067428184fff675682e61b9808c035aaa4af42bb81f063cc,d5b11d25f3b2415dc959ae176b1986eff29aab886b60ed1119de835aef19a109,ddddaf0
eviddie-20240910-19940419,20240910,19940419,rare,5shot,0,EviDDIE,PT-17777361,IQPSEEYGBUAQFF,DLNKOYKMWOXYQA,0,1,0.52930439,0.9408828,0.00054053,0.12512286,f35e02ba46327c8eeae98a7dc4c30e07cf11ace88ec8cff9f275a5102ef402a0,643a91e0b9a1cc10067428184fff675682e61b9808c035aaa4af42bb81f063cc,d5b11d25f3b2415dc959ae176b1986eff29aab886b60ed1119de835aef19a109,ddddaf0
eviddie-20240910-19940419,20240910,19940419,rare,5shot,0,EviDDIE,PT-17777361,JUKPWJGBANNWMW,QYSPLQLAKJAUJT,0,1,0.50583416,0.98530859,0.00306815,0.02675274,f35e02ba46327c8eeae98a7dc4c30e07cf11ace88ec8cff9f275a5102ef402a0,643a91e0b9a1cc10067428184fff675682e61b9808c035aaa4af42bb81f063cc,d5b11d25f3b2415dc959ae176b1986eff29aab886b60ed1119de835aef19a109,ddddaf0
eviddie-20240910-19940419,20240910,19940419,rare,5shot,0,EviDDIE,PT-17777361,JUKPWJGBANNWMW,FABPRXSRWADJSP,0,0,0.48865402,0.97395295,0.05004243,0.00344474,f35e02ba46327c8eeae98a7dc4c30e07cf11ace88ec8cff9f275a5102ef402a0,643a91e0b9a1cc10067428184fff675682e61b9808c035aaa4af42bb81f063cc,d5b11d25f3b2415dc959ae176b1986eff29aab886b60ed1119de835aef19a109,ddddaf0
eviddie-20240910-19940419,20240910,19940419,rare,5shot,0,EviDDIE,PT-17777361,OGHNVEJMJSYVRP,NBIIXXVUZAFLBC,0,1,0.67398661,0.65201634,1.595e-05,1.06739175,f35e02ba46327c8eeae98a7dc4c30e07cf11ace88ec8cff9f275a5102ef402a0,643a91e0b9a1cc10067428184fff675682e61b9808c035aaa4af42bb81f063cc,d5b11d25f3b2415dc959ae176b1986eff29aab886b60ed1119de835aef19a109,ddddaf0
eviddie-20240910-19940419,20240910,19940419,rare,5shot,0,EviDDIE,PT-17926716,CEAZRRDELHUEMR,MAEIEVLCKWDQJH,1,0,0.49767485,0.98778617,0.01707268,0.0076571,f35e02ba46327c8eeae98a7dc4c30e07cf11ace88ec8cff9f275a5102ef402a0,643a91e0b9a1cc10067428184fff675682e61b9808c035aaa4af42bb81f063cc,d5b11d25f3b2415dc959ae176b1986eff29aab886b60ed1119de835aef19a109,ddddaf0
eviddie-20240910-19940419,20240910,19940419,rare,5shot,0,EviDDIE,PT-17926716,HSUGRBWQSSZJOP,UCTWMZQNUQWSLP,1,1,0.57394665,0.85200059,0.00012454,0.34729159,f35e02ba46327c8eeae98a7dc4c30e07cf11ace88ec8cff9f275a5102ef402a0,643a91e0b9a1cc10067428184fff675682e61b9808c035aaa4af42bb81f063cc,d5b11d25f3b2415dc959ae176b1986eff29aab886b60ed1119de835aef19a109,ddddaf0
eviddie-20240910-19940419,20240910,19940419,rare,5shot,0,EviDDIE,PT-17926716,HSUGRBWQSSZJOP,WIKYUJGCLQQFNW,1,1,0.53777468,0.92415535,0.0003195,0.16381878,f35e02ba46327c8eeae98a7dc4c30e07cf11ace88ec8cff9f275a5102ef402a0,643a91e0b9a1cc10067428184fff675682e61b9808c035aaa4af42bb81f063cc,d5b11d25f3b2415dc959ae176b1986eff29aab886b60ed1119de835aef19a109,ddddaf0
eviddie-20240910-19940419,20240910,19940419,rare,5shot,0,EviDDIE,PT-17926716,KDLRVYVGXIQJDK,VOVIALXJUBGFJZ,1,1,0.52392411,0.95160657,0.00057275,0.10113601,f35e02ba46327c8eeae98a7dc4c30e07cf11ace88ec8cff9f275a5102ef402a0,643a91e0b9a1cc10067428184fff675682e61b9808c035aaa4af42bb81f063cc,d5b11d25f3b2415dc959ae176b1986eff29aab886b60ed1119de835aef19a109,ddddaf0
eviddie-20240910-19940419,20240910,19940419,rare,5shot,0,EviDDIE,PT-17926716,RFHAOTPXVQNOHP,ZZVUWRFHKOJYTH,1,0,0.49604151,0.98536509,0.02288689,0.0068177,f35e02ba46327c8eeae98a7dc4c30e07cf11ace88ec8cff9f275a5102ef402a0,643a91e0b9a1cc10067428184fff675682e61b9808c035aaa4af42bb81f063cc,d5b11d25f3b2415dc959ae176b1986eff29aab886b60ed1119de835aef19a109,ddddaf0
eviddie-20240910-19940419,20240910,19940419,rare,5shot,0,EviDDIE,PT-17926716,VEGXETMJINRLTH,XOFYZVNMUHMLCC,1,1,0.50647795,0.98439622,0.00268988,0.02901249,f35e02ba46327c8eeae98a7dc4c30e07cf11ace88ec8cff9f275a5102ef402a0,643a91e0b9a1cc10067428184fff675682e61b9808c035aaa4af42bb81f063cc,d5b11d25f3b2415dc959ae176b1986eff29aab886b60ed1119de835aef19a109,ddddaf0
eviddie-20240910-19940419,20240910,19940419,rare,5shot,0,EviDDIE,PT-17926716,CEAZRRDELHUEMR,RAPZEAPATHNIPO,0,1,0.53299165,0.93353963,0.00051117,0.14187253,f35e02ba46327c8eeae98a7dc4c30e07cf11ace88ec8cff9f275a5102ef402a0,643a91e0b9a1cc10067428184fff675682e61b9808c035aaa4af42bb81f063cc,d5b11d25f3b2415dc959ae176b1986eff29aab886b60ed1119de835aef19a109,ddddaf0
eviddie-20240910-19940419,20240910,19940419,rare,5shot,0,EviDDIE,PT-17926716,HSUGRBWQSSZJOP,JCQLYHFGKNRPGE,0,1,0.57132977,0.85723627,0.00012163,0.33295751,f35e02ba46327c8eeae98a7dc4c30e07cf11ace88ec8cff9f275a5102ef402a0,643a91e0b9a1cc10067428184fff675682e61b9808c035aaa4af42bb81f063cc,d5b11d25f3b2415dc959ae176b1986eff29aab886b60ed1119de835aef19a109,ddddaf0
eviddie-20240910-19940419,20240910,19940419,rare,5shot,0,EviDDIE,PT-17926716,HSUGRBWQSSZJOP,FELGMEQIXOGIFQ,0,1,0.62332398,0.75331563,4.85e-05,0.65488118,f35e02ba46327c8eeae98a7dc4c30e07cf11ace88ec8cff9f275a5102ef402a0,643a91e0b9a1cc10067428184fff675682e61b9808c035aaa4af42bb81f063cc,d5b11d25f3b2415dc959ae176b1986eff29aab886b60ed1119de835aef19a109,ddddaf0
eviddie-20240910-19940419,20240910,19940419,rare,5shot,0,EviDDIE,PT-17926716,KDLRVYVGXIQJDK,QZUDBNBUXVUHMW,0,1,0.50348943,0.98762554,0.00546309,0.01959581,f35e02ba46327c8eeae98a7dc4c30e07cf11ace88ec8cff9f275a5102ef402a0,643a91e0b9a1cc10067428184fff675682e61b9808c035aaa4af42bb81f063cc,d5b11d25f3b2415dc959ae176b1986eff29aab886b60ed1119de835aef19a109,ddddaf0
eviddie-20240910-19940419,20240910,19940419,rare,5shot,0,EviDDIE,PT-17926716,RFHAOTPXVQNOHP,WOFMFGQZHJDGCX,0,1,0.52662492,0.94616586,0.00061733,0.11317679,f35e02ba46327c8eeae98a7dc4c30e07cf11ace88ec8cff9f275a5102ef402a0,643a91e0b9a1cc10067428184fff675682e61b9808c035aaa4af42bb81f063cc,d5b11d25f3b2415dc959ae176b1986eff29aab886b60ed1119de835aef19a109,ddddaf0
eviddie-20240910-19940419,20240910,19940419,rare,5shot,0,EviDDIE,PT-17926716,VEGXETMJINRLTH,WIKYUJGCLQQFNW,0,1,0.50341547,0.9879446,0.00528825,0.01911676,f35e02ba46327c8eeae98a7dc4c30e07cf11ace88ec8cff9f275a5102ef402a0,643a91e0b9a1cc10067428184fff675682e61b9808c035aaa4af42bb81f063cc,d5b11d25f3b2415dc959ae176b1986eff29aab886b60ed1119de835aef19a109,ddddaf0
eviddie-20240910-19940419,20240910,19940419,rare,5shot,0,EviDDIE,PT-17936618,DCOPUUMXTXDBNB,MFYSYFVPBJMHGN,1,1,0.56204736,0.87577546,0.0001482,0.28354213,f35e02ba46327c8eeae98a7dc4c30e07cf11ace88ec8cff9f275a5102ef402a0,643a91e0b9a1cc10067428184fff675682e61b9808c035aaa4af42bb81f063cc,d5b11d25f3b2415dc959ae176b1986eff29aab886b60ed1119de835aef19a109,ddddaf0
eviddie-20240910-19940419,20240910,19940419,rare,5shot,0,EviDDIE,PT-17936618,HDACQVRGBOVJII,KRKNYBCHXYNGOX,1,1,0.65576833,0.68845028,1.902e-05,0.90505654,f35e02ba46327c8eeae98a7dc4c30e07cf11ace88ec8cff9f275a5102ef402a0,643a91e0b9a1cc10067428184fff675682e61b9808c035aaa4af42bb81f063cc,d5b11d25f3b2415dc959ae176b1986eff29aab886b60ed1119de835aef19a109,ddddaf0
eviddie-20240910-19940419,20240910,19940419,rare,5shot,0,EviDDIE,PT-17936618,HSUGRBWQSSZJOP,JLKIGFTWXXRPMT,1,1,0.63972038,0.72053534,3.32e-05,0.77568072,f35e02ba46327c8eeae98a7dc4c30e07cf11ace88ec8cff9f275a5102ef402a0,643a91e0b9a1cc10067428184fff675682e61b9808c035aaa4af42bb81f063cc,d5b11d25f3b2415dc959ae176b1986eff29aab886b60ed1119de835aef19a109,ddddaf0
eviddie-20240910-19940419,20240910,19940419,rare,5shot,0,EviDDIE,PT-17936618,HSUGRBWQSSZJOP,KWMLJOLKUYYJFJ,1,1,0.74841917,0.50316042,2.5e-06,1.97487307,f35e02ba46327c8eeae98a7dc4c30e07cf11ace88ec8cff9f275a5102ef402a0,643a91e0b9a1cc10067428184fff675682e61b9808c035aaa4af42bb81f063cc,d5b11d25f3b2415dc959ae176b1986eff29aab886b60ed1119de835aef19a109,ddddaf0
eviddie-20240910-19940419,20240910,19940419,rare,5shot,0,EviDDIE,PT-17936618,HSUGRBWQSSZJOP,YPCRNBPOUVJVMU,1,1,0.74028122,0.51943588,3.09e-06,1.85032773,f35e02ba46327c8eeae98a7dc4c30e07cf11ace88ec8cff9f275a5102ef402a0,643a91e0b9a1cc10067428184fff675682e61b9808c035aaa4af42bb81f063cc,d5b11d25f3b2415dc959ae176b1986eff29aab886b60ed1119de835aef19a109,ddddaf0
eviddie-20240910-19940419,20240910,19940419,rare,5shot,0,EviDDIE,PT-17936618,KRKNYBCHXYNGOX,ULGZDMOVFRHVEP,1,1,0.52834702,0.94281965,0.00051594,0.12078062,f35e02ba46327c8eeae98a7dc4c30e07cf11ace88ec8cff9f275a5102ef402a0,643a91e0b9a1cc10067428184fff675682e61b9808c035aaa4af42bb81f063cc,d5b11d25f3b2415dc959ae176b1986eff29aab886b60ed1119de835aef19a109,ddddaf0
eviddie-20240910-19940419,20240910,19940419,rare,5shot,0,EviDDIE,PT-17936618,OEYIOHPDSNJKLS,WXURHACBFYSXBI,1,1,0.50892037,0.98023456,0.00196357,0.03836448,f35e02ba46327c8eeae98a7dc4c30e07cf11ace88ec8cff9f275a5102ef402a0,643a91e0b9a1cc10067428184fff675682e61b9808c035aaa4af42bb81f063cc,d5b11d25f3b2415dc959ae176b1986eff29aab886b60ed1119de835aef19a109,ddddaf0
eviddie-20240910-19940419,20240910,19940419,rare,5shot,0,EviDDIE,PT-17936618,XXSMGPRMXLTPCZ,ZKLPARSLTMPFCP,1,1,0.57945621,0.84098798,0.00011846,0.37803683,f35e02ba46327c8eeae98a7dc4c30e07cf11ace88ec8cff9f275a5102ef402a0,643a91e0b9a1cc10067428184fff675682e61b9808c035aaa4af42bb81f063cc,d5b11d25f3b2415dc959ae176b1986eff29aab886b60ed1119de835aef19a109,ddddaf0
eviddie-20240910-19940419,20240910,19940419,rare,5shot,0,EviDDIE,PT-17936618,DCOPUUMXTXDBNB,XZWYZXLIPXDOLR,0,1,0.53800958,0.9237017,0.00030235,0.16489901,f35e02ba46327c8eeae98a7dc4c30e07cf11ace88ec8cff9f275a5102ef402a0,643a91e0b9a1cc10067428184fff675682e61b9808c035aaa4af42bb81f063cc,d5b11d25f3b2415dc959ae176b1986eff29aab886b60ed1119de835aef19a109,ddddaf0
eviddie-20240910-19940419,20240910,19940419,rare,5shot,0,EviDDIE,PT-17936618,HDACQVRGBOVJII,LSQZJLSUYDQPKJ,0,1,0.60681885,0.78632426,4.84e-05,0.54343152,f35e02ba46327c8eeae98a7dc4c30e07cf11ace88ec8cff9f275a5102ef402a0,643a91e0b9a1cc10067428184fff675682e61b9808c035aaa4af42bb81f063cc,d5b11d25f3b2415dc959ae176b1986eff29aab886b60ed1119de835aef19a109,ddddaf0
eviddie-20240910-19940419,20240910,19940419,rare,5shot,0,EviDDIE,PT-17936618,HSUGRBWQSSZJOP,OGHNVEJMJSYVRP,0,1,0.56312191,0.87359905,0.0001799,0.28919992,f35e02ba46327c8eeae98a7dc4c30e07cf11ace88ec8cff9f275a5102ef402a0,643a91e0b9a1cc10067428184fff675682e61b9808c035aaa4af42bb81f063cc,d5b11d25f3b2415dc959ae176b1986eff29aab886b60ed1119de835aef19a109,ddddaf0
eviddie-20240910-19940419,20240910,19940419,rare,5shot,0,EviDDIE,PT-17936618,HSUGRBWQSSZJOP,KDLRVYVGXIQJDK,0,1,0.76680952,0.46638036,1.08e-06,2.28834414,f35e02ba46327c8eeae98a7dc4c30e07cf11ace88ec8cff9f275a5102ef402a0,643a91e0b9a1cc10067428184fff675682e61b9808c035aaa4af42bb81f063cc,d5b11d25f3b2415dc959ae176b1986eff29aab886b60ed1119de835aef19a109,ddddaf0
eviddie-20240910-19940419,20240910,19940419,rare,5shot,0,EviDDIE,PT-17936618,HSUGRBWQSSZJOP,PYNXFZCZUAOOQC,0,1,0.69841081,0.60317242,1.012e-05,1.31579173,f35e02ba46327c8eeae98a7dc4c30e07cf11ace88ec8cff9f275a5102ef402a0,643a91e0b9a1cc10067428184fff675682e61b9808c035aaa4af42bb81f063cc,d5b11d25f3b2415dc959ae176b1986eff29aab886b60ed1119de835aef19a109,ddddaf0
eviddie-20240910-19940419,20240910,19940419,rare,5shot,0,EviDDIE,PT-17936618,KRKNYBCHXYNGOX,KGFYHTZWPPHNLQ,0,1,0.51064914,0.97663921,0.00211196,0.04572738,f35e02ba46327c8eeae98a7dc4c30e07cf11ace88ec8cff9f275a5102ef402a0,643a91e0b9a1cc10067428184fff675682e61b9808c035aaa4af42bb81f063cc,d5b11d25f3b2415dc959ae176b1986eff29aab886b60ed1119de835aef19a109,ddddaf0
eviddie-20240910-19940419,20240910,19940419,rare,5shot,0,EviDDIE,PT-17936618,OEYIOHPDSNJKLS,UJLAWZDWDVHWOW,0,1,0.50643635,0.98358583,0.00360052,0.02977557,f35e02ba46327c8eeae98a7dc4c30e07cf11ace88ec8cff9f275a5102ef402a0,643a91e0b9a1cc10067428184fff675682e61b9808c035aaa4af42bb81f063cc,d5b11d25f3b2415dc959ae176b1986eff29aab886b60ed1119de835aef19a109,ddddaf0
eviddie-20240910-19940419,20240910,19940419,rare,5shot,0,EviDDIE,PT-17936618,XXSMGPRMXLTPCZ,QAOWNCQODCNURD,0,1,0.76955312,0.46089333,9.4e-07,2.33939791,f35e02ba46327c8eeae98a7dc4c30e07cf11ace88ec8cff9f275a5102ef402a0,643a91e0b9a1cc10067428184fff675682e61b9808c035aaa4af42bb81f063cc,d5b11d25f3b2415dc959ae176b1986eff29aab886b60ed1119de835aef19a109,ddddaf0
eviddie-20240910-19940419,20240910,19940419,rare,5shot,0,EviDDIE,PT-17999685,CMWTZPSULFXXJA,PMRYVIKBURPHAH,1,1,0.60930073,0.7813462,6.698e-05,0.55961776,f35e02ba46327c8eeae98a7dc4c30e07cf11ace88ec8cff9f275a5102ef402a0,643a91e0b9a1cc10067428184fff675682e61b9808c035aaa4af42bb81f063cc,d5b11d25f3b2415dc959ae176b1986eff29aab886b60ed1119de835aef19a109,ddddaf0
eviddie-20240910-19940419,20240910,19940419,rare,5shot,0,EviDDIE,PT-17999685,DCOPUUMXTXDBNB,PMRYVIKBURPHAH,1,1,0.63454807,0.73086953,4.68e-05,0.73641938,f35e02ba46327c8eeae98a7dc4c30e07cf11ace88ec8cff9f275a5102ef402a0,643a91e0b9a1cc10067428184fff675682e61b9808c035aaa4af42bb81f063cc,d5b11d25f3b2415dc959ae176b1986eff29aab886b60ed1119de835aef19a109,ddddaf0
eviddie-20240910-19940419,20240910,19940419,rare,5shot,0,EviDDIE,PT-17999685,GJSURZIOUXUGAL,LXMSZDCAJNLERA,1,1,0.5259012,0.94765413,0.00057336,0.1099011,f35e02ba46327c8eeae98a7dc4c30e07cf11ace88ec8cff9f275a5102ef402a0,643a91e0b9a1cc10067428184fff675682e61b9808c035aaa4af42bb81f063cc,d5b11d25f3b2415dc959ae176b1986eff29aab886b60ed1119de835aef19a109,ddddaf0
eviddie-20240910-19940419,20240910,19940419,rare,5shot,0,EviDDIE,PT-17999685,NNJVILVZKWQKPM,PMRYVIKBURPHAH,1,1,0.61882985,0.76230198,5.034e-05,0.62358189,f35e02ba46327c8eeae98a7dc4c30e07cf11ace88ec8cff9f275a5102ef402a0,643a91e0b9a1cc10067428184fff675682e61b9808c035aaa4af42bb81f063cc,d5b11d25f3b2415dc959ae176b1986eff29aab886b60ed1119de835aef19a109,ddddaf0
eviddie-20240910-19940419,20240910,19940419,rare,5shot,0,EviDDIE,PT-17999685,PMRYVIKBURPHAH,RFHAOTPXVQNOHP,1,1,0.5262031,0.94688207,0.00075183,0.11144381,f35e02ba46327c8eeae98a7dc4c30e07cf11ace88ec8cff9f275a5102ef402a0,643a91e0b9a1cc10067428184fff675682e61b9808c035aaa4af42bb81f063cc,d5b11d25f3b2415dc959ae176b1986eff29aab886b60ed1119de835aef19a109,ddddaf0
eviddie-20240910-19940419,20240910,19940419,rare,5shot,0,EviDDIE,PT-17999685,PMRYVIKBURPHAH,XOFYZVNMUHMLCC,1,1,0.52447712,0.95046043,0.00061572,0.1036275,f35e02ba46327c8eeae98a7dc4c30e07cf11ace88ec8cff9f275a5102ef402a0,643a91e0b9a1cc10067428184fff675682e61b9808c035aaa4af42bb81f063cc,d5b11d25f3b2415dc959ae176b1986eff29aab886b60ed1119de835aef19a109,ddddaf0
eviddie-20240910-19940419,20240910,19940419,rare,5shot,0,EviDDIE,PT-17999685,CMWTZPSULFXXJA,UCTWMZQNUQWSLP,0,1,0.54942131,0.90094,0.00024131,0.21966238,f35e02ba46327c8eeae98a7dc4c30e07cf11ace88ec8cff9f275a5102ef402a0,643a91e0b9a1cc10067428184fff675682e61b9808c035aaa4af42bb81f063cc,d5b11d25f3b2415dc959ae176b1986eff29aab886b60ed1119de835aef19a109,ddddaf0
eviddie-20240910-19940419,20240910,19940419,rare,5shot,0,EviDDIE,PT-17999685,DCOPUUMXTXDBNB,XZWYZXLIPXDOLR,0,1,0.53800958,0.9237017,0.00030235,0.16489904,f35e02ba46327c8eeae98a7dc4c30e07cf11ace88ec8cff9f275a5102ef402a0,643a91e0b9a1cc10067428184fff675682e61b9808c035aaa4af42bb81f063cc,d5b11d25f3b2415dc959ae176b1986eff29aab886b60ed1119de835aef19a109,ddddaf0
eviddie-20240910-19940419,20240910,19940419,rare,5shot,0,EviDDIE,PT-17999685,GJSURZIOUXUGAL,YOZNUFWCRFCGIH,0,1,0.58400565,0.83191472,8.887e-05,0.40400362,f35e02ba46327c8eeae98a7dc4c30e07cf11ace88ec8cff9f275a5102ef402a0,643a91e0b9a1cc10067428184fff675682e61b9808c035aaa4af42bb81f063cc,d5b11d25f3b2415dc959ae176b1986eff29aab886b60ed1119de835aef19a109,ddddaf0
eviddie-20240910-19940419,20240910,19940419,rare,5shot,0,EviDDIE,PT-17999685,NNJVILVZKWQKPM,IEDVJHCEMCRBQM,0,1,0.60904294,0.78187114,5.512e-05,0.55791128,f35e02ba46327c8eeae98a7dc4c30e07cf11ace88ec8cff9f275a5102ef402a0,643a91e0b9a1cc10067428184fff675682e61b9808c035aaa4af42bb81f063cc,d5b11d25f3b2415dc959ae176b1986eff29aab886b60ed1119de835aef19a109,ddddaf0
eviddie-20240910-19940419,20240910,19940419,rare,5shot,0,EviDDIE,PT-17999685,PMRYVIKBURPHAH,JSDRRTOADPPCHY,0,1,0.56630653,0.86725563,0.00015157,0.30597377,f35e02ba46327c8eeae98a7dc4c30e07cf11ace88ec8cff9f275a5102ef402a0,643a91e0b9a1cc10067428184fff675682e61b9808c035aaa4af42bb81f063cc,d5b11d25f3b2415dc959ae176b1986eff29aab886b60ed1119de835aef19a109,ddddaf0
eviddie-20240910-19940419,20240910,19940419,rare,5shot,0,EviDDIE,PT-17999685,PMRYVIKBURPHAH,XXSMGPRMXLTPCZ,0,1,0.52807397,0.94329637,0.00058912,0.1196353,f35e02ba46327c8eeae98a7dc4c30e07cf11ace88ec8cff9f275a5102ef402a0,643a91e0b9a1cc10067428184fff675682e61b9808c035aaa4af42bb81f063cc,d5b11d25f3b2415dc959ae176b1986eff29aab886b60ed1119de835aef19a109,ddddaf0
eviddie-20240910-19940419,20240910,19940419,rare,5shot,0,EviDDIE,PT-18257545,DRHKJLXJIQTDTD,QYSXJUFSXHHAJI,1,1,0.59069663,0.81855547,6.264e-05,0.44326606,f35e02ba46327c8eeae98a7dc4c30e07cf11ace88ec8cff9f275a5102ef402a0,643a91e0b9a1cc10067428184fff675682e61b9808c035aaa4af42bb81f063cc,d5b11d25f3b2415dc959ae176b1986eff29aab886b60ed1119de835aef19a109,ddddaf0
eviddie-20240910-19940419,20240910,19940419,rare,5shot,0,EviDDIE,PT-18257545,MOYKHGMNXAOIAT,NNJVILVZKWQKPM,1,1,0.58318549,0.83356184,8.063e-05,0.39926147,f35e02ba46327c8eeae98a7dc4c30e07cf11ace88ec8cff9f275a5102ef402a0,643a91e0b9a1cc10067428184fff675682e61b9808c035aaa4af42bb81f063cc,d5b11d25f3b2415dc959ae176b1986eff29aab886b60ed1119de835aef19a109,ddddaf0
eviddie-20240910-19940419,20240910,19940419,rare,5shot,0,EviDDIE,PT-18257545,MOYKHGMNXAOIAT,XFYDIVBRZNQMJC,1,1,0.50736326,0.98241776,0.00290696,0.03288699,f35e02ba46327c8eeae98a7dc4c30e07cf11ace88ec8cff9f275a5102ef402a0,643a91e0b9a1cc10067428184fff675682e61b9808c035aaa4af42bb81f063cc,d5b11d25f3b2415dc959ae176b1986eff29aab886b60ed1119de835aef19a109,ddddaf0
eviddie-20240910-19940419,20240910,19940419,rare,5shot,0,EviDDIE,PT-18257545,MOYKHGMNXAOIAT,XPCFTKFZXHTYIP,1,1,0.54210597,0.9155674,0.00024088,0.1841967,f35e02ba46327c8eeae98a7dc4c30e07cf11ace88ec8cff9f275a5102ef402a0,643a91e0b9a1cc10067428184fff675682e61b9808c035aaa4af42bb81f063cc,d5b11d25f3b2415dc959ae176b1986eff29aab886b60ed1119de835aef19a109,ddddaf0
eviddie-20240910-19940419,20240910,19940419,rare,5shot,0,EviDDIE,PT-18257545,QWCRAEMEVRGPNT,SNPPWIUOZRMYNY,1,1,0.58302319,0.83384424,0.00013119,0.39839828,f35e02ba46327c8eeae98a7dc4c30e07cf11ace88ec8cff9f275a5102ef402a0,643a91e0b9a1cc10067428184fff675682e61b9808c035aaa4af42bb81f063cc,d5b11d25f3b2415dc959ae176b1986eff29aab886b60ed1119de835aef19a109,ddddaf0
eviddie-20240910-19940419,20240910,19940419,rare,5shot,0,EviDDIE,PT-18257545,QWCRAEMEVRGPNT,ZRVUJXDFFKFLMG,1,1,0.69783282,0.60432667,1.265e-05,1.30945563,f35e02ba46327c8eeae98a7dc4c30e07cf11ace88ec8cff9f275a5102ef402a0,643a91e0b9a1cc10067428184fff675682e61b9808c035aaa4af42bb81f063cc,d5b11d25f3b2415dc959ae176b1986eff29aab886b60ed1119de835aef19a109,ddddaf0
eviddie-20240910-19940419,20240910,19940419,rare,5shot,0,EviDDIE,PT-18257545,XFYDIVBRZNQMJC,YWXYYJSYQOXTPL,1,1,0.59787762,0.80419087,6.709e-05,0.48690492,f35e02ba46327c8eeae98a7dc4c30e07cf11ace88ec8cff9f275a5102ef402a0,643a91e0b9a1cc10067428184fff675682e61b9808c035aaa4af42bb81f063cc,d5b11d25f3b2415dc959ae176b1986eff29aab886b60ed1119de835aef19a109,ddddaf0
eviddie-20240910-19940419,20240910,19940419,rare,5shot,0,EviDDIE,PT-18257545,DRHKJLXJIQTDTD,FABPRXSRWADJSP,0,1,0.54261142,0.91447687,0.00032834,0.18671435,f35e02ba46327c8eeae98a7dc4c30e07cf11ace88ec8cff9f275a5102ef402a0,643a91e0b9a1cc10067428184fff675682e61b9808c035aaa4af42bb81f063cc,d5b11d25f3b2415dc959ae176b1986eff29aab886b60ed1119de835aef19a109,ddddaf0
eviddie-20240910-19940419,20240910,19940419,rare,5shot,0,EviDDIE,PT-18257545,MOYKHGMNXAOIAT,SNIOPGDIGTZGOP,0,1,0.50398844,0.98830545,0.00376179,0.01990426,f35e02ba46327c8eeae98a7dc4c30e07cf11ace88ec8cff9f275a5102ef402a0,643a91e0b9a1cc10067428184fff675682e61b9808c035aaa4af42bb81f063cc,d5b11d25f3b2415dc959ae176b1986eff29aab886b60ed1119de835aef19a109,ddddaf0
eviddie-20240910-19940419,20240910,19940419,rare,5shot,0,EviDDIE,PT-18257545,MOYKHGMNXAOIAT,OGHNVEJMJSYVRP,0,1,0.52011096,0.9589681,0.00084443,0.08473049,f35e02ba46327c8eeae98a7dc4c30e07cf11ace88ec8cff9f275a5102ef402a0,643a91e0b9a1cc10067428184fff675682e61b9808c035aaa4af42bb81f063cc,d5b11d25f3b2415dc959ae176b1986eff29aab886b60ed1119de835aef19a109,ddddaf0
eviddie-20240910-19940419,20240910,19940419,rare,5shot,0,EviDDIE,PT-18257545,MOYKHGMNXAOIAT,QYSPLQLAKJAUJT,0,1,0.5959717,0.80800021,6.988e-05,0.47517699,f35e02ba46327c8eeae98a7dc4c30e07cf11ace88ec8cff9f275a5102ef402a0,643a91e0b9a1cc10067428184fff675682e61b9808c035aaa4af42bb81f063cc,d5b11d25f3b2415dc959ae176b1986eff29aab886b60ed1119de835aef19a109,ddddaf0
eviddie-20240910-19940419,20240910,19940419,rare,5shot,0,EviDDIE,PT-18257545,QWCRAEMEVRGPNT,FABPRXSRWADJSP,0,1,0.56982094,0.86020672,0.0001759,0.32484645,f35e02ba46327c8eeae98a7dc4c30e07cf11ace88ec8cff9f275a5102ef402a0,643a91e0b9a1cc10067428184fff675682e61b9808c035aaa4af42bb81f063cc,d5b11d25f3b2415dc959ae176b1986eff29aab886b60ed1119de835aef19a109,ddddaf0
eviddie-20240910-19940419,20240910,19940419,rare,5shot,0,EviDDIE,PT-18257545,QWCRAEMEVRGPNT,MQTOSJVFKKJCRP,0,1,0.58708382,0.82575428,9.45e-05,0.42193341,f35e02ba46327c8eeae98a7dc4c30e07cf11ace88ec8cff9f275a5102ef402a0,643a91e0b9a1cc10067428184fff675682e61b9808c035aaa4af42bb81f063cc,d5b11d25f3b2415dc959ae176b1986eff29aab886b60ed1119de835aef19a109,ddddaf0
eviddie-20240910-19940419,20240910,19940419,rare,5shot,0,EviDDIE,PT-18257545,XFYDIVBRZNQMJC,NCEXYHBECQHGNR,0,1,0.67756265,0.64486057,2.185e-05,1.10142362,f35e02ba46327c8eeae98a7dc4c30e07cf11ace88ec8cff9f275a5102ef402a0,643a91e0b9a1cc10067428184fff675682e61b9808c035aaa4af42bb81f063cc,d5b11d25f3b2415dc959ae176b1986eff29aab886b60ed1119de835aef19a109,ddddaf0
eviddie-20240910-19940419,20240910,19940419,rare,5shot,0,EviDDIE,PT-18328537,ACWBQPMHZXGDFX,AYXYPKUFHZROOJ,1,1,0.59382159,0.81229174,8.012e-05,0.46208948,f35e02ba46327c8eeae98a7dc4c30e07cf11ace88ec8cff9f275a5102ef402a0,643a91e0b9a1cc10067428184fff675682e61b9808c035aaa4af42bb81f063cc,d5b11d25f3b2415dc959ae176b1986eff29aab886b60ed1119de835aef19a109,ddddaf0
eviddie-20240910-19940419,20240910,19940419,rare,5shot,0,EviDDIE,PT-18328537,ACWBQPMHZXGDFX,KUVIULQEHSCUHY,1,1,0.54798645,0.9038108,0.00023952,0.21261309,f35e02ba46327c8eeae98a7dc4c30e07cf11ace88ec8cff9f275a5102ef402a0,643a91e0b9a1cc10067428184fff675682e61b9808c035aaa4af42bb81f063cc,d5b11d25f3b2415dc959ae176b1986eff29aab886b60ed1119de835aef19a109,ddddaf0
eviddie-20240910-19940419,20240910,19940419,rare,5shot,0,EviDDIE,PT-18328537,BVKZGUZCCUSVTD,KUVIULQEHSCUHY,1,1,0.62009966,0.75976861,4.217e-05,0.63233829,f35e02ba46327c8eeae98a7dc4c30e07cf11ace88ec8cff9f275a5102ef402a0,643a91e0b9a1cc10067428184fff675682e61b9808c035aaa4af42bb81f063cc,d5b11d25f3b2415dc959ae176b1986eff29aab886b60ed1119de835aef19a109,ddddaf0
eviddie-20240910-19940419,20240910,19940419,rare,5shot,0,EviDDIE,PT-18328537,GBBSUAFBMRNDJC,NBIIXXVUZAFLBC,1,1,0.59435523,0.81122434,8.028e-05,0.4653289,f35e02ba46327c8eeae98a7dc4c30e07cf11ace88ec8cff9f275a5102ef402a0,643a91e0b9a1cc10067428184fff675682e61b9808c035aaa4af42bb81f063cc,d5b11d25f3b2415dc959ae176b1986eff29aab886b60ed1119de835aef19a109,ddddaf0
eviddie-20240910-19940419,20240910,19940419,rare,5shot,0,EviDDIE,PT-18328537,JLKIGFTWXXRPMT,QAOWNCQODCNURD,1,1,0.64093918,0.71810687,2.056e-05,0.78508013,f35e02ba46327c8eeae98a7dc4c30e07cf11ace88ec8cff9f275a5102ef402a0,643a91e0b9a1cc10067428184fff675682e61b9808c035aaa4af42bb81f063cc,d5b11d25f3b2415dc959ae176b1986eff29aab886b60ed1119de835aef19a109,ddddaf0
eviddie-20240910-19940419,20240910,19940419,rare,5shot,0,EviDDIE,PT-18328537,RYMZZMVNJRMUDD,SNICXCGAKADSCV,1,1,0.50078261,0.98864704,0.00990013,0.01306652,f35e02ba46327c8eeae98a7dc4c30e07cf11ace88ec8cff9f275a5102ef402a0,643a91e0b9a1cc10067428184fff675682e61b9808c035aaa4af42bb81f063cc,d5b11d25f3b2415dc959ae176b1986eff29aab886b60ed1119de835aef19a109,ddddaf0
eviddie-20240910-19940419,20240910,19940419,rare,5shot,0,EviDDIE,PT-18328537,VEXZGXHMUGYJMC,VWPOSFSPZNDTMJ,1,1,0.50250113,0.98882061,0.00624715,0.01636458,f35e02ba46327c8eeae98a7dc4c30e07cf11ace88ec8cff9f275a5102ef402a0,643a91e0b9a1cc10067428184fff675682e61b9808c035aaa4af42bb81f063cc,d5b11d25f3b2415dc959ae176b1986eff29aab886b60ed1119de835aef19a109,ddddaf0
eviddie-20240910-19940419,20240910,19940419,rare,5shot,0,EviDDIE,PT-18328537,ACWBQPMHZXGDFX,TVYLLZQTGLZFBW,0,0,0.49361727,0.98153561,0.03181731,0.00580605,f35e02ba46327c8eeae98a7dc4c30e07cf11ace88ec8cff9f275a5102ef402a0,643a91e0b9a1cc10067428184fff675682e61b9808c035aaa4af42bb81f063cc,d5b11d25f3b2415dc959ae176b1986eff29aab886b60ed1119de835aef19a109,ddddaf0
eviddie-20240910-19940419,20240910,19940419,rare,5shot,0,EviDDIE,PT-18328537,ACWBQPMHZXGDFX,RAPZEAPATHNIPO,0,1,0.56152803,0.87676585,0.0002031,0.28090757,f35e02ba46327c8eeae98a7dc4c30e07cf11ace88ec8cff9f275a5102ef402a0,643a91e0b9a1cc10067428184fff675682e61b9808c035aaa4af42bb81f063cc,d5b11d25f3b2415dc959ae176b1986eff29aab886b60ed1119de835aef19a109,ddddaf0
eviddie-20240910-19940419,20240910,19940419,rare,5shot,0,EviDDIE,PT-18328537,BVKZGUZCCUSVTD,VEQOALNAAJBPNY,0,1,0.69262916,0.61473268,1.444e-05,1.25343204,f35e02ba46327c8eeae98a7dc4c30e07cf11ace88ec8cff9f275a5102ef402a0,643a91e0b9a1cc10067428184fff675682e61b9808c035aaa4af42bb81f063cc,d5b11d25f3b2415dc959ae176b1986eff29aab886b60ed1119de835aef19a109,ddddaf0
eviddie-20240910-19940419,20240910,19940419,rare,5shot,0,EviDDIE,PT-18328537,GBBSUAFBMRNDJC,KWGRBVOPPLSCSI,0,1,0.5077557,0.98147857,0.00306694,0.03467502,f35e02ba46327c8eeae98a7dc4c30e07cf11ace88ec8cff9f275a5102ef402a0,643a91e0b9a1cc10067428184fff675682e61b9808c035aaa4af42bb81f063cc,d5b11d25f3b2415dc959ae176b1986eff29aab886b60ed1119de835aef19a109,ddddaf0
eviddie-20240910-19940419,20240910,19940419,rare,5shot,0,EviDDIE,PT-18328537,JLKIGFTWXXRPMT,BPZSYCZIITTYBL,0,1,0.55098283,0.89783847,0.00021817,0.22735399,f35e02ba46327c8eeae98a7dc4c30e07cf11ace88ec8cff9f275a5102ef402a0,643a91e0b9a1cc10067428184fff675682e61b9808c035aaa4af42bb81f063cc,d5b11d25f3b2415dc959ae176b1986eff29aab886b60ed1119de835aef19a109,ddddaf0
eviddie-20240910-19940419,20240910,19940419,rare,5shot,0,EviDDIE,PT-18328537,RYMZZMVNJRMUDD,ZRVUJXDFFKFLMG,0,1,0.52193964,0.95539123,0.00076343,0.09261977,f35e02ba46327c8eeae98a7dc4c30e07cf11ace88ec8cff9f275a5102ef402a0,643a91e0b9a1cc10067428184fff675682e61b9808c035aaa4af42bb81f063cc,d5b11d25f3b2415dc959ae176b1986eff29aab886b60ed1119de835aef19a109,ddddaf0
eviddie-20240910-19940419,20240910,19940419,rare,5shot,0,EviDDIE,PT-18328537,VEXZGXHMUGYJMC,XXSMGPRMXLTPCZ,0,1,0.5112716,0.97574347,0.00175595,0.04796319,f35e02ba46327c8eeae98a7dc4c30e07cf11ace88ec8cff9f275a5102ef402a0,643a91e0b9a1cc10067428184fff675682e61b9808c035aaa4af42bb81f063cc,d5b11d25f3b2415dc959ae176b1986eff29aab886b60ed1119de835aef19a109,ddddaf0
eviddie-20240910-19940419,20240910,19940419,rare,5shot,0,EviDDIE,PT-18339940,DCOPUUMXTXDBNB,HTIQEAQVCYTUBX,1,1,0.55441505,0.89094228,0.00025546,0.2445589,f35e02ba46327c8eeae98a7dc4c30e07cf11ace88ec8cff9f275a5102ef402a0,643a91e0b9a1cc10067428184fff675682e61b9808c035aaa4af42bb81f063cc,d5b11d25f3b2415dc959ae176b1986eff29aab886b60ed1119de835aef19a109,ddddaf0
eviddie-20240910-19940419,20240910,19940419,rare,5shot,0,EviDDIE,PT-18339940,DIWRORZWFLOCLC,LXNHXLLTXMVWPM,1,1,0.60653722,0.78685915,8.423e-05,0.54166657,f35e02ba46327c8eeae98a7dc4c30e07cf11ace88ec8cff9f275a5102ef402a0,643a91e0b9a1cc10067428184fff675682e61b9808c035aaa4af42bb81f063cc,d5b11d25f3b2415dc959ae176b1986eff29aab886b60ed1119de835aef19a109,ddddaf0
eviddie-20240910-19940419,20240910,19940419,rare,5shot,0,EviDDIE,PT-18339940,FELGMEQIXOGIFQ,KQKPFRSPSRPDEB,1,1,0.50786996,0.98128122,0.00303557,0.03511603,f35e02ba46327c8eeae98a7dc4c30e07cf11ace88ec8cff9f275a5102ef402a0,643a91e0b9a1cc10067428184fff675682e61b9808c035aaa4af42bb81f063cc,d5b11d25f3b2415dc959ae176b1986eff29aab886b60ed1119de835aef19a109,ddddaf0
eviddie-20240910-19940419,20240910,19940419,rare,5shot,0,EviDDIE,PT-18339940,KJADKKWYZYXHBB,KWTSXDURSIMDCE,1,0,0.49278179,0.98173779,0.03330698,0.00389701,f35e02ba46327c8eeae98a7dc4c30e07cf11ace88ec8cff9f275a5102ef402a0,643a91e0b9a1cc10067428184fff675682e61b9808c035aaa4af42bb81f063cc,d5b11d25f3b2415dc959ae176b1986eff29aab886b60ed1119de835aef19a109,ddddaf0
eviddie-20240910-19940419,20240910,19940419,rare,5shot,0,EviDDIE,PT-18339940,KJADKKWYZYXHBB,VYZAMTAEIAYCRO,1,1,0.52029431,0.95875329,0.0006863,0.08535596,f35e02ba46327c8eeae98a7dc4c30e07cf11ace88ec8cff9f275a5102ef402a0,643a91e0b9a1cc10067428184fff675682e61b9808c035aaa4af42bb81f063cc,d5b11d25f3b2415dc959ae176b1986eff29aab886b60ed1119de835aef19a109,ddddaf0
eviddie-20240910-19940419,20240910,19940419,rare,5shot,0,EviDDIE,PT-18339940,KQKPFRSPSRPDEB,LXMSZDCAJNLERA,1,1,0.53879982,0.92212051,0.00030329,0.16861041,f35e02ba46327c8eeae98a7dc4c30e07cf11ace88ec8cff9f275a5102ef402a0,643a91e0b9a1cc10067428184fff675682e61b9808c035aaa4af42bb81f063cc,d5b11d25f3b2415dc959ae176b1986eff29aab886b60ed1119de835aef19a109,ddddaf0
eviddie-20240910-19940419,20240910,19940419,rare,5shot,0,EviDDIE,PT-18339940,KQKPFRSPSRPDEB,MBWXNTAXLNYFJB,1,1,0.7245118,0.55097336,5.58e-06,1.62993407,f35e02ba46327c8eeae98a7dc4c30e07cf11ace88ec8cff9f275a5102ef402a0,643a91e0b9a1cc10067428184fff675682e61b9808c035aaa4af42bb81f063cc,d5b11d25f3b2415dc959ae176b1986eff29aab886b60ed1119de835aef19a109,ddddaf0
eviddie-20240910-19940419,20240910,19940419,rare,5shot,0,EviDDIE,PT-18339940,KQKPFRSPSRPDEB,ZZUFCTLCJUWOSV,1,1,0.549483,0.90084159,0.00021366,0.21993262,f35e02ba46327c8eeae98a7dc4c30e07cf11ace88ec8cff9f275a5102ef402a0,643a91e0b9a1cc10067428184fff675682e61b9808c035aaa4af42bb81f063cc,d5b11d25f3b2415dc959ae176b1986eff29aab886b60ed1119de835aef19a109,ddddaf0
eviddie-20240910-19940419,20240910,19940419,rare,5shot,0,EviDDIE,PT-18339940,DCOPUUMXTXDBNB,VEXZGXHMUGYJMC,0,1,0.75921476,0.48156965,1.5e-06,2.15308404,f35e02ba46327c8eeae98a7dc4c30e07cf11ace88ec8cff9f275a5102ef402a0,643a91e0b9a1cc10067428184fff675682e61b9808c035aaa4af42bb81f063cc,d5b11d25f3b2415dc959ae176b1986eff29aab886b60ed1119de835aef19a109,ddddaf0
eviddie-20240910-19940419,20240910,19940419,rare,5shot,0,EviDDIE,PT-18339940,DIWRORZWFLOCLC,KGFYHTZWPPHNLQ,0,1,0.56175429,0.87629968,0.0002189,0.28210551,f35e02ba46327c8eeae98a7dc4c30e07cf11ace88ec8cff9f275a5102ef402a0,643a91e0b9a1cc10067428184fff675682e61b9808c035aaa4af42bb81f063cc,d5b11d25f3b2415dc959ae176b1986eff29aab886b60ed1119de835aef19a109,ddddaf0
eviddie-20240910-19940419,20240910,19940419,rare,5shot,0,EviDDIE,PT-18339940,FELGMEQIXOGIFQ,RZVAJINKPMORJF,0,1,0.65882355,0.68233222,3.03e-05,0.93109328,f35e02ba46327c8eeae98a7dc4c30e07cf11ace88ec8cff9f275a5102ef402a0,643a91e0b9a1cc10067428184fff675682e61b9808c035aaa4af42bb81f063cc,d5b11d25f3b2415dc959ae176b1986eff29aab886b60ed1119de835aef19a109,ddddaf0
eviddie-20240910-19940419,20240910,19940419,rare,5shot,0,EviDDIE,PT-18339940,KJADKKWYZYXHBB,MBMBGCFOFBJSGT,0,1,0.54260731,0.91460788,0.00019422,0.18653534,f35e02ba46327c8eeae98a7dc4c30e07cf11ace88ec8cff9f275a5102ef402a0,643a91e0b9a1cc10067428184fff675682e61b9808c035aaa4af42bb81f063cc,d5b11d25f3b2415dc959ae176b1986eff29aab886b60ed1119de835aef19a109,ddddaf0
eviddie-20240910-19940419,20240910,19940419,rare,5shot,0,EviDDIE,PT-18339940,KJADKKWYZYXHBB,CEAZRRDELHUEMR,0,0,0.46326435,0.92540556,0.16000088,0.0012137,f35e02ba46327c8eeae98a7dc4c30e07cf11ace88ec8cff9f275a5102ef402a0,643a91e0b9a1cc10067428184fff675682e61b9808c035aaa4af42bb81f063cc,d5b11d25f3b2415dc959ae176b1986eff29aab886b60ed1119de835aef19a109,ddddaf0
eviddie-20240910-19940419,20240910,19940419,rare,5shot,0,EviDDIE,PT-18339940,KQKPFRSPSRPDEB,DCOPUUMXTXDBNB,0,1,0.66709411,0.66579384,2.691e-05,1.00390601,f35e02ba46327c8eeae98a7dc4c30e07cf11ace88ec8cff9f275a5102ef402a0,643a91e0b9a1cc10067428184fff675682e61b9808c035aaa4af42bb81f063cc,d5b11d25f3b2415dc959ae176b1986eff29aab886b60ed1119de835aef19a109,ddddaf0
eviddie-20240910-19940419,20240910,19940419,rare,5shot,0,EviDDIE,PT-18339940,KQKPFRSPSRPDEB,JCQLYHFGKNRPGE,0,1,0.60615242,0.78765118,5.594e-05,0.53913933,f35e02ba46327c8eeae98a7dc4c30e07cf11ace88ec8cff9f275a5102ef402a0,643a91e0b9a1cc10067428184fff675682e61b9808c035aaa4af42bb81f063cc,d5b11d25f3b2415dc959ae176b1986eff29aab886b60ed1119de835aef19a109,ddddaf0
eviddie-20240910-19940419,20240910,19940419,rare,5shot,0,EviDDIE,PT-18339940,KQKPFRSPSRPDEB,BPZSYCZIITTYBL,0,1,0.72220641,0.55558366,6.33e-06,1.59981167,f35e02ba46327c8eeae98a7dc4c30e07cf11ace88ec8cff9f275a5102ef402a0,643a91e0b9a1cc10067428184fff675682e61b9808c035aaa4af42bb81f063cc,d5b11d25f3b2415dc959ae176b1986eff29aab886b60ed1119de835aef19a109,ddddaf0
eviddie-20240910-19940419,20240910,19940419,rare,5shot,0,EviDDIE,PT-18343320,CDAISMWEOUEBRE,HEFNNWSXXWATRW,1,1,0.50215572,0.98774266,0.00804463,0.01677436,f35e02ba46327c8eeae98a7dc4c30e07cf11ace88ec8cff9f275a5102ef402a0,643a91e0b9a1cc10067428184fff675682e61b9808c035aaa4af42bb81f063cc,d5b11d25f3b2415dc959ae176b1986eff29aab886b60ed1119de835aef19a109,ddddaf0
eviddie-20240910-19940419,20240910,19940419,rare,5shot,0,EviDDIE,PT-18343320,CDAISMWEOUEBRE,NCEXYHBECQHGNR,1,1,0.55542052,0.88894391,0.00024192,0.24961878,f35e02ba46327c8eeae98a7dc4c30e07cf11ace88ec8cff9f275a5102ef402a0,643a91e0b9a1cc10067428184fff675682e61b9808c035aaa4af42bb81f063cc,d5b11d25f3b2415dc959ae176b1986eff29aab886b60ed1119de835aef19a109,ddddaf0
eviddie-20240910-19940419,20240910,19940419,rare,5shot,0,EviDDIE,PT-18343320,JYGXADMDTFJGBT,UJLAWZDWDVHWOW,1,0,0.49944583,0.98899519,0.01224789,0.01000652,f35e02ba46327c8eeae98a7dc4c30e07cf11ace88ec8cff9f275a5102ef402a0,643a91e0b9a1cc10067428184fff675682e61b9808c035aaa4af42bb81f063cc,d5b11d25f3b2415dc959ae176b1986eff29aab886b60ed1119de835aef19a109,ddddaf0
eviddie-20240910-19940419,20240910,19940419,rare,5shot,0,EviDDIE,PT-18343320,PGBHMTALBVVCIT,ZRVUJXDFFKFLMG,1,1,0.52627349,0.94684124,0.00064623,0.11164046,f35e02ba46327c8eeae98a7dc4c30e07cf11ace88ec8cff9f275a5102ef402a0,643a91e0b9a1cc10067428184fff675682e61b9808c035aaa4af42bb81f063cc,d5b11d25f3b2415dc959ae176b1986eff29aab886b60ed1119de835aef19a109,ddddaf0
eviddie-20240910-19940419,20240910,19940419,rare,5shot,0,EviDDIE,PT-18343320,QYSPLQLAKJAUJT,TVYLLZQTGLZFBW,1,0,0.49860334,0.98765635,0.01532629,0.00966967,f35e02ba46327c8eeae98a7dc4c30e07cf11ace88ec8cff9f275a5102ef402a0,643a91e0b9a1cc10067428184fff675682e61b9808c035aaa4af42bb81f063cc,d5b11d25f3b2415dc959ae176b1986eff29aab886b60ed1119de835aef19a109,ddddaf0
eviddie-20240910-19940419,20240910,19940419,rare,5shot,0,EviDDIE,PT-18343320,RLAWWYSOJDYHDC,UOZODPSAJZTQNH,1,0,0.49794427,0.9884333,0.0158615,0.00754252,f35e02ba46327c8eeae98a7dc4c30e07cf11ace88ec8cff9f275a5102ef402a0,643a91e0b9a1cc10067428184fff675682e61b9808c035aaa4af42bb81f063cc,d5b11d25f3b2415dc959ae176b1986eff29aab886b60ed1119de835aef19a109,ddddaf0
eviddie-20240910-19940419,20240910,19940419,rare,5shot,0,EviDDIE,PT-18343320,RZVAJINKPMORJF,UJLAWZDWDVHWOW,1,1,0.56262988,0.87459028,0.00017151,0.28661358,f35e02ba46327c8eeae98a7dc4c30e07cf11ace88ec8cff9f275a5102ef402a0,643a91e0b9a1cc10067428184fff675682e61b9808c035aaa4af42bb81f063cc,d5b11d25f3b2415dc959ae176b1986eff29aab886b60ed1119de835aef19a109,ddddaf0
eviddie-20240910-19940419,20240910,19940419,rare,5shot,0,EviDDIE,PT-18343320,CDAISMWEOUEBRE,QZUDBNBUXVUHMW,0,0,0.49113989,0.97823858,0.04035994,0.00413112,f35e02ba46327c8eeae98a7dc4c30e07cf11ace88ec8cff9f275a5102ef402a0,643a91e0b9a1cc10067428184fff675682e61b9808c035aaa4af42bb81f063cc,d5b11d25f3b2415dc959ae176b1986eff29aab886b60ed1119de835aef19a109,ddddaf0
eviddie-20240910-19940419,20240910,19940419,rare,5shot,0,EviDDIE,PT-18343320,CDAISMWEOUEBRE,CEAZRRDELHUEMR,0,0,0.48662841,0.97044647,0.05801112,0.00289593,f35e02ba46327c8eeae98a7dc4c30e07cf11ace88ec8cff9f275a5102ef402a0,643a91e0b9a1cc10067428184fff675682e61b9808c035aaa4af42bb81f063cc,d5b11d25f3b2415dc959ae176b1986eff29aab886b60ed1119de835aef19a109,ddddaf0
eviddie-20240910-19940419,20240910,19940419,rare,5shot,0,EviDDIE,PT-18343320,JYGXADMDTFJGBT,IAVUPMFITXYVAF,0,1,0.50548363,0.98585182,0.00322668,0.02547587,f35e02ba46327c8eeae98a7dc4c30e07cf11ace88ec8cff9f275a5102ef402a0,643a91e0b9a1cc10067428184fff675682e61b9808c035aaa4af42bb81f063cc,d5b11d25f3b2415dc959ae176b1986eff29aab886b60ed1119de835aef19a109,ddddaf0
eviddie-20240910-19940419,20240910,19940419,rare,5shot,0,EviDDIE,PT-18343320,PGBHMTALBVVCIT,AGOYDEPGAOXOCK,0,1,0.51000768,0.97813886,0.0018869,0.04281247,f35e02ba46327c8eeae98a7dc4c30e07cf11ace88ec8cff9f275a5102ef402a0,643a91e0b9a1cc10067428184fff675682e61b9808c035aaa4af42bb81f063cc,d5b11d25f3b2415dc959ae176b1986eff29aab886b60ed1119de835aef19a109,ddddaf0
eviddie-20240910-19940419,20240910,19940419,rare,5shot,0,EviDDIE,PT-18343320,QYSPLQLAKJAUJT,QAOWNCQODCNURD,0,1,0.7254647,0.54906839,4.09e-06,1.64252949,f35e02ba46327c8eeae98a7dc4c30e07cf11ace88ec8cff9f275a5102ef402a0,643a91e0b9a1cc10067428184fff675682e61b9808c035aaa4af42bb81f063cc,d5b11d25f3b2415dc959ae176b1986eff29aab886b60ed1119de835aef19a109,ddddaf0
eviddie-20240910-19940419,20240910,19940419,rare,5shot,0,EviDDIE,PT-18343320,RLAWWYSOJDYHDC,ZEUITGRIYCTCEM,0,1,0.51258308,0.9735508,0.00131806,0.05301765,f35e02ba46327c8eeae98a7dc4c30e07cf11ace88ec8cff9f275a5102ef402a0,643a91e0b9a1cc10067428184fff675682e61b9808c035aaa4af42bb81f063cc,d5b11d25f3b2415dc959ae176b1986eff29aab886b60ed1119de835aef19a109,ddddaf0
eviddie-20240910-19940419,20240910,19940419,rare,5shot,0,EviDDIE,PT-18343320,RZVAJINKPMORJF,CURUTKGFNZGFSE,0,1,0.64286143,0.71425903,2.548e-05,0.80007923,f35e02ba46327c8eeae98a7dc4c30e07cf11ace88ec8cff9f275a5102ef402a0,643a91e0b9a1cc10067428184fff675682e61b9808c035aaa4af42bb81f063cc,d5b11d25f3b2415dc959ae176b1986eff29aab886b60ed1119de835aef19a109,ddddaf0
eviddie-20240910-19940419,20240910,19940419,rare,5shot,0,EviDDIE,PT-18358513,JZUFKLXOESDKRF,YWXYYJSYQOXTPL,1,1,0.54640734,0.90702301,0.00017876,0.20483668,f35e02ba46327c8eeae98a7dc4c30e07cf11ace88ec8cff9f275a5102ef402a0,643a91e0b9a1cc10067428184fff675682e61b9808c035aaa4af42bb81f063cc,d5b11d25f3b2415dc959ae176b1986eff29aab886b60ed1119de835aef19a109,ddddaf0
eviddie-20240910-19940419,20240910,19940419,rare,5shot,0,EviDDIE,PT-18358513,KLDXJTOLSGUMSJ,OEYIOHPDSNJKLS,1,1,0.50750476,0.98241019,0.00262664,0.03318296,f35e02ba46327c8eeae98a7dc4c30e07cf11ace88ec8cff9f275a5102ef402a0,643a91e0b9a1cc10067428184fff675682e61b9808c035aaa4af42bb81f063cc,d5b11d25f3b2415dc959ae176b1986eff29aab886b60ed1119de835aef19a109,ddddaf0
eviddie-20240910-19940419,20240910,19940419,rare,5shot,0,EviDDIE,PT-18358513,NDAUXUAQIAJITI,YWXYYJSYQOXTPL,1,1,0.57400835,0.85190308,9.407e-05,0.34759074,f35e02ba46327c8eeae98a7dc4c30e07cf11ace88ec8cff9f275a5102ef402a0,643a91e0b9a1cc10067428184fff675682e61b9808c035aaa4af42bb81f063cc,d5b11d25f3b2415dc959ae176b1986eff29aab886b60ed1119de835aef19a109,ddddaf0
eviddie-20240910-19940419,20240910,19940419,rare,5shot,0,EviDDIE,PT-18358513,PHIQHXFUZVPYII,YWXYYJSYQOXTPL,1,1,0.5148375,0.96932483,0.0010318,0.06226008,f35e02ba46327c8eeae98a7dc4c30e07cf11ace88ec8cff9f275a5102ef402a0,643a91e0b9a1cc10067428184fff675682e61b9808c035aaa4af42bb81f063cc,d5b11d25f3b2415dc959ae176b1986eff29aab886b60ed1119de835aef19a109,ddddaf0
eviddie-20240910-19940419,20240910,19940419,rare,5shot,0,EviDDIE,PT-18358513,VOVIALXJUBGFJZ,XZWYZXLIPXDOLR,1,0,0.49596211,0.98679358,0.02156689,0.00519928,f35e02ba46327c8eeae98a7dc4c30e07cf11ace88ec8cff9f275a5102ef402a0,643a91e0b9a1cc10067428184fff675682e61b9808c035aaa4af42bb81f063cc,d5b11d25f3b2415dc959ae176b1986eff29aab886b60ed1119de835aef19a109,ddddaf0
eviddie-20240910-19940419,20240910,19940419,rare,5shot,0,EviDDIE,PT-18358513,YOZNUFWCRFCGIH,YWXYYJSYQOXTPL,1,1,0.55083245,0.89816773,0.00018625,0.22656927,f35e02ba46327c8eeae98a7dc4c30e07cf11ace88ec8cff9f275a5102ef402a0,643a91e0b9a1cc10067428184fff675682e61b9808c035aaa4af42bb81f063cc,d5b11d25f3b2415dc959ae176b1986eff29aab886b60ed1119de835aef19a109,ddddaf0
eviddie-20240910-19940419,20240910,19940419,rare,5shot,0,EviDDIE,PT-18358513,JZUFKLXOESDKRF,AGOYDEPGAOXOCK,0,1,0.55206943,0.89570701,0.00017197,0.23270097,f35e02ba46327c8eeae98a7dc4c30e07cf11ace88ec8cff9f275a5102ef402a0,643a91e0b9a1cc10067428184fff675682e61b9808c035aaa4af42bb81f063cc,d5b11d25f3b2415dc959ae176b1986eff29aab886b60ed1119de835aef19a109,ddddaf0
eviddie-20240910-19940419,20240910,19940419,rare,5shot,0,EviDDIE,PT-18358513,KLDXJTOLSGUMSJ,RLAWWYSOJDYHDC,0,1,0.52613121,0.94734913,0.00041003,0.11074412,f35e02ba46327c8eeae98a7dc4c30e07cf11ace88ec8cff9f275a5102ef402a0,643a91e0b9a1cc10067428184fff675682e61b9808c035aaa4af42bb81f063cc,d5b11d25f3b2415dc959ae176b1986eff29aab886b60ed1119de835aef19a109,ddddaf0
eviddie-20240910-19940419,20240910,19940419,rare,5shot,0,EviDDIE,PT-18358513,NDAUXUAQIAJITI,KJADKKWYZYXHBB,0,1,0.52599031,0.94754195,0.0005039,0.11022059,f35e02ba46327c8eeae98a7dc4c30e07cf11ace88ec8cff9f275a5102ef402a0,643a91e0b9a1cc10067428184fff675682e61b9808c035aaa4af42bb81f063cc,d5b11d25f3b2415dc959ae176b1986eff29aab886b60ed1119de835aef19a109,ddddaf0
eviddie-20240910-19940419,20240910,19940419,rare,5shot,0,EviDDIE,PT-18358513,PHIQHXFUZVPYII,RDOIQAHITMMDAJ,0,1,0.51818049,0.96277529,0.00089722,0.07643078,f35e02ba46327c8eeae98a7dc4c30e07cf11ace88ec8cff9f275a5102ef402a0,643a91e0b9a1cc10067428184fff675682e61b9808c035aaa4af42bb81f063cc,d5b11d25f3b2415dc959ae176b1986eff29aab886b60ed1119de835aef19a109,ddddaf0
eviddie-20240910-19940419,20240910,19940419,rare,5shot,0,EviDDIE,PT-18358513,VOVIALXJUBGFJZ,LXMSZDCAJNLERA,0,0,0.47932792,0.95677096,0.08839425,0.00197003,f35e02ba46327c8eeae98a7dc4c30e07cf11ace88ec8cff9f275a5102ef402a0,643a91e0b9a1cc10067428184fff675682e61b9808c035aaa4af42bb81f063cc,d5b11d25f3b2415dc959ae176b1986eff29aab886b60ed1119de835aef19a109,ddddaf0
eviddie-20240910-19940419,20240910,19940419,rare,5shot,0,EviDDIE,PT-18358513,YOZNUFWCRFCGIH,FFGPTBGBLSHEPO,0,1,0.53212076,0.9353478,0.000439,0.13780299,f35e02ba46327c8eeae98a7dc4c30e07cf11ace88ec8cff9f275a5102ef402a0,643a91e0b9a1cc10067428184fff675682e61b9808c035aaa4af42bb81f063cc,d5b11d25f3b2415dc959ae176b1986eff29aab886b60ed1119de835aef19a109,ddddaf0
eviddie-20240910-19940419,20240910,19940419,rare,5shot,0,EviDDIE,PT-18498415,BRUQQQPBMZOVGD,QYSXJUFSXHHAJI,1,1,0.67899096,0.64201069,1.149e-05,1.11520135,f35e02ba46327c8eeae98a7dc4c30e07cf11ace88ec8cff9f275a5102ef402a0,643a91e0b9a1cc10067428184fff675682e61b9808c035aaa4af42bb81f063cc,d5b11d25f3b2415dc959ae176b1986eff29aab886b60ed1119de835aef19a109,ddddaf0
eviddie-20240910-19940419,20240910,19940419,rare,5shot,0,EviDDIE,PT-18498415,BSYNRYMUTXBXSQ,TTWJBBZEZQICBI,1,1,0.64317173,0.71363682,2.78e-05,0.80251831,f35e02ba46327c8eeae98a7dc4c30e07cf11ace88ec8cff9f275a5102ef402a0,643a91e0b9a1cc10067428184fff675682e61b9808c035aaa4af42bb81f063cc,d5b11d25f3b2415dc959ae176b1986eff29aab886b60ed1119de835aef19a109,ddddaf0
eviddie-20240910-19940419,20240910,19940419,rare,5shot,0,EviDDIE,PT-18498415,CEAZRRDELHUEMR,SHGAZHPCJJPHSC,1,1,0.52662432,0.94631398,0.00046231,0.11300118,f35e02ba46327c8eeae98a7dc4c30e07cf11ace88ec8cff9f275a5102ef402a0,643a91e0b9a1cc10067428184fff675682e61b9808c035aaa4af42bb81f063cc,d5b11d25f3b2415dc959ae176b1986eff29aab886b60ed1119de835aef19a109,ddddaf0
eviddie-20240910-19940419,20240910,19940419,rare,5shot,0,EviDDIE,PT-18498415,QWCRAEMEVRGPNT,SHGAZHPCJJPHSC,1,1,0.64604902,0.70788354,2.587e-05,0.82529765,f35e02ba46327c8eeae98a7dc4c30e07cf11ace88ec8cff9f275a5102ef402a0,643a91e0b9a1cc10067428184fff675682e61b9808c035aaa4af42bb81f063cc,d5b11d25f3b2415dc959ae176b1986eff29aab886b60ed1119de835aef19a109,ddddaf0
eviddie-20240910-19940419,20240910,19940419,rare,5shot,0,EviDDIE,PT-18498415,RLAWWYSOJDYHDC,SHGAZHPCJJPHSC,1,1,0.5750016,0.84992272,8.708e-05,0.35306796,f35e02ba46327c8eeae98a7dc4c30e07cf11ace88ec8cff9f275a5102ef402a0,643a91e0b9a1cc10067428184fff675682e61b9808c035aaa4af42bb81f063cc,d5b11d25f3b2415dc959ae176b1986eff29aab886b60ed1119de835aef19a109,ddddaf0
eviddie-20240910-19940419,20240910,19940419,rare,5shot,0,EviDDIE,PT-18498415,RLAWWYSOJDYHDC,XEEYBQQBJWHFJM,1,1,0.57903421,0.84184361,0.00010457,0.37563372,f35e02ba46327c8eeae98a7dc4c30e07cf11ace88ec8cff9f275a5102ef402a0,643a91e0b9a1cc10067428184fff675682e61b9808c035aaa4af42bb81f063cc,d5b11d25f3b2415dc959ae176b1986eff29aab886b60ed1119de835aef19a109,ddddaf0
eviddie-20240910-19940419,20240910,19940419,rare,5shot,0,EviDDIE,PT-18498415,BRUQQQPBMZOVGD,QRXWMOHMRWLFEY,0,1,0.71570641,0.56858367,6.12e-06,1.51750624,f35e02ba46327c8eeae98a7dc4c30e07cf11ace88ec8cff9f275a5102ef402a0,643a91e0b9a1cc10067428184fff675682e61b9808c035aaa4af42bb81f063cc,d5b11d25f3b2415dc959ae176b1986eff29aab886b60ed1119de835aef19a109,ddddaf0
eviddie-20240910-19940419,20240910,19940419,rare,5shot,0,EviDDIE,PT-18498415,BSYNRYMUTXBXSQ,ZZVUWRFHKOJYTH,0,1,0.50401098,0.9868663,0.00517991,0.02143729,f35e02ba46327c8eeae98a7dc4c30e07cf11ace88ec8cff9f275a5102ef402a0,643a91e0b9a1cc10067428184fff675682e61b9808c035aaa4af42bb81f063cc,d5b11d25f3b2415dc959ae176b1986eff29aab886b60ed1119de835aef19a109,ddddaf0
eviddie-20240910-19940419,20240910,19940419,rare,5shot,0,EviDDIE,PT-18498415,CEAZRRDELHUEMR,IAVUPMFITXYVAF,0,1,0.52782667,0.94389522,0.00047825,0.11840105,f35e02ba46327c8eeae98a7dc4c30e07cf11ace88ec8cff9f275a5102ef402a0,643a91e0b9a1cc10067428184fff675682e61b9808c035aaa4af42bb81f063cc,d5b11d25f3b2415dc959ae176b1986eff29aab886b60ed1119de835aef19a109,ddddaf0
eviddie-20240910-19940419,20240910,19940419,rare,5shot,0,EviDDIE,PT-18498415,QWCRAEMEVRGPNT,WIKYUJGCLQQFNW,0,1,0.55412716,0.89155358,0.00021542,0.24305959,f35e02ba46327c8eeae98a7dc4c30e07cf11ace88ec8cff9f275a5102ef402a0,643a91e0b9a1cc10067428184fff675682e61b9808c035aaa4af42bb81f063cc,d5b11d25f3b2415dc959ae176b1986eff29aab886b60ed1119de835aef19a109,ddddaf0
eviddie-20240910-19940419,20240910,19940419,rare,5shot,0,EviDDIE,PT-18498415,RLAWWYSOJDYHDC,JUKPWJGBANNWMW,0,1,0.50758737,0.98286313,0.0019964,0.032875,f35e02ba46327c8eeae98a7dc4c30e07cf11ace88ec8cff9f275a5102ef402a0,643a91e0b9a1cc10067428184fff675682e61b9808c035aaa4af42bb81f063cc,d5b11d25f3b2415dc959ae176b1986eff29aab886b60ed1119de835aef19a109,ddddaf0
eviddie-20240910-19940419,20240910,19940419,rare,5shot,0,EviDDIE,PT-18498415,RLAWWYSOJDYHDC,FELGMEQIXOGIFQ,0,1,0.57012063,0.85964,0.00013799,0.32641715,f35e02ba46327c8eeae98a7dc4c30e07cf11ace88ec8cff9f275a5102ef402a0,643a91e0b9a1cc10067428184fff675682e61b9808c035aaa4af42bb81f063cc,d5b11d25f3b2415dc959ae176b1986eff29aab886b60ed1119de835aef19a109,ddddaf0
eviddie-20240910-19940419,20240910,19940419,rare,5shot,0,EviDDIE,PT-18886153,AAOVKJBEBIDNHE,XFYDIVBRZNQMJC,1,1,0.50846905,0.97998446,0.00314028,0.03770836,f35e02ba46327c8eeae98a7dc4c30e07cf11ace88ec8cff9f275a5102ef402a0,643a91e0b9a1cc10067428184fff675682e61b9808c035aaa4af42bb81f063cc,d5b11d25f3b2415dc959ae176b1986eff29aab886b60ed1119de835aef19a109,ddddaf0
eviddie-20240910-19940419,20240910,19940419,rare,5shot,0,EviDDIE,PT-18886153,AAOVKJBEBIDNHE,ZQDWXGKKHFNSQK,1,1,0.50579131,0.98451877,0.00395974,0.02748944,f35e02ba46327c8eeae98a7dc4c30e07cf11ace88ec8cff9f275a5102ef402a0,643a91e0b9a1cc10067428184fff675682e61b9808c035aaa4af42bb81f063cc,d5b11d25f3b2415dc959ae176b1986eff29aab886b60ed1119de835aef19a109,ddddaf0
eviddie-20240910-19940419,20240910,19940419,rare,5shot,0,EviDDIE,PT-18886153,AQHHHDLHHXJYJD,SNIOPGDIGTZGOP,1,1,0.54345036,0.91288662,0.00023304,0.19061965,f35e02ba46327c8eeae98a7dc4c30e07cf11ace88ec8cff9f275a5102ef402a0,643a91e0b9a1cc10067428184fff675682e61b9808c035aaa4af42bb81f063cc,d5b11d25f3b2415dc959ae176b1986eff29aab886b60ed1119de835aef19a109,ddddaf0
eviddie-20240910-19940419,20240910,19940419,rare,5shot,0,EviDDIE,PT-18886153,AUYYCJSJGJYCDS,RGHNJXZEOKUKBD,1,1,0.66581821,0.66835248,1.663e-05,0.99241638,f35e02ba46327c8eeae98a7dc4c30e07cf11ace88ec8cff9f275a5102ef402a0,643a91e0b9a1cc10067428184fff675682e61b9808c035aaa4af42bb81f063cc,d5b11d25f3b2415dc959ae176b1986eff29aab886b60ed1119de835aef19a109,ddddaf0
eviddie-20240910-19940419,20240910,19940419,rare,5shot,0,EviDDIE,PT-18886153,CURUTKGFNZGFSE,ZEUITGRIYCTCEM,1,1,0.50634664,0.98426348,0.00309186,0.02888427,f35e02ba46327c8eeae98a7dc4c30e07cf11ace88ec8cff9f275a5102ef402a0,643a91e0b9a1cc10067428184fff675682e61b9808c035aaa4af42bb81f063cc,d5b11d25f3b2415dc959ae176b1986eff29aab886b60ed1119de835aef19a109,ddddaf0
eviddie-20240910-19940419,20240910,19940419,rare,5shot,0,EviDDIE,PT-18886153,DLNKOYKMWOXYQA,NNJVILVZKWQKPM,1,1,0.71168816,0.57661957,7.26e-06,1.46848428,f35e02ba46327c8eeae98a7dc4c30e07cf11ace88ec8cff9f275a5102ef402a0,643a91e0b9a1cc10067428184fff675682e61b9808c035aaa4af42bb81f063cc,d5b11d25f3b2415dc959ae176b1986eff29aab886b60ed1119de835aef19a109,ddddaf0
eviddie-20240910-19940419,20240910,19940419,rare,5shot,0,EviDDIE,PT-18886153,MNDBXUUTURYVHR,XFYDIVBRZNQMJC,1,1,0.50804728,0.98058468,0.00338654,0.03621295,f35e02ba46327c8eeae98a7dc4c30e07cf11ace88ec8cff9f275a5102ef402a0,643a91e0b9a1cc10067428184fff675682e61b9808c035aaa4af42bb81f063cc,d5b11d25f3b2415dc959ae176b1986eff29aab886b60ed1119de835aef19a109,ddddaf0
eviddie-20240910-19940419,20240910,19940419,rare,5shot,0,EviDDIE,PT-18886153,URKOMYMAXPYINW,ZZUFCTLCJUWOSV,1,1,0.53940398,0.92088819,0.00032996,0.17148639,f35e02ba46327c8eeae98a7dc4c30e07cf11ace88ec8cff9f275a5102ef402a0,643a91e0b9a1cc10067428184fff675682e61b9808c035aaa4af42bb81f063cc,d5b11d25f3b2415dc959ae176b1986eff29aab886b60ed1119de835aef19a109,ddddaf0
eviddie-20240910-19940419,20240910,19940419,rare,5shot,0,EviDDIE,PT-18886153,XUFQPHANEAPEMJ,ZQDWXGKKHFNSQK,1,1,0.50947756,0.97929162,0.00179058,0.0405022,f35e02ba46327c8eeae98a7dc4c30e07cf11ace88ec8cff9f275a5102ef402a0,643a91e0b9a1cc10067428184fff675682e61b9808c035aaa4af42bb81f063cc,d5b11d25f3b2415dc959ae176b1986eff29aab886b60ed1119de835aef19a109,ddddaf0
eviddie-20240910-19940419,20240910,19940419,rare,5shot,0,EviDDIE,PT-18886153,AAOVKJBEBIDNHE,LSQZJLSUYDQPKJ,0,1,0.55386174,0.89207107,0.00023021,0.24174362,f35e02ba46327c8eeae98a7dc4c30e07cf11ace88ec8cff9f275a5102ef402a0,643a91e0b9a1cc10067428184fff675682e61b9808c035aaa4af42bb81f063cc,d5b11d25f3b2415dc959ae176b1986eff29aab886b60ed1119de835aef19a109,ddddaf0
eviddie-20240910-19940419,20240910,19940419,rare,5shot,0,EviDDIE,PT-18886153,AAOVKJBEBIDNHE,AAOVKJBEBIDNHE,0,1,0.52825654,0.94282031,0.00070718,0.12058794,f35e02ba46327c8eeae98a7dc4c30e07cf11ace88ec8cff9f275a5102ef402a0,643a91e0b9a1cc10067428184fff675682e61b9808c035aaa4af42bb81f063cc,d5b11d25f3b2415dc959ae176b1986eff29aab886b60ed1119de835aef19a109,ddddaf0
eviddie-20240910-19940419,20240910,19940419,rare,5shot,0,EviDDIE,PT-18886153,AQHHHDLHHXJYJD,CMWTZPSULFXXJA,0,1,0.62878603,0.74239045,5.049e-05,0.69394976,f35e02ba46327c8eeae98a7dc4c30e07cf11ace88ec8cff9f275a5102ef402a0,643a91e0b9a1cc10067428184fff675682e61b9808c035aaa4af42bb81f063cc,d5b11d25f3b2415dc959ae176b1986eff29aab886b60ed1119de835aef19a109,ddddaf0
eviddie-20240910-19940419,20240910,19940419,rare,5shot,0,EviDDIE,PT-18886153,AUYYCJSJGJYCDS,BFPYWIDHMRZLRN,0,1,0.58882219,0.82229185,7.758e-05,0.43214878,f35e02ba46327c8eeae98a7dc4c30e07cf11ace88ec8cff9f275a5102ef402a0,643a91e0b9a1cc10067428184fff675682e61b9808c035aaa4af42bb81f063cc,d5b11d25f3b2415dc959ae176b1986eff29aab886b60ed1119de835aef19a109,ddddaf0
eviddie-20240910-19940419,20240910,19940419,rare,5shot,0,EviDDIE,PT-18886153,CURUTKGFNZGFSE,RMRCNWBMXRMIRW,0,1,0.59475875,0.81043655,5.687e-05,0.46774912,f35e02ba46327c8eeae98a7dc4c30e07cf11ace88ec8cff9f275a5102ef402a0,643a91e0b9a1cc10067428184fff675682e61b9808c035aaa4af42bb81f063cc,d5b11d25f3b2415dc959ae176b1986eff29aab886b60ed1119de835aef19a109,ddddaf0
eviddie-20240910-19940419,20240910,19940419,rare,5shot,0,EviDDIE,PT-18886153,DLNKOYKMWOXYQA,FABPRXSRWADJSP,0,1,0.60018569,0.79956597,7.824e-05,0.50127876,f35e02ba46327c8eeae98a7dc4c30e07cf11ace88ec8cff9f275a5102ef402a0,643a91e0b9a1cc10067428184fff675682e61b9808c035aaa4af42bb81f063cc,d5b11d25f3b2415dc959ae176b1986eff29aab886b60ed1119de835aef19a109,ddddaf0
eviddie-20240910-19940419,20240910,19940419,rare,5shot,0,EviDDIE,PT-18886153,MNDBXUUTURYVHR,CURUTKGFNZGFSE,0,1,0.58145285,0.83700985,0.00010079,0.38935724,f35e02ba46327c8eeae98a7dc4c30e07cf11ace88ec8cff9f275a5102ef402a0,643a91e0b9a1cc10067428184fff675682e61b9808c035aaa4af42bb81f063cc,d5b11d25f3b2415dc959ae176b1986eff29aab886b60ed1119de835aef19a109,ddddaf0
eviddie-20240910-19940419,20240910,19940419,rare,5shot,0,EviDDIE,PT-18886153,URKOMYMAXPYINW,KWGRBVOPPLSCSI,0,1,0.52816081,0.94312477,0.00058705,0.12002328,f35e02ba46327c8eeae98a7dc4c30e07cf11ace88ec8cff9f275a5102ef402a0,643a91e0b9a1cc10067428184fff675682e61b9808c035aaa4af42bb81f063cc,d5b11d25f3b2415dc959ae176b1986eff29aab886b60ed1119de835aef19a109,ddddaf0
eviddie-20240910-19940419,20240910,19940419,rare,5shot,0,EviDDIE,PT-18886153,XUFQPHANEAPEMJ,ZZUFCTLCJUWOSV,0,1,0.51685035,0.96550316,0.00082446,0.07063428,f35e02ba46327c8eeae98a7dc4c30e07cf11ace88ec8cff9f275a5102ef402a0,643a91e0b9a1cc10067428184fff675682e61b9808c035aaa4af42bb81f063cc,d5b11d25f3b2415dc959ae176b1986eff29aab886b60ed1119de835aef19a109,ddddaf0
